Applicant_ID,Age,Annual_Income,Loan_Amount,Credit_Score,Employment_Years,Num_Dependents,Existing_Loans,Home_Ownership,Purpose,Default
700001,27,33313.75,8658.87,806,11.8,0,0,Own,Auto,0
700002,26,66110.68,28103.22,587,3.9,1,1,Rent,Auto,1
700003,56,42544.55,1825.26,718,2.8,1,0,Mortgage,Home_Improvement,0
700004,43,88331.14,1000.0,735,6.6,0,0,Own,Debt_Consolidation,0
700005,47,28875.21,6581.7,426,5.5,3,1,Mortgage,Auto,1
700006,48,61376.58,1000.0,636,6.3,1,2,Mortgage,Other,0
700007,53,76325.33,14407.32,663,5.7,3,0,Rent,Debt_Consolidation,0
700008,22,25699.8,16709.02,633,7.0,1,2,Own,Debt_Consolidation,1
700009,42,61528.07,13692.65,526,7.5,2,0,Own,Auto,0
700010,27,62388.24,10629.39,638,10.0,2,3,Mortgage,Debt_Consolidation,0
700011,39,39335.48,5823.28,700,0.0,2,0,Rent,Home_Improvement,0
700012,62,53494.25,25621.53,688,14.2,1,2,Own,Home_Improvement,0
700013,45,82893.07,1000.0,552,15.2,3,2,Rent,Medical,0
700014,24,64711.13,23605.59,850,3.7,1,1,Own,Medical,0
700015,45,48615.54,18914.63,554,9.1,2,0,Rent,Other,1
700016,26,53616.04,15638.58,593,2.5,3,2,Own,Debt_Consolidation,0
700017,54,69555.48,20800.51,697,6.4,3,1,Mortgage,Other,0
700018,63,89528.27,1000.0,604,14.7,4,3,Rent,Home_Improvement,0
700019,65,77978.54,26101.32,598,13.9,1,1,Rent,Debt_Consolidation,0
700020,48,76391.78,21413.76,602,7.0,3,3,Mortgage,Debt_Consolidation,1
700021,60,96634.17,27446.84,639,19.3,1,0,Rent,Auto,0
700022,37,21047.88,1000.0,850,10.3,1,0,Rent,Auto,0
700023,27,23660.03,18819.19,623,0.0,2,3,Mortgage,Home_Improvement,1
700024,44,14000.0,14969.27,600,6.6,4,3,Rent,Medical,1
700025,40,78733.96,1000.0,546,17.4,2,2,Own,Auto,0
700026,50,14000.0,12937.17,669,9.3,1,2,Mortgage,Other,0
700027,65,57378.84,16814.71,702,15.2,0,3,Mortgage,Auto,1
700028,33,76711.5,8400.52,574,8.5,0,2,Own,Debt_Consolidation,0
700029,59,24539.38,20098.7,608,11.0,3,3,Own,Other,1
700030,27,42352.48,21910.2,683,18.2,4,3,Own,Home_Improvement,0
700031,36,51978.15,11780.24,596,7.4,3,2,Rent,Debt_Consolidation,1
700032,56,76007.31,12784.91,576,7.2,2,0,Mortgage,Debt_Consolidation,0
700033,32,21546.02,23944.69,714,12.5,4,0,Own,Debt_Consolidation,1
700034,51,66016.64,6443.28,764,15.2,1,2,Rent,Medical,1
700035,41,75155.08,21253.41,618,18.1,1,2,Rent,Debt_Consolidation,0
700036,44,61714.41,29531.6,467,11.4,3,2,Mortgage,Other,1
700037,63,62066.51,15934.37,689,14.6,1,2,Mortgage,Debt_Consolidation,0
700038,57,88444.61,19986.69,510,0.0,1,2,Rent,Debt_Consolidation,0
700039,58,63573.1,16509.22,816,5.2,0,3,Rent,Debt_Consolidation,0
700040,45,57661.53,24463.6,674,6.1,1,0,Mortgage,Auto,1
700041,65,50098.84,1215.3,707,13.2,1,0,Own,Medical,0
700042,65,73923.52,1000.0,674,0.4,4,1,Rent,Debt_Consolidation,0
700043,27,51192.99,7675.81,739,7.6,0,2,Mortgage,Medical,0
700044,30,73957.6,10078.7,713,0.0,0,3,Mortgage,Other,0
700045,34,60583.02,25941.68,688,8.3,3,0,Rent,Other,0
700046,45,85417.73,29928.52,669,15.5,1,2,Mortgage,Other,0
700047,58,39052.7,22041.24,511,1.8,3,3,Rent,Home_Improvement,1
700048,42,59947.67,28712.07,709,6.3,4,1,Mortgage,Debt_Consolidation,0
700049,65,66558.37,12155.06,624,2.9,0,3,Own,Debt_Consolidation,0
700050,36,68101.89,10856.59,672,8.8,1,1,Mortgage,Debt_Consolidation,0
700051,62,85429.2,1000.0,734,0.0,4,2,Own,Debt_Consolidation,0
700052,47,67625.98,27815.43,573,9.5,1,0,Mortgage,Debt_Consolidation,1
700053,53,79939.78,21565.84,578,8.2,4,2,Rent,Debt_Consolidation,1
700054,31,105398.98,15793.46,722,0.0,3,2,Rent,Auto,0
700055,47,78439.51,2706.65,584,11.8,1,3,Mortgage,Home_Improvement,0
700056,57,32616.59,5981.33,605,12.9,0,2,Rent,Debt_Consolidation,0
700057,60,23721.68,21046.75,609,7.9,3,1,Mortgage,Medical,1
700058,60,74249.45,16087.28,704,11.4,3,2,Own,Debt_Consolidation,0
700059,64,49025.5,27121.92,622,5.5,1,0,Mortgage,Auto,1
700060,26,65108.27,18015.4,666,6.2,3,1,Mortgage,Auto,0
700061,56,53920.25,9120.8,770,15.5,1,1,Rent,Auto,0
700062,42,89580.75,4335.18,698,6.9,0,0,Mortgage,Other,0
700063,51,86977.62,16085.83,693,6.5,3,0,Own,Auto,0
700064,33,30952.77,32465.21,644,0.0,3,0,Rent,Debt_Consolidation,1
700065,21,64666.88,35948.48,612,0.0,1,3,Rent,Debt_Consolidation,0
700066,24,50844.7,8759.77,514,1.7,3,2,Rent,Debt_Consolidation,1
700067,64,26566.23,21250.11,629,17.7,2,0,Own,Debt_Consolidation,1
700068,61,73663.06,8890.8,746,4.4,3,3,Own,Debt_Consolidation,0
700069,34,54621.83,18733.04,815,12.3,4,0,Own,Other,0
700070,40,68733.63,1000.0,597,10.5,0,0,Mortgage,Home_Improvement,0
700071,31,117656.83,9777.02,650,2.4,4,1,Rent,Medical,0
700072,27,90023.59,1000.0,694,6.0,0,1,Mortgage,Debt_Consolidation,0
700073,59,84627.39,30626.74,676,5.8,4,3,Rent,Other,0
700074,51,48257.03,12177.35,612,8.7,1,3,Mortgage,Auto,0
700075,24,29627.68,20701.86,435,10.1,4,2,Own,Medical,1
700076,30,88084.49,16394.62,606,8.3,4,1,Own,Medical,0
700077,46,50766.48,2705.45,587,14.7,1,1,Rent,Other,0
700078,61,59129.97,22277.06,618,7.8,1,3,Rent,Auto,1
700079,65,49005.93,26894.37,633,13.9,0,2,Mortgage,Auto,1
700080,30,60455.92,18323.37,584,13.2,0,3,Mortgage,Home_Improvement,0
700081,48,115921.84,21603.34,667,0.0,1,0,Rent,Home_Improvement,0
700082,22,50468.84,27198.47,587,9.2,2,3,Rent,Home_Improvement,1
700083,28,51253.65,21821.0,520,0.6,2,2,Mortgage,Debt_Consolidation,1
700084,30,62900.08,14909.17,680,9.7,1,2,Mortgage,Home_Improvement,0
700085,40,64873.19,1000.0,640,7.9,1,3,Rent,Debt_Consolidation,0
700086,36,29150.13,7626.89,683,8.5,0,3,Mortgage,Debt_Consolidation,0
700087,53,15320.45,8481.27,737,10.4,2,3,Own,Auto,0
700088,42,43960.05,23691.91,511,5.3,4,2,Mortgage,Other,1
700089,36,52814.05,29536.17,624,5.9,1,0,Own,Auto,1
700090,61,38973.05,16390.96,533,10.9,2,3,Own,Debt_Consolidation,1
700091,49,33770.67,26101.23,666,10.4,4,0,Own,Medical,1
700092,52,35195.47,1000.0,526,11.4,3,2,Own,Debt_Consolidation,0
700093,54,48248.03,18978.57,408,9.5,4,0,Own,Debt_Consolidation,1
700094,36,54796.94,4407.07,762,13.2,0,1,Own,Other,0
700095,61,18455.47,25621.49,548,1.2,1,0,Mortgage,Home_Improvement,1
700096,21,44400.74,28850.13,596,8.7,2,0,Mortgage,Home_Improvement,1
700097,34,66081.98,27524.86,680,9.5,0,2,Own,Auto,0
700098,28,54530.96,24274.76,726,2.3,2,3,Rent,Other,0
700099,21,24841.76,27758.46,659,7.9,3,3,Rent,Debt_Consolidation,1
700100,65,48892.44,34345.63,611,1.6,0,0,Mortgage,Debt_Consolidation,1
700101,25,56971.38,11266.44,819,0.0,1,1,Rent,Debt_Consolidation,0
700102,41,75871.26,32190.15,619,0.0,2,0,Mortgage,Auto,0
700103,57,18367.14,13302.66,567,11.5,3,2,Mortgage,Debt_Consolidation,1
700104,52,73804.36,2865.79,668,11.9,4,2,Rent,Home_Improvement,0
700105,59,46264.23,22572.88,589,11.0,3,1,Own,Auto,1
700106,23,62223.46,24259.57,674,4.8,4,0,Rent,Auto,0
700107,43,73712.94,19881.7,564,9.9,4,2,Own,Home_Improvement,0
700108,22,36427.67,10279.1,684,0.0,4,3,Own,Home_Improvement,0
700109,29,37949.86,22822.55,498,3.0,4,0,Rent,Home_Improvement,1
700110,59,54554.72,14470.21,662,10.3,3,0,Mortgage,Auto,0
700111,24,74663.15,41284.7,708,9.0,0,0,Own,Debt_Consolidation,0
700112,47,44195.98,20321.75,663,2.0,0,1,Rent,Medical,1
700113,21,23330.09,20887.57,643,9.5,0,1,Own,Debt_Consolidation,0
700114,34,40519.83,11673.19,849,13.6,3,2,Own,Home_Improvement,0
700115,62,66376.47,22833.07,651,6.6,0,0,Rent,Other,0
700116,35,84952.24,33500.22,577,18.1,3,0,Own,Auto,1
700117,34,44980.44,9695.67,650,6.3,2,3,Rent,Debt_Consolidation,0
700118,25,49325.3,13226.56,767,7.8,4,0,Rent,Debt_Consolidation,0
700119,55,52782.55,1000.0,604,5.2,2,0,Own,Debt_Consolidation,0
700120,28,53826.28,16031.07,495,9.6,2,2,Rent,Debt_Consolidation,1
700121,43,34351.14,32830.72,618,9.4,2,0,Rent,Other,1
700122,22,46440.26,4797.94,534,1.2,4,2,Mortgage,Auto,1
700123,21,62143.67,12750.96,622,0.0,1,3,Own,Home_Improvement,0
700124,58,59444.3,9134.91,503,11.0,2,2,Mortgage,Other,0
700125,21,57499.56,13803.02,781,15.1,0,0,Mortgage,Debt_Consolidation,0
700126,41,32893.45,8795.99,641,7.0,3,2,Mortgage,Debt_Consolidation,0
700127,40,43811.91,12934.37,702,3.1,3,0,Mortgage,Auto,0
700128,26,39892.62,5338.26,647,7.0,3,2,Mortgage,Debt_Consolidation,1
700129,50,82080.95,18555.79,717,7.6,2,0,Rent,Debt_Consolidation,0
700130,54,91706.24,26121.91,620,4.5,0,0,Mortgage,Auto,0
700131,65,65132.64,24076.43,606,13.5,4,3,Mortgage,Home_Improvement,0
700132,29,95069.55,1000.0,562,5.9,1,2,Rent,Other,0
700133,62,49956.72,29608.56,590,4.0,4,2,Rent,Home_Improvement,1
700134,23,50072.05,23594.24,720,4.6,2,0,Mortgage,Debt_Consolidation,0
700135,27,26007.12,27779.83,734,3.0,2,0,Rent,Home_Improvement,1
700136,47,62504.79,7668.49,597,15.7,3,2,Mortgage,Debt_Consolidation,0
700137,60,46154.6,10495.66,505,11.7,4,3,Own,Debt_Consolidation,0
700138,61,59237.41,23188.07,725,12.6,2,1,Own,Home_Improvement,0
700139,54,68670.21,33881.68,564,6.2,4,2,Rent,Debt_Consolidation,1
700140,22,51275.98,6976.65,580,10.1,0,3,Rent,Debt_Consolidation,0
700141,39,30274.29,19221.89,620,8.9,4,1,Rent,Medical,0
700142,57,56014.79,20819.03,732,11.5,3,2,Own,Other,0
700143,44,55364.32,12939.43,678,12.4,0,2,Mortgage,Other,0
700144,29,57774.54,19922.54,620,12.8,0,3,Rent,Home_Improvement,0
700145,51,73204.62,11379.51,511,6.5,2,1,Own,Debt_Consolidation,0
700146,25,52027.52,29230.0,648,10.3,3,1,Own,Debt_Consolidation,1
700147,52,50784.78,1000.0,749,1.5,2,3,Rent,Auto,0
700148,21,98454.5,19505.43,660,10.4,1,1,Rent,Debt_Consolidation,0
700149,37,82762.83,11329.84,708,5.3,3,1,Rent,Other,0
700150,34,55059.08,15789.7,655,0.0,1,2,Mortgage,Other,0
700151,63,35005.72,7376.56,626,7.6,3,0,Rent,Home_Improvement,0
700152,53,46667.07,1000.0,662,10.8,0,0,Own,Other,0
700153,50,66379.13,31542.97,648,12.8,3,2,Mortgage,Home_Improvement,1
700154,43,77394.7,23670.48,850,5.9,1,3,Mortgage,Other,0
700155,33,114629.96,20639.07,668,4.8,0,0,Rent,Debt_Consolidation,0
700156,59,51587.91,16171.31,643,2.3,2,1,Own,Auto,0
700157,63,61110.48,19601.86,650,10.9,1,1,Mortgage,Debt_Consolidation,0
700158,30,49059.35,13415.78,672,15.2,1,1,Rent,Auto,0
700159,32,59483.91,17716.18,675,5.9,1,1,Rent,Debt_Consolidation,0
700160,35,48503.73,30448.91,725,9.7,1,2,Rent,Debt_Consolidation,0
700161,42,32232.72,10363.57,723,12.3,4,2,Mortgage,Medical,0
700162,32,81963.5,7999.51,674,3.8,2,1,Rent,Auto,0
700163,39,60750.72,35220.31,472,10.1,4,2,Mortgage,Debt_Consolidation,1
700164,65,88268.81,11765.74,724,11.1,1,0,Own,Other,0
700165,37,45811.25,18846.99,675,8.0,4,3,Rent,Medical,1
700166,63,64051.38,14929.75,778,6.9,0,2,Rent,Debt_Consolidation,0
700167,43,73450.55,22556.02,438,3.1,1,3,Own,Auto,1
700168,36,14000.0,23054.52,721,9.0,2,3,Own,Debt_Consolidation,1
700169,63,26561.02,17850.72,446,6.2,0,0,Rent,Auto,1
700170,40,75755.43,6994.12,655,9.7,1,0,Mortgage,Home_Improvement,0
700171,55,60341.64,7247.6,621,10.4,3,2,Rent,Medical,0
700172,35,14411.52,17381.85,729,6.5,4,2,Mortgage,Auto,1
700173,65,40493.81,34781.27,464,14.2,3,0,Own,Medical,1
700174,54,33101.28,1000.0,716,1.2,2,2,Own,Auto,0
700175,60,46616.76,15579.95,501,4.4,3,3,Rent,Auto,0
700176,22,94751.04,21238.66,607,5.2,2,1,Mortgage,Other,1
700177,25,44519.73,10926.39,590,8.0,3,3,Own,Home_Improvement,0
700178,24,106244.48,18890.83,698,2.2,1,3,Own,Home_Improvement,0
700179,44,52223.43,15544.01,608,11.4,3,2,Mortgage,Medical,0
700180,39,40815.62,24477.42,658,7.7,2,1,Mortgage,Medical,1
700181,65,95406.82,33046.01,583,9.3,3,1,Own,Auto,0
700182,32,80755.46,13428.47,604,1.2,1,3,Mortgage,Medical,0
700183,28,91027.21,19519.44,576,5.2,2,3,Rent,Debt_Consolidation,1
700184,59,104470.03,20987.46,683,8.5,0,0,Own,Medical,0
700185,34,83634.91,18124.44,589,9.0,2,1,Mortgage,Other,0
700186,54,87444.45,16613.81,558,10.9,0,0,Mortgage,Auto,0
700187,34,17726.68,1000.0,707,7.8,3,0,Mortgage,Home_Improvement,0
700188,45,38982.23,17438.76,685,5.7,3,2,Mortgage,Debt_Consolidation,0
700189,24,69064.99,5881.71,790,0.0,1,3,Mortgage,Other,0
700190,50,63478.51,12129.8,641,9.3,1,2,Mortgage,Auto,0
700191,62,75759.91,20719.99,718,6.8,4,2,Mortgage,Debt_Consolidation,0
700192,52,47418.17,22042.61,592,6.1,2,3,Rent,Medical,1
700193,60,85130.93,11912.83,737,8.8,2,3,Mortgage,Other,0
700194,56,106687.47,11746.83,781,4.5,4,3,Rent,Home_Improvement,0
700195,46,72745.75,13537.23,779,9.4,1,0,Mortgage,Other,0
700196,62,78772.33,5889.86,490,9.7,0,3,Rent,Medical,1
700197,42,70996.6,31698.12,542,8.9,0,2,Own,Auto,1
700198,27,81038.64,33589.49,470,0.2,3,1,Mortgage,Other,1
700199,46,64137.35,14427.77,742,6.8,0,3,Mortgage,Debt_Consolidation,0
700200,49,47124.25,32265.61,759,7.9,0,2,Rent,Debt_Consolidation,1
700201,28,63786.38,23979.58,615,7.0,4,0,Mortgage,Other,0
700202,27,61698.7,5605.74,569,8.5,0,2,Mortgage,Home_Improvement,0
700203,50,22891.18,25386.84,591,7.6,2,3,Rent,Debt_Consolidation,1
700204,40,64694.65,22901.97,565,4.1,1,0,Mortgage,Auto,1
700205,42,59781.72,17802.86,593,19.6,1,1,Mortgage,Medical,0
700206,56,64087.64,1786.32,576,3.2,3,1,Mortgage,Home_Improvement,0
700207,51,46137.02,10305.89,714,2.2,2,1,Mortgage,Other,1
700208,61,70590.55,1000.0,831,10.8,3,0,Own,Debt_Consolidation,0
700209,28,73961.49,15916.57,635,11.5,3,3,Mortgage,Other,1
700210,55,42355.98,13336.2,722,12.7,3,3,Mortgage,Auto,0
700211,45,66792.36,5130.25,788,11.5,2,2,Mortgage,Debt_Consolidation,0
700212,22,77633.82,3780.23,777,0.0,3,1,Rent,Debt_Consolidation,0
700213,24,76744.66,29417.28,630,2.0,0,0,Own,Debt_Consolidation,1
700214,37,37205.26,1129.03,696,14.5,0,2,Mortgage,Debt_Consolidation,0
700215,49,34726.74,23443.39,769,12.0,2,0,Rent,Other,0
700216,28,59545.82,17222.52,751,5.2,4,2,Mortgage,Home_Improvement,0
700217,45,34038.92,28452.75,776,9.1,3,2,Own,Home_Improvement,1
700218,65,118149.77,1000.0,591,3.0,0,2,Mortgage,Debt_Consolidation,0
700219,27,39486.59,17230.94,651,4.2,1,2,Rent,Home_Improvement,1
700220,27,39747.25,28528.2,730,7.9,0,2,Mortgage,Medical,1
700221,64,73875.83,14532.47,633,11.2,3,3,Mortgage,Debt_Consolidation,0
700222,31,47307.57,2143.85,835,13.0,4,1,Mortgage,Debt_Consolidation,0
700223,60,14000.0,1000.0,850,0.0,4,3,Mortgage,Other,0
700224,37,54793.78,9199.74,574,10.8,1,0,Mortgage,Debt_Consolidation,0
700225,55,34738.39,26232.08,595,11.8,4,1,Mortgage,Other,1
700226,23,45626.61,31349.32,643,7.5,2,1,Mortgage,Home_Improvement,1
700227,49,19640.32,16767.07,679,11.8,2,2,Mortgage,Debt_Consolidation,1
700228,60,36384.18,24994.54,752,9.5,4,0,Own,Debt_Consolidation,1
700229,36,53820.25,26140.69,819,9.0,2,0,Mortgage,Medical,0
700230,49,55763.84,22206.46,583,0.0,3,2,Rent,Medical,1
700231,30,31069.15,7869.29,643,11.0,0,0,Mortgage,Other,1
700232,28,40380.36,23416.53,724,3.0,2,2,Mortgage,Home_Improvement,1
700233,21,37070.04,6205.85,601,0.4,2,3,Rent,Auto,0
700234,43,60506.74,17331.78,698,3.2,0,0,Rent,Home_Improvement,0
700235,44,53568.2,24132.29,524,10.0,2,0,Rent,Debt_Consolidation,1
700236,24,27419.46,26970.92,682,8.5,0,3,Mortgage,Auto,1
700237,31,72199.42,15072.41,639,7.6,0,0,Mortgage,Home_Improvement,0
700238,48,40365.25,27525.9,691,7.8,3,2,Rent,Home_Improvement,1
700239,37,66081.44,31436.24,552,12.1,4,1,Mortgage,Medical,1
700240,31,35103.93,25945.3,579,19.1,4,2,Rent,Debt_Consolidation,1
700241,21,63817.46,15888.78,600,10.7,3,3,Own,Home_Improvement,0
700242,22,53896.44,19463.13,525,5.0,4,3,Mortgage,Debt_Consolidation,1
700243,49,58002.16,16608.57,478,7.1,3,3,Mortgage,Auto,0
700244,26,68600.96,16937.7,546,10.9,4,1,Rent,Auto,0
700245,59,67044.36,23639.87,698,3.4,4,3,Rent,Medical,0
700246,45,60555.22,27294.59,628,5.4,1,3,Own,Auto,0
700247,32,60496.92,16577.12,671,7.6,0,2,Mortgage,Debt_Consolidation,0
700248,49,26506.93,23854.28,642,16.3,0,3,Own,Debt_Consolidation,1
700249,28,54958.31,18979.16,805,9.5,4,3,Own,Debt_Consolidation,0
700250,35,14000.0,18033.59,608,0.2,4,1,Mortgage,Debt_Consolidation,1
700251,43,14000.0,6792.0,637,2.6,2,2,Mortgage,Debt_Consolidation,1
700252,49,49215.81,20262.67,723,13.2,4,1,Rent,Debt_Consolidation,0
700253,27,51321.34,15355.95,658,0.0,3,0,Mortgage,Medical,0
700254,36,92014.03,19357.94,673,0.0,3,2,Rent,Debt_Consolidation,0
700255,25,72379.27,26479.49,695,0.1,1,2,Own,Medical,0
700256,26,82889.5,23945.72,562,7.7,3,0,Rent,Auto,0
700257,31,49332.39,23575.54,541,9.2,4,3,Rent,Debt_Consolidation,1
700258,35,67183.63,11466.12,591,0.5,4,2,Own,Debt_Consolidation,1
700259,61,84295.6,1000.0,732,5.2,0,2,Mortgage,Home_Improvement,0
700260,38,69288.14,12575.7,850,8.7,4,2,Rent,Debt_Consolidation,0
700261,25,65207.99,16254.73,552,8.9,1,2,Own,Auto,0
700262,62,59329.87,18334.17,682,3.5,1,0,Mortgage,Home_Improvement,0
700263,46,35140.18,29813.38,460,10.4,0,2,Rent,Auto,1
700264,26,35805.5,19383.62,635,7.4,0,1,Rent,Auto,1
700265,24,23094.01,30562.29,679,14.5,3,3,Own,Debt_Consolidation,1
700266,24,66725.74,12414.21,658,6.7,2,2,Rent,Medical,0
700267,61,50677.81,5685.43,533,9.6,4,1,Own,Auto,0
700268,46,41145.59,24966.96,615,14.1,3,1,Rent,Auto,1
700269,51,65592.34,5275.83,795,8.0,0,1,Mortgage,Other,0
700270,64,43610.75,1000.0,662,7.1,3,0,Rent,Debt_Consolidation,0
700271,39,81990.14,10875.81,589,5.2,3,3,Rent,Other,0
700272,61,102490.72,19712.58,665,9.8,0,2,Mortgage,Debt_Consolidation,0
700273,39,68001.93,27249.39,576,0.0,0,2,Mortgage,Home_Improvement,1
700274,52,40981.95,16480.99,608,2.4,1,2,Rent,Auto,1
700275,58,21911.22,25333.99,621,8.0,3,0,Mortgage,Home_Improvement,1
700276,24,105062.04,16174.61,643,10.4,0,1,Own,Auto,0
700277,54,68085.49,1000.0,617,16.8,4,2,Mortgage,Debt_Consolidation,0
700278,57,29550.61,5494.53,698,14.0,0,0,Rent,Debt_Consolidation,0
700279,64,82879.09,1000.0,522,9.5,3,1,Own,Debt_Consolidation,0
700280,51,17916.5,14353.85,545,3.8,0,0,Rent,Debt_Consolidation,1
700281,42,46993.33,1000.0,730,0.0,0,0,Own,Medical,0
700282,27,51812.51,2194.71,607,13.1,4,3,Mortgage,Medical,0
700283,55,48919.42,8066.27,633,0.0,1,2,Rent,Home_Improvement,0
700284,41,30440.7,25120.66,604,16.1,0,2,Rent,Auto,1
700285,57,114298.72,21529.92,603,2.5,0,2,Rent,Other,0
700286,23,48045.56,12476.59,546,11.5,0,1,Rent,Auto,1
700287,36,66596.57,18183.96,655,10.8,1,1,Own,Other,0
700288,57,58340.19,13756.86,643,12.2,4,1,Rent,Other,0
700289,48,19537.38,43160.23,564,9.2,2,3,Mortgage,Auto,1
700290,53,44489.82,1000.0,652,6.6,2,2,Own,Home_Improvement,0
700291,47,62501.85,1000.0,745,7.3,0,1,Mortgage,Home_Improvement,0
700292,57,79661.04,1000.0,474,0.0,4,1,Rent,Auto,0
700293,58,49349.3,1999.69,733,1.2,4,2,Rent,Home_Improvement,0
700294,55,66274.02,12581.19,593,2.9,4,3,Rent,Debt_Consolidation,0
700295,50,49525.35,25215.48,611,8.8,3,1,Own,Auto,0
700296,33,71561.1,13611.07,672,10.0,2,1,Mortgage,Other,0
700297,24,14000.0,13290.93,718,0.0,2,0,Mortgage,Other,1
700298,56,71878.26,14401.09,662,12.3,2,2,Rent,Home_Improvement,0
700299,36,42820.93,17740.93,697,9.5,1,1,Own,Debt_Consolidation,1
700300,32,43833.93,6783.82,529,5.9,2,2,Own,Other,0
700301,21,14000.0,21971.09,532,6.4,2,2,Mortgage,Home_Improvement,1
700302,27,32334.39,15257.25,553,14.2,0,1,Mortgage,Other,1
700303,22,72240.68,18112.5,615,9.7,2,0,Mortgage,Auto,0
700304,38,112665.56,21111.72,556,8.0,3,1,Mortgage,Home_Improvement,0
700305,34,40928.8,21305.78,547,4.1,1,1,Own,Auto,1
700306,43,41956.15,23455.1,712,8.1,3,3,Rent,Auto,0
700307,46,69382.38,7147.7,631,15.6,0,1,Rent,Auto,0
700308,33,64544.46,20303.26,528,1.2,4,0,Mortgage,Other,0
700309,45,43723.2,1000.0,760,4.4,2,3,Rent,Auto,0
700310,48,53725.29,1000.0,759,10.3,2,3,Own,Other,0
700311,51,48612.56,11909.6,752,10.9,1,2,Rent,Auto,0
700312,48,72503.32,19592.69,439,12.7,2,1,Mortgage,Home_Improvement,0
700313,22,76681.67,20279.9,533,5.3,0,1,Mortgage,Auto,0
700314,31,99717.7,19063.7,546,8.4,2,2,Mortgage,Other,0
700315,56,79670.2,23872.9,662,7.1,2,2,Rent,Home_Improvement,0
700316,49,73719.74,1000.0,697,0.5,1,2,Rent,Home_Improvement,0
700317,34,61569.94,10122.73,692,16.3,1,3,Mortgage,Debt_Consolidation,0
700318,37,80187.18,13262.26,587,13.3,0,2,Mortgage,Auto,0
700319,62,34377.28,7550.11,744,6.8,1,0,Rent,Debt_Consolidation,0
700320,54,109307.05,18687.68,835,8.9,2,3,Own,Auto,0
700321,37,64597.85,21179.18,657,2.6,2,3,Own,Auto,0
700322,34,91588.33,18521.32,749,10.4,2,2,Rent,Debt_Consolidation,0
700323,26,38921.95,16618.0,658,7.2,1,3,Rent,Medical,1
700324,56,82513.23,38162.39,416,7.8,3,2,Mortgage,Debt_Consolidation,1
700325,49,67493.23,16250.86,590,1.4,2,0,Mortgage,Home_Improvement,0
700326,39,53497.68,15775.96,615,1.0,2,2,Mortgage,Debt_Consolidation,1
700327,52,41990.81,27456.55,699,4.5,1,0,Own,Debt_Consolidation,1
700328,45,36938.86,33376.08,723,9.1,0,3,Own,Auto,1
700329,44,100897.46,6679.62,595,2.9,4,1,Rent,Medical,0
700330,51,87105.62,5876.91,555,9.5,1,3,Mortgage,Home_Improvement,0
700331,55,60724.27,28818.71,566,3.7,4,2,Own,Auto,1
700332,44,62645.33,26605.21,633,2.9,0,2,Mortgage,Auto,0
700333,39,40629.4,23928.62,619,14.7,3,3,Own,Debt_Consolidation,1
700334,32,14123.92,13151.85,655,5.6,1,0,Mortgage,Home_Improvement,1
700335,34,15196.95,22108.48,738,4.9,4,3,Own,Debt_Consolidation,1
700336,65,43458.83,1898.94,546,3.1,1,2,Mortgage,Medical,0
700337,29,54295.29,4458.22,819,4.9,1,2,Own,Other,0
700338,25,29982.66,30878.34,614,5.9,4,1,Own,Debt_Consolidation,1
700339,48,77047.85,3393.19,763,1.6,4,3,Rent,Other,0
700340,35,70328.32,14128.75,651,5.5,4,3,Own,Auto,0
700341,25,61839.36,21832.54,701,5.7,3,1,Mortgage,Other,1
700342,45,15916.53,18737.05,583,14.2,3,2,Own,Auto,1
700343,54,52847.5,4998.78,728,4.5,2,1,Rent,Home_Improvement,0
700344,22,57269.16,9892.42,644,7.4,1,0,Mortgage,Debt_Consolidation,0
700345,42,27807.63,21334.22,519,7.6,3,0,Mortgage,Home_Improvement,1
700346,27,14000.0,11382.22,621,8.7,2,0,Mortgage,Debt_Consolidation,0
700347,46,103845.15,31724.89,568,8.2,4,3,Own,Medical,0
700348,56,72849.06,14275.55,704,17.4,3,3,Own,Debt_Consolidation,0
700349,57,48773.41,33362.41,597,1.2,2,2,Rent,Home_Improvement,1
700350,56,96245.86,15437.65,723,13.4,3,3,Rent,Home_Improvement,0
700351,34,84600.1,27607.17,714,5.7,4,0,Own,Debt_Consolidation,0
700352,49,68717.29,19855.13,701,0.0,3,2,Rent,Other,0
700353,50,63396.18,16242.47,598,13.3,0,1,Rent,Other,1
700354,61,76661.73,2367.64,749,5.2,4,0,Rent,Auto,0
700355,52,93042.76,21203.07,639,14.6,1,2,Own,Home_Improvement,0
700356,54,59660.55,16294.19,632,2.3,1,0,Own,Debt_Consolidation,0
700357,25,52458.05,19010.79,743,4.8,2,1,Own,Home_Improvement,0
700358,34,71941.24,10226.43,607,9.3,0,0,Rent,Debt_Consolidation,0
700359,37,14000.0,6306.02,758,11.2,3,1,Own,Debt_Consolidation,1
700360,50,60093.28,6047.4,724,0.0,3,1,Mortgage,Home_Improvement,0
700361,60,48223.77,14405.63,706,0.0,4,2,Rent,Debt_Consolidation,1
700362,36,57567.69,24311.7,641,13.3,1,2,Mortgage,Debt_Consolidation,1
700363,43,53565.23,12035.49,598,14.1,3,2,Rent,Debt_Consolidation,0
700364,54,66074.64,4524.13,688,6.4,2,3,Own,Other,0
700365,29,60493.9,7170.11,545,8.7,1,1,Rent,Home_Improvement,1
700366,38,59606.15,4092.9,675,0.0,3,3,Rent,Other,0
700367,29,54807.33,1000.0,567,9.6,1,1,Own,Home_Improvement,0
700368,27,68890.09,11491.36,755,6.3,1,0,Rent,Debt_Consolidation,0
700369,52,45808.19,8781.96,658,6.9,0,3,Mortgage,Auto,0
700370,60,81561.24,11647.6,741,10.3,1,0,Rent,Debt_Consolidation,0
700371,27,17604.87,33613.43,557,5.3,0,0,Rent,Other,1
700372,52,62873.09,24415.0,648,12.3,1,3,Own,Auto,0
700373,52,68836.29,29412.45,590,3.7,0,0,Mortgage,Medical,1
700374,54,27488.67,15547.9,633,7.2,3,3,Rent,Debt_Consolidation,0
700375,52,47668.82,17918.65,544,0.8,4,0,Rent,Medical,1
700376,46,89762.49,7512.83,733,10.2,3,1,Mortgage,Home_Improvement,0
700377,26,54831.56,1000.0,574,0.0,1,3,Mortgage,Debt_Consolidation,0
700378,56,36817.87,1000.0,690,3.3,4,0,Own,Debt_Consolidation,0
700379,29,14000.0,11756.68,698,11.1,2,1,Rent,Home_Improvement,0
700380,41,66162.51,19970.07,773,3.4,2,3,Rent,Auto,0
700381,63,60443.3,37194.89,704,0.0,1,3,Rent,Debt_Consolidation,1
700382,46,72636.13,14599.16,498,11.2,2,3,Mortgage,Auto,1
700383,34,107179.54,1000.0,578,15.3,2,0,Rent,Medical,0
700384,23,57902.13,11654.48,538,11.3,2,3,Rent,Debt_Consolidation,0
700385,32,61206.12,20290.23,533,4.3,4,1,Rent,Home_Improvement,0
700386,45,41526.55,4018.99,553,5.2,3,1,Mortgage,Other,1
700387,59,56518.67,10636.92,714,9.4,2,1,Mortgage,Auto,1
700388,57,57302.45,20272.96,708,12.4,3,0,Rent,Home_Improvement,1
700389,30,76119.49,16532.14,676,8.1,4,2,Mortgage,Debt_Consolidation,0
700390,52,71292.15,19667.33,551,6.3,1,2,Own,Debt_Consolidation,0
700391,50,39664.2,16055.37,601,11.3,0,2,Mortgage,Medical,0
700392,57,46587.89,15280.08,704,8.7,4,0,Mortgage,Medical,0
700393,43,91086.5,28848.37,673,14.5,4,1,Mortgage,Debt_Consolidation,1
700394,43,34965.26,24345.26,545,5.9,0,0,Rent,Debt_Consolidation,1
700395,39,75933.4,18040.78,661,13.9,1,1,Mortgage,Auto,0
700396,60,96977.17,20757.37,655,8.0,0,0,Rent,Debt_Consolidation,0
700397,44,73685.75,15088.93,789,13.4,4,2,Rent,Medical,0
700398,25,64075.26,15108.27,623,5.6,2,1,Own,Other,1
700399,43,90752.53,19665.57,410,3.9,0,0,Mortgage,Debt_Consolidation,0
700400,60,66484.99,17749.35,680,2.4,3,3,Mortgage,Medical,0
700401,58,57782.98,40644.66,750,8.6,4,2,Mortgage,Debt_Consolidation,1
700402,37,53126.53,18248.14,505,0.0,3,0,Mortgage,Auto,1
700403,60,85556.12,19939.92,731,9.8,0,1,Mortgage,Debt_Consolidation,0
700404,25,74683.74,36729.84,755,9.3,0,3,Own,Debt_Consolidation,0
700405,54,95068.01,6939.92,669,2.3,0,1,Mortgage,Auto,0
700406,48,49939.32,17082.79,601,0.0,0,0,Own,Debt_Consolidation,0
700407,21,50488.8,28334.35,656,14.7,1,0,Mortgage,Debt_Consolidation,1
700408,41,47536.48,18136.4,624,4.2,2,2,Mortgage,Medical,0
700409,38,64718.01,15661.67,677,3.3,1,3,Mortgage,Home_Improvement,0
700410,40,41378.59,7953.0,763,3.2,1,3,Mortgage,Debt_Consolidation,0
700411,32,80216.56,16274.07,671,11.4,1,2,Mortgage,Debt_Consolidation,0
700412,59,66128.72,9188.06,608,10.3,1,0,Mortgage,Auto,0
700413,58,34436.92,26296.91,718,11.0,3,1,Rent,Medical,1
700414,27,14000.0,21625.43,625,2.7,0,2,Rent,Debt_Consolidation,1
700415,55,14165.92,13301.77,511,11.4,2,3,Mortgage,Medical,1
700416,48,92509.55,27375.9,678,3.8,2,1,Own,Debt_Consolidation,0
700417,29,56515.44,6215.68,824,5.6,4,1,Mortgage,Other,0
700418,39,61520.29,7732.12,617,6.3,2,3,Rent,Other,0
700419,33,47778.81,23380.45,672,0.2,1,1,Mortgage,Medical,0
700420,44,67429.45,18843.32,525,7.9,0,3,Own,Debt_Consolidation,1
700421,26,14000.0,4992.94,642,7.6,1,2,Own,Other,0
700422,43,14000.0,8836.38,623,3.0,2,0,Own,Auto,1
700423,26,18684.53,13841.79,673,9.3,1,0,Own,Debt_Consolidation,1
700424,27,59552.27,9843.04,655,9.5,3,1,Rent,Auto,0
700425,59,74839.78,18116.95,637,6.3,3,3,Own,Debt_Consolidation,1
700426,44,69332.35,15026.67,726,14.2,0,3,Own,Other,0
700427,33,54903.22,20836.07,594,5.1,4,3,Mortgage,Other,1
700428,59,27187.02,15441.53,558,2.9,4,3,Mortgage,Auto,1
700429,36,77039.66,19530.27,752,0.2,2,0,Mortgage,Home_Improvement,0
700430,28,51155.6,11870.26,706,10.6,1,1,Mortgage,Auto,0
700431,61,57433.77,19811.48,569,5.0,2,0,Rent,Auto,0
700432,21,56140.3,19447.93,543,4.8,1,0,Rent,Auto,1
700433,63,46664.66,22888.54,549,12.7,2,3,Own,Debt_Consolidation,1
700434,24,40537.56,19429.63,850,1.3,4,1,Own,Debt_Consolidation,0
700435,57,43718.22,12254.32,718,5.5,0,0,Mortgage,Home_Improvement,0
700436,41,26896.63,15422.37,678,3.7,0,0,Mortgage,Debt_Consolidation,0
700437,26,63863.39,28658.74,718,0.0,3,1,Rent,Home_Improvement,0
700438,64,53731.22,13497.03,705,1.5,4,1,Rent,Debt_Consolidation,0
700439,40,82320.31,16693.29,850,6.1,2,0,Own,Home_Improvement,0
700440,22,14415.39,31418.08,709,6.5,2,0,Rent,Home_Improvement,1
700441,53,86029.01,22265.0,700,6.3,2,0,Rent,Auto,0
700442,65,56173.11,22709.23,630,3.0,3,1,Own,Home_Improvement,1
700443,27,53991.21,7507.85,738,0.0,0,2,Own,Debt_Consolidation,0
700444,45,38557.47,7355.35,689,1.5,3,3,Mortgage,Debt_Consolidation,1
700445,62,38279.78,18789.07,672,11.6,4,3,Mortgage,Home_Improvement,1
700446,26,22035.93,36619.18,410,0.0,4,0,Own,Medical,1
700447,56,79462.53,1000.0,636,0.0,4,1,Mortgage,Debt_Consolidation,0
700448,39,52757.03,1000.0,573,8.3,1,0,Mortgage,Other,0
700449,23,75112.91,21455.72,718,7.8,4,2,Rent,Debt_Consolidation,0
700450,30,77756.93,18486.96,472,3.4,0,0,Mortgage,Debt_Consolidation,0
700451,59,45905.36,6499.88,598,7.4,4,0,Mortgage,Debt_Consolidation,0
700452,53,52183.68,24717.66,552,0.0,0,3,Mortgage,Debt_Consolidation,1
700453,60,49617.31,17806.8,655,8.0,2,3,Own,Home_Improvement,0
700454,45,82550.2,11317.66,668,6.5,3,1,Own,Medical,0
700455,26,61062.79,15128.53,691,2.4,3,2,Rent,Medical,0
700456,33,61959.62,10690.27,600,2.9,0,3,Mortgage,Auto,0
700457,34,75217.23,18855.42,623,8.3,3,0,Rent,Debt_Consolidation,0
700458,32,56105.77,9109.67,540,10.6,2,3,Rent,Home_Improvement,1
700459,24,106983.47,4951.63,669,6.5,1,2,Rent,Debt_Consolidation,0
700460,60,35660.18,8931.34,593,17.5,3,0,Rent,Home_Improvement,0
700461,25,88037.28,19420.64,760,1.4,2,3,Mortgage,Medical,0
700462,55,91654.14,26734.5,845,6.2,3,0,Own,Debt_Consolidation,1
700463,53,30543.18,9728.4,512,5.7,2,1,Own,Auto,1
700464,40,78663.92,6017.88,646,5.7,1,2,Mortgage,Debt_Consolidation,0
700465,49,64703.7,18708.09,540,7.7,0,2,Mortgage,Auto,1
700466,39,78870.87,26617.13,545,3.0,2,3,Rent,Medical,1
700467,44,29140.08,12193.24,667,11.3,2,2,Rent,Other,0
700468,54,63830.69,30461.19,695,5.1,3,3,Own,Other,0
700469,41,34469.41,8369.64,626,7.9,1,2,Rent,Other,0
700470,64,50036.74,29684.61,728,5.8,2,1,Rent,Home_Improvement,0
700471,58,92075.09,22559.69,656,5.8,4,2,Rent,Auto,0
700472,24,54761.35,1000.0,602,12.0,0,0,Own,Other,0
700473,61,14000.0,21021.84,807,0.0,4,1,Mortgage,Auto,1
700474,28,24425.87,13759.9,704,7.1,3,3,Rent,Home_Improvement,0
700475,30,30639.01,14211.53,656,0.0,1,1,Own,Medical,0
700476,37,82377.41,8852.36,724,7.4,2,3,Rent,Debt_Consolidation,0
700477,57,41252.05,16083.13,732,2.3,3,3,Rent,Debt_Consolidation,1
700478,43,20628.66,9593.35,639,8.3,0,3,Mortgage,Other,0
700479,55,84799.88,17213.51,750,7.2,4,2,Mortgage,Debt_Consolidation,0
700480,24,64012.83,26154.92,509,12.7,3,2,Mortgage,Auto,1
700481,54,66215.29,29152.94,542,9.4,2,3,Rent,Other,1
700482,23,38825.07,26591.12,667,10.7,1,3,Mortgage,Debt_Consolidation,1
700483,32,92261.52,24364.96,535,12.6,1,2,Mortgage,Other,1
700484,30,55052.22,20128.58,793,4.0,1,0,Rent,Home_Improvement,0
700485,58,14000.0,13980.28,648,12.9,3,2,Rent,Medical,1
700486,38,30689.15,5137.87,741,9.6,3,1,Mortgage,Debt_Consolidation,0
700487,55,37779.36,25667.87,660,15.7,4,3,Rent,Debt_Consolidation,1
700488,54,54133.69,11681.01,610,1.2,2,3,Rent,Auto,0
700489,52,76349.35,17712.06,632,10.1,0,2,Rent,Auto,1
700490,48,40550.68,2740.87,732,6.1,3,0,Rent,Home_Improvement,0
700491,59,43579.02,20162.84,627,5.0,0,2,Rent,Debt_Consolidation,1
700492,22,110902.91,29232.91,474,3.5,0,1,Rent,Auto,1
700493,50,59983.31,15027.33,779,17.8,3,0,Rent,Auto,0
700494,23,45309.25,24620.4,620,4.2,3,1,Mortgage,Other,1
700495,49,58790.98,14479.27,627,6.7,3,3,Rent,Other,0
700496,41,27949.34,17510.99,634,0.0,2,2,Mortgage,Debt_Consolidation,1
700497,64,70840.45,11326.23,563,0.0,3,3,Rent,Auto,0
700498,60,81238.67,1000.0,413,8.6,1,0,Rent,Medical,1
700499,23,44022.4,19426.69,600,14.5,1,1,Mortgage,Other,1
700500,62,82033.61,20596.07,591,5.2,2,2,Rent,Auto,1
700501,29,51022.8,21498.94,666,0.0,4,1,Own,Home_Improvement,1
700502,37,64916.9,32336.61,664,1.8,3,1,Mortgage,Other,1
700503,45,40201.86,24784.34,611,11.5,4,3,Mortgage,Debt_Consolidation,1
700504,60,38780.48,20387.44,579,5.3,3,0,Rent,Debt_Consolidation,1
700505,36,22017.38,9594.35,801,15.0,0,3,Rent,Home_Improvement,0
700506,62,63272.09,44047.95,689,2.0,3,2,Mortgage,Home_Improvement,0
700507,34,51180.22,2944.86,648,13.2,0,0,Mortgage,Auto,0
700508,39,51915.59,12276.39,522,0.0,1,2,Rent,Debt_Consolidation,0
700509,62,30906.31,11208.84,596,4.4,0,1,Mortgage,Home_Improvement,1
700510,54,29967.2,26326.79,652,0.0,3,0,Mortgage,Auto,1
700511,51,42826.14,19223.47,550,12.1,4,0,Rent,Home_Improvement,1
700512,37,69268.77,21201.52,578,11.3,1,0,Rent,Debt_Consolidation,0
700513,21,65226.13,1000.0,556,9.6,3,2,Rent,Debt_Consolidation,0
700514,27,41621.64,10947.61,626,6.5,0,0,Rent,Auto,0
700515,35,65048.6,26018.43,677,5.1,1,1,Rent,Home_Improvement,0
700516,46,100184.0,11127.37,632,1.7,1,2,Rent,Debt_Consolidation,0
700517,60,60538.84,3984.09,623,5.9,2,1,Rent,Debt_Consolidation,0
700518,24,106523.71,18001.86,681,5.1,4,3,Mortgage,Medical,0
700519,23,68403.47,10344.34,723,11.3,1,3,Mortgage,Other,0
700520,50,89949.61,16028.37,387,2.4,2,0,Rent,Other,1
700521,31,45309.06,19475.76,555,0.0,4,2,Mortgage,Debt_Consolidation,1
700522,57,86169.11,6533.81,620,10.5,1,3,Mortgage,Auto,0
700523,47,29568.86,15625.17,676,7.8,3,0,Mortgage,Home_Improvement,0
700524,62,63833.5,29138.71,444,14.1,1,1,Mortgage,Debt_Consolidation,1
700525,41,49960.08,13578.99,608,9.4,2,0,Rent,Home_Improvement,0
700526,41,14000.0,14000.59,759,11.1,4,1,Mortgage,Home_Improvement,1
700527,56,25239.86,10636.77,643,0.0,2,2,Mortgage,Other,0
700528,26,85152.45,19366.72,659,11.6,0,1,Mortgage,Debt_Consolidation,0
700529,30,69751.74,21135.33,730,9.0,2,3,Mortgage,Debt_Consolidation,0
700530,61,89064.93,7654.85,706,17.0,4,0,Rent,Debt_Consolidation,0
700531,27,62671.03,17389.74,582,9.6,4,1,Mortgage,Home_Improvement,0
700532,60,14000.0,32331.53,664,7.1,4,3,Mortgage,Home_Improvement,1
700533,52,63970.2,1000.0,579,0.0,4,2,Mortgage,Debt_Consolidation,0
700534,64,44293.84,25848.96,692,9.7,2,0,Rent,Medical,0
700535,33,45866.1,24855.15,711,15.4,3,2,Rent,Debt_Consolidation,0
700536,47,47155.03,1367.41,736,5.8,0,3,Mortgage,Home_Improvement,0
700537,22,39550.65,1000.0,683,2.8,1,2,Own,Other,0
700538,51,34902.27,10644.95,414,10.0,2,1,Own,Home_Improvement,0
700539,23,87735.83,29533.71,639,3.7,3,2,Mortgage,Auto,0
700540,37,68641.38,9886.73,573,11.4,3,2,Own,Home_Improvement,0
700541,35,42234.07,16386.24,714,7.3,2,0,Own,Home_Improvement,0
700542,29,47780.67,17211.4,749,13.0,0,3,Rent,Auto,0
700543,45,81280.36,15249.78,676,11.6,2,2,Own,Debt_Consolidation,0
700544,34,67044.76,35369.39,604,8.4,0,0,Rent,Debt_Consolidation,1
700545,24,62578.5,18782.68,690,12.2,0,1,Own,Medical,0
700546,53,28458.35,4684.57,723,2.6,1,2,Mortgage,Auto,0
700547,29,47455.54,18917.98,753,10.2,1,3,Own,Auto,0
700548,35,30627.07,22337.24,743,6.6,0,2,Mortgage,Auto,1
700549,35,14000.0,5602.31,628,8.5,1,0,Mortgage,Other,0
700550,52,79316.57,17879.1,667,15.4,2,1,Mortgage,Home_Improvement,0
700551,53,49972.81,10184.34,653,3.6,2,1,Own,Home_Improvement,0
700552,43,47946.48,3306.5,758,8.8,1,0,Rent,Home_Improvement,0
700553,24,34784.34,7186.94,516,9.0,4,1,Rent,Debt_Consolidation,0
700554,41,75992.58,23867.15,510,10.4,1,2,Own,Medical,0
700555,52,108046.37,14377.99,748,5.8,0,2,Rent,Medical,0
700556,64,71855.05,1000.0,748,12.4,3,2,Mortgage,Auto,0
700557,64,80122.87,23059.8,711,14.8,3,0,Own,Debt_Consolidation,0
700558,28,27922.46,12978.89,638,3.4,4,3,Rent,Auto,0
700559,32,62032.01,1000.0,737,4.4,0,1,Own,Auto,0
700560,42,63052.34,5382.03,643,10.1,2,1,Own,Debt_Consolidation,0
700561,32,93569.33,1000.0,592,13.5,2,2,Rent,Debt_Consolidation,0
700562,28,58030.33,9850.78,708,6.5,4,2,Own,Other,0
700563,30,35151.2,42791.66,548,9.6,2,2,Mortgage,Home_Improvement,1
700564,63,56206.74,35831.45,680,0.0,2,3,Own,Auto,0
700565,52,47363.41,18602.64,627,0.5,3,0,Rent,Debt_Consolidation,1
700566,42,92494.2,7654.87,659,1.5,0,1,Rent,Auto,0
700567,46,73745.9,4477.69,811,16.5,2,3,Mortgage,Home_Improvement,0
700568,35,65971.97,8675.55,525,20.5,4,0,Rent,Home_Improvement,1
700569,45,62087.16,18339.44,679,2.8,2,1,Own,Debt_Consolidation,0
700570,28,78025.8,28281.38,757,7.1,3,2,Rent,Debt_Consolidation,0
700571,23,45987.88,16509.81,729,10.0,3,0,Rent,Home_Improvement,0
700572,47,35721.72,28233.4,686,11.1,4,1,Rent,Home_Improvement,1
700573,46,14000.0,14756.88,570,6.2,1,3,Rent,Auto,1
700574,38,86224.83,1000.0,772,7.6,3,3,Own,Home_Improvement,0
700575,41,69880.44,19151.66,613,0.0,0,2,Own,Auto,0
700576,26,73139.87,26013.67,827,6.4,2,1,Mortgage,Auto,0
700577,59,58731.93,21790.01,649,0.7,0,1,Rent,Auto,0
700578,22,97601.34,26850.07,741,3.0,4,0,Mortgage,Debt_Consolidation,0
700579,42,34142.52,7035.99,731,6.1,4,1,Rent,Auto,0
700580,38,86578.92,13470.7,605,0.0,1,1,Own,Debt_Consolidation,0
700581,56,37429.22,16369.59,644,1.6,1,1,Rent,Other,1
700582,47,46811.14,19566.55,753,7.2,3,2,Own,Debt_Consolidation,0
700583,29,28445.67,21744.76,613,10.1,0,2,Mortgage,Home_Improvement,1
700584,44,59802.68,25759.91,724,8.9,4,2,Mortgage,Home_Improvement,1
700585,47,50659.43,12164.39,628,11.1,0,3,Mortgage,Debt_Consolidation,1
700586,61,67959.18,5755.61,708,3.3,4,3,Own,Debt_Consolidation,0
700587,44,43531.48,11767.57,666,10.6,4,2,Rent,Debt_Consolidation,0
700588,62,24146.61,14173.64,673,6.2,2,0,Mortgage,Debt_Consolidation,1
700589,36,71178.63,11742.71,768,7.6,4,2,Rent,Debt_Consolidation,0
700590,63,88446.15,7011.41,573,5.5,3,2,Mortgage,Debt_Consolidation,0
700591,63,75205.83,24700.93,564,5.0,3,3,Rent,Home_Improvement,1
700592,56,56222.42,25645.13,484,5.2,0,3,Mortgage,Auto,1
700593,59,67214.31,25824.28,850,8.2,4,2,Rent,Debt_Consolidation,0
700594,42,16733.98,23753.34,612,10.3,0,2,Own,Other,1
700595,63,49463.22,21416.08,753,3.8,1,0,Mortgage,Home_Improvement,0
700596,44,85335.0,11721.52,621,10.8,3,2,Rent,Other,0
700597,47,68509.61,12192.45,606,1.8,0,3,Own,Auto,0
700598,38,36964.91,18957.25,579,7.7,0,3,Rent,Debt_Consolidation,1
700599,47,78007.52,1000.0,837,9.6,1,0,Rent,Other,0
700600,38,54272.01,18546.49,578,10.3,2,0,Mortgage,Other,0
700601,46,74987.24,1000.0,560,7.6,4,0,Own,Debt_Consolidation,0
700602,22,23652.33,34096.01,687,6.0,2,3,Rent,Medical,1
700603,23,44799.71,22311.36,704,7.6,2,0,Mortgage,Other,0
700604,56,65242.76,9966.0,684,0.0,0,3,Own,Debt_Consolidation,0
700605,59,64707.6,15886.9,559,8.8,0,1,Rent,Auto,0
700606,32,70726.22,11122.3,658,4.8,3,0,Mortgage,Auto,1
700607,21,57183.04,31272.73,726,0.0,4,2,Rent,Debt_Consolidation,0
700608,22,52684.86,27060.02,586,4.1,2,1,Mortgage,Medical,1
700609,56,68758.18,17114.71,794,5.4,1,0,Own,Debt_Consolidation,0
700610,41,78183.71,11275.48,604,8.8,2,2,Own,Debt_Consolidation,0
700611,33,21107.2,22034.03,693,3.6,4,0,Mortgage,Debt_Consolidation,1
700612,53,49739.17,18854.77,668,6.3,4,2,Rent,Debt_Consolidation,0
700613,44,52569.07,15855.3,622,0.0,1,0,Rent,Auto,0
700614,40,61242.82,11220.4,744,0.0,3,0,Rent,Debt_Consolidation,0
700615,25,81728.75,1131.45,524,5.1,2,1,Own,Debt_Consolidation,0
700616,37,25610.05,2917.88,644,9.0,3,1,Mortgage,Debt_Consolidation,0
700617,55,70234.17,9124.84,542,2.6,3,2,Mortgage,Home_Improvement,1
700618,50,15963.51,1000.0,690,6.5,1,3,Mortgage,Other,0
700619,42,39396.13,7004.67,486,2.2,0,0,Rent,Auto,1
700620,28,44958.99,33693.48,710,15.6,3,1,Rent,Other,1
700621,49,50986.15,16514.65,594,4.0,1,3,Own,Auto,0
700622,21,42803.58,23070.8,733,5.4,1,1,Own,Debt_Consolidation,0
700623,65,45157.81,10458.42,615,15.4,1,0,Own,Debt_Consolidation,0
700624,47,49296.53,29362.79,793,12.1,4,1,Mortgage,Auto,1
700625,53,50992.44,17504.47,630,6.2,1,0,Own,Debt_Consolidation,0
700626,44,14000.0,24110.85,620,10.1,3,0,Mortgage,Auto,1
700627,36,23933.89,27068.69,597,5.8,4,1,Rent,Auto,1
700628,59,47008.93,20586.76,612,12.3,3,2,Own,Debt_Consolidation,1
700629,21,70108.01,35220.62,519,0.5,2,0,Rent,Auto,1
700630,39,81486.85,7199.55,664,1.0,1,2,Mortgage,Home_Improvement,0
700631,53,125719.67,13055.54,492,5.0,4,1,Mortgage,Debt_Consolidation,0
700632,56,60062.1,21154.23,639,3.4,1,2,Rent,Auto,0
700633,32,38665.04,15375.42,602,0.0,3,2,Mortgage,Auto,1
700634,21,61748.03,20778.9,616,5.0,2,3,Own,Other,0
700635,65,73773.61,37601.07,572,7.0,4,1,Mortgage,Debt_Consolidation,1
700636,22,60809.83,13352.41,620,10.5,2,0,Own,Other,0
700637,57,32154.23,18966.68,636,16.2,3,2,Own,Home_Improvement,1
700638,47,55086.28,11189.15,663,4.6,0,1,Rent,Home_Improvement,0
700639,21,56507.0,8256.72,778,0.0,0,1,Rent,Home_Improvement,0
700640,31,23842.5,1000.0,618,7.3,2,1,Rent,Debt_Consolidation,0
700641,29,28644.4,20959.15,714,0.0,3,2,Mortgage,Medical,1
700642,24,86164.31,29996.84,727,2.6,0,0,Own,Debt_Consolidation,1
700643,47,14000.0,16632.85,721,1.9,3,3,Own,Auto,1
700644,26,61538.73,28144.0,630,1.0,4,3,Rent,Auto,1
700645,36,51288.4,3241.24,829,7.5,3,0,Rent,Debt_Consolidation,0
700646,37,90649.49,14454.58,519,11.9,1,1,Own,Auto,0
700647,22,72088.94,14785.35,597,11.0,1,2,Own,Debt_Consolidation,0
700648,36,36877.21,23469.12,677,7.2,3,2,Mortgage,Home_Improvement,1
700649,48,87595.12,16718.35,589,12.3,3,1,Mortgage,Auto,1
700650,46,44125.29,21531.54,662,13.2,3,0,Mortgage,Debt_Consolidation,0
700651,45,105042.8,30722.89,706,11.5,0,3,Rent,Debt_Consolidation,0
700652,60,97060.28,5364.23,644,1.3,1,1,Rent,Home_Improvement,0
700653,30,55631.8,15086.37,620,8.6,3,0,Own,Other,0
700654,37,76006.04,20064.12,692,0.0,0,1,Mortgage,Debt_Consolidation,0
700655,51,61944.61,9665.09,616,11.3,0,3,Own,Debt_Consolidation,0
700656,29,36028.36,19813.68,598,0.0,3,1,Mortgage,Home_Improvement,1
700657,34,82951.24,1000.0,493,9.0,3,0,Mortgage,Auto,0
700658,47,67747.13,6231.66,706,10.0,1,1,Rent,Home_Improvement,0
700659,53,77894.02,13595.13,801,11.3,1,1,Mortgage,Medical,0
700660,21,83152.99,1000.0,558,14.3,4,2,Rent,Debt_Consolidation,0
700661,38,91380.05,37304.99,592,2.3,3,3,Rent,Medical,1
700662,38,82389.85,34429.47,765,0.0,4,2,Mortgage,Other,0
700663,35,55590.13,28406.08,537,6.3,0,2,Own,Debt_Consolidation,1
700664,35,59821.12,24323.55,559,11.8,4,0,Rent,Debt_Consolidation,1
700665,58,67592.41,25037.34,692,3.6,0,0,Rent,Auto,0
700666,38,54899.17,13491.99,651,8.8,3,1,Rent,Home_Improvement,0
700667,48,52165.31,13849.3,705,10.6,3,1,Own,Debt_Consolidation,0
700668,23,102139.08,1000.0,520,12.8,0,1,Rent,Home_Improvement,0
700669,55,69480.0,25213.9,716,0.0,0,1,Own,Other,0
700670,45,102971.27,14252.38,587,8.4,3,1,Own,Home_Improvement,0
700671,37,39525.6,1000.0,750,11.4,2,1,Own,Debt_Consolidation,0
700672,49,56873.84,7862.51,721,4.5,3,0,Own,Home_Improvement,0
700673,55,47513.93,20981.62,601,18.8,0,1,Mortgage,Medical,0
700674,54,48585.5,1000.0,748,12.8,2,2,Rent,Home_Improvement,0
700675,59,50995.59,10899.03,629,6.8,1,1,Own,Auto,0
700676,64,54958.23,1000.0,558,14.1,1,2,Mortgage,Debt_Consolidation,0
700677,55,47544.86,11198.03,610,7.2,2,1,Rent,Debt_Consolidation,0
700678,36,100790.23,15186.03,526,9.4,3,0,Own,Other,1
700679,55,73986.37,1000.0,627,4.1,1,0,Own,Medical,0
700680,50,40204.61,8277.06,561,6.7,2,2,Mortgage,Auto,0
700681,35,44946.09,20174.46,753,0.3,4,0,Rent,Debt_Consolidation,1
700682,40,75639.31,12207.3,555,0.0,2,2,Mortgage,Medical,0
700683,21,70873.19,30308.23,760,6.9,1,2,Mortgage,Medical,0
700684,30,43432.81,24371.54,715,2.4,4,2,Mortgage,Home_Improvement,1
700685,27,79914.85,27151.65,501,3.7,3,0,Own,Other,1
700686,61,23893.61,3712.73,636,11.6,0,3,Mortgage,Debt_Consolidation,0
700687,62,46715.55,6609.68,625,17.2,4,0,Rent,Medical,0
700688,54,98993.16,19096.12,594,9.1,2,3,Mortgage,Debt_Consolidation,1
700689,33,14000.0,20903.31,631,9.1,0,2,Own,Auto,1
700690,63,53110.47,10616.28,830,3.9,3,1,Mortgage,Other,0
700691,31,81433.34,13650.04,634,13.6,2,3,Mortgage,Other,0
700692,57,54513.35,6282.71,541,0.0,2,1,Mortgage,Auto,0
700693,55,39398.32,11098.9,566,0.0,0,3,Rent,Other,1
700694,62,36811.4,19715.12,602,3.4,0,2,Own,Debt_Consolidation,0
700695,54,14000.0,29979.82,850,13.9,4,0,Mortgage,Debt_Consolidation,1
700696,26,26452.58,21383.39,603,7.4,2,1,Rent,Home_Improvement,1
700697,21,59531.7,24586.43,778,8.6,2,1,Rent,Home_Improvement,0
700698,21,44430.94,16601.89,518,6.7,2,2,Own,Debt_Consolidation,1
700699,64,57660.71,20971.79,605,8.1,1,2,Own,Auto,0
700700,29,54408.02,25499.81,612,2.5,1,0,Rent,Auto,0
700701,58,64732.0,7040.35,608,10.8,1,3,Own,Other,0
700702,39,18510.95,25508.58,672,0.0,3,3,Mortgage,Home_Improvement,1
700703,59,50642.64,21836.27,685,3.7,0,3,Mortgage,Other,0
700704,51,49914.69,25934.85,633,8.9,4,3,Rent,Home_Improvement,1
700705,23,50562.76,20317.76,527,0.0,1,3,Mortgage,Debt_Consolidation,1
700706,40,36855.32,9343.87,664,14.7,1,2,Rent,Auto,0
700707,51,14000.0,11665.63,644,15.5,2,0,Rent,Auto,1
700708,44,72953.06,16277.33,707,8.9,3,1,Rent,Debt_Consolidation,0
700709,27,77308.89,1000.0,566,3.2,0,3,Mortgage,Medical,0
700710,55,114278.64,7770.46,762,12.9,1,1,Mortgage,Debt_Consolidation,0
700711,52,75309.07,9859.29,676,11.5,1,2,Rent,Auto,0
700712,24,96990.73,10487.46,537,9.5,0,2,Mortgage,Auto,0
700713,29,72110.08,6064.22,720,11.9,3,1,Mortgage,Debt_Consolidation,0
700714,51,48937.47,5258.51,558,10.1,4,0,Own,Auto,0
700715,26,69746.87,13016.95,584,12.9,1,2,Own,Debt_Consolidation,1
700716,23,30238.81,9586.0,621,7.7,2,1,Mortgage,Home_Improvement,0
700717,37,63736.53,28586.85,673,2.4,4,1,Mortgage,Debt_Consolidation,0
700718,32,55377.36,15592.46,850,5.9,0,0,Mortgage,Auto,0
700719,37,32903.91,14949.46,627,0.2,0,2,Mortgage,Debt_Consolidation,1
700720,53,87010.18,23831.07,695,0.0,0,1,Own,Home_Improvement,0
700721,31,84552.6,14878.61,689,10.6,2,3,Own,Debt_Consolidation,0
700722,51,68960.92,15461.27,625,10.4,4,2,Mortgage,Debt_Consolidation,0
700723,47,77376.75,27145.18,511,6.6,3,3,Own,Medical,1
700724,39,97131.75,25162.49,651,13.0,3,1,Rent,Other,0
700725,26,54847.64,13704.81,465,4.5,3,2,Rent,Debt_Consolidation,0
700726,34,25880.35,2910.37,681,10.8,0,3,Rent,Other,0
700727,37,35386.8,9803.49,518,0.0,1,0,Mortgage,Debt_Consolidation,1
700728,58,74603.44,21150.29,675,12.8,0,2,Rent,Debt_Consolidation,0
700729,21,63503.7,1000.0,741,0.9,4,1,Rent,Debt_Consolidation,0
700730,33,22719.84,12698.15,582,12.2,2,2,Own,Other,1
700731,54,89466.34,15273.8,702,9.4,1,0,Mortgage,Debt_Consolidation,0
700732,22,63172.84,1115.94,752,21.2,1,2,Rent,Medical,0
700733,46,96444.43,27492.43,551,9.6,2,2,Mortgage,Home_Improvement,0
700734,32,84950.7,13354.03,459,10.4,1,2,Rent,Medical,1
700735,42,47776.35,1000.0,592,0.0,1,3,Mortgage,Other,0
700736,21,60404.52,6047.6,673,1.8,2,2,Rent,Other,0
700737,31,40679.34,19922.7,555,4.7,3,2,Rent,Home_Improvement,1
700738,57,38177.32,29153.59,647,5.2,1,3,Mortgage,Medical,1
700739,64,51089.25,18688.49,668,3.6,3,0,Mortgage,Home_Improvement,0
700740,26,70094.31,17670.22,712,7.4,0,1,Rent,Medical,0
700741,61,90773.36,13958.69,753,8.4,2,1,Rent,Other,0
700742,64,37022.73,31545.08,684,0.0,4,1,Rent,Home_Improvement,1
700743,50,74935.06,28407.72,573,13.0,0,1,Mortgage,Debt_Consolidation,1
700744,30,59210.01,1000.0,621,16.3,1,0,Own,Other,0
700745,50,53076.64,16140.22,503,11.9,2,3,Mortgage,Debt_Consolidation,0
700746,34,85197.55,21521.88,708,1.7,1,3,Rent,Auto,0
700747,36,49928.63,14044.47,834,7.2,3,2,Own,Debt_Consolidation,0
700748,47,91202.11,20262.7,527,10.7,2,2,Rent,Medical,0
700749,27,50517.52,22345.68,696,2.8,4,3,Mortgage,Debt_Consolidation,0
700750,34,36524.92,7143.74,713,5.5,2,0,Own,Debt_Consolidation,0
700751,63,76766.77,28439.12,850,0.5,1,0,Mortgage,Auto,0
700752,38,23820.58,17432.13,833,16.6,3,3,Mortgage,Other,0
700753,49,30311.91,26361.27,614,0.0,3,1,Mortgage,Home_Improvement,1
700754,25,54131.12,18654.07,741,10.0,2,3,Rent,Medical,0
700755,53,58650.56,15111.26,719,4.1,1,2,Own,Medical,0
700756,38,52209.48,29035.43,492,8.7,0,2,Mortgage,Debt_Consolidation,1
700757,48,14000.0,19647.18,664,6.6,1,3,Own,Auto,1
700758,22,26809.27,31318.0,627,5.8,4,3,Rent,Other,1
700759,29,70858.97,21881.68,800,13.0,3,2,Own,Other,1
700760,31,71528.21,37157.49,629,3.2,1,1,Mortgage,Medical,1
700761,26,34613.16,8379.75,693,5.4,3,1,Own,Debt_Consolidation,0
700762,61,65049.53,16805.47,783,7.7,0,1,Mortgage,Debt_Consolidation,0
700763,43,63619.94,8571.37,742,4.4,4,3,Rent,Medical,0
700764,33,82957.1,5410.79,538,0.0,3,0,Rent,Debt_Consolidation,0
700765,32,41252.11,17847.38,648,4.2,1,3,Own,Home_Improvement,1
700766,33,93509.61,1653.69,683,16.5,3,1,Mortgage,Medical,0
700767,31,51521.41,15007.51,698,9.1,2,3,Rent,Medical,0
700768,51,93200.74,28553.89,628,10.9,3,3,Rent,Medical,0
700769,45,80846.8,21202.35,738,7.4,4,2,Rent,Debt_Consolidation,0
700770,60,34675.28,10772.13,585,16.0,3,2,Own,Debt_Consolidation,1
700771,58,51393.5,13501.65,612,0.8,4,0,Rent,Auto,0
700772,34,65632.32,22896.49,782,12.8,2,1,Own,Auto,0
700773,35,83066.11,31133.23,626,11.7,4,3,Mortgage,Other,0
700774,37,25774.24,13477.08,525,11.7,2,2,Rent,Auto,1
700775,58,46899.29,17156.26,779,4.1,2,3,Own,Medical,0
700776,53,73683.84,20707.03,534,10.7,1,1,Mortgage,Other,0
700777,41,70249.6,14162.66,588,7.9,3,0,Rent,Debt_Consolidation,1
700778,56,33732.22,19410.83,673,8.4,4,2,Rent,Home_Improvement,1
700779,49,37385.07,18585.58,723,11.2,3,3,Rent,Debt_Consolidation,0
700780,48,69071.61,28736.41,720,2.9,4,0,Mortgage,Medical,1
700781,53,34364.9,10217.36,741,6.3,2,3,Own,Debt_Consolidation,0
700782,29,64366.16,16693.42,722,3.2,2,3,Mortgage,Debt_Consolidation,0
700783,50,80686.04,19280.89,705,9.2,1,1,Own,Home_Improvement,0
700784,29,59185.54,8914.06,657,14.8,0,1,Own,Auto,0
700785,25,14000.0,12720.59,625,13.8,0,0,Rent,Auto,1
700786,55,86838.93,15703.44,602,3.9,2,1,Rent,Other,0
700787,22,86297.97,1853.9,850,9.7,3,2,Rent,Other,0
700788,52,92662.78,11204.4,733,12.4,1,0,Mortgage,Medical,0
700789,30,79330.62,4976.82,677,2.9,4,2,Own,Debt_Consolidation,0
700790,61,18603.59,10985.97,759,12.6,4,3,Mortgage,Debt_Consolidation,1
700791,22,92648.24,9332.61,701,9.2,0,1,Rent,Auto,0
700792,56,67051.65,11151.09,707,10.2,4,0,Own,Auto,0
700793,62,81263.24,22667.37,675,0.0,4,2,Rent,Auto,0
700794,39,55032.85,27848.01,706,10.1,2,1,Mortgage,Home_Improvement,0
700795,65,52997.01,23901.35,670,14.0,4,0,Rent,Home_Improvement,0
700796,26,53181.7,8123.35,537,2.5,1,1,Rent,Home_Improvement,1
700797,59,96966.72,19012.03,676,6.3,0,3,Rent,Other,0
700798,61,65379.92,3642.03,709,3.0,4,1,Own,Debt_Consolidation,0
700799,31,53977.09,21291.8,657,3.9,4,2,Rent,Home_Improvement,0
700800,52,28224.63,22963.13,632,0.0,1,1,Own,Medical,1
700801,54,70069.58,12534.61,673,7.6,1,1,Rent,Medical,0
700802,46,59109.85,16244.36,649,4.4,3,0,Own,Debt_Consolidation,0
700803,22,62568.58,23743.4,553,11.7,1,1,Own,Home_Improvement,1
700804,51,82437.32,22888.84,648,11.7,4,3,Own,Auto,1
700805,24,76139.12,10469.35,586,6.4,3,3,Rent,Home_Improvement,0
700806,38,58930.33,8785.77,539,2.2,2,3,Own,Other,0
700807,33,64012.46,1000.0,689,8.3,0,3,Mortgage,Debt_Consolidation,0
700808,36,61005.87,12510.65,677,9.8,2,1,Rent,Medical,0
700809,65,76008.02,10065.98,730,12.0,3,3,Rent,Other,0
700810,46,75370.5,15706.58,628,14.7,4,2,Rent,Auto,0
700811,36,62214.59,21153.88,694,0.0,2,0,Mortgage,Other,0
700812,42,38375.79,2274.97,664,4.4,2,0,Own,Debt_Consolidation,0
700813,53,79034.83,8426.12,704,6.5,2,1,Rent,Debt_Consolidation,0
700814,52,80384.05,12426.53,580,10.4,2,2,Own,Other,0
700815,56,33245.99,1000.0,736,0.0,0,3,Rent,Debt_Consolidation,0
700816,63,68107.92,13830.13,590,3.2,2,0,Own,Debt_Consolidation,1
700817,61,49566.66,10916.71,473,10.2,4,0,Rent,Home_Improvement,1
700818,59,14000.0,19105.21,646,2.5,3,1,Mortgage,Debt_Consolidation,1
700819,48,57707.37,22119.31,518,0.0,1,1,Rent,Medical,1
700820,38,81486.57,22392.85,739,11.8,2,3,Rent,Auto,0
700821,38,41258.35,13222.28,541,9.5,0,3,Rent,Debt_Consolidation,1
700822,37,41839.49,18024.22,659,13.1,1,2,Mortgage,Debt_Consolidation,0
700823,41,83102.81,17672.02,503,8.2,4,1,Mortgage,Debt_Consolidation,0
700824,62,32331.05,25758.78,686,1.5,0,0,Own,Other,1
700825,50,36122.91,1000.0,780,1.1,1,2,Mortgage,Debt_Consolidation,0
700826,38,51015.32,13259.35,621,8.2,3,1,Mortgage,Auto,0
700827,56,73520.67,8342.03,759,0.0,4,3,Mortgage,Medical,0
700828,57,73630.09,16674.92,637,9.3,3,0,Mortgage,Auto,0
700829,27,45976.97,25690.41,551,18.3,3,2,Rent,Debt_Consolidation,1
700830,25,51199.28,17707.43,627,9.6,4,3,Own,Auto,0
700831,40,60719.2,16976.39,579,4.5,3,3,Rent,Debt_Consolidation,1
700832,41,49269.77,8945.63,706,5.6,2,3,Rent,Other,0
700833,23,37891.77,18726.39,700,0.0,2,0,Own,Auto,0
700834,44,32405.58,17929.23,803,11.3,0,0,Mortgage,Debt_Consolidation,0
700835,47,75602.95,6043.32,580,4.9,2,2,Mortgage,Other,0
700836,57,53299.23,21760.33,640,8.9,4,3,Rent,Other,1
700837,47,127054.53,11194.21,598,15.5,0,3,Rent,Debt_Consolidation,0
700838,60,73468.98,1000.0,579,2.5,2,2,Mortgage,Medical,0
700839,41,40560.75,13822.0,621,5.3,1,3,Own,Auto,0
700840,27,58583.03,20459.76,701,11.1,3,3,Own,Other,0
700841,53,66705.46,19911.61,710,0.0,1,1,Rent,Debt_Consolidation,1
700842,48,68065.08,16840.19,746,8.5,1,2,Own,Auto,0
700843,42,69209.79,15117.67,622,5.8,0,3,Own,Home_Improvement,0
700844,49,69370.7,21912.65,638,1.2,3,0,Mortgage,Home_Improvement,0
700845,30,55226.78,21050.13,613,3.0,4,1,Rent,Other,0
700846,27,74082.1,1000.0,343,8.8,0,0,Rent,Home_Improvement,1
700847,35,110838.14,8631.79,653,0.4,1,0,Rent,Home_Improvement,0
700848,58,47988.1,16461.82,655,8.0,4,3,Own,Auto,0
700849,57,49405.05,14841.29,602,4.4,2,1,Mortgage,Home_Improvement,1
700850,45,75488.22,23477.18,666,11.2,2,1,Mortgage,Medical,0
700851,33,88334.25,25185.93,749,13.5,1,1,Rent,Auto,0
700852,64,78081.94,16999.29,539,2.3,4,0,Mortgage,Medical,0
700853,64,87629.38,11932.8,685,6.7,4,3,Own,Medical,0
700854,29,57344.03,32072.8,592,14.9,3,2,Mortgage,Debt_Consolidation,1
700855,51,53005.61,7434.11,636,6.1,3,3,Rent,Debt_Consolidation,0
700856,44,74170.88,14602.75,633,8.4,3,0,Rent,Debt_Consolidation,0
700857,59,74637.47,35099.3,627,5.1,1,0,Mortgage,Other,1
700858,35,98514.16,21701.39,785,17.0,3,3,Mortgage,Debt_Consolidation,0
700859,42,95798.17,21404.66,640,12.6,3,3,Rent,Debt_Consolidation,0
700860,49,14860.07,15593.82,628,9.6,2,1,Own,Medical,1
700861,50,77110.15,27245.01,553,14.0,0,0,Mortgage,Other,1
700862,48,42491.34,43757.86,797,3.2,0,3,Mortgage,Debt_Consolidation,1
700863,32,14000.0,18769.06,692,0.0,1,1,Mortgage,Debt_Consolidation,1
700864,44,67851.75,13520.49,653,7.3,3,2,Mortgage,Debt_Consolidation,0
700865,62,54421.08,26961.26,575,3.1,1,0,Mortgage,Debt_Consolidation,1
700866,35,50116.76,34099.58,620,7.9,0,0,Mortgage,Other,1
700867,31,27718.66,19319.24,799,7.8,4,2,Mortgage,Home_Improvement,0
700868,43,34128.66,7829.86,573,15.1,4,1,Rent,Auto,0
700869,41,53261.08,19134.8,562,18.1,1,2,Mortgage,Debt_Consolidation,0
700870,37,22604.62,8258.89,776,0.0,4,3,Own,Other,0
700871,65,55747.32,25081.36,561,5.6,0,0,Mortgage,Home_Improvement,1
700872,61,61035.91,13829.17,714,10.2,1,1,Rent,Home_Improvement,0
700873,25,54651.62,20841.45,825,12.4,4,1,Own,Other,0
700874,41,65442.22,16593.67,540,1.7,1,1,Rent,Debt_Consolidation,0
700875,49,56643.44,23773.09,561,0.0,2,1,Own,Medical,1
700876,42,30463.77,1000.0,766,10.0,3,1,Mortgage,Home_Improvement,0
700877,64,33526.48,19044.42,771,2.2,0,0,Mortgage,Debt_Consolidation,0
700878,32,61446.2,17688.88,833,2.6,0,2,Own,Debt_Consolidation,0
700879,62,81303.49,18641.27,675,8.2,3,2,Mortgage,Home_Improvement,0
700880,32,61797.17,1899.11,669,0.0,4,0,Own,Debt_Consolidation,0
700881,60,46175.9,28924.21,548,12.1,2,1,Own,Other,1
700882,63,62158.99,9575.65,628,0.0,3,3,Rent,Other,0
700883,32,14895.01,20324.26,648,14.9,4,3,Own,Debt_Consolidation,1
700884,35,34352.75,10874.79,678,0.0,0,1,Rent,Debt_Consolidation,0
700885,25,49099.08,13914.89,573,8.2,3,3,Own,Debt_Consolidation,1
700886,60,56593.29,11500.72,630,0.0,0,3,Rent,Home_Improvement,0
700887,28,50324.35,1000.0,741,11.0,1,3,Own,Other,0
700888,47,51610.15,9669.7,795,0.0,4,0,Own,Debt_Consolidation,0
700889,35,29670.86,28478.15,706,21.5,1,1,Mortgage,Medical,1
700890,65,44346.48,4906.72,726,16.3,4,3,Own,Home_Improvement,0
700891,50,63993.18,17068.07,790,5.3,4,0,Own,Debt_Consolidation,0
700892,28,14000.0,1000.0,475,11.6,4,3,Rent,Other,1
700893,55,29287.5,26347.88,825,3.7,1,1,Own,Debt_Consolidation,1
700894,63,49685.81,2573.87,650,6.3,3,1,Rent,Debt_Consolidation,0
700895,46,93463.45,4702.79,502,0.0,1,3,Rent,Other,1
700896,55,74183.03,14374.71,681,3.8,3,3,Mortgage,Debt_Consolidation,0
700897,53,95423.73,21106.63,717,15.8,1,1,Own,Debt_Consolidation,0
700898,46,90107.56,3238.47,600,5.0,4,1,Own,Debt_Consolidation,0
700899,57,47268.51,14961.74,761,8.3,1,0,Mortgage,Auto,0
700900,52,56331.42,21077.08,733,0.0,0,3,Mortgage,Medical,0
700901,29,29893.42,16019.97,850,0.0,0,1,Mortgage,Medical,1
700902,53,86108.18,8495.87,649,4.1,1,3,Own,Auto,0
700903,46,75441.46,20225.09,653,7.3,0,1,Own,Other,0
700904,41,72158.25,26687.29,609,9.0,3,3,Mortgage,Auto,0
700905,47,73864.65,38260.36,558,6.1,2,0,Mortgage,Other,1
700906,49,69028.39,28366.41,687,9.1,1,2,Rent,Debt_Consolidation,0
700907,26,63002.69,1000.0,848,4.5,4,2,Rent,Auto,0
700908,31,64611.67,28492.67,596,3.7,4,3,Mortgage,Home_Improvement,1
700909,55,86990.43,25947.95,578,8.6,0,1,Rent,Debt_Consolidation,0
700910,21,39165.6,18915.93,665,7.6,4,0,Rent,Debt_Consolidation,1
700911,26,33017.02,22700.89,589,6.8,4,3,Rent,Home_Improvement,1
700912,51,58104.72,26856.52,698,3.7,1,0,Own,Debt_Consolidation,0
700913,29,85783.46,13521.09,629,10.3,2,2,Own,Home_Improvement,0
700914,42,63777.09,4139.78,606,10.4,1,2,Own,Home_Improvement,0
700915,56,53128.38,13516.46,604,6.5,1,3,Mortgage,Other,0
700916,61,77983.04,22486.26,657,0.0,1,3,Own,Debt_Consolidation,1
700917,58,60720.63,10631.44,781,16.3,0,2,Rent,Debt_Consolidation,0
700918,32,14000.0,9757.05,476,4.7,4,1,Rent,Other,1
700919,35,33981.12,3808.88,822,5.7,0,3,Mortgage,Medical,0
700920,57,14000.0,21268.31,685,1.5,3,3,Rent,Home_Improvement,1
700921,56,52791.04,5701.46,782,1.8,2,0,Mortgage,Debt_Consolidation,0
700922,65,47373.08,14024.04,733,10.9,4,2,Own,Debt_Consolidation,0
700923,54,68580.78,9027.56,706,4.4,3,1,Mortgage,Medical,0
700924,61,108587.8,28693.36,576,8.0,0,1,Rent,Home_Improvement,0
700925,39,43825.86,25857.77,575,6.7,1,3,Own,Debt_Consolidation,1
700926,64,58277.36,38412.54,724,3.1,2,1,Mortgage,Medical,1
700927,35,48974.44,9310.45,702,0.0,2,2,Rent,Other,0
700928,28,14000.0,6581.23,839,5.7,3,2,Mortgage,Other,0
700929,45,39895.88,18689.32,360,4.2,2,2,Rent,Home_Improvement,1
700930,28,40909.18,2766.13,596,18.1,3,1,Rent,Home_Improvement,0
700931,22,64675.42,11306.15,415,8.2,0,1,Own,Medical,1
700932,31,38074.95,22715.46,830,7.4,4,3,Own,Other,0
700933,37,27261.18,16646.01,587,9.9,4,2,Rent,Auto,1
700934,37,72204.06,24389.33,517,8.0,0,2,Rent,Auto,1
700935,21,56570.17,8907.32,709,10.0,1,0,Mortgage,Auto,0
700936,26,36743.04,11585.47,717,11.4,4,1,Mortgage,Debt_Consolidation,0
700937,26,40023.71,14812.5,535,11.4,3,1,Own,Auto,1
700938,27,50957.92,24289.12,585,15.6,2,3,Rent,Home_Improvement,1
700939,55,77718.06,26898.36,630,2.1,1,1,Rent,Debt_Consolidation,1
700940,21,92131.28,27902.89,788,6.6,0,3,Rent,Auto,0
700941,35,26903.42,17182.37,579,0.0,4,0,Mortgage,Debt_Consolidation,1
700942,62,86020.94,9142.7,644,4.9,0,2,Rent,Home_Improvement,0
700943,37,59461.96,12102.8,739,2.5,1,2,Mortgage,Debt_Consolidation,0
700944,37,66790.08,16208.93,660,11.4,0,1,Mortgage,Debt_Consolidation,0
700945,54,81384.53,1174.82,614,0.0,1,3,Rent,Debt_Consolidation,0
700946,49,35123.09,7078.88,658,6.4,3,2,Rent,Home_Improvement,0
700947,31,78702.23,1000.0,769,4.9,0,0,Own,Home_Improvement,0
700948,41,26963.86,18953.42,649,1.2,1,0,Rent,Debt_Consolidation,0
700949,43,47030.34,18273.58,741,6.5,4,3,Rent,Debt_Consolidation,0
700950,54,37862.26,7187.94,559,8.5,1,3,Mortgage,Debt_Consolidation,1
700951,39,98496.75,25413.69,621,19.3,2,3,Own,Other,1
700952,57,97393.18,17042.21,591,5.0,2,1,Mortgage,Home_Improvement,0
700953,40,76319.33,14911.22,742,4.6,1,0,Own,Home_Improvement,0
700954,38,70528.54,22606.81,548,6.8,0,2,Own,Other,0
700955,35,45534.75,19416.48,497,3.4,0,2,Mortgage,Auto,1
700956,45,99841.56,5890.97,689,13.1,0,1,Rent,Debt_Consolidation,0
700957,42,91636.77,9629.86,750,5.1,2,3,Own,Medical,0
700958,25,79768.38,2259.83,842,5.5,2,2,Own,Home_Improvement,0
700959,39,55623.42,22069.77,501,13.3,0,0,Rent,Debt_Consolidation,1
700960,33,49983.31,15071.28,533,0.0,4,3,Mortgage,Auto,1
700961,43,56319.52,24929.53,766,12.9,3,3,Own,Home_Improvement,0
700962,31,90089.4,9268.43,707,5.0,1,0,Mortgage,Medical,0
700963,60,35806.67,4628.44,607,8.7,1,2,Rent,Auto,0
700964,34,61206.41,26920.66,674,9.2,0,0,Mortgage,Auto,1
700965,44,97438.18,24200.9,751,7.1,2,2,Mortgage,Auto,0
700966,35,79566.78,2015.27,704,10.2,0,0,Mortgage,Debt_Consolidation,0
700967,46,100065.28,26357.63,486,1.2,3,0,Mortgage,Debt_Consolidation,0
700968,46,68437.88,9170.87,647,0.0,2,2,Mortgage,Other,0
700969,37,68813.59,30766.78,667,4.8,2,0,Mortgage,Debt_Consolidation,0
700970,35,91589.78,20975.73,751,0.8,4,3,Rent,Debt_Consolidation,0
700971,52,74211.91,10215.4,762,0.7,2,1,Own,Debt_Consolidation,0
700972,35,66871.45,13819.16,661,1.5,0,1,Mortgage,Other,0
700973,41,46553.16,14504.75,699,9.7,1,2,Rent,Debt_Consolidation,0
700974,58,23406.18,1000.0,616,14.7,3,1,Rent,Debt_Consolidation,0
700975,22,94295.14,22649.03,571,2.1,2,3,Mortgage,Debt_Consolidation,0
700976,21,48884.34,13122.56,671,8.3,3,0,Mortgage,Medical,0
700977,42,41090.11,23396.0,520,9.1,0,2,Mortgage,Debt_Consolidation,1
700978,21,79534.17,1000.0,461,10.9,1,2,Rent,Other,0
700979,46,37772.64,23000.76,525,3.5,3,2,Mortgage,Debt_Consolidation,1
700980,23,26753.37,16376.67,703,5.8,4,3,Own,Medical,0
700981,30,45394.64,5193.61,657,5.9,2,0,Rent,Home_Improvement,0
700982,59,57500.2,35197.83,640,10.3,1,0,Mortgage,Other,0
700983,44,65488.93,24084.42,789,5.3,0,2,Own,Other,0
700984,49,71211.6,7038.39,682,3.1,4,0,Mortgage,Debt_Consolidation,0
700985,30,82116.05,8335.03,620,12.4,2,3,Own,Auto,0
700986,53,56289.27,21792.58,759,8.6,2,0,Mortgage,Auto,0
700987,28,67776.55,33449.78,648,17.9,1,3,Rent,Home_Improvement,1
700988,64,56442.32,21167.07,501,10.6,3,0,Mortgage,Medical,1
700989,24,43898.62,11968.52,592,3.7,1,3,Mortgage,Home_Improvement,0
700990,30,68692.43,33639.64,598,15.2,4,3,Rent,Auto,1
700991,62,67535.67,10391.58,673,8.3,2,0,Mortgage,Debt_Consolidation,0
700992,62,103188.8,28999.39,638,2.9,0,1,Own,Debt_Consolidation,0
700993,30,73388.66,22742.6,695,16.8,3,0,Mortgage,Home_Improvement,0
700994,31,42585.78,14987.43,649,7.0,1,2,Mortgage,Auto,1
700995,64,73343.58,10339.16,624,3.2,0,1,Own,Auto,0
700996,44,53219.22,10672.26,618,8.7,3,2,Rent,Debt_Consolidation,1
700997,52,96651.24,15967.44,632,11.4,3,0,Mortgage,Debt_Consolidation,0
700998,51,18686.57,29614.93,612,6.7,0,0,Rent,Home_Improvement,1
700999,47,43462.61,15594.56,517,8.9,1,2,Rent,Debt_Consolidation,1
701000,56,43521.4,7680.44,574,12.4,1,3,Own,Debt_Consolidation,0
701001,28,62048.07,29180.96,697,10.1,2,0,Mortgage,Auto,0
701002,32,56118.45,26218.94,546,0.0,3,1,Own,Debt_Consolidation,1
701003,27,21469.33,17058.62,771,6.3,1,2,Mortgage,Medical,0
701004,42,14982.52,28317.8,682,8.5,2,0,Mortgage,Other,1
701005,21,63531.95,18081.04,632,3.4,2,0,Own,Debt_Consolidation,0
701006,23,93983.43,33973.73,505,16.3,4,2,Own,Home_Improvement,1
701007,34,93693.58,15230.81,631,9.5,2,2,Mortgage,Debt_Consolidation,0
701008,33,49744.29,9125.62,618,5.8,2,1,Mortgage,Debt_Consolidation,0
701009,57,70126.85,11989.55,696,17.0,4,0,Rent,Auto,0
701010,65,38686.23,17453.69,756,0.0,0,2,Mortgage,Other,0
701011,34,24966.23,17711.35,741,9.9,2,1,Mortgage,Debt_Consolidation,1
701012,61,88306.57,10747.18,714,4.3,3,1,Mortgage,Auto,0
701013,58,75284.7,11170.73,731,10.8,2,1,Mortgage,Debt_Consolidation,0
701014,47,51345.31,3562.92,810,1.2,4,0,Rent,Debt_Consolidation,0
701015,44,50414.29,10974.9,714,11.8,2,2,Mortgage,Home_Improvement,0
701016,56,81010.16,31999.75,706,2.8,2,3,Rent,Debt_Consolidation,0
701017,25,66890.65,14333.08,599,1.8,0,2,Rent,Debt_Consolidation,0
701018,61,51324.58,6685.98,659,17.2,2,0,Mortgage,Home_Improvement,0
701019,29,65975.18,9673.48,703,4.1,4,2,Mortgage,Home_Improvement,0
701020,35,59072.6,8675.62,497,18.8,2,3,Mortgage,Debt_Consolidation,0
701021,59,49651.88,14981.63,825,10.2,3,2,Own,Debt_Consolidation,0
701022,65,42333.45,7862.74,637,13.7,0,0,Rent,Medical,0
701023,25,81220.53,27383.6,711,7.7,2,2,Mortgage,Home_Improvement,0
701024,41,48149.34,7966.27,450,13.5,3,0,Rent,Home_Improvement,1
701025,61,31420.46,13538.95,661,4.8,3,1,Mortgage,Debt_Consolidation,0
701026,28,102125.41,30226.71,547,14.4,3,1,Mortgage,Auto,0
701027,43,88861.64,15730.57,640,3.0,4,2,Rent,Home_Improvement,1
701028,44,71739.07,28279.32,546,1.5,0,3,Mortgage,Medical,1
701029,21,57804.87,14160.5,551,3.9,0,0,Mortgage,Auto,0
701030,47,63995.94,23694.78,495,2.3,0,3,Mortgage,Auto,1
701031,40,25053.7,37117.91,763,3.9,4,3,Mortgage,Other,1
701032,52,58890.33,7103.32,582,6.6,0,0,Mortgage,Debt_Consolidation,0
701033,58,65809.86,21152.46,548,3.5,1,1,Rent,Debt_Consolidation,0
701034,51,54574.75,5353.94,509,8.7,1,3,Own,Debt_Consolidation,0
701035,62,69580.19,15673.92,635,8.2,3,0,Mortgage,Auto,0
701036,22,41160.24,9503.81,792,11.3,3,2,Own,Other,0
701037,58,63535.13,17208.95,640,12.2,2,3,Own,Auto,0
701038,49,22153.55,4376.27,566,9.2,4,1,Rent,Other,1
701039,63,58566.82,1000.0,636,10.4,4,0,Mortgage,Home_Improvement,0
701040,62,44636.96,21620.74,585,3.4,4,1,Rent,Debt_Consolidation,1
701041,47,27769.44,17012.71,626,2.4,0,0,Mortgage,Other,1
701042,51,49692.74,28599.13,579,12.6,2,2,Own,Other,1
701043,46,59551.25,17936.94,777,6.8,2,2,Mortgage,Home_Improvement,0
701044,64,44984.19,16969.72,846,4.0,0,0,Rent,Medical,0
701045,28,80900.62,7594.86,614,10.2,3,3,Own,Debt_Consolidation,0
701046,44,42539.97,2554.13,563,7.1,0,3,Rent,Home_Improvement,0
701047,59,81064.43,17320.38,668,16.4,4,3,Mortgage,Home_Improvement,1
701048,57,76146.21,4574.63,659,5.2,4,3,Rent,Debt_Consolidation,0
701049,38,44685.5,29497.82,739,4.3,0,0,Mortgage,Home_Improvement,0
701050,27,92712.83,29905.12,600,5.4,3,0,Own,Debt_Consolidation,0
701051,35,26812.98,21234.24,633,13.6,3,1,Rent,Auto,0
701052,61,71465.5,27920.0,649,13.7,0,0,Rent,Debt_Consolidation,1
701053,34,60430.18,15184.69,635,17.5,1,1,Own,Medical,0
701054,40,76862.84,10757.58,686,14.5,0,1,Own,Auto,0
701055,28,21926.69,39606.26,694,6.1,1,1,Rent,Auto,1
701056,60,30745.21,13623.04,689,0.0,1,0,Mortgage,Debt_Consolidation,0
701057,42,39174.76,28494.12,487,10.7,4,0,Own,Debt_Consolidation,1
701058,35,59157.43,8125.46,699,10.7,0,0,Rent,Debt_Consolidation,0
701059,24,60635.45,19942.78,667,14.4,2,1,Rent,Home_Improvement,0
701060,49,59031.82,24378.63,477,8.6,2,2,Mortgage,Other,1
701061,41,52444.38,1000.0,656,17.8,3,3,Mortgage,Debt_Consolidation,0
701062,59,41901.13,1194.82,587,11.6,3,0,Mortgage,Medical,0
701063,63,26265.14,9041.73,638,15.6,0,1,Rent,Medical,0
701064,53,48367.36,12463.08,544,9.7,0,2,Mortgage,Auto,0
701065,26,70883.68,16506.73,721,2.0,3,2,Mortgage,Other,0
701066,48,82320.69,8536.25,710,10.3,3,0,Mortgage,Debt_Consolidation,0
701067,60,46490.22,8670.52,741,13.1,1,2,Rent,Medical,0
701068,64,83601.57,5756.36,695,0.0,0,1,Mortgage,Other,0
701069,35,26515.47,5797.09,697,4.5,1,0,Rent,Debt_Consolidation,0
701070,24,76609.32,19521.57,701,18.0,2,2,Own,Auto,0
701071,30,32771.45,10817.45,762,11.6,0,1,Mortgage,Debt_Consolidation,0
701072,25,64056.19,5223.91,653,1.4,0,1,Mortgage,Debt_Consolidation,0
701073,48,35828.96,4362.48,729,0.0,0,1,Rent,Other,0
701074,45,35492.37,8046.51,543,8.2,1,0,Own,Medical,0
701075,41,45469.08,1000.0,721,9.9,3,3,Own,Debt_Consolidation,0
701076,63,91670.88,17836.5,635,14.2,3,1,Own,Medical,0
701077,29,42626.75,19823.02,797,16.2,1,3,Own,Debt_Consolidation,0
701078,51,72888.67,2777.22,697,3.9,4,1,Rent,Home_Improvement,0
701079,64,61922.77,10536.93,572,5.7,1,0,Mortgage,Debt_Consolidation,0
701080,34,65376.14,12250.54,690,4.9,1,0,Rent,Debt_Consolidation,1
701081,45,65624.85,23715.02,612,13.3,1,3,Own,Other,0
701082,25,73046.88,8548.38,754,3.8,2,1,Own,Medical,0
701083,36,30066.34,12509.64,656,10.8,4,2,Own,Medical,0
701084,41,59313.95,5727.39,640,2.3,3,0,Mortgage,Debt_Consolidation,0
701085,53,66482.48,6319.21,651,5.1,3,1,Mortgage,Other,0
701086,42,44600.71,9307.58,549,10.2,3,3,Rent,Medical,0
701087,56,66663.4,48161.55,660,12.3,1,1,Mortgage,Home_Improvement,1
701088,42,34338.43,26945.22,629,7.6,3,2,Mortgage,Debt_Consolidation,1
701089,29,75326.04,19368.2,658,11.7,0,0,Rent,Other,0
701090,48,41830.27,18589.65,750,0.9,3,0,Mortgage,Auto,0
701091,27,51737.48,1000.0,543,5.3,2,2,Mortgage,Debt_Consolidation,1
701092,33,76885.12,6259.26,642,10.6,3,1,Own,Home_Improvement,0
701093,60,83658.67,23332.02,786,8.3,3,0,Mortgage,Home_Improvement,0
701094,60,44982.1,16127.75,636,0.0,4,0,Rent,Auto,0
701095,57,43330.93,26773.28,617,6.5,1,0,Mortgage,Debt_Consolidation,1
701096,33,81506.92,16049.46,669,2.0,1,1,Rent,Home_Improvement,0
701097,51,14000.0,21369.49,759,7.7,0,1,Mortgage,Other,1
701098,25,89713.23,17115.24,658,7.7,3,3,Rent,Medical,0
701099,55,88624.98,21231.36,756,7.1,1,0,Own,Debt_Consolidation,0
701100,36,33278.43,19656.86,559,5.0,1,3,Mortgage,Debt_Consolidation,1
701101,28,86243.06,26768.35,773,10.2,2,1,Rent,Debt_Consolidation,0
701102,63,66795.08,10850.84,623,19.3,2,3,Own,Auto,0
701103,42,69035.76,13778.37,708,10.5,4,0,Rent,Auto,0
701104,28,14000.0,9229.17,746,7.5,3,3,Own,Debt_Consolidation,0
701105,51,46735.43,15888.08,592,5.5,1,0,Rent,Debt_Consolidation,1
701106,33,53736.66,20514.6,829,8.3,3,1,Mortgage,Home_Improvement,0
701107,51,48638.07,16738.61,672,6.3,2,3,Rent,Debt_Consolidation,1
701108,62,49144.81,1000.0,614,5.4,3,3,Own,Medical,1
701109,36,51528.67,9109.25,802,1.3,0,1,Rent,Debt_Consolidation,0
701110,36,14000.0,10664.74,720,9.7,4,2,Own,Other,0
701111,29,53534.49,12749.84,850,7.2,4,3,Mortgage,Debt_Consolidation,0
701112,58,41943.76,9676.21,657,4.3,3,2,Own,Other,0
701113,37,56137.0,12341.07,536,5.0,3,1,Mortgage,Medical,0
701114,23,46543.93,24981.91,688,17.3,0,1,Mortgage,Auto,0
701115,40,58115.18,21844.91,491,1.7,4,0,Own,Debt_Consolidation,1
701116,60,64834.82,30006.36,727,8.1,1,3,Own,Debt_Consolidation,0
701117,26,99864.48,1000.0,659,8.0,2,2,Rent,Home_Improvement,0
701118,31,38833.82,5639.91,439,1.6,2,2,Rent,Home_Improvement,0
701119,63,97823.81,3521.18,638,12.1,3,0,Mortgage,Auto,0
701120,29,52471.66,25897.12,567,0.0,0,1,Rent,Other,1
701121,25,37156.55,22947.52,483,4.8,3,0,Mortgage,Other,1
701122,54,24125.98,10260.78,567,8.7,3,0,Own,Auto,1
701123,24,78424.48,10656.67,573,12.8,4,1,Rent,Auto,0
701124,65,22516.42,18673.08,659,1.5,4,2,Rent,Auto,1
701125,59,79532.36,28964.03,563,0.0,0,1,Mortgage,Auto,1
701126,64,66246.71,31272.32,762,7.3,4,1,Mortgage,Medical,1
701127,52,44755.07,9656.03,849,0.7,4,2,Mortgage,Debt_Consolidation,0
701128,54,42441.39,24853.65,701,0.0,1,2,Rent,Home_Improvement,1
701129,26,69493.8,14133.55,573,0.6,2,0,Own,Home_Improvement,0
701130,62,61711.45,31798.29,648,5.5,4,0,Rent,Other,0
701131,62,75517.53,41740.44,650,5.0,4,0,Rent,Medical,0
701132,65,58044.31,21478.72,570,4.6,3,2,Rent,Debt_Consolidation,1
701133,48,46022.38,22094.01,624,0.0,1,3,Mortgage,Debt_Consolidation,1
701134,45,70692.83,1000.0,766,3.3,4,3,Rent,Debt_Consolidation,0
701135,29,29922.38,21653.44,576,4.6,1,2,Own,Debt_Consolidation,1
701136,27,77939.51,1000.0,731,13.1,2,1,Mortgage,Other,0
701137,49,59322.77,10139.99,628,6.0,0,2,Own,Debt_Consolidation,0
701138,59,31780.45,24633.63,559,7.0,2,1,Own,Medical,1
701139,52,34133.9,1000.0,623,9.3,1,0,Mortgage,Auto,0
701140,38,50398.67,39380.51,729,6.0,1,0,Mortgage,Other,1
701141,49,15263.64,10648.35,641,5.7,2,3,Own,Auto,1
701142,35,90781.08,23787.95,596,6.1,0,1,Mortgage,Auto,0
701143,22,80783.64,10651.24,628,5.7,1,3,Own,Home_Improvement,0
701144,43,32275.1,22901.06,557,0.0,1,0,Mortgage,Auto,1
701145,63,55351.52,10249.47,667,10.6,2,1,Own,Auto,0
701146,22,97941.21,15468.39,733,5.6,2,2,Mortgage,Auto,0
701147,32,67509.02,1000.0,742,7.7,0,1,Own,Other,0
701148,21,34104.39,25556.77,813,0.0,3,2,Own,Auto,1
701149,38,14000.0,22838.65,709,10.6,4,3,Own,Debt_Consolidation,1
701150,32,19360.51,12553.82,447,2.0,1,0,Rent,Debt_Consolidation,1
701151,28,86112.92,12931.15,684,0.0,3,0,Mortgage,Medical,0
701152,47,65476.59,5159.94,523,16.0,1,0,Rent,Debt_Consolidation,0
701153,59,27108.67,8668.72,611,5.0,3,3,Mortgage,Debt_Consolidation,0
701154,54,74716.34,18354.19,583,8.7,1,2,Rent,Debt_Consolidation,1
701155,60,49430.5,18989.52,694,7.4,2,1,Rent,Auto,0
701156,64,42228.91,23289.6,644,9.2,1,3,Rent,Other,0
701157,57,45672.06,27492.62,606,10.1,3,2,Rent,Debt_Consolidation,1
701158,57,47020.21,25884.17,655,7.8,4,0,Own,Debt_Consolidation,0
701159,24,97530.53,20050.9,505,2.8,0,2,Mortgage,Auto,0
701160,63,35629.02,19428.75,559,9.9,1,2,Own,Home_Improvement,1
701161,24,48477.69,14022.63,703,9.7,3,0,Own,Other,0
701162,49,89575.47,28304.61,813,5.9,1,2,Rent,Home_Improvement,0
701163,65,93644.33,8764.65,594,17.2,4,0,Rent,Medical,0
701164,54,34770.45,8159.75,764,2.7,2,3,Own,Debt_Consolidation,0
701165,53,106969.95,19417.18,627,4.6,0,1,Own,Debt_Consolidation,0
701166,47,84143.82,1807.24,754,7.3,3,0,Rent,Debt_Consolidation,0
701167,33,22811.29,12871.26,538,9.9,3,2,Own,Other,1
701168,24,100862.55,1000.0,670,5.5,3,0,Mortgage,Debt_Consolidation,0
701169,49,22949.64,7502.27,753,6.5,1,1,Mortgage,Debt_Consolidation,1
701170,23,74178.73,50775.15,540,5.3,2,3,Own,Home_Improvement,1
701171,44,30694.61,1000.0,648,7.3,2,3,Mortgage,Debt_Consolidation,0
701172,55,15757.31,25839.77,561,7.9,2,3,Mortgage,Auto,1
701173,28,78240.69,10094.69,619,3.6,4,0,Rent,Home_Improvement,0
701174,30,68055.8,4616.3,679,15.5,4,0,Mortgage,Debt_Consolidation,0
701175,61,56067.66,1197.61,617,6.2,0,0,Own,Medical,0
701176,56,62582.28,22031.96,587,8.1,2,1,Mortgage,Debt_Consolidation,1
701177,53,55597.0,12205.24,662,0.0,3,0,Own,Home_Improvement,0
701178,41,51880.29,16092.54,579,12.8,3,2,Mortgage,Auto,0
701179,63,32620.3,32361.37,613,12.8,3,0,Own,Debt_Consolidation,1
701180,21,71905.63,2426.14,578,12.6,3,0,Rent,Home_Improvement,0
701181,32,58557.41,1000.0,666,9.2,1,2,Own,Debt_Consolidation,0
701182,46,52229.64,17276.35,573,10.6,4,1,Rent,Home_Improvement,0
701183,22,44517.43,29585.63,561,9.6,0,2,Own,Debt_Consolidation,1
701184,40,51352.44,17597.32,558,5.4,0,3,Mortgage,Other,1
701185,44,21936.33,29936.48,539,15.9,4,2,Rent,Home_Improvement,1
701186,24,50673.06,27294.21,681,5.5,2,0,Mortgage,Home_Improvement,1
701187,28,34602.11,19496.16,732,0.3,1,1,Mortgage,Auto,0
701188,32,88590.48,8555.62,631,4.8,3,1,Own,Home_Improvement,0
701189,64,35372.31,17552.68,536,0.6,2,2,Own,Debt_Consolidation,1
701190,34,47310.94,27498.98,502,9.9,3,3,Mortgage,Home_Improvement,1
701191,50,58406.14,21135.77,603,13.3,1,3,Rent,Auto,0
701192,36,76954.25,16046.41,607,0.6,4,3,Rent,Auto,0
701193,34,68999.97,20001.22,646,0.0,3,1,Mortgage,Debt_Consolidation,0
701194,52,58402.29,16095.47,638,15.1,2,0,Own,Home_Improvement,0
701195,57,109441.46,24390.35,694,4.2,1,0,Mortgage,Debt_Consolidation,0
701196,28,57637.68,13947.16,572,4.0,4,3,Own,Home_Improvement,0
701197,28,65718.42,32496.45,820,12.2,1,3,Mortgage,Auto,0
701198,40,123075.38,20227.13,553,9.5,1,0,Mortgage,Debt_Consolidation,0
701199,42,36848.19,18147.64,616,3.3,2,0,Rent,Medical,1
701200,48,80963.33,1000.0,629,5.9,3,3,Rent,Debt_Consolidation,0
701201,51,68597.96,1000.0,574,7.5,0,1,Own,Auto,0
701202,63,26688.21,14513.04,452,2.2,4,1,Own,Debt_Consolidation,1
701203,61,43200.88,11836.81,741,5.9,2,3,Mortgage,Debt_Consolidation,0
701204,26,77876.66,35437.3,850,10.2,2,3,Mortgage,Debt_Consolidation,0
701205,30,23495.0,8896.74,747,5.6,4,1,Own,Other,0
701206,24,53615.19,6658.42,483,7.8,1,2,Rent,Home_Improvement,0
701207,63,80242.18,24141.91,648,7.6,4,2,Mortgage,Other,0
701208,29,52371.64,1000.0,623,2.7,2,3,Rent,Home_Improvement,0
701209,49,64387.99,16982.04,754,8.2,0,3,Rent,Auto,0
701210,30,42109.0,3237.9,658,0.2,3,2,Rent,Debt_Consolidation,1
701211,30,43155.67,1000.0,628,8.9,0,0,Own,Other,0
701212,28,43376.82,1000.0,575,5.9,0,2,Rent,Home_Improvement,0
701213,63,49650.59,14488.94,684,2.2,0,3,Mortgage,Debt_Consolidation,0
701214,24,73062.13,15827.3,614,5.1,3,2,Rent,Home_Improvement,1
701215,60,59833.05,13263.39,672,0.0,3,1,Rent,Debt_Consolidation,0
701216,30,104957.15,6712.44,682,4.6,2,0,Mortgage,Auto,0
701217,22,71134.98,16312.58,650,8.2,3,1,Mortgage,Debt_Consolidation,1
701218,31,64625.08,18528.75,642,10.7,4,1,Rent,Other,0
701219,36,111531.8,16303.06,617,8.8,4,3,Rent,Debt_Consolidation,0
701220,42,55398.53,31897.1,640,3.8,1,3,Rent,Home_Improvement,1
701221,47,38787.79,25341.83,524,10.9,3,1,Rent,Other,1
701222,50,61654.2,6489.24,451,8.6,3,1,Rent,Auto,0
701223,46,32049.03,9170.4,626,11.6,3,2,Mortgage,Home_Improvement,1
701224,37,70303.7,6303.0,707,0.0,2,3,Rent,Debt_Consolidation,0
701225,35,90510.13,17096.13,606,13.3,2,0,Mortgage,Debt_Consolidation,0
701226,28,73198.24,25884.29,575,4.3,3,3,Own,Debt_Consolidation,1
701227,39,48265.22,31291.71,650,5.8,3,3,Own,Auto,0
701228,25,54562.13,17341.2,552,6.9,2,2,Rent,Medical,1
701229,41,69517.54,9611.16,553,2.0,4,2,Rent,Auto,0
701230,32,86112.27,5073.22,606,11.6,2,1,Mortgage,Home_Improvement,0
701231,49,48484.77,1000.0,653,12.4,3,3,Own,Other,0
701232,28,48116.72,32834.65,642,5.9,3,2,Mortgage,Debt_Consolidation,1
701233,47,83905.86,12269.28,759,4.9,2,3,Mortgage,Other,0
701234,42,63236.86,10668.21,615,2.3,3,0,Own,Auto,0
701235,41,66236.43,33933.83,511,5.1,0,1,Mortgage,Debt_Consolidation,1
701236,60,69546.25,9417.91,551,8.1,0,2,Rent,Auto,0
701237,39,39614.69,14843.22,585,12.8,4,2,Rent,Debt_Consolidation,1
701238,53,54519.05,20044.55,624,11.5,2,0,Own,Medical,1
701239,25,83352.08,1000.0,533,4.6,3,3,Mortgage,Home_Improvement,0
701240,30,54315.19,2407.04,691,10.4,3,3,Rent,Auto,0
701241,47,53344.81,48169.86,689,2.4,4,0,Mortgage,Home_Improvement,1
701242,22,65198.28,19495.55,572,8.8,2,3,Mortgage,Auto,0
701243,64,67353.29,1000.0,748,6.3,0,0,Mortgage,Home_Improvement,0
701244,24,118635.45,10144.3,632,7.1,3,1,Mortgage,Other,0
701245,51,38814.69,14909.9,559,5.4,2,3,Rent,Other,1
701246,40,61449.49,21933.9,596,2.5,0,1,Rent,Home_Improvement,1
701247,56,106152.45,14970.91,581,4.0,3,2,Mortgage,Home_Improvement,0
701248,37,58933.37,4250.89,735,7.8,4,1,Mortgage,Auto,0
701249,64,67165.55,15960.09,589,4.3,4,1,Mortgage,Debt_Consolidation,0
701250,51,23481.41,27038.33,755,9.3,0,0,Mortgage,Medical,1
701251,23,81329.09,10015.2,680,0.5,1,2,Rent,Auto,0
701252,24,78903.23,4532.76,641,7.3,4,0,Own,Home_Improvement,0
701253,34,77694.22,5104.01,690,13.5,1,0,Mortgage,Auto,0
701254,32,53836.36,1000.0,626,8.8,2,0,Mortgage,Home_Improvement,0
701255,60,66971.13,28322.64,608,3.9,2,3,Mortgage,Other,0
701256,51,56555.57,19267.49,532,9.3,4,3,Rent,Other,0
701257,56,78424.93,15094.16,731,14.8,1,0,Own,Home_Improvement,0
701258,46,57849.09,17693.79,850,10.9,3,1,Mortgage,Auto,0
701259,27,76906.03,28444.23,556,11.6,4,2,Rent,Home_Improvement,1
701260,44,26330.45,12263.44,649,16.9,1,0,Rent,Auto,1
701261,51,50343.87,2814.62,811,7.7,2,3,Mortgage,Debt_Consolidation,0
701262,61,14000.0,26847.84,823,7.3,0,1,Rent,Debt_Consolidation,1
701263,38,54648.52,1000.0,795,11.1,0,2,Own,Debt_Consolidation,0
701264,26,76552.88,12448.99,643,5.5,1,1,Mortgage,Home_Improvement,0
701265,33,52025.73,27643.36,773,9.7,2,1,Rent,Home_Improvement,1
701266,29,114187.95,31284.04,657,5.9,3,3,Own,Other,1
701267,35,34517.75,15291.43,559,14.7,2,0,Mortgage,Other,1
701268,46,50111.76,15184.66,680,1.1,4,3,Rent,Auto,0
701269,49,36135.6,14768.69,691,10.0,3,2,Own,Home_Improvement,0
701270,46,46190.19,13366.77,785,5.2,2,3,Own,Debt_Consolidation,0
701271,21,46974.81,14886.93,600,10.0,1,3,Rent,Home_Improvement,1
701272,65,23030.03,29857.25,572,13.2,1,0,Mortgage,Debt_Consolidation,1
701273,33,34829.8,20907.21,683,3.7,0,2,Mortgage,Home_Improvement,1
701274,64,106538.24,33084.75,705,5.4,4,1,Rent,Other,0
701275,22,51910.63,21685.03,803,9.5,1,1,Rent,Home_Improvement,0
701276,47,79887.44,12414.28,684,11.7,3,3,Mortgage,Auto,0
701277,52,27864.13,13378.25,607,0.7,1,2,Mortgage,Other,1
701278,55,55375.51,37781.35,654,7.1,4,3,Mortgage,Auto,1
701279,58,70933.93,9971.63,850,8.5,0,3,Own,Other,0
701280,52,54030.21,26331.94,479,3.3,2,1,Rent,Other,1
701281,30,45909.61,6526.57,649,0.0,4,1,Own,Auto,0
701282,26,53645.29,21535.53,806,11.8,2,2,Own,Debt_Consolidation,0
701283,50,58803.59,12535.16,666,13.5,1,3,Rent,Auto,0
701284,48,77971.53,11735.92,571,6.6,4,0,Rent,Home_Improvement,0
701285,42,86863.04,7479.69,599,6.3,4,1,Rent,Debt_Consolidation,0
701286,34,26659.88,8586.5,723,5.4,2,3,Rent,Home_Improvement,0
701287,26,14000.0,17607.3,564,0.1,1,2,Rent,Auto,1
701288,37,53503.05,29781.75,674,0.0,0,1,Rent,Debt_Consolidation,1
701289,36,58181.0,19927.61,655,6.8,1,0,Own,Other,0
701290,28,75167.44,7196.29,710,11.8,2,2,Rent,Medical,0
701291,22,83529.38,20471.53,723,10.3,4,3,Mortgage,Other,0
701292,21,42222.99,1000.0,725,1.7,3,0,Mortgage,Other,0
701293,49,107235.03,15203.25,675,12.7,1,3,Rent,Debt_Consolidation,0
701294,59,64210.36,38456.26,717,5.2,2,0,Rent,Debt_Consolidation,1
701295,50,15917.7,1000.0,645,16.6,3,1,Own,Home_Improvement,0
701296,53,80971.11,12750.44,571,4.1,1,3,Rent,Debt_Consolidation,0
701297,34,64695.79,25869.73,642,3.0,2,1,Rent,Debt_Consolidation,1
701298,54,64918.71,34837.34,702,10.9,0,2,Rent,Debt_Consolidation,0
701299,55,20104.45,28544.42,737,0.4,1,0,Rent,Other,1
701300,33,50828.86,11649.34,818,7.2,1,3,Rent,Medical,0
701301,21,61868.44,32574.3,620,8.3,0,0,Rent,Auto,0
701302,39,54395.94,31867.88,561,11.1,0,2,Rent,Debt_Consolidation,1
701303,60,74461.05,12767.22,560,17.1,2,1,Own,Medical,0
701304,28,88048.2,16954.72,671,6.6,3,2,Rent,Debt_Consolidation,0
701305,32,94438.98,7157.19,471,11.1,0,3,Rent,Other,0
701306,48,87928.34,13067.02,524,13.3,3,1,Mortgage,Auto,0
701307,32,54552.95,29958.29,672,4.0,1,0,Mortgage,Debt_Consolidation,0
701308,58,99086.5,4465.43,677,6.8,2,2,Mortgage,Other,0
701309,40,64314.6,28113.95,513,13.1,2,3,Mortgage,Medical,1
701310,56,78474.46,19685.04,706,7.2,1,1,Rent,Auto,0
701311,29,52283.79,19918.41,657,9.4,0,1,Mortgage,Debt_Consolidation,1
701312,63,24814.57,10222.87,717,14.3,3,2,Mortgage,Auto,0
701313,36,14000.0,23824.01,745,2.5,1,1,Mortgage,Medical,1
701314,32,62522.2,14815.06,638,1.5,4,1,Mortgage,Auto,0
701315,40,41928.48,14278.21,653,17.2,4,3,Mortgage,Other,0
701316,52,57925.29,1000.0,694,9.2,0,0,Own,Other,0
701317,34,79408.61,16442.96,556,12.4,4,3,Mortgage,Auto,0
701318,26,21610.41,12344.54,699,12.9,0,3,Rent,Debt_Consolidation,0
701319,56,16038.85,24755.99,512,11.4,4,1,Own,Debt_Consolidation,1
701320,45,64286.05,17426.61,750,10.4,2,0,Rent,Medical,1
701321,62,66797.79,15313.1,700,1.9,4,1,Mortgage,Other,0
701322,25,51577.78,10826.21,591,8.5,3,2,Own,Auto,0
701323,55,45561.62,9989.99,651,0.0,4,0,Mortgage,Auto,0
701324,45,20095.57,8794.72,602,2.9,1,1,Own,Auto,1
701325,55,56028.93,23046.92,684,19.1,1,1,Mortgage,Home_Improvement,0
701326,45,40359.38,1412.91,764,3.0,0,0,Mortgage,Other,0
701327,24,68379.55,1247.16,630,12.8,4,1,Rent,Auto,0
701328,36,80679.07,18569.33,676,9.1,1,1,Rent,Home_Improvement,1
701329,41,44802.87,30314.64,761,6.3,4,3,Mortgage,Home_Improvement,1
701330,36,67999.14,19244.83,644,9.7,0,3,Mortgage,Auto,1
701331,35,62493.44,14142.39,736,14.0,0,0,Own,Other,0
701332,53,74774.98,37131.19,585,2.5,1,2,Mortgage,Debt_Consolidation,1
701333,25,94656.17,19090.27,630,11.0,0,0,Own,Debt_Consolidation,1
701334,42,73830.65,10176.72,725,7.1,2,1,Rent,Auto,0
701335,64,75022.19,17615.39,761,5.7,3,2,Mortgage,Other,0
701336,39,77031.93,25987.57,543,8.0,0,2,Mortgage,Debt_Consolidation,0
701337,22,47910.61,12018.29,644,14.0,2,2,Mortgage,Other,0
701338,26,57915.81,23870.99,771,10.6,0,2,Own,Home_Improvement,0
701339,63,66314.17,12360.79,686,14.2,4,1,Mortgage,Debt_Consolidation,0
701340,33,87634.68,17237.6,582,9.0,3,1,Own,Home_Improvement,1
701341,33,88950.01,18887.67,686,13.0,3,0,Rent,Home_Improvement,0
701342,59,112286.74,1000.0,606,12.1,4,0,Rent,Auto,0
701343,32,32026.64,28086.91,770,4.0,4,0,Mortgage,Auto,1
701344,64,57092.8,21542.1,581,5.1,1,2,Mortgage,Home_Improvement,1
701345,26,16875.79,20026.87,559,6.1,0,1,Own,Auto,1
701346,37,45254.75,17379.31,663,7.8,4,3,Rent,Home_Improvement,0
701347,42,18847.29,13090.92,651,15.4,4,0,Rent,Auto,1
701348,60,85922.04,28999.71,650,8.2,4,3,Mortgage,Debt_Consolidation,0
701349,47,76093.13,15448.11,573,8.9,3,1,Mortgage,Medical,0
701350,60,32440.48,24076.99,717,13.7,3,0,Mortgage,Medical,0
701351,63,66083.26,1000.0,637,3.4,4,0,Mortgage,Other,0
701352,30,75685.85,35168.86,553,9.9,4,1,Mortgage,Debt_Consolidation,1
701353,54,99566.36,17474.56,850,3.2,1,3,Own,Home_Improvement,0
701354,33,77868.91,18206.11,700,9.4,0,2,Own,Home_Improvement,0
701355,63,61091.66,5068.67,606,4.7,2,0,Rent,Medical,0
701356,52,55886.51,6266.77,731,0.0,0,1,Mortgage,Debt_Consolidation,0
701357,43,73009.66,19389.64,569,4.2,2,0,Rent,Home_Improvement,0
701358,34,65335.21,1000.0,760,7.1,2,0,Rent,Home_Improvement,0
701359,49,46665.41,27672.28,779,10.1,4,2,Rent,Other,0
701360,63,28967.3,7535.33,720,0.0,2,1,Own,Medical,0
701361,26,83248.85,6960.37,741,0.0,1,1,Rent,Debt_Consolidation,0
701362,37,40878.63,15241.75,755,9.7,4,3,Mortgage,Other,0
701363,58,51628.38,33935.52,842,8.8,1,2,Mortgage,Home_Improvement,0
701364,53,77150.57,17096.89,850,1.0,2,3,Mortgage,Auto,0
701365,46,56744.03,25862.29,450,11.4,0,1,Rent,Home_Improvement,1
701366,52,85122.17,2246.8,722,16.2,2,0,Rent,Home_Improvement,0
701367,38,31305.54,8812.47,656,10.4,2,1,Rent,Home_Improvement,0
701368,30,76258.67,23646.33,822,6.6,3,1,Rent,Auto,0
701369,36,26368.73,3271.15,680,12.5,2,3,Own,Home_Improvement,0
701370,59,22241.79,1000.0,710,0.0,4,2,Mortgage,Auto,0
701371,30,33193.03,7775.84,628,7.7,1,0,Mortgage,Medical,0
701372,35,60881.93,10967.08,764,12.4,3,1,Rent,Other,0
701373,24,41955.67,12479.68,732,12.0,2,2,Own,Debt_Consolidation,0
701374,25,25145.01,21875.7,674,8.5,0,1,Mortgage,Auto,1
701375,47,86729.93,21126.83,824,4.2,4,0,Rent,Medical,1
701376,23,35109.21,10344.52,848,11.4,0,0,Own,Other,0
701377,56,55372.35,20341.13,711,5.6,3,3,Own,Home_Improvement,0
701378,41,64139.85,13517.36,653,8.7,4,3,Own,Auto,0
701379,48,46734.81,15946.09,606,0.0,0,3,Mortgage,Home_Improvement,0
701380,49,66718.21,5227.93,850,7.5,3,0,Own,Debt_Consolidation,0
701381,65,72837.31,21427.98,588,7.5,2,3,Mortgage,Auto,0
701382,33,55645.48,11467.98,701,6.2,1,0,Mortgage,Medical,0
701383,33,82897.34,27183.25,594,3.3,0,1,Own,Auto,0
701384,58,43932.38,1000.0,591,11.7,3,0,Own,Debt_Consolidation,0
701385,46,32787.9,26207.42,588,13.8,2,3,Rent,Auto,1
701386,33,62928.07,3152.86,799,10.5,1,2,Rent,Other,0
701387,22,34960.92,19277.39,624,5.0,4,2,Mortgage,Other,1
701388,59,67065.22,3809.68,505,0.0,4,3,Rent,Auto,0
701389,29,55631.66,5796.85,565,9.2,2,2,Mortgage,Auto,0
701390,22,46882.46,22097.83,530,6.3,3,2,Mortgage,Debt_Consolidation,1
701391,64,71879.94,1000.0,619,2.3,0,1,Mortgage,Home_Improvement,0
701392,32,70842.35,24210.4,609,8.5,4,3,Own,Debt_Consolidation,0
701393,22,14000.0,36169.77,792,0.4,3,2,Mortgage,Debt_Consolidation,1
701394,28,50425.34,22163.41,573,17.1,4,3,Mortgage,Debt_Consolidation,1
701395,38,61372.26,1000.0,552,0.0,3,3,Rent,Debt_Consolidation,0
701396,41,69722.44,21505.8,676,9.5,4,1,Mortgage,Debt_Consolidation,0
701397,43,45015.3,14087.12,828,15.0,4,0,Rent,Debt_Consolidation,0
701398,36,30624.29,16823.06,624,10.1,4,1,Own,Home_Improvement,0
701399,50,61003.81,14970.74,591,6.8,0,0,Rent,Other,0
701400,38,74301.34,25904.65,783,14.1,2,2,Rent,Debt_Consolidation,0
701401,38,14000.0,32303.24,504,1.4,0,2,Own,Medical,1
701402,59,22145.86,18596.6,653,0.7,1,2,Rent,Auto,1
701403,43,43994.16,29574.74,617,5.4,3,2,Mortgage,Debt_Consolidation,0
701404,47,14000.0,10549.06,714,3.4,4,2,Rent,Medical,1
701405,34,43749.06,39280.2,698,5.6,1,2,Rent,Debt_Consolidation,1
701406,48,77652.96,5878.82,641,7.1,4,1,Rent,Medical,0
701407,50,32596.2,4540.62,623,0.0,4,1,Rent,Debt_Consolidation,0
701408,38,61309.81,11777.31,659,4.4,0,0,Rent,Medical,0
701409,41,36791.92,23717.43,626,11.3,0,1,Rent,Debt_Consolidation,1
701410,57,68100.66,25498.69,606,17.7,3,0,Own,Home_Improvement,0
701411,34,73527.0,1000.0,659,13.7,2,3,Own,Home_Improvement,0
701412,43,89151.62,17995.19,671,4.9,2,0,Own,Home_Improvement,0
701413,24,59782.77,19651.79,809,12.4,0,1,Mortgage,Home_Improvement,0
701414,54,83132.68,41321.55,693,4.5,2,0,Mortgage,Home_Improvement,0
701415,28,67563.22,12670.19,574,0.0,2,2,Own,Home_Improvement,0
701416,62,46659.38,1635.66,678,11.1,2,3,Mortgage,Medical,0
701417,37,93242.19,1000.0,594,5.9,2,3,Rent,Auto,0
701418,48,43667.73,13701.75,815,7.8,3,0,Mortgage,Home_Improvement,0
701419,53,62031.76,20860.03,688,7.4,2,0,Rent,Other,0
701420,40,116510.75,17984.61,600,0.1,4,2,Own,Other,0
701421,29,78758.45,14920.27,568,9.0,4,2,Mortgage,Debt_Consolidation,0
701422,32,38300.6,7799.48,717,12.9,3,1,Mortgage,Debt_Consolidation,0
701423,50,65030.91,15331.88,578,8.3,1,1,Rent,Auto,0
701424,62,44746.84,16110.89,544,4.6,3,3,Mortgage,Home_Improvement,1
701425,60,54515.25,41161.93,645,0.0,0,1,Rent,Auto,1
701426,55,21962.67,14824.61,577,5.9,3,0,Mortgage,Auto,1
701427,58,63191.52,4766.78,653,4.6,4,3,Own,Debt_Consolidation,0
701428,56,20833.49,11140.0,681,6.6,2,1,Own,Debt_Consolidation,0
701429,36,66811.68,13367.99,815,5.5,0,0,Rent,Home_Improvement,0
701430,30,66902.07,1000.0,784,4.7,2,2,Mortgage,Medical,0
701431,60,78201.81,15238.46,770,6.9,3,0,Mortgage,Other,0
701432,40,111275.67,17316.96,590,1.0,3,2,Rent,Debt_Consolidation,0
701433,49,18339.61,16978.73,703,0.0,4,3,Own,Debt_Consolidation,1
701434,60,29371.1,5427.66,569,3.9,4,0,Mortgage,Auto,0
701435,57,34073.85,12864.92,608,1.8,0,0,Mortgage,Home_Improvement,1
701436,32,44373.13,18343.68,602,8.5,0,0,Mortgage,Auto,0
701437,63,79017.52,23877.45,546,12.6,3,3,Rent,Home_Improvement,1
701438,57,49896.35,18564.39,474,9.6,4,2,Rent,Debt_Consolidation,1
701439,21,43932.69,2348.82,732,4.9,3,2,Own,Home_Improvement,0
701440,45,30920.59,22560.6,658,5.1,2,1,Own,Auto,1
701441,21,42861.11,31226.38,579,9.4,0,3,Rent,Home_Improvement,1
701442,30,47436.06,13138.49,677,9.4,3,1,Own,Auto,0
701443,49,55435.69,1000.0,629,10.6,3,0,Mortgage,Debt_Consolidation,0
701444,37,23639.14,24229.23,720,2.7,0,2,Rent,Auto,1
701445,48,56094.34,26324.63,619,10.1,1,2,Own,Home_Improvement,1
701446,24,71488.53,16100.17,699,17.6,0,2,Own,Medical,1
701447,26,66252.32,11759.0,439,13.0,4,3,Rent,Debt_Consolidation,1
701448,51,28064.08,27507.53,827,11.7,0,0,Rent,Medical,1
701449,30,77572.04,24333.27,718,6.8,0,0,Mortgage,Home_Improvement,0
701450,53,77176.17,16003.02,595,5.7,4,3,Own,Other,1
701451,31,65084.32,14477.46,543,8.4,2,3,Rent,Auto,0
701452,22,28534.78,18144.83,447,3.3,4,2,Rent,Home_Improvement,1
701453,22,22666.26,26598.27,607,2.2,0,3,Rent,Other,1
701454,34,58884.41,17595.34,588,9.5,1,1,Mortgage,Debt_Consolidation,1
701455,22,33309.32,4360.45,621,0.0,4,2,Mortgage,Debt_Consolidation,0
701456,55,25899.19,10000.56,621,7.7,2,3,Mortgage,Auto,0
701457,23,79305.54,17778.25,655,12.4,3,1,Own,Other,0
701458,30,79784.88,20043.69,481,2.4,0,3,Rent,Debt_Consolidation,0
701459,49,73327.22,10418.83,483,6.5,2,1,Rent,Debt_Consolidation,0
701460,45,89322.04,23690.63,727,3.4,3,1,Own,Auto,0
701461,47,79556.76,9792.11,646,16.1,4,3,Mortgage,Other,0
701462,57,30205.42,25948.14,759,6.9,0,3,Own,Home_Improvement,0
701463,50,85415.5,33058.18,536,11.1,2,0,Mortgage,Debt_Consolidation,1
701464,46,60820.81,24413.8,615,3.2,4,2,Mortgage,Debt_Consolidation,1
701465,33,68547.46,17030.23,539,7.3,2,0,Rent,Debt_Consolidation,0
701466,26,95520.48,21845.47,850,1.7,4,0,Rent,Debt_Consolidation,0
701467,64,68554.08,1000.0,481,4.3,3,1,Own,Home_Improvement,0
701468,61,95687.69,30549.16,549,1.5,2,2,Own,Other,1
701469,50,59318.18,7005.27,687,0.8,4,1,Mortgage,Auto,0
701470,54,48822.31,5617.38,746,9.7,4,0,Own,Home_Improvement,0
701471,43,41026.22,11238.68,459,9.6,0,2,Own,Debt_Consolidation,1
701472,46,54713.92,5481.36,562,6.4,1,0,Rent,Debt_Consolidation,0
701473,52,17643.98,14831.29,441,7.6,4,1,Own,Home_Improvement,1
701474,35,56466.15,11950.28,728,8.0,4,3,Rent,Home_Improvement,1
701475,41,55065.49,14140.13,704,9.1,4,2,Own,Auto,0
701476,47,45153.83,26399.37,629,0.0,3,1,Mortgage,Medical,1
701477,59,14000.0,18749.94,547,10.6,4,0,Own,Debt_Consolidation,1
701478,38,14000.0,8601.37,643,3.1,0,0,Own,Debt_Consolidation,0
701479,23,74879.93,12685.18,630,6.9,1,2,Mortgage,Home_Improvement,0
701480,26,34987.69,6171.92,672,13.5,2,1,Mortgage,Debt_Consolidation,0
701481,24,90850.26,24651.24,551,1.6,1,1,Mortgage,Home_Improvement,1
701482,26,40829.78,3398.14,753,16.7,4,0,Own,Debt_Consolidation,0
701483,58,66593.36,10318.09,554,4.7,3,1,Mortgage,Other,0
701484,23,23299.89,30960.42,601,2.5,2,0,Rent,Home_Improvement,1
701485,53,42663.29,11382.06,626,14.0,4,2,Rent,Home_Improvement,0
701486,28,52687.56,16031.57,730,2.2,0,2,Mortgage,Debt_Consolidation,0
701487,31,71896.79,19493.63,642,9.2,1,2,Own,Other,0
701488,32,98338.16,1000.0,804,0.0,1,2,Mortgage,Debt_Consolidation,0
701489,44,81096.27,16438.37,762,10.2,0,3,Rent,Debt_Consolidation,0
701490,49,23158.83,24325.24,599,0.8,4,3,Mortgage,Medical,1
701491,47,58136.98,16298.78,742,1.9,3,2,Mortgage,Other,0
701492,47,53955.94,20530.84,550,18.7,1,2,Mortgage,Debt_Consolidation,1
701493,26,42710.28,5514.01,530,0.2,3,3,Mortgage,Debt_Consolidation,0
701494,47,72101.4,15000.17,808,8.3,3,3,Own,Auto,0
701495,25,95865.68,11421.77,705,13.5,3,1,Mortgage,Home_Improvement,0
701496,57,47040.35,14623.6,807,8.0,0,3,Rent,Medical,0
701497,23,84812.42,1218.18,639,7.6,1,0,Mortgage,Home_Improvement,0
701498,25,91502.34,8283.87,605,0.0,2,1,Mortgage,Other,1
701499,29,32501.11,19322.43,581,5.3,1,3,Mortgage,Home_Improvement,1
701500,38,100576.86,8147.39,804,14.7,3,2,Own,Home_Improvement,0
701501,59,98498.72,19915.08,713,0.0,1,2,Own,Debt_Consolidation,0
701502,24,65108.8,29821.03,502,2.7,3,3,Own,Home_Improvement,1
701503,29,99037.1,17242.25,563,13.9,4,3,Rent,Other,0
701504,39,64039.01,15537.36,576,12.5,1,1,Rent,Medical,0
701505,31,85672.09,20779.58,530,3.7,4,1,Rent,Other,0
701506,24,73646.31,5707.72,747,6.9,1,3,Own,Home_Improvement,0
701507,46,37310.04,9598.62,634,4.7,2,0,Rent,Medical,0
701508,23,64306.48,3951.03,710,8.7,1,3,Rent,Other,0
701509,53,53988.38,6265.41,666,7.5,1,3,Rent,Other,0
701510,25,46154.02,31673.06,497,10.7,0,1,Own,Other,1
701511,40,30329.23,7066.46,596,7.3,4,3,Rent,Debt_Consolidation,0
701512,38,39275.03,14695.31,554,8.4,3,2,Own,Auto,1
701513,54,28403.93,11337.33,735,13.0,2,0,Rent,Debt_Consolidation,1
701514,55,85322.05,10505.97,686,9.5,2,0,Own,Debt_Consolidation,0
701515,42,14000.0,11866.9,595,0.5,0,2,Own,Auto,1
701516,33,59863.37,12632.97,780,2.3,3,2,Rent,Medical,0
701517,59,43325.56,18190.28,850,4.7,1,0,Own,Home_Improvement,0
701518,54,28005.66,11819.2,560,14.8,1,3,Own,Auto,1
701519,32,75431.38,18817.52,479,2.4,2,1,Rent,Medical,0
701520,31,38853.74,13266.31,673,6.9,2,0,Rent,Auto,1
701521,60,87005.08,11918.93,693,0.0,1,1,Mortgage,Home_Improvement,0
701522,33,53721.23,12875.16,483,3.1,4,1,Mortgage,Debt_Consolidation,1
701523,27,66012.57,31616.92,533,8.7,4,0,Mortgage,Home_Improvement,1
701524,42,54885.86,3097.39,567,13.5,2,0,Mortgage,Debt_Consolidation,0
701525,46,73620.21,13419.67,707,12.4,2,2,Rent,Home_Improvement,0
701526,24,80562.44,21734.46,674,3.4,2,2,Mortgage,Debt_Consolidation,0
701527,62,47216.68,20278.64,527,17.5,0,2,Own,Home_Improvement,1
701528,41,57795.4,5246.54,560,6.3,2,3,Own,Debt_Consolidation,0
701529,49,100237.5,4199.72,542,12.8,1,3,Rent,Home_Improvement,0
701530,47,44224.28,14344.77,650,5.1,4,0,Own,Debt_Consolidation,1
701531,62,101465.91,26342.9,842,14.8,1,0,Mortgage,Auto,0
701532,58,48561.69,22225.83,784,10.4,4,0,Mortgage,Debt_Consolidation,0
701533,38,44619.12,14290.34,730,6.6,2,2,Rent,Debt_Consolidation,0
701534,23,17491.6,11510.69,543,9.6,4,2,Rent,Home_Improvement,1
701535,49,37644.56,12784.12,750,0.6,2,2,Own,Home_Improvement,0
701536,56,16176.12,13370.46,581,9.5,3,0,Rent,Home_Improvement,1
701537,59,44279.79,1298.68,577,2.7,0,0,Mortgage,Medical,0
701538,46,74610.64,1360.77,751,5.9,2,0,Mortgage,Home_Improvement,0
701539,45,56536.86,14201.79,630,14.5,3,0,Mortgage,Home_Improvement,0
701540,47,43525.52,33494.13,722,6.9,1,1,Own,Other,1
701541,27,33346.88,17216.7,703,3.0,0,1,Own,Auto,1
701542,23,41496.48,1000.0,593,1.2,2,0,Mortgage,Other,0
701543,41,23078.3,4215.69,667,8.2,4,1,Rent,Debt_Consolidation,0
701544,60,27513.16,14221.06,704,0.7,3,0,Rent,Home_Improvement,0
701545,34,104736.73,5204.44,644,2.6,0,2,Mortgage,Other,0
701546,33,63769.4,17174.33,540,9.2,0,0,Own,Debt_Consolidation,1
701547,65,36000.92,7801.09,768,6.0,0,2,Mortgage,Other,0
701548,45,74113.32,7237.61,598,9.7,1,3,Mortgage,Auto,0
701549,25,94009.44,2065.7,578,9.5,2,2,Own,Auto,0
701550,45,42686.23,19074.57,600,13.1,0,2,Own,Auto,1
701551,22,55399.88,18183.26,736,5.9,1,3,Mortgage,Debt_Consolidation,0
701552,61,27842.4,18825.81,671,4.4,0,1,Rent,Auto,1
701553,56,19695.78,21570.67,816,13.1,0,2,Rent,Debt_Consolidation,1
701554,48,91104.17,13744.22,513,15.4,1,2,Mortgage,Other,0
701555,65,140225.27,26744.79,609,10.4,0,3,Mortgage,Other,0
701556,65,40230.57,5077.43,661,12.5,3,2,Own,Debt_Consolidation,1
701557,37,18972.94,22322.3,625,13.2,4,2,Rent,Auto,1
701558,31,92061.93,11084.63,516,12.0,0,3,Rent,Debt_Consolidation,0
701559,33,83382.57,10401.52,556,11.4,0,0,Mortgage,Home_Improvement,1
701560,50,69419.96,8509.12,598,11.2,2,0,Rent,Other,0
701561,32,93342.35,20667.1,603,5.1,3,0,Mortgage,Auto,0
701562,46,49868.83,17136.62,632,4.5,4,0,Own,Other,0
701563,43,64631.15,25874.45,621,10.8,1,3,Own,Medical,0
701564,44,76964.59,6463.5,551,17.0,3,3,Own,Debt_Consolidation,0
701565,56,50460.34,17381.58,492,12.5,0,2,Rent,Home_Improvement,1
701566,49,69437.05,6099.03,770,7.7,2,3,Mortgage,Debt_Consolidation,0
701567,45,52271.62,20505.72,786,1.5,0,0,Own,Home_Improvement,0
701568,45,68899.98,29162.41,651,10.9,1,1,Rent,Medical,0
701569,38,61850.92,6276.94,746,3.1,3,3,Mortgage,Auto,0
701570,36,14000.0,26136.97,734,13.4,2,0,Rent,Other,1
701571,58,60133.23,5713.49,732,1.7,2,1,Mortgage,Other,0
701572,49,23629.39,29962.72,591,11.8,2,3,Own,Debt_Consolidation,1
701573,37,37504.07,17112.27,661,12.0,3,2,Rent,Debt_Consolidation,0
701574,24,18000.12,21029.92,605,9.6,2,3,Mortgage,Auto,1
701575,57,77508.47,5053.7,503,19.2,4,2,Own,Other,0
701576,42,50061.86,31312.22,529,0.0,2,2,Own,Medical,1
701577,56,48659.63,14703.76,670,12.9,4,2,Mortgage,Other,0
701578,41,87857.25,11255.91,649,8.3,3,2,Rent,Auto,1
701579,50,74995.88,25230.06,692,5.7,3,2,Mortgage,Debt_Consolidation,0
701580,30,52774.13,8267.32,656,8.7,3,1,Rent,Medical,0
701581,29,14000.0,13148.95,665,5.6,4,1,Rent,Other,1
701582,46,73752.68,12124.73,678,6.8,1,1,Rent,Debt_Consolidation,0
701583,54,51561.94,8165.66,552,1.9,1,2,Mortgage,Auto,0
701584,51,49168.87,26317.76,581,2.7,4,0,Own,Debt_Consolidation,1
701585,52,75549.29,32110.71,850,16.5,4,1,Rent,Debt_Consolidation,0
701586,26,42775.85,6640.54,685,15.7,4,1,Rent,Auto,0
701587,55,55930.24,31093.26,765,6.1,3,2,Own,Debt_Consolidation,0
701588,34,79224.91,26441.91,604,9.2,0,2,Rent,Debt_Consolidation,0
701589,46,71634.94,12372.39,657,0.0,4,0,Rent,Medical,0
701590,23,43174.95,22121.34,777,14.0,4,2,Own,Debt_Consolidation,0
701591,27,92800.98,35286.14,680,2.2,2,3,Mortgage,Medical,1
701592,47,85494.64,9760.97,702,7.4,4,3,Rent,Debt_Consolidation,0
701593,64,103290.49,10500.0,734,15.6,0,0,Mortgage,Debt_Consolidation,0
701594,24,56638.18,6317.53,648,4.8,0,0,Own,Debt_Consolidation,0
701595,29,63106.43,36128.61,537,11.4,0,2,Mortgage,Debt_Consolidation,1
701596,31,83229.7,25842.12,529,3.4,3,2,Own,Auto,1
701597,52,68531.28,8304.47,531,9.5,2,3,Own,Medical,0
701598,41,61313.21,14630.57,519,7.4,1,2,Mortgage,Debt_Consolidation,1
701599,56,55548.87,22486.22,457,12.3,1,0,Own,Home_Improvement,1
701600,41,50735.85,13571.16,541,10.9,0,0,Own,Other,1
701601,61,42364.34,27357.79,586,8.1,0,1,Mortgage,Debt_Consolidation,1
701602,22,42536.18,16722.79,804,6.8,4,3,Mortgage,Other,0
701603,46,67765.5,28317.67,573,10.4,3,1,Rent,Home_Improvement,1
701604,63,50698.43,19523.66,659,10.7,2,0,Mortgage,Home_Improvement,0
701605,54,24151.71,18358.21,633,0.0,4,1,Rent,Other,0
701606,31,59296.73,10509.4,637,11.3,2,1,Own,Debt_Consolidation,0
701607,28,97797.57,19599.97,538,0.0,3,1,Mortgage,Home_Improvement,0
701608,48,90657.18,24263.07,697,10.6,0,2,Mortgage,Debt_Consolidation,0
701609,25,14000.0,1167.5,600,6.6,1,2,Rent,Debt_Consolidation,0
701610,30,37740.16,21916.17,753,5.1,3,0,Mortgage,Auto,0
701611,44,76688.21,28896.21,675,9.8,3,2,Mortgage,Debt_Consolidation,0
701612,47,59962.47,25460.31,527,4.4,0,0,Rent,Medical,1
701613,61,59753.23,20527.48,729,6.1,2,2,Mortgage,Home_Improvement,0
701614,36,54948.67,14713.03,536,7.7,3,2,Rent,Home_Improvement,1
701615,31,59473.87,6288.05,491,0.7,1,0,Mortgage,Auto,0
701616,35,33685.38,7931.65,840,8.6,4,1,Rent,Other,0
701617,47,86436.69,13209.1,707,13.2,3,0,Mortgage,Debt_Consolidation,0
701618,42,33093.95,6502.43,748,6.7,1,3,Mortgage,Medical,0
701619,22,54672.95,17751.22,618,7.8,3,0,Own,Debt_Consolidation,0
701620,47,94871.31,11993.64,614,9.8,1,3,Mortgage,Auto,0
701621,55,84113.72,13885.96,566,10.2,2,1,Mortgage,Auto,0
701622,47,57944.37,28614.66,603,5.7,1,1,Mortgage,Debt_Consolidation,1
701623,44,57939.93,18730.48,595,8.7,4,0,Mortgage,Auto,0
701624,51,43817.01,23581.32,507,16.6,4,2,Rent,Other,1
701625,44,46155.76,1000.0,771,5.0,4,2,Mortgage,Debt_Consolidation,0
701626,33,52467.77,22403.63,560,5.5,0,2,Rent,Auto,1
701627,27,90181.8,9049.76,732,3.0,0,3,Rent,Home_Improvement,0
701628,25,47799.07,32332.05,544,8.4,4,2,Rent,Other,1
701629,38,71717.2,2626.02,660,13.1,2,3,Rent,Debt_Consolidation,0
701630,32,68486.47,9553.89,562,17.7,1,3,Rent,Home_Improvement,0
701631,51,67921.38,24787.53,604,3.6,0,0,Mortgage,Home_Improvement,0
701632,35,51534.3,36705.25,635,3.6,4,0,Rent,Other,1
701633,46,75832.95,2920.91,598,3.8,2,2,Mortgage,Auto,0
701634,48,62128.29,14844.78,637,7.2,1,2,Own,Debt_Consolidation,0
701635,54,60654.6,9827.93,621,11.7,3,1,Own,Debt_Consolidation,0
701636,39,47023.91,32385.75,564,2.8,1,0,Rent,Home_Improvement,1
701637,37,14000.0,36816.79,646,8.3,2,2,Own,Home_Improvement,1
701638,35,75815.18,20072.11,653,7.3,4,1,Own,Other,0
701639,51,76471.55,26103.71,724,3.8,2,0,Mortgage,Auto,0
701640,25,46391.04,11445.83,626,7.3,0,3,Rent,Debt_Consolidation,0
701641,50,54198.6,6562.27,537,10.1,3,3,Mortgage,Debt_Consolidation,0
701642,47,65308.76,22447.61,588,10.0,4,0,Own,Other,1
701643,31,35235.95,13260.88,642,7.2,3,2,Mortgage,Debt_Consolidation,0
701644,25,75407.41,24789.87,627,8.2,2,2,Own,Debt_Consolidation,1
701645,36,75531.83,14834.76,716,0.0,3,0,Own,Debt_Consolidation,0
701646,44,78888.5,29995.32,791,0.0,1,2,Mortgage,Debt_Consolidation,0
701647,32,80563.66,15950.2,689,8.7,2,0,Rent,Debt_Consolidation,0
701648,51,14000.0,17367.34,692,7.3,0,1,Rent,Home_Improvement,1
701649,48,71054.47,26574.69,710,10.5,2,0,Rent,Debt_Consolidation,0
701650,49,48101.85,19124.58,627,10.8,3,3,Own,Debt_Consolidation,1
701651,38,85143.82,30485.41,660,3.4,3,1,Mortgage,Auto,0
701652,28,83879.86,11630.61,730,10.3,1,2,Rent,Debt_Consolidation,0
701653,43,78106.39,8481.07,715,0.0,0,3,Mortgage,Auto,0
701654,37,56658.63,25911.09,507,4.4,4,1,Mortgage,Debt_Consolidation,1
701655,57,125434.1,22068.85,637,5.9,2,0,Mortgage,Medical,0
701656,63,57406.58,11685.74,631,10.2,1,1,Mortgage,Home_Improvement,0
701657,22,33795.86,6546.42,675,0.0,4,0,Own,Auto,0
701658,25,81862.34,10648.36,793,11.5,0,1,Rent,Auto,0
701659,41,24202.93,16630.49,788,0.0,0,3,Rent,Auto,0
701660,51,104594.92,14539.69,582,4.9,4,2,Mortgage,Home_Improvement,0
701661,26,83004.45,6503.54,795,6.4,1,3,Rent,Medical,0
701662,40,90454.65,8644.74,613,22.2,3,3,Own,Other,0
701663,41,83787.49,21963.31,743,2.3,4,3,Rent,Other,0
701664,48,68510.94,27373.97,689,9.7,0,1,Own,Auto,0
701665,56,27496.81,31199.31,659,13.0,2,1,Mortgage,Debt_Consolidation,1
701666,38,44666.17,9360.19,589,7.6,4,3,Own,Debt_Consolidation,0
701667,25,72411.21,6345.36,746,1.2,2,3,Own,Debt_Consolidation,0
701668,26,54185.49,22075.89,720,6.8,4,0,Mortgage,Auto,0
701669,51,67843.78,13608.73,520,7.8,2,2,Mortgage,Debt_Consolidation,0
701670,46,42754.06,23783.21,780,8.0,4,1,Mortgage,Auto,1
701671,63,40289.74,25207.63,645,10.2,4,2,Rent,Debt_Consolidation,1
701672,21,66126.24,12771.54,708,0.3,0,3,Mortgage,Home_Improvement,0
701673,63,76664.09,15128.34,586,0.0,1,0,Rent,Debt_Consolidation,0
701674,59,59136.68,1244.0,651,13.5,1,0,Mortgage,Debt_Consolidation,0
701675,55,35785.95,1549.97,645,0.0,2,0,Rent,Auto,0
701676,56,19429.18,22985.62,390,8.8,4,0,Mortgage,Home_Improvement,1
701677,27,107138.88,35919.82,790,8.7,2,2,Own,Debt_Consolidation,0
701678,37,31830.02,1000.0,706,5.9,3,2,Own,Other,0
701679,27,38192.87,2473.9,641,4.4,1,2,Rent,Auto,0
701680,45,41593.33,11435.0,822,5.4,4,2,Own,Debt_Consolidation,0
701681,39,80175.57,22827.48,789,7.0,1,0,Rent,Auto,0
701682,44,40852.69,1000.0,772,4.1,4,3,Rent,Home_Improvement,0
701683,56,71860.32,16097.09,554,6.4,4,1,Mortgage,Auto,0
701684,65,65841.29,28703.53,840,14.6,4,3,Rent,Auto,0
701685,59,31594.99,1000.0,695,6.4,3,3,Mortgage,Debt_Consolidation,0
701686,22,62522.7,4829.82,803,13.2,4,1,Own,Other,0
701687,41,29625.52,22438.79,577,10.2,3,3,Mortgage,Other,1
701688,34,54851.58,26355.08,647,13.6,0,3,Mortgage,Debt_Consolidation,1
701689,49,76261.57,8036.97,581,10.7,3,1,Rent,Home_Improvement,0
701690,39,53004.61,24077.53,606,14.8,3,3,Own,Debt_Consolidation,1
701691,40,36933.55,24701.45,574,11.6,0,0,Rent,Debt_Consolidation,1
701692,56,48614.73,2614.01,569,5.2,0,3,Mortgage,Debt_Consolidation,0
701693,56,54106.25,14825.25,736,7.4,3,1,Rent,Debt_Consolidation,0
701694,53,66459.48,10318.62,639,17.0,4,1,Rent,Other,0
701695,33,14000.0,12885.65,628,4.9,1,1,Rent,Other,1
701696,40,14524.4,17817.36,476,16.4,0,2,Rent,Debt_Consolidation,1
701697,40,69980.06,5217.54,663,4.4,3,0,Rent,Home_Improvement,0
701698,21,55473.96,1000.0,544,8.9,3,2,Own,Debt_Consolidation,1
701699,46,58476.09,2486.89,738,18.7,4,1,Rent,Medical,0
701700,50,63237.42,3179.74,618,10.6,4,1,Rent,Medical,0
701701,21,54258.21,13690.4,692,5.6,1,2,Rent,Debt_Consolidation,0
701702,39,47323.31,24435.5,621,0.0,1,1,Mortgage,Other,0
701703,30,60637.93,10670.59,571,10.9,1,0,Mortgage,Home_Improvement,0
701704,26,73838.68,8853.99,534,7.7,2,0,Rent,Auto,0
701705,63,66051.44,10775.03,732,15.1,1,3,Rent,Medical,0
701706,49,58422.25,22813.77,656,4.1,0,2,Mortgage,Auto,1
701707,63,33176.06,14363.85,545,7.4,4,2,Mortgage,Home_Improvement,1
701708,41,63504.24,16004.05,666,9.8,3,1,Mortgage,Other,0
701709,23,30420.92,9196.6,740,11.9,3,3,Mortgage,Other,1
701710,34,41916.66,15170.33,657,0.0,2,2,Own,Other,0
701711,23,61422.13,11898.0,718,11.9,4,2,Rent,Home_Improvement,0
701712,33,60654.06,26503.58,611,10.7,1,2,Own,Home_Improvement,0
701713,50,83823.93,16113.43,472,4.2,1,0,Mortgage,Other,0
701714,44,78791.36,27108.75,526,8.1,3,1,Mortgage,Medical,1
701715,48,69458.17,19873.61,618,1.8,1,0,Rent,Auto,0
701716,32,50189.28,18096.12,667,0.5,3,0,Rent,Auto,0
701717,35,57559.85,1000.0,729,13.6,3,3,Rent,Medical,0
701718,38,52111.03,13619.16,824,3.6,3,2,Mortgage,Debt_Consolidation,0
701719,29,99021.74,6671.87,649,10.9,0,0,Rent,Other,0
701720,63,68791.61,25109.87,655,6.1,3,2,Own,Other,0
701721,55,42470.69,18854.04,724,10.1,1,3,Mortgage,Debt_Consolidation,1
701722,42,37853.5,19349.47,668,5.5,4,3,Mortgage,Home_Improvement,1
701723,48,87344.69,14008.99,619,15.2,3,1,Own,Other,0
701724,32,37277.02,28431.34,657,0.0,3,1,Own,Other,1
701725,52,66632.14,1000.0,792,10.7,4,2,Mortgage,Debt_Consolidation,0
701726,44,62158.81,22370.97,642,15.8,2,2,Mortgage,Debt_Consolidation,1
701727,23,83206.91,11728.75,496,2.2,4,0,Rent,Other,0
701728,62,37186.53,5797.84,789,0.5,3,1,Own,Debt_Consolidation,0
701729,54,68925.74,8553.74,637,12.7,1,1,Rent,Auto,0
701730,59,62776.19,14953.13,763,9.0,1,3,Own,Debt_Consolidation,0
701731,64,76901.16,18230.26,596,6.5,0,2,Rent,Auto,0
701732,51,90234.54,25907.53,462,13.8,0,2,Mortgage,Debt_Consolidation,1
701733,59,60450.3,8992.63,592,8.6,0,2,Mortgage,Auto,0
701734,61,52716.1,8254.92,513,12.2,3,0,Mortgage,Home_Improvement,0
701735,34,78838.06,25169.96,663,7.1,1,3,Mortgage,Medical,0
701736,55,24653.15,26177.16,663,6.3,1,1,Rent,Other,1
701737,39,62524.95,5599.08,610,10.0,2,0,Own,Other,0
701738,51,34791.81,8609.78,803,5.4,2,0,Own,Home_Improvement,0
701739,62,29442.86,18378.65,547,15.2,2,2,Rent,Home_Improvement,1
701740,40,20634.56,12530.34,527,8.4,4,0,Mortgage,Debt_Consolidation,1
701741,65,18875.72,21856.97,660,5.3,0,0,Rent,Debt_Consolidation,1
701742,27,77767.44,8044.42,712,3.6,2,0,Own,Other,0
701743,60,78801.55,9010.83,657,0.0,3,1,Rent,Other,0
701744,53,60583.92,44690.88,577,11.2,3,0,Rent,Auto,1
701745,22,82676.38,26096.7,734,5.3,1,1,Rent,Debt_Consolidation,0
701746,49,58873.18,30883.31,457,7.4,2,3,Own,Debt_Consolidation,1
701747,59,46431.53,19388.84,531,8.2,0,3,Rent,Other,1
701748,64,32571.62,9327.93,617,13.1,1,3,Rent,Debt_Consolidation,1
701749,26,76395.73,27039.12,476,8.2,1,0,Mortgage,Debt_Consolidation,1
701750,35,77507.77,30470.81,642,3.6,1,1,Mortgage,Debt_Consolidation,0
701751,47,88130.3,13854.05,604,4.0,1,0,Mortgage,Other,0
701752,60,39286.88,13023.48,627,7.3,0,2,Rent,Auto,1
701753,34,51545.11,21125.78,652,3.2,0,1,Mortgage,Debt_Consolidation,1
701754,30,26277.05,14756.18,693,13.8,2,3,Mortgage,Auto,0
701755,57,85407.91,1020.36,660,4.0,3,2,Mortgage,Debt_Consolidation,0
701756,63,75078.14,22261.41,653,2.6,1,0,Mortgage,Debt_Consolidation,0
701757,22,70457.96,23460.96,472,6.1,3,2,Own,Debt_Consolidation,0
701758,65,57938.74,1000.0,619,9.3,4,3,Rent,Other,0
701759,50,54845.98,32944.54,560,10.9,3,3,Own,Debt_Consolidation,1
701760,23,49717.41,4575.01,581,0.4,0,1,Own,Other,0
701761,41,84239.3,3465.37,412,10.8,3,1,Own,Debt_Consolidation,1
701762,35,43404.05,6566.33,542,11.5,4,3,Mortgage,Home_Improvement,0
701763,40,79470.26,15100.84,609,7.0,0,2,Own,Auto,0
701764,65,65217.56,14439.02,760,8.7,4,0,Rent,Debt_Consolidation,0
701765,55,34588.68,1000.0,533,9.9,2,0,Rent,Auto,0
701766,64,24136.81,16290.02,483,0.0,4,1,Own,Other,1
701767,58,39895.23,19385.23,647,13.0,0,0,Mortgage,Debt_Consolidation,0
701768,51,57541.54,8387.58,803,9.2,0,0,Rent,Debt_Consolidation,0
701769,53,27813.82,1000.0,713,5.8,0,2,Rent,Debt_Consolidation,0
701770,27,73306.71,4009.18,615,8.9,2,2,Rent,Debt_Consolidation,0
701771,27,85421.65,8185.54,676,11.2,2,2,Rent,Debt_Consolidation,0
701772,21,71344.52,22262.87,575,9.8,3,3,Mortgage,Debt_Consolidation,0
701773,53,18339.49,10342.13,667,5.7,4,2,Own,Other,0
701774,32,14000.0,19378.76,618,6.9,4,0,Own,Other,1
701775,40,79073.13,42775.34,828,3.8,4,2,Rent,Debt_Consolidation,0
701776,63,93810.99,15075.14,568,13.8,4,3,Rent,Medical,0
701777,64,48995.31,13136.28,690,2.3,4,3,Mortgage,Auto,0
701778,57,70859.13,23886.87,682,10.5,4,0,Rent,Debt_Consolidation,1
701779,22,52060.64,27340.04,634,4.6,2,2,Rent,Home_Improvement,1
701780,40,43323.15,28277.97,663,1.0,0,2,Mortgage,Auto,0
701781,64,82046.67,15526.79,850,5.7,2,1,Rent,Auto,0
701782,55,45396.81,2781.9,523,7.0,3,0,Mortgage,Home_Improvement,0
701783,23,78669.72,1000.0,667,12.2,2,2,Own,Debt_Consolidation,0
701784,61,99360.98,6508.86,732,13.7,0,2,Mortgage,Auto,0
701785,32,55573.82,11673.3,559,0.9,2,2,Mortgage,Other,0
701786,34,102958.44,3083.85,536,0.0,2,0,Mortgage,Debt_Consolidation,0
701787,24,27278.97,1000.0,492,9.4,1,3,Rent,Debt_Consolidation,0
701788,60,80300.04,11477.29,818,5.2,4,2,Rent,Other,0
701789,44,58692.88,10298.87,695,5.7,3,0,Own,Debt_Consolidation,0
701790,33,119496.43,9046.13,588,6.5,4,0,Own,Auto,0
701791,29,59474.7,32577.99,597,6.1,2,2,Rent,Home_Improvement,1
701792,35,39572.75,24037.44,619,11.3,2,3,Mortgage,Home_Improvement,0
701793,39,97156.39,1922.04,680,5.4,2,3,Rent,Home_Improvement,0
701794,23,22033.5,23804.46,568,8.8,1,3,Rent,Home_Improvement,1
701795,23,69019.34,13300.59,708,13.3,3,2,Mortgage,Home_Improvement,0
701796,28,40299.84,6777.65,711,6.5,0,2,Mortgage,Other,0
701797,51,91381.25,8909.84,776,8.0,1,2,Own,Home_Improvement,0
701798,45,56013.28,41080.03,694,11.0,4,0,Mortgage,Debt_Consolidation,1
701799,65,78924.1,13444.74,715,1.5,4,0,Mortgage,Auto,0
701800,22,57550.23,5758.78,690,9.0,4,3,Rent,Auto,0
701801,22,32186.22,12933.81,754,4.2,3,1,Own,Medical,0
701802,45,14000.0,21901.74,702,0.0,1,2,Mortgage,Other,1
701803,24,101069.99,15845.53,629,1.1,0,1,Mortgage,Auto,0
701804,28,64009.11,12427.89,597,11.9,4,0,Own,Auto,0
701805,62,30943.93,5220.69,598,4.4,0,2,Rent,Debt_Consolidation,1
701806,54,50961.49,7883.14,658,8.9,2,2,Rent,Home_Improvement,0
701807,44,82006.47,1000.0,575,11.9,3,1,Mortgage,Auto,0
701808,26,22854.88,14662.85,644,11.5,2,3,Rent,Auto,1
701809,49,112574.56,19464.56,580,0.0,0,2,Rent,Debt_Consolidation,0
701810,30,52455.88,19027.25,654,7.8,4,1,Mortgage,Debt_Consolidation,0
701811,62,49627.38,13926.44,642,7.9,1,0,Mortgage,Home_Improvement,1
701812,33,89072.08,27778.75,671,11.5,4,2,Mortgage,Home_Improvement,0
701813,22,63389.16,18765.69,754,11.5,2,0,Mortgage,Other,0
701814,47,34433.87,20580.68,655,0.0,1,3,Mortgage,Auto,1
701815,35,80256.81,4133.38,492,3.9,1,1,Own,Debt_Consolidation,0
701816,57,69104.29,11066.24,709,0.0,4,2,Own,Home_Improvement,0
701817,38,85239.99,10325.63,661,11.8,2,0,Rent,Home_Improvement,0
701818,54,36290.35,25485.74,671,14.9,1,1,Rent,Home_Improvement,0
701819,52,31384.58,13633.25,642,3.9,0,0,Mortgage,Medical,0
701820,54,73247.75,13272.42,586,9.7,0,1,Rent,Medical,0
701821,48,47866.97,12619.8,525,1.1,4,2,Own,Home_Improvement,0
701822,51,14000.0,30160.42,692,0.0,4,0,Mortgage,Medical,1
701823,55,44221.57,9558.16,721,16.2,3,0,Mortgage,Other,0
701824,45,73213.89,7407.38,495,5.6,3,2,Mortgage,Debt_Consolidation,0
701825,50,40841.77,17404.22,598,17.0,3,1,Mortgage,Auto,1
701826,36,88768.75,14362.41,472,15.9,2,3,Rent,Debt_Consolidation,0
701827,57,46118.61,28839.36,494,3.6,0,1,Rent,Other,1
701828,29,55827.81,26620.5,732,9.1,0,2,Own,Home_Improvement,0
701829,22,19277.06,18393.05,635,3.5,2,2,Own,Home_Improvement,1
701830,59,38972.63,13881.6,781,11.3,1,0,Rent,Home_Improvement,0
701831,58,53601.46,15718.45,509,8.5,1,3,Rent,Home_Improvement,0
701832,39,71905.25,28954.45,661,7.2,4,3,Own,Auto,1
701833,46,62542.48,19728.06,737,8.7,4,0,Own,Debt_Consolidation,0
701834,50,83468.53,21895.61,731,7.6,4,2,Mortgage,Home_Improvement,0
701835,26,14000.0,1000.0,825,16.1,0,0,Rent,Home_Improvement,0
701836,24,58614.93,4091.32,688,4.2,1,1,Own,Debt_Consolidation,0
701837,44,54540.04,13810.18,690,3.2,4,3,Rent,Other,0
701838,37,33005.06,21707.94,688,10.1,2,2,Mortgage,Auto,1
701839,39,56998.31,21868.32,713,1.2,0,0,Rent,Debt_Consolidation,0
701840,25,40154.89,16429.66,677,8.6,4,1,Rent,Home_Improvement,0
701841,29,68256.08,1000.0,649,8.3,1,2,Mortgage,Debt_Consolidation,0
701842,36,49710.81,16331.09,633,9.5,4,2,Mortgage,Home_Improvement,1
701843,61,70117.14,7264.33,711,14.1,3,1,Mortgage,Debt_Consolidation,0
701844,53,36197.51,1000.0,608,4.8,3,1,Rent,Home_Improvement,0
701845,65,88406.39,6098.86,573,4.0,3,2,Own,Auto,1
701846,36,67527.98,10972.86,736,6.5,0,1,Mortgage,Debt_Consolidation,0
701847,45,100739.18,16878.72,626,13.2,1,0,Rent,Auto,0
701848,51,54774.85,22684.07,620,8.1,2,3,Mortgage,Debt_Consolidation,1
701849,44,45973.04,16841.81,678,5.9,2,0,Mortgage,Other,0
701850,26,61256.29,15090.36,605,3.7,0,2,Rent,Debt_Consolidation,1
701851,50,46801.25,10004.48,566,8.3,1,1,Rent,Auto,0
701852,38,33059.05,14895.72,734,8.3,4,1,Mortgage,Other,0
701853,49,58361.5,4012.51,755,9.3,1,1,Rent,Debt_Consolidation,0
701854,39,56427.85,22229.93,566,10.9,3,3,Rent,Debt_Consolidation,1
701855,51,42398.11,15257.58,631,0.0,1,1,Rent,Debt_Consolidation,0
701856,43,48782.3,25552.53,696,10.5,4,3,Own,Auto,1
701857,26,34635.03,20869.02,761,15.2,4,2,Own,Auto,0
701858,31,61467.66,11529.19,719,9.4,4,3,Rent,Home_Improvement,0
701859,43,25740.69,14416.64,719,3.5,4,1,Mortgage,Other,0
701860,52,98724.45,14998.4,614,12.5,2,2,Mortgage,Auto,0
701861,30,58740.98,15782.69,671,0.0,1,0,Rent,Home_Improvement,0
701862,60,80666.35,1000.0,746,11.1,0,3,Mortgage,Debt_Consolidation,0
701863,33,29132.09,6036.47,550,13.3,3,3,Mortgage,Home_Improvement,0
701864,57,66274.99,34690.2,733,4.5,1,2,Mortgage,Debt_Consolidation,0
701865,64,54806.58,16485.6,672,5.4,1,2,Own,Medical,0
701866,22,81612.12,29692.61,597,10.1,4,1,Rent,Debt_Consolidation,1
701867,65,78964.29,10252.15,706,1.2,0,1,Rent,Debt_Consolidation,0
701868,42,18637.69,1000.0,693,10.9,2,0,Mortgage,Other,0
701869,38,85623.27,12537.14,598,2.4,0,1,Mortgage,Debt_Consolidation,0
701870,36,22118.41,11981.33,635,13.4,4,0,Mortgage,Debt_Consolidation,0
701871,65,90224.76,7790.91,579,0.0,2,1,Mortgage,Home_Improvement,0
701872,46,56733.28,27469.1,631,6.7,3,1,Mortgage,Medical,1
701873,38,29237.5,29894.94,552,7.8,4,1,Rent,Auto,1
701874,24,74986.84,8776.98,521,11.3,2,3,Mortgage,Medical,0
701875,44,58937.99,35126.07,727,11.1,2,0,Rent,Medical,0
701876,53,34160.7,24837.58,510,8.4,2,3,Mortgage,Auto,1
701877,59,40225.56,3998.34,526,2.0,1,0,Rent,Home_Improvement,0
701878,39,69496.8,26057.14,561,10.7,4,3,Mortgage,Auto,1
701879,38,25029.47,19484.95,841,3.4,4,0,Rent,Auto,0
701880,63,37268.24,15956.41,517,9.3,4,2,Mortgage,Auto,1
701881,29,102594.32,1000.0,611,0.5,0,1,Rent,Other,0
701882,21,39523.43,20128.7,587,5.7,1,1,Mortgage,Medical,1
701883,39,66921.43,8145.03,722,11.3,4,2,Own,Auto,0
701884,39,68773.5,33566.03,583,14.7,2,0,Rent,Other,1
701885,21,81142.94,5333.03,763,6.7,2,0,Mortgage,Auto,0
701886,42,79189.68,1000.0,649,3.1,4,2,Own,Other,0
701887,40,14000.0,20204.96,771,6.8,2,2,Own,Other,1
701888,58,46334.38,4076.46,680,9.2,4,3,Mortgage,Other,0
701889,22,86536.39,30521.58,647,17.4,4,1,Own,Home_Improvement,0
701890,55,38967.03,6673.78,538,6.7,1,0,Own,Auto,0
701891,22,101927.95,22957.09,597,0.0,0,2,Rent,Medical,0
701892,29,64023.89,5873.46,636,4.4,0,3,Mortgage,Debt_Consolidation,0
701893,62,28608.71,10617.67,623,3.8,0,3,Own,Auto,0
701894,34,71670.63,17240.47,703,0.9,1,2,Mortgage,Debt_Consolidation,0
701895,49,104938.89,8807.72,647,15.8,1,0,Mortgage,Medical,0
701896,54,41871.51,22694.24,725,7.4,3,0,Mortgage,Auto,0
701897,39,71516.38,8859.14,636,13.6,1,0,Rent,Auto,0
701898,39,36734.36,29961.02,624,14.2,1,2,Mortgage,Debt_Consolidation,1
701899,40,43949.37,24715.33,730,4.9,3,0,Own,Home_Improvement,0
701900,32,60822.9,1000.0,678,8.6,1,0,Mortgage,Auto,0
701901,43,70453.79,35822.57,725,9.9,2,2,Rent,Home_Improvement,0
701902,62,66583.77,19093.73,687,7.9,1,0,Own,Debt_Consolidation,0
701903,31,63173.44,7609.83,604,4.8,2,3,Mortgage,Auto,0
701904,58,116188.66,18770.64,671,8.8,3,1,Rent,Debt_Consolidation,1
701905,40,31937.04,17113.81,690,8.3,0,2,Mortgage,Debt_Consolidation,0
701906,36,14000.0,24048.67,662,10.0,2,3,Mortgage,Auto,1
701907,57,71614.18,24487.1,784,0.0,0,3,Own,Debt_Consolidation,0
701908,45,62629.11,27864.14,466,10.4,0,1,Mortgage,Medical,1
701909,49,23420.29,3413.12,673,13.0,2,0,Mortgage,Debt_Consolidation,0
701910,62,99749.09,18642.02,662,5.2,3,2,Own,Auto,0
701911,65,41167.6,9769.63,738,8.2,2,2,Rent,Other,0
701912,30,24052.31,1000.0,607,18.0,4,0,Rent,Home_Improvement,0
701913,48,68296.13,8007.59,674,13.1,1,2,Rent,Home_Improvement,0
701914,61,73617.96,5384.54,589,0.0,4,1,Mortgage,Debt_Consolidation,0
701915,24,115043.24,19719.6,516,12.2,2,2,Mortgage,Debt_Consolidation,0
701916,60,21022.86,12916.59,560,15.7,1,0,Mortgage,Auto,1
701917,33,27318.37,19470.55,770,9.8,3,3,Mortgage,Auto,1
701918,53,51491.63,15047.89,524,10.3,2,0,Mortgage,Medical,0
701919,30,47535.0,17236.59,684,7.1,0,1,Mortgage,Other,0
701920,51,56344.47,20677.44,519,8.7,4,1,Rent,Other,1
701921,50,40982.39,7890.74,717,5.4,3,1,Own,Debt_Consolidation,0
701922,51,20447.6,14362.54,704,12.6,3,3,Rent,Home_Improvement,1
701923,25,47310.83,14236.09,660,14.7,0,0,Mortgage,Debt_Consolidation,0
701924,45,75277.73,10693.18,600,15.2,4,1,Rent,Auto,0
701925,34,77238.37,5907.05,649,13.3,0,3,Rent,Debt_Consolidation,0
701926,47,42248.71,18710.25,678,6.0,4,1,Rent,Other,0
701927,64,71161.76,22175.67,617,4.9,4,2,Mortgage,Home_Improvement,1
701928,29,68154.1,34368.97,462,6.6,2,3,Own,Auto,1
701929,47,46211.25,17925.9,712,9.1,0,0,Own,Auto,0
701930,46,49662.82,18468.62,653,7.7,3,2,Rent,Auto,1
701931,27,59274.49,4985.29,637,9.4,3,3,Rent,Auto,0
701932,51,125864.67,15287.45,607,1.9,1,0,Rent,Other,0
701933,49,62159.65,28467.07,339,10.2,3,3,Mortgage,Medical,1
701934,42,36648.48,35890.54,634,3.6,0,2,Own,Other,1
701935,56,54307.28,21002.39,613,6.6,0,1,Mortgage,Medical,0
701936,51,44683.01,32602.24,693,9.0,4,1,Rent,Debt_Consolidation,0
701937,31,85767.53,32941.5,671,11.5,1,3,Mortgage,Debt_Consolidation,0
701938,41,14000.0,37359.11,580,6.3,4,2,Own,Debt_Consolidation,1
701939,29,31679.09,23909.45,695,8.5,3,3,Rent,Debt_Consolidation,1
701940,57,78310.0,10295.03,631,12.2,0,3,Rent,Medical,0
701941,49,68340.43,18105.78,668,9.0,2,3,Mortgage,Other,0
701942,53,58901.1,28562.8,635,2.7,1,3,Mortgage,Medical,0
701943,44,75659.0,10761.52,700,12.7,1,3,Own,Medical,0
701944,25,26026.3,16040.59,707,0.0,3,1,Mortgage,Home_Improvement,0
701945,26,67067.32,8008.9,692,4.8,3,1,Mortgage,Home_Improvement,0
701946,55,30583.26,10683.48,790,14.3,2,0,Own,Debt_Consolidation,1
701947,48,27104.63,1917.04,751,14.7,3,2,Mortgage,Auto,0
701948,33,70318.73,27895.21,695,1.4,2,0,Mortgage,Auto,1
701949,48,38888.63,9538.08,610,9.1,3,2,Mortgage,Debt_Consolidation,1
701950,24,49564.52,17253.27,626,0.0,4,0,Rent,Auto,1
701951,37,73411.93,21324.96,659,18.7,0,0,Rent,Other,0
701952,26,32909.39,13193.51,658,4.9,3,2,Own,Other,1
701953,42,73037.96,5279.95,579,2.4,1,1,Mortgage,Debt_Consolidation,0
701954,35,112745.98,10062.69,554,3.8,2,0,Rent,Auto,0
701955,59,53443.03,5488.76,694,8.6,3,0,Rent,Other,0
701956,44,81570.3,17170.61,657,1.1,1,3,Mortgage,Auto,0
701957,65,77015.17,9812.74,663,13.6,1,2,Mortgage,Debt_Consolidation,0
701958,35,27571.68,27169.55,496,10.6,3,0,Rent,Debt_Consolidation,1
701959,59,25147.06,12411.0,499,2.8,0,3,Mortgage,Debt_Consolidation,1
701960,30,58409.63,21157.43,675,15.3,1,1,Mortgage,Debt_Consolidation,0
701961,52,14000.0,6622.28,741,4.6,0,0,Own,Home_Improvement,0
701962,55,59384.13,1000.0,744,3.0,3,2,Rent,Debt_Consolidation,0
701963,63,64615.43,12450.74,696,2.6,2,2,Own,Debt_Consolidation,0
701964,37,69724.22,25405.79,719,12.2,1,3,Rent,Auto,0
701965,54,69272.54,25621.84,519,9.4,1,2,Rent,Other,0
701966,60,90739.34,27794.25,732,6.0,3,2,Rent,Home_Improvement,0
701967,39,50311.73,11721.54,697,6.7,4,2,Rent,Debt_Consolidation,0
701968,32,91185.7,12226.28,445,4.3,2,1,Mortgage,Home_Improvement,0
701969,46,71307.79,17062.89,766,13.7,0,0,Mortgage,Debt_Consolidation,0
701970,52,71258.48,12413.43,762,9.5,1,1,Rent,Debt_Consolidation,0
701971,26,54693.1,21195.19,616,2.3,2,2,Rent,Debt_Consolidation,0
701972,37,81695.59,24138.85,542,9.7,4,0,Mortgage,Other,0
701973,47,40219.38,25197.07,772,11.0,3,3,Own,Home_Improvement,0
701974,59,76126.71,7820.46,659,10.3,4,2,Rent,Debt_Consolidation,0
701975,35,85636.33,30437.09,540,9.2,2,2,Own,Auto,1
701976,50,42270.62,1000.0,586,10.2,3,1,Rent,Home_Improvement,0
701977,54,35404.96,12386.62,700,1.8,4,2,Mortgage,Debt_Consolidation,1
701978,51,40134.32,10213.95,608,3.1,0,2,Mortgage,Home_Improvement,0
701979,29,57546.05,15173.97,799,4.7,0,2,Mortgage,Other,0
701980,25,67352.73,12802.72,583,8.7,2,0,Rent,Other,0
701981,28,79819.33,26779.98,724,16.0,2,1,Mortgage,Medical,0
701982,54,104591.82,7856.41,756,3.7,0,2,Rent,Auto,0
701983,44,97986.15,22865.86,668,14.2,4,1,Rent,Debt_Consolidation,0
701984,36,65211.21,4213.06,706,8.0,0,3,Mortgage,Home_Improvement,0
701985,22,49140.95,15226.88,592,1.7,2,3,Mortgage,Home_Improvement,0
701986,54,29271.07,19208.23,771,15.3,0,0,Mortgage,Auto,0
701987,40,78591.06,25225.76,662,4.9,4,3,Own,Home_Improvement,0
701988,59,71146.26,3824.25,596,9.3,2,2,Mortgage,Debt_Consolidation,0
701989,43,51774.74,1000.0,655,0.7,4,2,Own,Other,0
701990,26,54556.9,32508.83,760,5.4,1,0,Rent,Medical,0
701991,57,55719.94,6259.51,637,7.0,2,0,Rent,Other,0
701992,21,14000.0,12635.91,515,6.8,1,3,Mortgage,Auto,1
701993,38,57194.89,13828.5,563,10.1,2,2,Rent,Debt_Consolidation,0
701994,55,66488.43,29515.79,764,4.1,3,3,Mortgage,Debt_Consolidation,0
701995,41,55553.28,22791.68,641,10.4,0,0,Rent,Home_Improvement,0
701996,64,32723.73,27585.75,567,0.3,2,1,Own,Other,1
701997,47,59684.96,28858.64,674,10.1,4,0,Mortgage,Debt_Consolidation,0
701998,61,70210.61,20653.3,690,9.5,1,3,Rent,Medical,0
701999,59,102307.93,13433.23,702,10.7,2,3,Rent,Other,0
702000,40,84307.64,29082.06,607,9.4,1,2,Own,Other,0
702001,59,72976.72,25695.59,662,11.1,0,1,Rent,Medical,0
702002,58,57306.89,18815.33,667,4.3,2,0,Mortgage,Debt_Consolidation,0
702003,33,26048.51,1000.0,663,3.7,1,0,Mortgage,Medical,0
702004,22,47159.12,9816.71,671,5.1,4,3,Own,Debt_Consolidation,1
702005,55,25339.99,20135.89,656,0.1,2,1,Own,Debt_Consolidation,1
702006,23,56066.0,10992.44,658,14.2,4,2,Rent,Auto,0
702007,62,84470.8,25192.98,530,1.1,0,1,Own,Home_Improvement,1
702008,47,84037.91,42255.25,565,10.6,4,3,Own,Other,1
702009,49,80578.84,16847.57,761,0.0,2,3,Mortgage,Home_Improvement,0
702010,44,59086.55,19505.46,646,0.0,3,1,Rent,Auto,1
702011,64,82674.12,24529.1,600,4.0,3,2,Mortgage,Auto,0
702012,58,51966.06,33684.07,733,8.3,0,2,Own,Debt_Consolidation,1
702013,51,14000.0,1000.0,850,11.1,2,0,Rent,Auto,0
702014,31,61918.14,10917.92,850,7.2,1,3,Mortgage,Home_Improvement,0
702015,47,59499.31,30089.18,653,0.0,2,2,Mortgage,Debt_Consolidation,1
702016,41,16220.27,15493.51,681,6.9,4,2,Rent,Debt_Consolidation,1
702017,53,45688.31,1000.0,575,8.8,0,3,Mortgage,Debt_Consolidation,0
702018,65,14000.0,21221.29,734,5.7,1,0,Rent,Debt_Consolidation,1
702019,30,46984.58,2670.37,751,9.7,0,2,Rent,Auto,0
702020,34,87986.3,25080.48,612,5.2,0,1,Mortgage,Home_Improvement,0
702021,65,42868.78,25736.53,526,2.8,2,2,Mortgage,Auto,1
702022,39,90499.27,12147.23,577,10.0,0,3,Own,Debt_Consolidation,0
702023,60,64099.34,4249.29,674,6.9,4,1,Own,Home_Improvement,0
702024,48,40552.58,21075.53,518,2.9,2,0,Own,Debt_Consolidation,1
702025,31,15389.6,12371.41,740,11.6,4,2,Rent,Home_Improvement,1
702026,65,76807.48,13016.38,648,17.7,1,0,Rent,Medical,0
702027,57,74740.84,9995.95,598,2.8,3,1,Mortgage,Medical,0
702028,29,22423.45,11015.51,652,0.0,4,3,Own,Auto,1
702029,47,48290.05,6161.13,575,4.6,1,0,Mortgage,Debt_Consolidation,0
702030,52,85464.53,24323.1,721,10.0,1,3,Mortgage,Other,0
702031,47,40399.18,27376.27,632,1.7,1,0,Rent,Auto,1
702032,39,68154.94,7373.73,707,9.4,0,0,Own,Debt_Consolidation,0
702033,35,14000.0,3078.86,795,8.9,2,3,Mortgage,Auto,0
702034,39,36116.95,23544.09,630,14.1,4,0,Rent,Medical,1
702035,55,76191.17,28890.99,664,7.9,4,0,Rent,Debt_Consolidation,1
702036,32,29775.29,21429.88,440,0.0,3,3,Mortgage,Debt_Consolidation,1
702037,59,23492.43,27464.53,715,9.9,4,0,Mortgage,Home_Improvement,1
702038,41,24691.27,23948.46,693,0.0,4,2,Own,Auto,1
702039,29,49345.74,16708.88,694,2.9,1,1,Mortgage,Medical,1
702040,46,20210.71,13359.85,601,8.2,2,2,Mortgage,Debt_Consolidation,1
702041,29,55794.97,8334.74,601,5.7,2,3,Own,Auto,0
702042,38,72103.91,15072.23,426,4.8,0,3,Own,Home_Improvement,1
702043,27,95782.42,1000.0,655,7.5,3,3,Mortgage,Debt_Consolidation,0
702044,43,48800.43,30688.62,587,3.0,0,0,Own,Home_Improvement,1
702045,25,97777.75,4718.5,663,8.0,2,2,Mortgage,Other,0
702046,49,72170.61,18643.13,664,8.8,1,3,Rent,Debt_Consolidation,0
702047,59,53145.78,19624.55,671,10.9,0,0,Own,Debt_Consolidation,0
702048,59,71163.24,15058.61,552,5.8,1,3,Mortgage,Medical,0
702049,27,95463.9,15559.64,719,0.0,1,0,Own,Debt_Consolidation,0
702050,46,94894.02,8034.4,692,13.7,0,1,Rent,Debt_Consolidation,0
702051,40,76903.17,11766.05,604,6.6,2,1,Mortgage,Debt_Consolidation,0
702052,38,56298.65,23467.06,532,0.6,0,0,Mortgage,Medical,1
702053,42,78778.69,22901.94,602,8.9,2,0,Rent,Debt_Consolidation,0
702054,64,63796.13,2580.81,511,7.1,1,0,Own,Debt_Consolidation,0
702055,34,62635.73,15242.21,659,7.4,3,3,Mortgage,Debt_Consolidation,0
702056,28,64856.59,1000.0,603,1.9,0,0,Mortgage,Medical,0
702057,56,102658.37,15014.05,800,2.9,1,1,Own,Other,0
702058,23,29406.96,16571.14,736,2.1,1,2,Mortgage,Debt_Consolidation,0
702059,42,56679.88,2264.55,589,9.6,3,3,Mortgage,Auto,0
702060,61,31998.47,30235.45,604,2.0,3,2,Mortgage,Other,1
702061,43,79584.12,2180.31,615,2.6,4,1,Rent,Auto,0
702062,32,85590.82,28022.26,569,3.5,3,3,Rent,Debt_Consolidation,1
702063,34,91479.88,1000.0,728,8.1,0,0,Rent,Other,0
702064,27,49942.38,23018.22,609,3.3,0,0,Mortgage,Home_Improvement,0
702065,57,59872.09,1000.0,434,9.5,1,3,Rent,Home_Improvement,0
702066,38,77281.98,10654.23,608,6.7,1,0,Own,Debt_Consolidation,0
702067,36,63052.0,2618.89,419,3.7,4,3,Mortgage,Debt_Consolidation,0
702068,36,65722.61,18728.78,637,3.7,0,3,Own,Other,0
702069,53,63431.45,7425.06,705,5.0,2,0,Mortgage,Auto,0
702070,36,65249.69,13475.77,607,3.4,2,0,Own,Home_Improvement,0
702071,53,55861.52,17872.06,494,10.6,4,3,Rent,Medical,0
702072,59,69371.42,5577.25,613,21.8,4,3,Rent,Debt_Consolidation,0
702073,59,23124.55,9537.86,728,7.9,0,1,Rent,Auto,0
702074,34,48467.0,17963.39,639,5.0,4,3,Mortgage,Debt_Consolidation,1
702075,53,26375.46,5926.64,490,17.6,1,1,Own,Other,0
702076,26,56538.4,19387.27,542,12.0,2,1,Own,Medical,0
702077,33,40905.72,1000.0,645,5.1,4,3,Mortgage,Medical,0
702078,30,71716.05,35786.3,640,3.5,2,0,Rent,Other,1
702079,47,89284.95,26483.67,673,6.7,2,3,Own,Auto,0
702080,63,28552.19,1000.0,578,1.2,3,1,Mortgage,Home_Improvement,0
702081,52,39758.81,7375.77,355,0.0,4,2,Own,Home_Improvement,1
702082,40,66709.49,11811.33,620,12.4,3,1,Own,Auto,0
702083,31,93728.56,20985.8,766,5.3,4,3,Rent,Home_Improvement,0
702084,37,77506.33,22833.19,724,11.9,3,1,Mortgage,Debt_Consolidation,0
702085,63,69478.13,26049.24,485,0.0,4,3,Mortgage,Debt_Consolidation,1
702086,55,57309.2,27035.07,582,7.3,4,2,Rent,Debt_Consolidation,1
702087,35,47981.83,4181.38,573,16.4,4,0,Own,Home_Improvement,0
702088,63,68067.91,17005.42,785,12.8,1,0,Mortgage,Other,0
702089,37,70890.09,13749.97,669,13.2,4,1,Rent,Debt_Consolidation,0
702090,43,62620.31,21402.74,492,13.2,2,2,Mortgage,Home_Improvement,1
702091,40,44590.01,13833.27,579,6.2,0,1,Mortgage,Auto,0
702092,57,19756.96,1000.0,773,15.8,2,2,Own,Home_Improvement,0
702093,64,38072.38,10497.92,702,5.7,2,1,Rent,Auto,0
702094,32,49581.34,40278.14,640,11.5,1,1,Rent,Home_Improvement,1
702095,43,30503.13,15552.13,499,2.3,1,3,Mortgage,Home_Improvement,1
702096,36,66562.56,27424.11,491,0.0,3,1,Mortgage,Home_Improvement,1
702097,27,24152.9,14712.38,850,7.4,3,1,Mortgage,Other,0
702098,46,51275.64,12566.81,610,6.7,1,0,Rent,Auto,0
702099,60,67177.93,15606.99,538,8.4,4,1,Mortgage,Debt_Consolidation,0
702100,31,78431.25,13173.45,607,5.5,3,1,Own,Auto,0
702101,21,64561.54,23988.86,850,5.6,1,2,Rent,Debt_Consolidation,0
702102,33,87954.69,10888.85,788,0.0,1,0,Rent,Other,0
702103,39,44269.68,1000.0,710,12.4,3,0,Mortgage,Auto,0
702104,29,39854.45,24181.44,603,15.9,1,0,Mortgage,Home_Improvement,1
702105,57,85081.77,20728.75,730,5.6,4,3,Rent,Medical,0
702106,32,37330.3,11257.95,779,0.0,1,1,Rent,Home_Improvement,0
702107,43,54868.23,13909.6,643,4.5,4,2,Own,Auto,0
702108,58,16630.87,23009.7,608,12.2,0,3,Mortgage,Auto,1
702109,57,85860.64,19205.85,661,6.8,3,3,Mortgage,Home_Improvement,0
702110,56,76032.55,5580.14,689,0.0,2,0,Mortgage,Auto,0
702111,65,40420.19,29028.72,597,7.5,2,1,Rent,Medical,1
702112,26,16277.03,40953.16,452,2.8,1,0,Mortgage,Home_Improvement,1
702113,50,64759.38,15604.44,805,7.6,0,2,Mortgage,Home_Improvement,0
702114,36,65215.43,5458.99,711,6.4,0,3,Mortgage,Auto,0
702115,42,86885.42,26097.31,579,4.6,2,1,Rent,Home_Improvement,0
702116,53,103534.4,29414.99,675,10.6,0,2,Mortgage,Debt_Consolidation,0
702117,26,64302.97,6567.59,726,5.2,2,3,Mortgage,Medical,0
702118,59,53315.57,1000.0,746,0.4,4,3,Rent,Debt_Consolidation,0
702119,31,52847.94,1960.17,617,4.7,4,3,Rent,Other,0
702120,46,51293.87,10460.54,608,14.4,1,3,Mortgage,Debt_Consolidation,0
702121,45,25408.52,4399.88,626,5.7,3,3,Mortgage,Auto,0
702122,53,36820.11,10710.98,691,3.7,0,1,Rent,Home_Improvement,0
702123,56,56435.02,10776.06,435,0.0,4,0,Mortgage,Home_Improvement,0
702124,31,18707.64,1000.0,808,2.8,1,2,Own,Home_Improvement,0
702125,36,26711.15,18264.88,623,4.0,0,1,Mortgage,Home_Improvement,1
702126,56,88078.89,28837.61,647,9.5,0,2,Mortgage,Debt_Consolidation,1
702127,58,42236.99,1000.0,582,0.2,1,1,Own,Other,0
702128,57,77932.6,12320.46,581,9.0,4,2,Mortgage,Other,0
702129,53,85137.07,10094.76,665,12.5,3,2,Rent,Debt_Consolidation,0
702130,39,58766.47,6941.2,624,1.9,0,1,Mortgage,Medical,0
702131,56,78648.75,15192.91,648,6.6,0,3,Rent,Debt_Consolidation,0
702132,31,54192.53,3891.22,581,15.4,2,2,Own,Medical,0
702133,54,37386.48,22510.35,738,8.6,4,3,Mortgage,Debt_Consolidation,0
702134,22,55932.58,10898.11,595,2.7,2,0,Mortgage,Other,0
702135,53,60261.77,4009.73,684,5.4,0,0,Own,Medical,0
702136,49,61527.52,18406.9,556,18.7,2,0,Own,Home_Improvement,0
702137,44,60334.37,15170.08,707,4.7,1,3,Own,Auto,0
702138,49,49028.0,28435.04,702,0.0,1,3,Rent,Home_Improvement,1
702139,48,84307.91,15753.19,705,4.8,2,2,Mortgage,Debt_Consolidation,0
702140,21,53821.98,10372.77,578,4.5,3,0,Own,Debt_Consolidation,1
702141,51,48594.87,33193.42,647,3.9,1,0,Rent,Home_Improvement,0
702142,44,81082.07,16279.47,680,8.7,4,0,Rent,Auto,0
702143,22,34511.49,17754.29,769,14.0,1,0,Rent,Debt_Consolidation,0
702144,63,58576.57,28724.71,636,15.1,2,3,Own,Medical,0
702145,22,94333.8,8563.7,689,15.6,0,0,Rent,Auto,0
702146,22,60268.29,13125.52,648,9.3,1,1,Rent,Auto,1
702147,28,93059.95,6398.45,561,4.5,2,3,Mortgage,Auto,0
702148,27,52562.0,33544.82,518,4.0,4,3,Mortgage,Other,1
702149,32,46489.43,5429.97,527,0.9,0,0,Rent,Auto,0
702150,23,54914.1,2876.35,723,12.2,2,0,Mortgage,Other,0
702151,48,45322.3,2595.21,453,4.1,0,2,Own,Debt_Consolidation,0
702152,40,50219.56,32122.06,619,10.7,0,2,Own,Auto,0
702153,52,48260.38,24720.04,527,9.1,3,0,Mortgage,Home_Improvement,1
702154,38,78217.36,7011.76,644,13.1,3,1,Mortgage,Home_Improvement,0
702155,54,68536.63,6594.93,615,6.5,2,0,Own,Debt_Consolidation,0
702156,60,53848.13,37285.12,744,9.7,3,0,Rent,Auto,0
702157,37,40844.63,7799.61,669,12.8,0,0,Mortgage,Auto,0
702158,23,136320.43,14512.27,564,19.4,2,1,Own,Debt_Consolidation,0
702159,54,54105.17,7007.0,712,9.0,2,3,Own,Auto,0
702160,30,92775.5,39066.07,603,10.2,0,1,Rent,Debt_Consolidation,0
702161,25,30536.29,6999.77,702,7.9,3,3,Own,Home_Improvement,0
702162,63,41121.95,1000.0,596,0.7,3,1,Mortgage,Home_Improvement,0
702163,63,88544.43,15995.94,466,11.5,2,3,Own,Home_Improvement,0
702164,21,32471.89,17069.01,705,12.6,3,2,Own,Medical,0
702165,65,33167.37,11107.24,616,2.4,0,1,Rent,Medical,1
702166,32,57598.42,6926.35,850,12.5,4,3,Own,Debt_Consolidation,0
702167,58,41361.03,1000.0,662,0.0,4,1,Own,Auto,0
702168,38,51893.86,5176.34,519,7.9,0,0,Rent,Debt_Consolidation,0
702169,61,62670.72,33044.05,607,3.7,1,1,Rent,Debt_Consolidation,1
702170,21,79916.43,1000.0,785,9.0,0,2,Own,Medical,0
702171,49,63380.85,27149.28,633,1.2,1,2,Mortgage,Medical,0
702172,33,66058.1,37389.6,594,19.5,2,0,Own,Debt_Consolidation,1
702173,65,90902.97,27865.3,628,4.8,0,2,Own,Debt_Consolidation,0
702174,48,93079.2,18237.04,653,13.6,2,1,Own,Medical,0
702175,56,50469.14,27678.26,599,14.7,1,0,Rent,Home_Improvement,1
702176,48,14291.15,27418.91,547,5.0,3,0,Mortgage,Debt_Consolidation,1
702177,22,34683.47,1374.77,516,6.5,1,0,Mortgage,Auto,0
702178,48,84798.92,20619.72,735,11.9,1,1,Own,Debt_Consolidation,0
702179,38,47469.16,4999.2,850,5.6,3,2,Rent,Debt_Consolidation,0
702180,50,41945.97,1000.0,690,5.8,4,0,Own,Other,0
702181,28,48146.67,24830.43,774,0.1,2,1,Rent,Other,1
702182,48,97387.2,6970.49,711,3.6,3,0,Own,Other,0
702183,57,60422.62,17722.57,675,3.2,4,2,Rent,Debt_Consolidation,0
702184,22,49963.82,2021.85,520,9.4,2,1,Mortgage,Home_Improvement,0
702185,39,42171.15,25255.36,653,9.5,3,1,Rent,Debt_Consolidation,1
702186,50,32600.51,21056.95,672,2.2,2,3,Rent,Auto,1
702187,28,127050.34,11765.33,633,4.3,3,3,Rent,Home_Improvement,0
702188,47,58106.58,5762.33,614,5.2,3,2,Own,Auto,0
702189,25,62690.3,7699.21,656,7.7,3,0,Own,Auto,0
702190,30,51403.12,16490.66,649,4.9,3,2,Mortgage,Debt_Consolidation,0
702191,25,84805.82,8300.9,623,2.9,1,1,Mortgage,Debt_Consolidation,0
702192,39,34793.58,4601.9,605,9.8,0,1,Rent,Debt_Consolidation,1
702193,51,14000.0,20648.94,641,9.8,2,1,Mortgage,Auto,1
702194,31,45182.94,18376.72,676,6.5,2,3,Own,Auto,1
702195,60,67179.83,25088.14,678,3.5,3,1,Rent,Debt_Consolidation,1
702196,60,113606.36,23610.28,684,6.3,1,1,Rent,Medical,0
702197,52,57256.46,2854.95,745,8.8,1,2,Own,Other,0
702198,33,38317.83,15979.71,700,4.5,3,3,Rent,Home_Improvement,0
702199,58,53611.24,5903.44,757,2.4,3,1,Mortgage,Home_Improvement,0
702200,28,40255.89,1052.28,766,0.0,1,3,Mortgage,Debt_Consolidation,0
702201,28,40149.33,16127.52,579,8.2,2,2,Rent,Medical,1
702202,56,61286.78,12048.71,651,12.3,0,0,Mortgage,Other,0
702203,53,66225.28,19039.1,652,21.9,3,0,Rent,Home_Improvement,0
702204,55,43201.21,10574.94,666,7.7,3,0,Own,Auto,0
702205,39,85610.26,21629.19,583,8.0,2,3,Own,Medical,0
702206,59,57274.48,13215.12,845,7.5,0,0,Rent,Other,0
702207,34,61875.5,17447.38,480,3.3,0,3,Rent,Other,1
702208,51,46691.28,25475.77,597,0.0,1,0,Rent,Auto,1
702209,38,68031.07,32471.48,702,10.1,4,2,Rent,Debt_Consolidation,1
702210,39,69046.41,11286.35,501,6.9,1,0,Rent,Debt_Consolidation,0
702211,42,75149.91,1000.0,620,5.7,4,3,Rent,Home_Improvement,0
702212,42,39468.22,1000.0,661,13.4,4,0,Rent,Other,0
702213,49,74431.29,27376.38,584,18.4,3,3,Mortgage,Debt_Consolidation,0
702214,45,45455.03,32690.92,703,2.8,2,3,Mortgage,Medical,1
702215,59,61571.05,23733.16,492,10.0,4,2,Rent,Medical,1
702216,47,77202.62,30187.3,543,10.6,1,2,Mortgage,Debt_Consolidation,1
702217,65,95799.06,11680.77,806,14.7,0,1,Own,Debt_Consolidation,0
702218,63,48419.19,9834.24,661,3.5,4,2,Rent,Home_Improvement,0
702219,62,32486.62,28241.7,668,5.1,3,1,Rent,Debt_Consolidation,1
702220,32,62659.56,23073.3,478,4.1,4,1,Mortgage,Debt_Consolidation,1
702221,59,88785.35,20916.58,593,6.3,0,3,Rent,Home_Improvement,1
702222,55,51335.57,21652.89,695,13.7,0,3,Rent,Debt_Consolidation,0
702223,51,117955.03,15238.59,544,0.0,4,1,Mortgage,Home_Improvement,0
702224,21,14000.0,1000.0,570,0.0,0,3,Mortgage,Debt_Consolidation,0
702225,48,95618.72,26892.73,731,17.9,0,1,Rent,Home_Improvement,0
702226,29,87490.86,18152.47,546,5.3,0,0,Own,Debt_Consolidation,1
702227,30,86167.14,8260.04,650,2.2,2,1,Rent,Debt_Consolidation,0
702228,63,39271.19,10702.22,617,11.8,3,1,Rent,Debt_Consolidation,0
702229,45,92160.6,24230.9,533,8.2,0,0,Own,Medical,0
702230,32,87610.4,9012.97,650,4.9,1,3,Mortgage,Home_Improvement,0
702231,46,89540.66,4290.88,673,7.2,0,0,Mortgage,Auto,0
702232,43,53919.54,19510.9,468,10.0,0,2,Own,Debt_Consolidation,1
702233,33,53520.57,24131.28,740,6.1,3,3,Own,Other,1
702234,62,90679.17,24944.32,565,7.9,2,0,Rent,Debt_Consolidation,1
702235,58,67793.07,24044.86,576,6.3,0,0,Mortgage,Home_Improvement,1
702236,50,50657.64,18719.7,664,0.0,0,3,Mortgage,Auto,1
702237,58,39249.12,13883.06,712,10.8,2,3,Mortgage,Debt_Consolidation,1
702238,42,65761.38,1000.0,737,13.2,4,1,Own,Debt_Consolidation,0
702239,60,26635.06,14275.74,513,5.9,0,1,Mortgage,Auto,1
702240,52,73327.67,9628.51,644,8.1,0,1,Own,Debt_Consolidation,0
702241,49,63170.27,32192.42,727,9.6,3,0,Mortgage,Other,0
702242,65,21877.81,10746.85,591,2.6,1,1,Mortgage,Debt_Consolidation,1
702243,21,70348.85,18981.53,587,7.4,2,0,Mortgage,Debt_Consolidation,0
702244,63,88452.06,23770.71,643,2.2,2,2,Rent,Auto,0
702245,39,65394.55,4508.57,735,5.3,1,3,Mortgage,Other,0
702246,29,27261.2,4124.43,723,9.6,0,0,Mortgage,Medical,0
702247,24,44716.63,28442.44,682,0.0,2,2,Rent,Debt_Consolidation,1
702248,27,79587.73,27817.1,636,0.0,3,2,Mortgage,Home_Improvement,0
702249,32,27950.02,1000.0,553,0.0,1,0,Mortgage,Debt_Consolidation,0
702250,33,50301.77,16498.95,580,2.1,2,3,Mortgage,Medical,0
702251,52,86998.06,29190.35,494,10.9,3,3,Own,Other,0
702252,27,52448.15,7735.72,766,0.0,2,0,Mortgage,Auto,0
702253,28,45269.16,16147.69,687,7.0,2,1,Rent,Debt_Consolidation,1
702254,55,78792.27,16698.64,645,11.8,1,2,Rent,Auto,1
702255,31,98236.54,12122.11,628,9.3,4,1,Mortgage,Other,0
702256,58,68893.79,10414.61,681,14.7,2,0,Mortgage,Debt_Consolidation,0
702257,44,27180.09,1000.0,477,6.9,2,2,Own,Home_Improvement,0
702258,27,20309.07,4189.68,773,6.3,4,3,Mortgage,Auto,0
702259,34,53181.17,11925.53,710,7.1,2,0,Mortgage,Medical,0
702260,24,15592.05,17439.27,579,10.8,3,0,Rent,Home_Improvement,1
702261,45,57191.18,33171.93,635,3.7,0,2,Rent,Auto,0
702262,35,81220.87,40017.07,837,9.8,3,3,Own,Debt_Consolidation,0
702263,34,14000.0,29248.33,721,11.2,2,2,Own,Other,1
702264,51,54936.83,17383.28,782,8.7,4,0,Mortgage,Medical,0
702265,34,67061.21,4517.94,660,1.6,2,1,Rent,Home_Improvement,0
702266,55,46143.26,13539.75,574,12.0,4,2,Mortgage,Medical,0
702267,30,68694.46,26218.82,616,17.4,0,0,Mortgage,Medical,0
702268,41,71305.95,14082.98,743,14.7,0,2,Mortgage,Debt_Consolidation,0
702269,33,84616.74,18036.41,671,4.8,0,0,Rent,Home_Improvement,0
702270,49,124573.17,28233.15,599,4.8,2,3,Mortgage,Auto,1
702271,60,66976.27,6352.09,409,7.5,1,0,Rent,Debt_Consolidation,0
702272,62,37460.75,8515.29,720,6.1,3,3,Mortgage,Home_Improvement,0
702273,59,34398.85,30515.01,737,10.4,4,0,Rent,Other,1
702274,60,29281.34,21248.51,647,15.3,2,2,Rent,Home_Improvement,0
702275,47,76403.32,25243.3,655,12.7,3,1,Own,Medical,0
702276,26,67432.42,18467.19,641,12.4,0,3,Rent,Debt_Consolidation,1
702277,49,70456.61,5639.16,537,10.5,4,3,Rent,Debt_Consolidation,0
702278,53,63987.45,29050.74,676,2.6,0,2,Rent,Home_Improvement,0
702279,47,97809.5,11843.49,539,2.7,0,3,Rent,Other,0
702280,55,85668.89,20883.59,643,9.5,0,2,Mortgage,Debt_Consolidation,0
702281,40,83689.94,21692.13,669,10.3,2,3,Mortgage,Other,0
702282,61,42717.22,20547.04,650,8.3,2,2,Rent,Auto,1
702283,63,51357.83,4543.04,551,9.9,4,3,Rent,Medical,1
702284,39,27605.46,20871.5,565,5.9,2,0,Rent,Medical,1
702285,53,43399.39,3077.27,679,4.2,1,2,Rent,Debt_Consolidation,0
702286,28,61301.99,19208.51,529,10.5,1,3,Rent,Other,1
702287,46,29533.49,11935.56,559,7.1,0,1,Rent,Auto,1
702288,42,43708.78,31014.22,693,4.9,1,3,Mortgage,Other,0
702289,51,108023.77,10007.96,601,6.0,0,2,Own,Debt_Consolidation,0
702290,37,54687.19,14389.31,686,6.9,4,3,Mortgage,Debt_Consolidation,0
702291,25,22792.79,14218.14,642,10.5,2,1,Own,Auto,1
702292,38,28955.77,1000.0,662,5.3,1,3,Rent,Medical,0
702293,60,57047.42,13404.37,619,3.8,2,2,Own,Home_Improvement,0
702294,57,79562.72,15258.52,549,4.7,1,1,Rent,Home_Improvement,1
702295,60,57020.65,7899.6,518,11.5,1,0,Own,Medical,1
702296,50,80145.37,14062.4,707,8.9,1,1,Rent,Medical,0
702297,42,66733.18,18368.66,689,14.1,1,3,Rent,Home_Improvement,0
702298,51,32195.61,19442.51,578,0.0,1,0,Rent,Debt_Consolidation,1
702299,56,84153.79,21107.81,806,11.1,1,2,Rent,Auto,0
702300,50,48190.16,26163.19,675,8.2,1,2,Rent,Debt_Consolidation,1
702301,25,104775.41,27004.94,659,11.7,3,1,Mortgage,Auto,0
702302,27,44922.37,12785.8,701,0.0,0,2,Rent,Debt_Consolidation,0
702303,40,55713.88,18917.89,578,10.8,3,0,Mortgage,Debt_Consolidation,1
702304,23,45994.93,15350.06,590,2.8,1,1,Own,Home_Improvement,1
702305,36,52697.18,11009.31,595,11.2,4,0,Rent,Debt_Consolidation,1
702306,38,70263.44,10622.1,638,18.4,0,3,Rent,Auto,0
702307,53,54657.44,4852.6,732,8.4,2,3,Own,Auto,0
702308,59,87897.92,17466.74,709,1.4,0,0,Rent,Other,0
702309,43,69538.83,25090.09,571,9.7,4,1,Rent,Medical,1
702310,50,97552.63,11364.34,742,2.7,4,1,Mortgage,Other,0
702311,53,60964.86,10764.14,850,7.6,1,3,Own,Debt_Consolidation,0
702312,56,90547.38,6430.94,577,7.3,2,0,Rent,Debt_Consolidation,0
702313,40,88412.73,2464.86,786,6.7,3,0,Mortgage,Auto,0
702314,49,55852.81,4628.6,535,6.3,2,3,Rent,Auto,0
702315,28,120784.54,17292.19,605,18.4,0,2,Own,Auto,0
702316,56,95996.04,1000.0,662,9.6,4,2,Mortgage,Debt_Consolidation,0
702317,51,72595.12,31417.66,444,1.6,4,0,Rent,Other,1
702318,65,54646.69,23458.35,628,14.4,2,0,Rent,Debt_Consolidation,1
702319,61,57502.42,15920.46,683,3.6,3,1,Mortgage,Auto,1
702320,53,55355.05,9460.85,754,10.3,0,1,Rent,Medical,0
702321,22,66408.59,24409.77,685,9.7,0,0,Mortgage,Home_Improvement,0
702322,59,32137.98,12135.33,691,7.3,0,1,Own,Other,0
702323,47,60923.33,34782.91,454,9.4,2,3,Rent,Home_Improvement,1
702324,64,44978.14,14140.8,645,3.4,2,0,Mortgage,Medical,0
702325,34,99863.75,20028.29,625,6.0,1,2,Own,Home_Improvement,0
702326,54,78157.03,7211.32,850,7.9,4,0,Mortgage,Debt_Consolidation,0
702327,27,100010.98,26313.37,766,7.3,0,0,Rent,Home_Improvement,0
702328,57,117294.66,20468.07,580,14.4,0,0,Mortgage,Medical,0
702329,40,71250.07,20547.58,763,9.7,4,0,Own,Debt_Consolidation,0
702330,24,108456.47,32224.72,549,7.8,4,1,Mortgage,Debt_Consolidation,0
702331,44,68872.32,7025.43,701,5.1,1,0,Rent,Debt_Consolidation,0
702332,22,75030.08,1000.0,560,5.1,1,1,Own,Home_Improvement,0
702333,42,36904.58,1000.0,770,7.3,0,2,Rent,Other,0
702334,62,61825.17,8716.93,698,11.9,2,1,Own,Medical,0
702335,34,94424.34,12154.31,768,8.6,1,0,Mortgage,Medical,0
702336,31,71845.95,11934.42,719,3.5,2,1,Rent,Debt_Consolidation,0
702337,48,50762.64,20454.46,645,7.4,2,0,Rent,Other,0
702338,34,60027.66,26344.26,588,6.5,1,0,Rent,Other,1
702339,28,42057.47,8394.4,628,8.5,4,1,Own,Home_Improvement,0
702340,27,43627.97,27850.15,657,5.8,2,0,Mortgage,Home_Improvement,0
702341,30,25146.44,10278.12,695,0.0,4,3,Rent,Debt_Consolidation,1
702342,49,86694.89,5967.63,699,12.1,4,3,Own,Home_Improvement,0
702343,33,86329.65,23011.85,650,17.1,0,3,Rent,Home_Improvement,0
702344,22,57240.33,24243.57,712,5.7,3,0,Mortgage,Other,0
702345,63,27462.44,22472.91,572,9.9,1,2,Rent,Debt_Consolidation,1
702346,56,54123.11,5816.19,668,2.7,0,3,Own,Debt_Consolidation,0
702347,30,108448.78,29447.2,518,12.3,3,3,Own,Debt_Consolidation,0
702348,34,27787.33,19767.41,676,9.9,2,3,Own,Auto,1
702349,25,47698.92,8066.91,632,7.6,0,1,Mortgage,Debt_Consolidation,0
702350,54,48499.79,16178.88,781,2.1,3,2,Rent,Medical,0
702351,48,79202.52,17771.44,603,5.0,3,2,Rent,Debt_Consolidation,1
702352,61,29211.07,15471.59,598,3.9,1,2,Rent,Other,1
702353,22,66255.5,10095.54,501,6.8,0,2,Mortgage,Debt_Consolidation,0
702354,52,40024.5,32382.42,716,12.9,0,2,Rent,Home_Improvement,1
702355,27,51287.28,10999.51,525,15.3,3,3,Own,Home_Improvement,0
702356,40,30542.84,19563.1,774,3.3,4,1,Own,Debt_Consolidation,0
702357,57,72629.64,15329.87,530,12.7,3,1,Mortgage,Medical,0
702358,49,48010.77,18427.23,576,0.0,2,1,Mortgage,Debt_Consolidation,0
702359,65,45624.68,1000.0,458,14.2,2,2,Rent,Debt_Consolidation,0
702360,59,86397.87,35606.45,648,10.1,4,2,Mortgage,Debt_Consolidation,1
702361,41,68312.65,30682.55,695,1.8,1,1,Mortgage,Debt_Consolidation,1
702362,53,116972.58,15384.13,803,1.4,0,0,Mortgage,Auto,1
702363,63,70137.94,27146.88,717,0.0,1,3,Mortgage,Auto,0
702364,32,62008.87,16753.84,656,11.1,2,1,Mortgage,Other,0
702365,64,63010.05,23937.89,591,11.4,4,1,Mortgage,Home_Improvement,1
702366,21,126482.85,14956.34,628,1.6,0,2,Own,Other,0
702367,43,90165.06,1000.0,850,11.6,2,2,Own,Debt_Consolidation,0
702368,60,53197.93,10032.09,822,0.0,1,1,Mortgage,Debt_Consolidation,0
702369,46,67771.11,10256.61,723,10.9,3,0,Own,Auto,0
702370,49,47586.08,9052.03,538,7.8,3,2,Own,Other,0
702371,44,76093.26,1000.0,674,0.7,2,3,Rent,Debt_Consolidation,0
702372,23,47937.99,13566.36,719,8.6,2,3,Mortgage,Home_Improvement,0
702373,30,46604.11,21497.73,553,4.3,3,0,Mortgage,Debt_Consolidation,1
702374,45,70752.43,19554.39,698,0.0,2,1,Rent,Other,0
702375,39,92783.4,7869.15,704,10.7,3,3,Own,Auto,0
702376,47,80713.06,32234.83,650,4.8,0,3,Rent,Medical,0
702377,53,78126.87,13713.76,588,0.0,2,1,Own,Debt_Consolidation,0
702378,34,61076.23,19406.31,771,8.4,0,1,Mortgage,Home_Improvement,0
702379,30,14000.0,13743.44,602,11.2,0,0,Mortgage,Debt_Consolidation,1
702380,60,55983.38,7817.24,703,2.4,0,0,Own,Auto,0
702381,48,54951.05,17123.06,732,7.5,2,2,Rent,Debt_Consolidation,0
702382,31,72880.69,6491.77,590,15.1,3,3,Own,Other,0
702383,45,102340.57,4878.81,703,9.0,4,0,Mortgage,Debt_Consolidation,0
702384,27,78293.1,1000.0,774,6.7,0,0,Mortgage,Other,0
702385,53,17814.62,17427.87,712,2.8,0,3,Rent,Medical,1
702386,34,60460.75,21742.21,627,13.6,1,0,Mortgage,Home_Improvement,0
702387,65,54180.56,15264.38,678,8.6,4,3,Rent,Home_Improvement,0
702388,36,77244.13,11936.84,634,9.4,1,0,Rent,Home_Improvement,0
702389,58,58353.54,13639.35,599,7.3,3,3,Mortgage,Medical,1
702390,60,14000.0,23818.64,652,6.8,3,2,Mortgage,Debt_Consolidation,1
702391,27,37889.32,10781.31,630,5.5,3,2,Own,Medical,0
702392,50,51978.28,15171.62,597,1.7,1,2,Rent,Other,0
702393,36,14000.0,19288.7,580,8.8,1,0,Rent,Other,1
702394,26,56669.21,14575.67,526,10.1,2,0,Mortgage,Debt_Consolidation,0
702395,44,52714.75,18957.11,688,11.5,3,0,Mortgage,Debt_Consolidation,0
702396,38,85525.98,22183.44,597,8.2,4,1,Mortgage,Debt_Consolidation,0
702397,38,56726.91,12998.0,741,8.2,3,2,Rent,Medical,0
702398,25,44424.42,34554.27,647,11.3,0,0,Rent,Debt_Consolidation,1
702399,36,56446.95,9149.85,667,4.0,3,1,Own,Other,0
702400,52,59892.44,15845.81,623,0.4,2,1,Rent,Auto,0
702401,35,82976.56,18289.34,749,5.9,3,3,Mortgage,Debt_Consolidation,0
702402,59,36274.13,15415.25,520,4.4,3,0,Rent,Home_Improvement,1
702403,37,14000.0,4759.54,647,5.3,4,2,Rent,Auto,0
702404,25,126167.4,16120.56,686,7.4,4,0,Own,Debt_Consolidation,0
702405,58,77723.3,6473.25,568,3.9,3,3,Rent,Medical,0
702406,43,60315.77,14205.52,611,5.6,1,3,Own,Home_Improvement,0
702407,28,118039.9,20966.54,622,5.6,0,1,Rent,Home_Improvement,0
702408,32,31603.48,23160.66,850,4.1,2,0,Mortgage,Home_Improvement,0
702409,60,40074.48,15544.02,780,8.6,0,2,Mortgage,Medical,0
702410,33,48595.98,11090.88,721,10.2,2,2,Rent,Other,0
702411,39,71101.41,36715.42,850,12.9,1,0,Rent,Debt_Consolidation,0
702412,54,48063.48,14713.01,837,8.9,4,2,Own,Debt_Consolidation,0
702413,50,78186.39,33459.27,727,14.8,4,1,Mortgage,Medical,0
702414,64,50667.24,8199.91,664,4.8,3,0,Own,Home_Improvement,0
702415,58,90736.53,18099.93,528,10.8,1,0,Mortgage,Home_Improvement,0
702416,33,70479.86,31240.69,549,13.6,1,1,Rent,Debt_Consolidation,1
702417,61,18898.63,7231.76,618,16.2,4,2,Rent,Auto,0
702418,45,58361.66,4184.15,620,5.5,1,0,Own,Auto,0
702419,31,31395.93,25263.99,706,7.9,2,0,Rent,Auto,1
702420,34,55742.11,31273.1,561,10.0,2,2,Rent,Debt_Consolidation,1
702421,38,59053.12,23848.73,735,10.1,4,0,Mortgage,Auto,0
702422,23,113530.85,20215.43,585,10.0,4,3,Mortgage,Other,0
702423,23,53326.66,10742.3,649,6.6,2,0,Own,Home_Improvement,0
702424,48,19821.83,19328.05,545,6.1,1,0,Mortgage,Debt_Consolidation,1
702425,58,61605.33,24386.83,665,0.3,3,0,Rent,Other,0
702426,27,30629.95,12143.78,481,8.6,3,0,Rent,Debt_Consolidation,1
702427,26,103437.09,1000.0,641,8.9,2,1,Rent,Other,0
702428,51,76179.03,26729.8,718,11.2,0,0,Mortgage,Home_Improvement,0
702429,51,97192.82,4440.29,486,0.0,2,2,Rent,Home_Improvement,0
702430,54,49175.38,2767.7,622,16.4,3,0,Mortgage,Auto,0
702431,61,33445.56,11241.82,557,0.0,2,2,Own,Home_Improvement,1
702432,27,65957.18,26457.33,610,1.8,4,0,Mortgage,Auto,0
702433,43,25324.56,3218.88,583,3.5,1,3,Mortgage,Auto,0
702434,47,35285.85,16224.29,709,6.2,3,2,Mortgage,Debt_Consolidation,0
702435,46,40299.97,33954.42,818,13.7,1,0,Rent,Debt_Consolidation,0
702436,30,55248.98,19762.96,690,4.8,2,3,Mortgage,Debt_Consolidation,0
702437,33,21655.92,13703.35,636,15.7,0,0,Rent,Other,0
702438,55,14000.0,7924.37,323,2.6,0,1,Mortgage,Debt_Consolidation,1
702439,63,93631.81,1000.0,556,15.6,1,1,Rent,Debt_Consolidation,0
702440,33,45518.71,29249.33,670,4.7,0,0,Mortgage,Debt_Consolidation,1
702441,43,54286.9,2748.9,578,1.9,3,0,Mortgage,Debt_Consolidation,0
702442,52,73283.73,17094.19,711,0.0,2,1,Rent,Other,0
702443,54,69487.26,25272.42,680,10.1,0,1,Own,Home_Improvement,0
702444,50,42813.21,10020.68,655,4.5,3,1,Rent,Debt_Consolidation,0
702445,60,47906.26,13764.98,647,2.4,4,2,Rent,Other,0
702446,46,98185.97,25714.33,698,0.0,3,0,Rent,Debt_Consolidation,1
702447,21,89552.42,16968.68,713,6.7,0,1,Mortgage,Auto,0
702448,30,77141.43,27569.64,589,6.3,1,2,Own,Home_Improvement,1
702449,59,99564.48,26776.72,676,9.9,0,0,Mortgage,Auto,0
702450,58,14000.0,30300.28,506,13.3,3,3,Mortgage,Debt_Consolidation,1
702451,33,62234.96,1952.32,701,3.4,0,3,Mortgage,Debt_Consolidation,0
702452,36,52249.92,18781.98,764,4.7,1,3,Own,Debt_Consolidation,0
702453,35,14000.0,16537.92,721,3.6,4,2,Rent,Other,1
702454,55,67391.49,13936.41,658,4.6,0,0,Rent,Other,0
702455,22,74920.58,1000.0,686,12.2,3,0,Own,Other,0
702456,42,65521.55,14265.43,709,16.0,0,3,Own,Debt_Consolidation,0
702457,45,14987.73,28130.98,634,6.9,3,0,Mortgage,Medical,1
702458,41,53900.29,25138.3,850,8.3,3,3,Rent,Other,0
702459,46,64446.96,8920.9,676,0.0,1,0,Mortgage,Debt_Consolidation,0
702460,53,53406.39,14722.68,672,0.0,0,1,Mortgage,Home_Improvement,0
702461,55,66145.87,14653.42,604,5.2,2,2,Mortgage,Debt_Consolidation,0
702462,36,71506.23,23651.26,720,4.6,1,0,Own,Medical,0
702463,53,94063.64,9088.91,645,0.0,4,3,Rent,Debt_Consolidation,0
702464,55,65082.86,9488.11,728,0.9,0,3,Mortgage,Debt_Consolidation,0
702465,59,123832.54,1944.71,699,3.9,2,2,Own,Home_Improvement,0
702466,41,64739.83,23441.23,526,11.9,1,3,Own,Debt_Consolidation,1
702467,26,66437.06,34125.78,658,14.5,4,3,Rent,Debt_Consolidation,0
702468,54,78558.15,19671.01,728,6.8,4,2,Mortgage,Debt_Consolidation,0
702469,48,57717.9,21666.39,737,11.9,0,2,Mortgage,Debt_Consolidation,0
702470,52,51590.71,23585.1,666,5.2,1,2,Mortgage,Auto,0
702471,53,89878.41,4788.52,508,9.4,0,3,Own,Other,0
702472,63,14000.0,21799.65,571,9.9,4,3,Rent,Debt_Consolidation,1
702473,64,16234.45,30569.29,829,7.4,2,3,Own,Debt_Consolidation,1
702474,39,110431.21,25907.16,712,9.2,3,0,Mortgage,Debt_Consolidation,0
702475,22,77643.08,13980.82,757,6.1,0,0,Own,Medical,0
702476,36,72887.7,8460.99,418,2.4,0,0,Rent,Other,0
702477,23,67093.85,9304.52,656,2.0,2,2,Rent,Auto,0
702478,65,66579.81,27356.04,693,6.2,1,1,Rent,Debt_Consolidation,0
702479,55,36517.12,9962.89,659,10.3,3,0,Own,Other,0
702480,44,52725.61,16984.18,726,7.2,4,3,Mortgage,Home_Improvement,0
702481,52,34615.09,18157.54,759,3.9,1,2,Mortgage,Debt_Consolidation,0
702482,39,87955.91,13069.59,716,2.5,3,3,Rent,Other,0
702483,59,75331.92,6974.99,560,7.3,0,0,Own,Other,0
702484,52,65639.44,20116.87,506,6.9,0,0,Rent,Medical,1
702485,54,69304.29,8546.11,632,3.8,2,1,Rent,Home_Improvement,0
702486,32,56547.31,11753.12,501,8.7,0,3,Own,Auto,0
702487,26,31609.67,27032.14,648,6.8,1,2,Mortgage,Medical,1
702488,64,101559.65,22883.27,798,9.3,2,0,Mortgage,Medical,0
702489,56,75758.65,1000.0,578,2.7,0,2,Own,Other,0
702490,54,55612.5,5044.75,729,9.4,3,1,Mortgage,Debt_Consolidation,0
702491,26,74346.39,23317.72,704,5.1,0,2,Rent,Home_Improvement,0
702492,50,91005.98,6987.6,610,6.5,4,0,Rent,Auto,1
702493,49,88772.17,23692.5,648,1.6,4,0,Mortgage,Auto,0
702494,34,76096.83,26145.08,556,6.3,4,3,Mortgage,Home_Improvement,1
702495,50,80136.58,26083.71,648,11.3,2,0,Mortgage,Debt_Consolidation,0
702496,57,54320.6,32986.67,710,0.0,0,0,Own,Home_Improvement,1
702497,54,93051.71,3401.59,587,3.0,4,2,Rent,Debt_Consolidation,0
702498,62,83188.63,7325.03,645,0.2,0,3,Rent,Debt_Consolidation,1
702499,42,83218.06,11166.34,621,3.0,3,1,Mortgage,Debt_Consolidation,0
702500,56,28152.39,11400.81,733,8.2,3,0,Own,Other,0
702501,50,75702.25,25224.74,777,7.9,4,1,Rent,Home_Improvement,0
702502,62,76320.02,20631.77,594,5.9,3,2,Mortgage,Auto,0
702503,63,79568.63,8058.14,554,0.0,3,2,Own,Auto,0
702504,25,14000.0,11702.05,688,10.8,4,1,Own,Home_Improvement,1
702505,62,14038.74,4268.74,633,2.0,4,1,Own,Debt_Consolidation,0
702506,54,66646.46,12596.86,673,9.3,2,2,Mortgage,Debt_Consolidation,0
702507,38,36548.92,3041.75,736,14.3,0,1,Mortgage,Auto,0
702508,59,69167.07,34482.77,664,10.3,1,1,Rent,Auto,0
702509,62,57422.92,24099.53,706,11.8,4,0,Mortgage,Debt_Consolidation,0
702510,42,80720.09,12784.44,518,10.3,4,2,Rent,Medical,1
702511,39,45829.36,14744.61,622,0.0,3,3,Mortgage,Other,1
702512,24,33401.67,23926.57,627,4.4,1,3,Mortgage,Debt_Consolidation,1
702513,33,72309.04,16093.67,674,1.4,3,3,Mortgage,Other,0
702514,45,52633.34,28510.75,661,3.9,3,2,Mortgage,Auto,0
702515,58,30542.56,17916.53,632,5.7,2,0,Mortgage,Medical,0
702516,31,14000.0,38757.15,517,3.1,4,0,Own,Medical,1
702517,55,136525.86,22795.72,682,7.3,2,2,Mortgage,Debt_Consolidation,0
702518,22,50417.61,5574.51,708,3.8,1,1,Rent,Debt_Consolidation,0
702519,21,53310.06,6400.44,622,11.6,3,1,Mortgage,Medical,0
702520,63,14000.0,11125.53,665,4.5,0,2,Own,Debt_Consolidation,1
702521,21,34141.27,33516.97,606,12.5,0,1,Mortgage,Debt_Consolidation,1
702522,58,55238.84,13167.05,569,18.0,3,3,Rent,Medical,1
702523,49,67180.72,25339.28,599,8.0,0,2,Mortgage,Debt_Consolidation,1
702524,49,78263.54,2333.31,531,1.1,4,0,Own,Home_Improvement,0
702525,57,40696.94,21463.95,596,2.5,4,1,Rent,Home_Improvement,1
702526,54,70950.51,5742.04,470,8.0,0,0,Mortgage,Auto,1
702527,59,87411.57,11641.86,663,3.3,2,3,Own,Debt_Consolidation,0
702528,51,46467.9,16190.11,761,11.1,4,0,Mortgage,Auto,0
702529,65,57347.07,2659.24,704,6.3,1,1,Own,Home_Improvement,0
702530,41,14639.67,39140.2,636,3.8,3,0,Mortgage,Home_Improvement,1
702531,40,38905.62,5227.49,607,4.8,1,0,Mortgage,Medical,0
702532,26,24990.48,11359.91,508,14.2,2,1,Mortgage,Auto,1
702533,63,75509.34,32846.53,627,0.0,1,2,Mortgage,Debt_Consolidation,0
702534,33,54526.29,25407.34,759,5.4,2,1,Rent,Home_Improvement,1
702535,61,98201.45,1000.0,695,8.4,4,0,Mortgage,Auto,0
702536,43,63669.22,20320.4,493,14.6,2,0,Own,Home_Improvement,1
702537,32,78756.53,26717.49,500,7.5,2,0,Mortgage,Debt_Consolidation,1
702538,47,71738.55,6306.16,666,1.0,1,2,Own,Debt_Consolidation,0
702539,25,64070.33,16301.44,515,7.2,1,3,Rent,Auto,1
702540,34,32620.14,9017.68,499,6.9,3,2,Mortgage,Home_Improvement,1
702541,47,99870.68,8931.24,736,9.0,2,2,Own,Medical,0
702542,26,56827.26,33193.66,487,3.7,3,2,Rent,Home_Improvement,1
702543,24,14000.0,25970.34,634,10.3,0,2,Rent,Home_Improvement,1
702544,36,44808.18,8252.89,687,4.6,3,1,Mortgage,Debt_Consolidation,0
702545,55,31819.21,4319.25,740,8.3,2,2,Mortgage,Home_Improvement,0
702546,29,88163.13,23782.56,518,14.5,4,0,Rent,Debt_Consolidation,0
702547,63,84977.98,18692.73,639,1.2,0,2,Rent,Debt_Consolidation,0
702548,62,96920.85,13260.31,759,3.2,4,3,Own,Debt_Consolidation,0
702549,25,113117.56,18819.92,475,2.6,3,0,Own,Auto,0
702550,30,43026.84,3651.47,557,17.8,0,2,Mortgage,Debt_Consolidation,0
702551,43,14000.0,9124.59,626,9.5,3,0,Own,Auto,1
702552,38,35797.1,9210.15,615,8.7,0,0,Mortgage,Home_Improvement,0
702553,36,69203.4,28627.73,605,12.0,0,3,Own,Home_Improvement,0
702554,45,14000.0,16303.2,721,12.8,1,1,Rent,Other,0
702555,48,44169.53,6610.42,633,7.7,0,3,Own,Home_Improvement,0
702556,32,79977.95,9220.68,607,0.0,1,3,Rent,Home_Improvement,0
702557,42,37953.47,27127.11,519,4.8,3,0,Mortgage,Auto,1
702558,43,56087.66,20054.79,695,5.3,1,0,Rent,Other,0
702559,31,36548.51,11306.03,715,7.0,3,3,Mortgage,Auto,0
702560,45,102415.95,13072.92,581,4.8,0,0,Rent,Debt_Consolidation,0
702561,50,107475.5,23842.14,785,4.9,1,2,Own,Medical,0
702562,23,33847.86,13629.79,619,0.0,2,1,Mortgage,Auto,1
702563,56,38080.68,14150.13,659,4.1,4,3,Own,Medical,0
702564,63,62430.29,9873.16,639,1.2,2,0,Mortgage,Medical,0
702565,53,76581.27,1000.0,664,8.0,4,3,Mortgage,Debt_Consolidation,0
702566,45,70141.22,22369.49,647,3.3,0,0,Own,Medical,0
702567,57,75939.54,14956.31,850,5.8,3,1,Mortgage,Auto,0
702568,27,84496.76,24652.11,651,8.2,4,0,Own,Debt_Consolidation,0
702569,38,90278.84,47052.35,677,9.1,2,2,Mortgage,Debt_Consolidation,1
702570,65,107255.38,13174.13,832,10.8,0,2,Mortgage,Medical,0
702571,55,65318.74,22343.42,850,2.5,1,1,Mortgage,Home_Improvement,0
702572,28,49392.73,12984.65,567,4.8,1,1,Own,Debt_Consolidation,1
702573,32,59460.24,9261.92,720,8.3,3,2,Rent,Home_Improvement,0
702574,53,116985.81,8614.84,657,9.1,4,2,Rent,Debt_Consolidation,0
702575,47,82518.69,12889.37,667,1.1,1,0,Rent,Debt_Consolidation,0
702576,42,79515.8,16916.74,634,4.2,2,2,Rent,Home_Improvement,0
702577,27,95346.98,33606.86,636,15.7,1,2,Rent,Auto,0
702578,32,92668.19,20110.2,675,0.0,1,2,Rent,Debt_Consolidation,0
702579,46,120761.07,10966.11,627,0.0,2,1,Mortgage,Debt_Consolidation,0
702580,38,41912.08,26165.04,709,0.5,2,2,Rent,Other,1
702581,57,67061.41,7604.17,793,7.9,4,1,Rent,Auto,0
702582,42,80825.57,23416.55,608,10.5,4,1,Rent,Other,0
702583,60,82452.39,18772.68,589,5.4,4,0,Mortgage,Auto,0
702584,37,52335.11,11230.57,642,2.8,4,0,Rent,Debt_Consolidation,0
702585,59,21412.1,20932.53,850,0.0,3,0,Mortgage,Other,1
702586,32,55060.54,27543.43,690,6.8,2,1,Rent,Home_Improvement,1
702587,40,44540.44,22802.62,426,12.2,3,0,Rent,Debt_Consolidation,1
702588,39,59086.75,1000.0,578,10.1,0,2,Rent,Auto,0
702589,54,89153.04,1000.0,529,8.4,0,0,Rent,Debt_Consolidation,0
702590,40,79119.29,15257.82,664,3.6,2,0,Rent,Auto,0
702591,33,33054.53,13437.17,677,11.8,4,0,Rent,Home_Improvement,1
702592,51,42793.56,2240.23,617,11.9,1,2,Mortgage,Auto,0
702593,31,66292.7,23675.53,577,1.2,4,1,Mortgage,Debt_Consolidation,1
702594,29,89819.92,21046.32,567,1.0,4,3,Mortgage,Other,1
702595,52,59743.21,28166.55,810,9.1,0,3,Own,Debt_Consolidation,0
702596,23,66736.79,19074.83,618,0.0,1,3,Mortgage,Debt_Consolidation,0
702597,37,23403.86,33215.53,608,9.5,2,2,Rent,Medical,1
702598,58,48872.87,9881.99,664,6.4,4,2,Rent,Medical,0
702599,61,41188.33,12425.14,608,3.4,3,1,Mortgage,Home_Improvement,1
702600,24,65832.56,22705.59,724,11.9,2,2,Rent,Other,1
702601,60,53957.62,20030.13,584,0.7,2,3,Mortgage,Auto,1
702602,49,38691.38,1309.78,532,5.1,3,3,Own,Auto,0
702603,46,33343.49,8504.65,695,5.4,1,3,Mortgage,Home_Improvement,1
702604,45,65535.52,22079.03,646,2.6,1,1,Rent,Auto,0
702605,22,43918.23,17495.55,619,10.5,0,0,Mortgage,Home_Improvement,0
702606,64,88435.21,9123.9,535,0.0,0,2,Own,Debt_Consolidation,0
702607,49,63790.14,13389.68,564,0.9,3,2,Mortgage,Auto,1
702608,29,53257.18,14755.29,666,6.6,1,1,Mortgage,Debt_Consolidation,0
702609,64,82502.14,14147.9,631,0.2,2,2,Rent,Auto,0
702610,60,29974.14,20749.29,720,9.0,2,2,Own,Debt_Consolidation,1
702611,47,82504.7,22673.7,594,12.1,0,1,Rent,Auto,0
702612,26,41711.29,8607.96,480,0.0,4,3,Mortgage,Medical,0
702613,29,77720.86,38956.57,652,8.0,1,0,Mortgage,Debt_Consolidation,0
702614,28,42579.54,19221.2,670,2.0,1,2,Own,Auto,0
702615,61,35880.92,15009.95,681,3.8,0,3,Mortgage,Debt_Consolidation,0
702616,50,14000.0,34735.83,657,5.2,2,3,Own,Auto,1
702617,35,60408.23,16397.35,502,7.8,0,3,Rent,Debt_Consolidation,0
702618,28,71336.33,4754.67,693,5.8,3,2,Mortgage,Other,0
702619,40,24429.57,3347.16,420,7.1,1,1,Rent,Home_Improvement,0
702620,47,103402.0,10451.2,734,9.5,4,0,Mortgage,Other,0
702621,42,58765.07,10072.7,652,3.3,2,2,Mortgage,Home_Improvement,1
702622,51,31029.89,1000.0,728,4.4,2,1,Mortgage,Home_Improvement,0
702623,45,107831.35,12350.92,503,4.6,4,2,Rent,Debt_Consolidation,0
702624,26,48943.45,7735.18,654,7.5,3,3,Mortgage,Debt_Consolidation,0
702625,57,95435.63,28719.81,492,12.7,1,0,Own,Home_Improvement,0
702626,56,14000.0,20516.74,734,12.4,4,1,Own,Other,1
702627,53,112632.54,7915.7,648,21.4,4,2,Rent,Other,0
702628,40,63726.63,26225.9,530,15.0,0,1,Mortgage,Debt_Consolidation,1
702629,22,58859.1,14294.57,816,2.1,3,0,Rent,Debt_Consolidation,0
702630,64,66945.31,1000.0,619,4.8,3,2,Rent,Debt_Consolidation,0
702631,65,30175.61,15908.67,547,0.6,4,3,Rent,Home_Improvement,1
702632,21,81940.2,30285.45,491,0.0,0,1,Mortgage,Debt_Consolidation,1
702633,30,69832.95,16915.67,791,0.5,4,3,Rent,Auto,0
702634,24,66863.24,10100.54,641,6.1,4,3,Own,Debt_Consolidation,0
702635,47,44708.21,16921.51,624,7.1,3,0,Mortgage,Debt_Consolidation,1
702636,48,29889.85,10449.36,678,0.7,2,1,Rent,Home_Improvement,0
702637,55,67776.8,21953.08,629,5.0,3,0,Own,Home_Improvement,0
702638,32,79189.27,18942.68,739,14.0,3,3,Own,Medical,0
702639,29,62234.68,13053.52,543,0.0,4,2,Mortgage,Home_Improvement,1
702640,39,53791.5,24265.78,669,7.3,0,1,Rent,Home_Improvement,1
702641,55,45805.65,32895.07,722,0.0,2,1,Mortgage,Other,1
702642,61,76511.2,19552.88,539,2.0,0,1,Mortgage,Other,0
702643,51,94782.61,28956.51,665,11.0,4,1,Mortgage,Debt_Consolidation,0
702644,36,54911.58,24489.95,768,13.0,4,0,Own,Debt_Consolidation,0
702645,47,37519.91,14556.66,530,5.2,1,1,Rent,Medical,1
702646,23,119860.72,16890.16,739,12.1,4,1,Own,Medical,0
702647,65,20101.06,30973.4,691,0.0,0,1,Rent,Debt_Consolidation,1
702648,27,65092.76,20318.15,662,9.8,1,1,Mortgage,Medical,0
702649,38,56123.83,25945.32,682,0.0,0,0,Rent,Auto,1
702650,46,91203.43,1120.78,679,6.8,2,1,Mortgage,Home_Improvement,0
702651,42,55258.39,23967.78,742,9.2,4,3,Rent,Home_Improvement,0
702652,55,17454.24,1000.0,727,6.5,4,0,Mortgage,Debt_Consolidation,0
702653,35,30520.21,35806.31,542,11.3,4,3,Mortgage,Other,1
702654,55,61348.53,19639.47,625,4.6,2,0,Mortgage,Home_Improvement,0
702655,43,58082.27,25226.4,507,10.4,2,3,Own,Other,1
702656,42,42224.42,9977.22,698,8.8,4,1,Mortgage,Debt_Consolidation,0
702657,38,44761.29,15906.37,698,8.0,0,0,Mortgage,Home_Improvement,0
702658,31,19955.14,5847.74,606,0.0,0,0,Mortgage,Debt_Consolidation,0
702659,41,21950.58,7123.64,645,12.6,3,2,Rent,Medical,0
702660,26,43075.79,18627.92,726,4.5,3,1,Rent,Home_Improvement,1
702661,21,41590.15,13147.1,706,13.8,3,1,Mortgage,Other,0
702662,31,55164.45,13577.15,675,2.9,2,1,Mortgage,Debt_Consolidation,0
702663,59,29491.57,14822.0,742,6.0,2,1,Rent,Auto,0
702664,30,97426.7,29922.98,507,8.2,1,2,Mortgage,Debt_Consolidation,1
702665,25,15297.41,26382.47,603,8.1,1,0,Mortgage,Debt_Consolidation,1
702666,61,80273.79,35127.76,793,4.4,0,2,Rent,Medical,0
702667,27,72438.51,14244.04,606,0.0,4,1,Own,Other,0
702668,39,98106.93,10901.48,487,9.2,4,2,Rent,Debt_Consolidation,0
702669,60,93201.52,18943.27,641,4.5,0,0,Rent,Auto,0
702670,26,26366.83,24096.3,629,14.2,0,3,Rent,Debt_Consolidation,1
702671,40,67866.74,2888.3,679,9.9,4,1,Rent,Home_Improvement,0
702672,49,78004.02,23062.26,561,1.1,1,1,Rent,Medical,0
702673,58,82520.85,13795.55,689,11.9,3,0,Own,Other,0
702674,41,71979.81,21408.31,565,14.1,1,2,Mortgage,Auto,0
702675,26,45198.92,19809.29,703,12.3,1,3,Mortgage,Other,0
702676,22,91266.33,14012.82,687,4.9,1,2,Rent,Auto,0
702677,58,56451.67,9031.48,460,0.0,4,3,Rent,Other,0
702678,65,47359.14,14162.51,555,8.7,2,3,Mortgage,Other,0
702679,30,64054.47,27509.83,702,9.8,1,3,Mortgage,Auto,0
702680,63,48449.61,1000.0,671,6.0,3,3,Mortgage,Auto,0
702681,49,43000.07,18353.88,620,1.8,1,2,Own,Other,0
702682,32,62539.19,15169.41,601,7.6,2,1,Rent,Home_Improvement,1
702683,36,124536.37,14758.25,660,1.3,2,2,Mortgage,Other,0
702684,58,67531.18,18598.0,779,14.4,3,2,Own,Other,0
702685,27,61628.78,20872.26,719,4.5,3,3,Own,Auto,0
702686,41,48544.71,16629.43,740,0.3,1,0,Mortgage,Debt_Consolidation,0
702687,40,68316.78,29577.71,816,9.0,0,3,Rent,Other,0
702688,51,30515.75,13739.58,571,5.4,0,1,Rent,Debt_Consolidation,1
702689,63,71679.19,38064.57,541,10.3,3,1,Own,Auto,1
702690,50,66341.39,1000.0,626,8.0,3,2,Rent,Home_Improvement,0
702691,61,61873.82,32471.04,704,4.4,1,0,Rent,Auto,0
702692,53,71443.03,13077.45,532,10.5,4,0,Rent,Auto,1
702693,36,54832.73,4628.89,621,4.8,4,2,Mortgage,Auto,0
702694,40,76092.0,7669.41,643,3.8,0,0,Rent,Debt_Consolidation,0
702695,29,72962.6,11564.5,702,9.1,1,1,Rent,Home_Improvement,0
702696,27,73490.08,18079.9,548,13.9,4,2,Own,Debt_Consolidation,0
702697,38,59805.69,15675.08,850,0.0,1,2,Rent,Debt_Consolidation,0
702698,57,81454.48,29383.79,701,15.2,4,2,Own,Debt_Consolidation,0
702699,44,55230.92,14993.06,727,4.6,2,0,Own,Auto,0
702700,40,91452.23,13572.17,643,13.9,1,3,Rent,Debt_Consolidation,0
702701,55,56972.39,13015.73,697,6.7,4,0,Mortgage,Home_Improvement,0
702702,40,91189.32,21786.31,829,0.0,2,2,Own,Home_Improvement,0
702703,35,66011.05,17005.11,592,10.2,2,2,Mortgage,Other,1
702704,55,58991.47,31536.68,626,1.4,2,3,Own,Debt_Consolidation,0
702705,40,34984.62,10920.7,520,7.1,0,3,Mortgage,Medical,0
702706,51,75319.42,12856.4,583,7.1,4,0,Rent,Debt_Consolidation,0
702707,23,68618.51,11727.94,584,8.7,0,3,Own,Home_Improvement,0
702708,65,60951.18,8555.58,654,11.6,2,3,Own,Auto,0
702709,38,69846.01,12121.46,671,10.4,3,3,Mortgage,Debt_Consolidation,0
702710,38,63072.75,7364.85,631,1.9,4,2,Rent,Debt_Consolidation,0
702711,61,37229.65,1000.0,566,7.2,0,0,Own,Auto,0
702712,49,30858.98,1000.0,554,0.0,0,1,Own,Home_Improvement,0
702713,40,75355.81,4484.09,648,9.2,0,0,Mortgage,Auto,0
702714,24,64282.69,1000.0,617,7.3,4,2,Rent,Debt_Consolidation,0
702715,48,97293.44,7079.41,544,15.9,2,1,Rent,Other,0
702716,26,109380.93,21235.85,691,9.7,4,0,Mortgage,Debt_Consolidation,0
702717,46,80229.07,17821.78,718,9.4,0,2,Mortgage,Auto,0
702718,32,75593.51,1000.0,668,5.4,2,3,Mortgage,Debt_Consolidation,0
702719,54,73798.81,1000.0,618,1.6,3,3,Mortgage,Debt_Consolidation,0
702720,33,62433.48,9315.64,632,5.3,1,3,Rent,Medical,0
702721,64,44145.66,6797.09,589,12.2,4,1,Mortgage,Medical,0
702722,41,14000.0,20281.7,719,9.7,1,0,Rent,Medical,1
702723,36,78681.87,15873.6,563,14.5,1,0,Rent,Debt_Consolidation,0
702724,31,74353.64,17086.91,758,8.9,1,2,Own,Debt_Consolidation,0
702725,43,60712.67,11955.09,666,10.7,0,3,Mortgage,Other,0
702726,63,63074.83,23821.24,426,7.8,1,2,Mortgage,Home_Improvement,1
702727,26,83789.41,16638.3,842,8.2,0,2,Mortgage,Auto,0
702728,40,82468.37,40822.78,581,9.9,3,1,Rent,Home_Improvement,1
702729,42,64647.01,22561.54,676,2.7,1,2,Own,Medical,0
702730,38,53791.82,17060.9,597,10.8,2,0,Rent,Debt_Consolidation,0
702731,24,74701.43,13294.71,561,3.4,3,1,Mortgage,Home_Improvement,0
702732,61,79596.26,9763.25,728,6.4,3,1,Own,Debt_Consolidation,0
702733,61,114284.5,5462.67,702,0.0,4,0,Rent,Medical,0
702734,56,37518.93,17392.09,683,4.6,4,1,Rent,Debt_Consolidation,0
702735,56,72152.47,20803.42,662,8.0,4,1,Rent,Medical,0
702736,55,38220.46,31015.76,648,13.3,3,0,Mortgage,Auto,1
702737,23,48702.1,18816.82,590,5.2,1,2,Mortgage,Other,1
702738,62,117686.13,24988.76,589,8.6,2,0,Mortgage,Debt_Consolidation,0
702739,61,49678.45,19067.79,591,8.3,1,1,Rent,Home_Improvement,1
702740,54,56797.7,13887.89,671,0.0,4,3,Own,Debt_Consolidation,0
702741,41,45671.86,21374.45,651,6.3,0,2,Own,Medical,1
702742,34,81112.05,21905.06,692,5.2,0,3,Own,Home_Improvement,0
702743,61,49521.29,13652.64,580,6.7,4,2,Mortgage,Debt_Consolidation,0
702744,64,18836.37,13560.62,723,11.8,3,1,Mortgage,Debt_Consolidation,1
702745,28,63322.93,14798.24,682,5.4,1,1,Mortgage,Debt_Consolidation,1
702746,22,80193.57,1000.0,463,5.0,3,2,Mortgage,Debt_Consolidation,0
702747,26,59192.5,19100.13,642,0.0,2,2,Own,Home_Improvement,1
702748,61,63657.79,1928.08,832,6.1,0,0,Own,Home_Improvement,0
702749,44,42580.58,38960.92,640,18.8,4,3,Rent,Debt_Consolidation,1
702750,39,36604.32,14654.29,618,12.9,0,0,Own,Medical,1
702751,35,59813.18,18969.55,593,7.5,1,0,Rent,Debt_Consolidation,1
702752,36,31686.26,19813.6,678,1.5,4,1,Own,Auto,1
702753,65,48743.72,1000.0,655,3.8,4,2,Rent,Debt_Consolidation,0
702754,42,35192.06,31556.87,672,4.6,4,0,Mortgage,Debt_Consolidation,1
702755,26,53749.85,10240.91,671,7.4,0,3,Mortgage,Home_Improvement,0
702756,38,79117.63,27427.16,550,4.7,2,2,Own,Debt_Consolidation,0
702757,23,58637.03,29944.64,611,20.4,1,0,Mortgage,Auto,1
702758,59,87416.6,25851.48,696,15.1,2,3,Mortgage,Debt_Consolidation,0
702759,45,68440.98,1000.0,562,5.8,0,3,Mortgage,Debt_Consolidation,0
702760,57,56182.71,5182.63,661,9.5,1,0,Mortgage,Auto,0
702761,54,37016.81,12111.85,711,11.6,4,3,Mortgage,Other,0
702762,54,61848.59,3963.07,609,8.6,4,0,Rent,Other,0
702763,22,30638.93,16068.86,705,4.0,4,2,Own,Home_Improvement,0
702764,31,77951.27,32286.39,554,20.0,2,0,Rent,Auto,1
702765,60,26090.76,28996.43,543,10.1,4,1,Mortgage,Debt_Consolidation,1
702766,40,24890.35,12439.62,523,12.5,2,2,Mortgage,Auto,1
702767,39,38095.07,5497.11,707,7.3,0,0,Rent,Debt_Consolidation,0
702768,24,17869.37,24322.87,611,16.2,3,1,Rent,Debt_Consolidation,1
702769,28,61733.31,24028.44,689,4.4,1,2,Own,Debt_Consolidation,0
702770,54,40033.42,13850.71,537,14.5,1,2,Mortgage,Debt_Consolidation,0
702771,23,47699.81,7907.73,715,8.3,0,2,Own,Home_Improvement,0
702772,22,74326.48,32344.95,604,5.4,4,0,Rent,Other,0
702773,42,14000.0,33851.94,674,0.4,2,1,Own,Home_Improvement,1
702774,38,52938.19,29505.35,643,9.0,4,0,Own,Home_Improvement,1
702775,59,67811.2,24866.96,625,9.2,0,2,Mortgage,Other,0
702776,27,84197.18,12508.54,576,3.8,4,2,Own,Other,0
702777,65,62296.25,19494.22,648,13.1,2,3,Mortgage,Home_Improvement,0
702778,59,42497.1,5559.16,557,3.2,2,2,Own,Auto,0
702779,37,82043.74,32436.64,849,8.7,3,2,Mortgage,Debt_Consolidation,0
702780,62,81870.63,5623.71,791,8.0,1,1,Mortgage,Auto,0
702781,44,113619.23,8736.52,850,0.0,1,2,Mortgage,Auto,0
702782,34,112087.12,13640.6,575,8.4,4,3,Rent,Debt_Consolidation,0
702783,46,53968.69,14799.83,638,4.2,4,2,Rent,Auto,0
702784,60,92861.69,31332.74,544,6.9,3,0,Own,Other,0
702785,31,64247.66,24872.49,695,0.0,4,1,Rent,Debt_Consolidation,1
702786,29,33965.48,8579.95,686,8.8,1,3,Mortgage,Medical,0
702787,60,76481.04,19848.88,733,0.0,4,2,Own,Other,0
702788,53,91306.45,19458.71,702,1.2,3,0,Rent,Medical,0
702789,38,14000.0,31748.76,498,8.7,0,1,Rent,Debt_Consolidation,1
702790,32,91903.31,1000.0,636,3.1,4,0,Mortgage,Debt_Consolidation,0
702791,30,38626.81,10893.57,850,9.2,4,0,Rent,Debt_Consolidation,0
702792,41,98725.62,6054.74,622,5.7,0,1,Mortgage,Auto,0
702793,60,64903.75,18495.76,708,7.4,2,1,Own,Debt_Consolidation,0
702794,48,62789.91,25722.36,619,7.4,2,1,Mortgage,Auto,0
702795,44,93505.39,14572.24,725,11.7,2,0,Own,Auto,1
702796,36,50868.85,38738.35,679,12.7,1,2,Rent,Auto,1
702797,42,110621.64,6871.73,658,2.4,0,2,Rent,Debt_Consolidation,0
702798,29,35352.56,18058.02,712,11.1,1,1,Rent,Debt_Consolidation,0
702799,59,44222.17,9781.4,611,6.1,3,2,Mortgage,Medical,0
702800,47,32227.94,2313.25,685,6.6,1,3,Rent,Home_Improvement,0
702801,40,72269.72,12128.28,657,0.1,4,0,Own,Auto,0
702802,56,57199.96,17033.58,703,10.4,1,2,Rent,Home_Improvement,0
702803,46,78626.72,9499.09,643,15.6,2,2,Mortgage,Debt_Consolidation,0
702804,65,85896.82,9679.28,465,10.4,1,3,Own,Auto,1
702805,23,78466.46,15899.32,623,13.8,1,3,Rent,Other,0
702806,35,85441.14,9540.86,586,6.2,0,1,Rent,Auto,0
702807,46,85685.98,25947.32,561,7.5,3,3,Own,Medical,0
702808,32,56655.02,22664.03,702,0.0,3,3,Rent,Debt_Consolidation,0
702809,48,40498.26,17127.58,474,11.6,0,2,Own,Home_Improvement,1
702810,24,34457.1,26919.22,655,5.1,1,3,Own,Debt_Consolidation,1
702811,29,77021.06,1000.0,686,11.7,2,3,Mortgage,Debt_Consolidation,0
702812,30,45462.36,6735.09,694,8.1,2,3,Rent,Home_Improvement,0
702813,43,34592.97,29473.67,727,3.1,4,0,Own,Debt_Consolidation,1
702814,22,37751.83,7412.5,647,12.7,2,0,Rent,Home_Improvement,0
702815,28,53020.94,26211.47,576,0.0,1,2,Mortgage,Auto,1
702816,32,64004.44,20970.57,754,2.8,2,0,Own,Other,0
702817,59,52054.87,17688.86,660,5.1,0,0,Rent,Home_Improvement,0
702818,53,32902.54,14573.11,674,6.7,2,3,Rent,Medical,0
702819,42,71483.98,4522.41,642,13.5,3,3,Mortgage,Home_Improvement,0
702820,26,14000.0,1166.51,651,0.3,2,3,Rent,Other,0
702821,63,50020.35,1000.0,738,7.4,3,0,Own,Debt_Consolidation,0
702822,50,83461.42,20840.02,678,3.8,1,3,Mortgage,Debt_Consolidation,0
702823,53,64360.49,16045.54,638,8.9,2,2,Mortgage,Home_Improvement,0
702824,34,87031.29,19568.54,749,7.8,0,1,Own,Home_Improvement,0
702825,33,60262.6,4870.34,709,10.1,2,0,Mortgage,Debt_Consolidation,0
702826,31,71898.83,16803.01,670,11.7,2,0,Mortgage,Debt_Consolidation,0
702827,52,58659.06,27409.19,654,12.7,1,0,Mortgage,Auto,0
702828,42,46974.82,8609.13,730,8.5,2,3,Rent,Home_Improvement,1
702829,61,66810.7,11280.82,539,8.6,4,1,Mortgage,Auto,0
702830,40,81346.22,12563.47,592,9.2,4,2,Rent,Medical,0
702831,64,14000.0,37276.84,757,13.8,0,2,Rent,Debt_Consolidation,1
702832,41,37273.67,27807.77,636,2.7,1,2,Mortgage,Home_Improvement,1
702833,48,14000.0,36115.37,624,9.5,1,0,Mortgage,Home_Improvement,1
702834,26,34085.43,43222.83,774,20.9,2,3,Own,Debt_Consolidation,1
702835,26,25373.91,13880.81,743,4.5,0,0,Own,Debt_Consolidation,1
702836,46,45025.83,19573.48,672,0.0,2,0,Mortgage,Home_Improvement,0
702837,50,49469.44,1000.0,716,9.2,1,2,Own,Other,0
702838,61,80223.33,17400.79,678,17.7,0,1,Own,Auto,0
702839,57,86931.55,11050.04,649,0.0,4,1,Rent,Debt_Consolidation,0
702840,21,36785.91,16731.66,734,10.6,0,0,Mortgage,Other,0
702841,25,44355.94,17442.77,736,10.8,0,2,Rent,Auto,0
702842,24,71801.43,1000.0,652,2.4,4,0,Rent,Other,0
702843,42,40620.89,19443.87,664,3.5,1,1,Mortgage,Auto,0
702844,47,46447.26,11470.77,537,1.6,2,0,Rent,Auto,1
702845,30,14000.0,3002.96,597,3.0,3,1,Rent,Home_Improvement,0
702846,35,74278.39,9693.12,562,9.3,0,3,Rent,Auto,0
702847,41,62786.69,23930.1,742,6.6,0,1,Own,Debt_Consolidation,0
702848,32,32745.63,8991.13,758,12.2,4,1,Own,Other,0
702849,31,23845.81,29971.74,557,8.3,3,2,Mortgage,Medical,1
702850,65,30204.2,20937.16,689,14.4,3,1,Mortgage,Debt_Consolidation,1
702851,31,67092.56,15382.32,765,5.9,0,3,Own,Medical,0
702852,34,44426.17,5776.1,701,8.8,1,1,Mortgage,Auto,0
702853,25,26354.05,6525.64,544,12.3,3,1,Mortgage,Other,0
702854,62,48312.24,26778.89,604,8.8,0,2,Rent,Home_Improvement,1
702855,49,77441.67,15177.29,691,11.5,0,3,Own,Home_Improvement,0
702856,48,87141.12,17703.07,727,8.0,2,0,Mortgage,Debt_Consolidation,1
702857,37,89435.09,17944.8,692,13.8,0,1,Rent,Auto,0
702858,22,59789.2,23846.96,690,0.0,1,1,Mortgage,Medical,0
702859,24,63179.9,22823.95,658,4.7,1,2,Rent,Debt_Consolidation,0
702860,32,64118.38,11573.33,718,6.5,2,1,Rent,Home_Improvement,0
702861,39,73372.99,18352.92,607,12.1,2,1,Mortgage,Debt_Consolidation,0
702862,24,71552.02,13374.23,692,6.9,3,1,Rent,Other,0
702863,29,33498.68,20631.48,618,14.5,3,2,Own,Auto,1
702864,45,39089.72,1000.0,692,3.9,4,0,Mortgage,Debt_Consolidation,0
702865,54,47691.39,12990.68,444,4.6,3,0,Mortgage,Debt_Consolidation,0
702866,61,74465.58,28504.57,687,12.9,2,0,Rent,Debt_Consolidation,0
702867,48,44662.64,2244.02,589,5.4,0,3,Own,Medical,0
702868,23,38339.1,8177.27,703,0.0,4,3,Mortgage,Other,0
702869,50,82200.8,17262.29,498,4.7,1,1,Rent,Auto,1
702870,22,92962.18,2563.4,674,19.2,0,3,Mortgage,Other,0
702871,32,34977.41,15712.94,570,0.1,3,1,Mortgage,Home_Improvement,1
702872,22,53843.61,18043.87,641,3.2,2,1,Rent,Other,0
702873,28,85498.04,22781.51,593,10.5,0,0,Mortgage,Home_Improvement,0
702874,33,47436.05,16779.59,472,3.0,4,2,Mortgage,Home_Improvement,1
702875,50,79729.71,17951.5,777,16.5,1,2,Own,Other,0
702876,28,22534.72,10542.47,668,1.7,1,0,Own,Home_Improvement,0
702877,48,51856.34,17528.61,602,9.6,4,0,Rent,Debt_Consolidation,0
702878,64,73324.04,17687.75,706,5.0,3,2,Own,Home_Improvement,0
702879,36,94733.57,19834.12,503,3.6,3,3,Own,Other,0
702880,55,80508.87,22608.99,617,2.9,3,0,Mortgage,Auto,1
702881,49,17560.88,22706.79,730,13.9,0,0,Mortgage,Debt_Consolidation,1
702882,63,19620.91,22100.14,591,7.9,4,2,Own,Other,1
702883,35,35919.6,17801.4,655,0.0,4,0,Own,Home_Improvement,0
702884,47,77459.9,15979.52,750,11.3,4,3,Mortgage,Auto,0
702885,35,75013.22,10036.56,631,0.8,3,1,Own,Auto,0
702886,57,83742.53,21928.12,648,7.8,3,2,Rent,Other,0
702887,22,74063.28,27755.91,626,0.0,1,3,Mortgage,Auto,0
702888,52,43126.07,10347.42,676,14.7,4,2,Own,Auto,0
702889,23,47890.59,21661.63,682,10.2,4,2,Own,Debt_Consolidation,0
702890,34,35322.66,13997.53,605,3.6,0,1,Rent,Debt_Consolidation,0
702891,53,77481.11,13446.05,790,3.8,4,3,Own,Auto,0
702892,50,26241.35,4934.84,621,16.5,4,3,Mortgage,Auto,0
702893,39,58639.71,12540.55,577,17.1,3,2,Rent,Debt_Consolidation,0
702894,34,63121.71,21607.03,617,11.0,4,2,Mortgage,Auto,0
702895,43,87234.47,20246.51,721,9.6,0,3,Mortgage,Other,0
702896,41,38389.87,23767.44,657,3.4,0,1,Mortgage,Home_Improvement,1
702897,31,66869.65,8376.34,690,8.0,1,2,Rent,Auto,0
702898,58,32589.7,1000.0,421,10.4,1,3,Own,Auto,0
702899,38,82211.41,22480.69,665,0.0,1,1,Mortgage,Home_Improvement,0
702900,30,48203.42,14749.98,650,6.8,2,3,Rent,Debt_Consolidation,0
702901,32,49571.56,22090.25,523,0.0,0,3,Mortgage,Debt_Consolidation,1
702902,28,33799.53,34013.23,580,0.0,2,3,Own,Other,1
702903,60,42225.57,26104.6,729,3.4,4,0,Rent,Auto,1
702904,59,41240.54,1000.0,764,11.7,3,1,Mortgage,Auto,0
702905,29,42152.99,10114.02,555,5.3,3,0,Rent,Debt_Consolidation,0
702906,41,85439.44,11744.43,499,7.2,2,2,Rent,Home_Improvement,0
702907,46,32934.71,31488.81,638,9.4,2,3,Mortgage,Other,1
702908,28,63042.61,7381.93,656,4.3,3,0,Mortgage,Auto,0
702909,21,77571.52,11671.68,589,3.1,1,0,Own,Debt_Consolidation,0
702910,35,29381.14,26211.33,552,7.5,3,0,Own,Other,1
702911,60,14000.0,1000.0,445,9.8,0,3,Mortgage,Other,0
702912,33,68607.01,9272.83,660,0.8,1,0,Rent,Other,0
702913,52,16763.39,1000.0,601,2.5,1,0,Mortgage,Debt_Consolidation,0
702914,61,38124.19,3810.88,468,8.6,0,0,Own,Debt_Consolidation,0
702915,29,54714.35,19639.71,573,11.4,2,2,Mortgage,Auto,1
702916,42,63810.07,15313.63,646,7.2,4,2,Mortgage,Medical,1
702917,40,50570.03,13478.73,592,6.5,2,0,Own,Home_Improvement,0
702918,62,39926.58,14291.9,785,9.2,3,1,Own,Medical,0
702919,47,81363.44,10425.88,630,3.7,3,3,Rent,Debt_Consolidation,0
702920,42,62589.28,14207.91,626,2.6,4,0,Rent,Home_Improvement,0
702921,35,104075.22,20142.54,745,13.6,1,0,Own,Home_Improvement,0
702922,63,35100.99,6921.68,691,11.9,3,1,Mortgage,Home_Improvement,0
702923,26,54918.73,16472.1,723,5.9,2,3,Rent,Debt_Consolidation,0
702924,62,56085.22,10305.3,644,6.4,1,2,Mortgage,Auto,0
702925,48,70322.57,24738.62,568,10.9,4,2,Own,Medical,1
702926,46,62797.84,27724.1,720,6.4,2,1,Rent,Auto,1
702927,44,57772.09,22020.95,496,4.9,2,2,Rent,Home_Improvement,1
702928,56,104968.61,25839.5,630,10.9,2,0,Mortgage,Auto,0
702929,29,53300.76,10513.34,567,4.5,1,1,Own,Other,1
702930,33,67957.64,12091.81,627,2.6,0,1,Rent,Home_Improvement,1
702931,31,61808.11,17559.88,640,3.9,4,2,Mortgage,Debt_Consolidation,0
702932,26,42359.04,12529.63,696,0.0,2,0,Mortgage,Auto,0
702933,22,75358.97,21640.15,452,6.3,2,0,Mortgage,Debt_Consolidation,1
702934,48,14000.0,13858.29,676,5.6,4,2,Mortgage,Auto,1
702935,48,85112.87,2612.48,767,9.5,2,1,Rent,Debt_Consolidation,0
702936,23,19373.68,5258.11,797,7.1,3,2,Mortgage,Medical,1
702937,48,49586.66,18316.47,617,8.1,2,0,Own,Other,0
702938,42,59706.44,39929.2,771,6.9,4,3,Rent,Home_Improvement,0
702939,44,45261.04,16867.68,580,5.3,0,2,Rent,Debt_Consolidation,1
702940,48,44555.3,1000.0,652,6.4,2,2,Rent,Home_Improvement,0
702941,46,86430.21,18103.76,687,7.3,4,3,Rent,Home_Improvement,0
702942,55,115548.21,8524.81,560,4.8,3,1,Mortgage,Debt_Consolidation,0
702943,64,82672.8,2011.14,629,17.1,1,0,Mortgage,Auto,0
702944,61,61217.07,42533.66,543,8.8,1,2,Mortgage,Debt_Consolidation,1
702945,36,41990.31,40185.09,729,6.0,1,1,Mortgage,Debt_Consolidation,1
702946,30,38561.34,15182.03,654,9.3,0,0,Own,Debt_Consolidation,0
702947,33,86752.53,15270.53,850,13.1,0,1,Rent,Home_Improvement,0
702948,59,79061.69,12750.57,627,2.6,0,3,Mortgage,Debt_Consolidation,0
702949,36,89400.46,24101.13,652,6.1,0,1,Mortgage,Home_Improvement,0
702950,43,81702.3,24280.92,821,2.9,2,1,Own,Debt_Consolidation,0
702951,25,89573.25,26847.03,686,8.3,1,3,Rent,Other,0
702952,49,42657.67,4562.53,713,4.5,1,2,Rent,Debt_Consolidation,0
702953,40,38108.98,12889.74,530,11.4,0,1,Rent,Debt_Consolidation,0
702954,41,32588.93,23961.83,710,1.0,1,0,Own,Auto,1
702955,51,56567.43,17289.34,548,12.0,1,3,Mortgage,Auto,0
702956,59,52550.13,1000.0,673,12.9,0,0,Own,Home_Improvement,0
702957,45,59927.27,15798.51,541,6.8,3,0,Rent,Auto,0
702958,34,27927.26,26053.7,742,5.4,4,3,Rent,Debt_Consolidation,1
702959,35,61394.36,1000.0,685,8.6,0,3,Rent,Home_Improvement,0
702960,21,76804.61,31649.65,493,19.2,0,3,Own,Other,1
702961,63,59093.54,14197.26,552,3.3,1,3,Rent,Medical,0
702962,58,14000.0,31031.62,665,0.0,1,2,Mortgage,Debt_Consolidation,1
702963,28,56625.58,25722.42,559,2.6,2,2,Own,Debt_Consolidation,1
702964,50,48495.33,19696.08,637,11.6,3,2,Rent,Auto,1
702965,46,79452.23,14991.48,607,6.4,3,1,Mortgage,Debt_Consolidation,1
702966,53,53294.91,14155.25,536,4.8,4,3,Rent,Medical,0
702967,26,72559.24,8784.21,639,0.6,2,0,Mortgage,Other,0
702968,26,47793.99,17374.01,700,5.9,0,2,Mortgage,Other,0
702969,51,65116.18,19311.44,724,8.2,3,0,Mortgage,Auto,0
702970,30,80772.31,1000.0,595,0.0,4,0,Own,Debt_Consolidation,0
702971,45,50595.73,9524.84,692,11.4,0,0,Own,Home_Improvement,0
702972,49,64680.84,1000.0,574,14.3,3,1,Rent,Auto,0
702973,63,61112.23,1000.0,671,5.6,4,0,Mortgage,Home_Improvement,0
702974,54,72019.17,7501.04,522,0.0,3,3,Mortgage,Auto,0
702975,61,54282.67,20467.46,700,19.7,3,1,Mortgage,Medical,0
702976,50,68721.05,15572.06,630,8.8,0,0,Mortgage,Auto,0
702977,50,14000.0,16521.02,548,9.1,2,0,Mortgage,Other,1
702978,47,51550.44,10709.3,782,8.2,0,1,Rent,Other,0
702979,56,77203.0,3930.06,810,2.6,2,1,Mortgage,Debt_Consolidation,0
702980,50,73394.69,23983.37,584,0.0,3,1,Mortgage,Auto,1
702981,58,33814.34,22562.97,685,3.4,1,1,Own,Home_Improvement,1
702982,27,37781.34,3483.85,729,12.6,4,2,Mortgage,Medical,0
702983,23,66745.16,12282.43,700,9.2,0,0,Mortgage,Medical,0
702984,41,65830.56,19189.94,653,6.1,0,2,Rent,Other,0
702985,57,68370.14,4336.6,616,0.0,2,0,Rent,Medical,0
702986,35,58672.69,7073.9,637,8.1,4,1,Mortgage,Medical,0
702987,53,59715.62,19868.6,616,0.7,3,2,Rent,Auto,0
702988,54,82191.34,16704.86,804,4.8,3,1,Mortgage,Home_Improvement,0
702989,56,34589.95,25314.46,540,12.6,4,3,Rent,Debt_Consolidation,1
702990,44,23679.04,12522.11,632,10.5,4,3,Own,Debt_Consolidation,1
702991,61,81516.25,22133.5,681,2.4,4,3,Mortgage,Debt_Consolidation,1
702992,53,38659.99,21006.83,573,0.0,3,2,Own,Other,1
702993,47,73703.8,35191.65,718,6.7,3,2,Mortgage,Auto,0
702994,52,40731.85,7913.89,614,3.4,3,0,Mortgage,Home_Improvement,0
702995,47,30452.41,15240.84,762,9.5,0,0,Mortgage,Home_Improvement,1
702996,61,94347.78,5699.27,520,8.0,0,1,Own,Home_Improvement,0
702997,49,55384.06,22159.45,850,13.4,4,1,Mortgage,Auto,1
702998,59,23075.19,23213.31,742,4.1,2,1,Own,Debt_Consolidation,1
702999,59,51713.13,32988.06,793,1.0,3,0,Own,Debt_Consolidation,1
703000,23,52839.85,14040.94,700,9.7,2,1,Rent,Other,0
703001,34,51890.9,24714.62,572,0.0,4,1,Rent,Debt_Consolidation,1
703002,51,60913.75,18499.68,595,0.8,2,3,Mortgage,Debt_Consolidation,0
703003,50,29109.7,33552.03,551,8.5,1,1,Own,Debt_Consolidation,1
703004,37,49999.36,16803.55,478,11.3,0,0,Own,Debt_Consolidation,0
703005,58,67695.48,14434.35,692,5.8,3,2,Mortgage,Auto,0
703006,25,71740.49,25078.32,590,1.6,1,2,Rent,Other,1
703007,38,58879.74,15549.72,652,0.0,0,3,Mortgage,Debt_Consolidation,0
703008,42,37482.71,9361.25,767,0.0,2,3,Rent,Auto,0
703009,27,14000.0,1000.0,529,7.4,1,3,Rent,Home_Improvement,0
703010,58,92036.3,21299.74,703,1.6,3,2,Rent,Debt_Consolidation,0
703011,23,29844.81,29240.76,539,0.0,0,2,Mortgage,Other,1
703012,56,45908.86,17853.48,606,4.1,2,1,Mortgage,Auto,0
703013,61,57149.18,26804.15,577,0.0,2,2,Rent,Auto,1
703014,25,67556.48,12643.44,649,8.2,1,1,Mortgage,Debt_Consolidation,0
703015,40,56233.6,24226.96,550,0.0,1,2,Rent,Debt_Consolidation,1
703016,30,37170.14,25346.85,673,11.2,1,3,Own,Other,1
703017,59,55884.65,12475.32,565,4.2,4,2,Rent,Auto,1
703018,52,106732.34,2359.13,646,4.7,2,0,Rent,Debt_Consolidation,0
703019,34,117122.38,13874.76,647,7.0,2,1,Mortgage,Auto,0
703020,64,51589.47,16774.9,643,0.0,4,0,Own,Debt_Consolidation,0
703021,29,72422.55,23806.95,768,6.1,0,0,Own,Debt_Consolidation,0
703022,24,14784.29,1000.0,665,3.7,3,0,Rent,Auto,0
703023,39,62028.49,31452.17,606,2.3,0,2,Rent,Debt_Consolidation,1
703024,24,74082.59,22501.81,587,8.5,3,3,Rent,Home_Improvement,0
703025,47,49694.24,13816.67,741,3.3,2,1,Rent,Other,0
703026,52,100797.12,5552.15,569,13.5,4,3,Rent,Debt_Consolidation,0
703027,60,78084.8,9856.63,592,4.6,0,2,Own,Other,0
703028,48,71787.29,20604.76,659,8.0,0,1,Mortgage,Auto,0
703029,22,14000.0,20595.72,682,6.4,1,0,Rent,Debt_Consolidation,1
703030,57,42261.03,19941.74,666,9.3,2,0,Rent,Medical,0
703031,43,74175.1,1000.0,535,8.9,1,0,Own,Auto,0
703032,29,45237.97,11512.4,567,0.1,4,2,Rent,Debt_Consolidation,0
703033,49,14718.85,15871.77,489,9.4,0,0,Own,Auto,1
703034,43,43158.45,13953.23,470,6.2,3,3,Mortgage,Other,1
703035,37,93704.42,9767.48,519,11.2,3,1,Own,Debt_Consolidation,0
703036,57,73455.0,17730.64,681,3.5,4,1,Own,Other,0
703037,49,77974.58,28584.53,616,12.3,2,0,Rent,Debt_Consolidation,0
703038,38,61815.46,3111.86,472,10.9,4,3,Mortgage,Debt_Consolidation,0
703039,57,96020.91,28693.65,629,4.0,4,3,Mortgage,Auto,1
703040,38,14000.0,6375.2,633,3.0,4,0,Mortgage,Home_Improvement,0
703041,62,28428.12,6550.31,804,10.6,1,0,Mortgage,Home_Improvement,0
703042,22,103404.15,5928.5,709,9.2,4,1,Rent,Auto,0
703043,40,82550.3,24136.46,694,5.2,2,0,Mortgage,Debt_Consolidation,0
703044,56,63098.58,21012.7,815,14.0,3,1,Mortgage,Other,0
703045,45,49002.72,27088.25,713,9.8,0,3,Mortgage,Auto,1
703046,41,14000.0,8230.18,563,9.6,1,3,Mortgage,Debt_Consolidation,1
703047,43,46984.33,4205.02,544,6.3,2,1,Rent,Medical,0
703048,38,53870.71,37695.2,790,3.0,0,1,Mortgage,Medical,0
703049,59,35022.86,21783.27,833,2.1,3,3,Rent,Debt_Consolidation,0
703050,50,90413.52,1000.0,789,0.0,0,2,Rent,Debt_Consolidation,0
703051,64,82124.72,5610.01,804,5.6,3,1,Rent,Other,0
703052,59,50492.47,16788.25,850,7.3,2,3,Own,Debt_Consolidation,0
703053,65,79025.12,31040.03,771,0.0,1,3,Mortgage,Auto,0
703054,59,56298.76,35395.73,623,7.7,0,2,Own,Home_Improvement,1
703055,41,63846.83,5372.23,641,6.0,3,0,Rent,Home_Improvement,1
703056,36,45764.24,23114.83,637,0.8,3,0,Rent,Home_Improvement,1
703057,32,117066.95,14198.06,621,0.0,0,0,Own,Other,0
703058,48,21272.56,13153.35,596,1.7,4,0,Rent,Auto,1
703059,38,53904.9,11972.23,624,15.2,3,3,Own,Auto,0
703060,38,82298.06,3752.75,793,11.7,1,3,Rent,Debt_Consolidation,0
703061,52,82086.9,6998.05,850,3.7,3,2,Mortgage,Debt_Consolidation,0
703062,58,18265.32,12545.37,723,10.8,4,1,Rent,Home_Improvement,1
703063,56,34573.99,20802.65,555,15.8,2,1,Rent,Debt_Consolidation,1
703064,56,55045.16,2020.35,580,0.0,0,2,Mortgage,Medical,1
703065,57,38105.57,30851.73,648,13.5,4,2,Rent,Debt_Consolidation,1
703066,50,41245.96,12382.23,671,0.0,0,3,Rent,Debt_Consolidation,0
703067,25,51315.75,24281.89,694,9.3,4,1,Mortgage,Home_Improvement,0
703068,58,53642.63,6250.76,679,9.0,3,3,Own,Other,0
703069,57,83955.69,4033.66,815,4.7,1,3,Mortgage,Debt_Consolidation,0
703070,43,16408.96,27556.04,718,12.3,4,1,Rent,Debt_Consolidation,1
703071,35,82875.39,21940.99,762,6.2,1,2,Mortgage,Auto,1
703072,46,51953.37,1000.0,699,6.6,2,0,Own,Debt_Consolidation,0
703073,57,71499.16,21140.04,738,4.6,1,3,Rent,Debt_Consolidation,0
703074,28,49045.25,1000.0,614,0.0,4,0,Mortgage,Debt_Consolidation,0
703075,33,114080.56,20694.27,636,7.0,1,1,Rent,Home_Improvement,0
703076,52,14064.68,24040.41,779,5.8,0,2,Mortgage,Medical,1
703077,50,86038.59,16132.55,517,0.0,0,0,Mortgage,Medical,1
703078,33,46749.89,12752.5,555,7.7,0,2,Mortgage,Debt_Consolidation,0
703079,56,51938.93,14257.78,775,1.7,4,1,Rent,Auto,0
703080,46,91757.25,15409.22,725,10.0,2,0,Rent,Debt_Consolidation,0
703081,36,52665.34,7574.22,596,14.2,3,1,Mortgage,Debt_Consolidation,0
703082,21,79370.92,20383.44,571,11.8,0,0,Rent,Debt_Consolidation,0
703083,59,92588.25,9882.53,790,10.9,3,0,Mortgage,Auto,0
703084,38,43243.34,1000.0,633,6.4,4,2,Own,Auto,0
703085,43,106393.71,19173.76,788,15.4,4,0,Own,Debt_Consolidation,0
703086,48,88047.33,34227.92,709,7.9,2,2,Own,Auto,0
703087,61,52365.01,26878.8,695,0.0,1,2,Mortgage,Home_Improvement,1
703088,49,63104.11,14308.82,661,2.1,2,1,Mortgage,Medical,0
703089,51,40548.37,8515.41,603,8.0,4,1,Own,Home_Improvement,0
703090,46,64852.95,10800.02,583,10.6,2,3,Mortgage,Other,0
703091,47,78802.21,29743.69,598,7.4,0,1,Mortgage,Debt_Consolidation,1
703092,32,82020.43,23840.47,813,10.5,0,3,Rent,Auto,0
703093,45,63248.36,7333.91,752,12.1,1,3,Mortgage,Other,0
703094,50,45340.24,18520.28,777,0.0,0,3,Rent,Debt_Consolidation,0
703095,36,42266.59,31427.8,612,4.6,3,1,Mortgage,Debt_Consolidation,0
703096,50,34753.68,16992.65,630,4.0,2,1,Mortgage,Debt_Consolidation,0
703097,51,51097.13,17489.34,498,0.0,2,0,Rent,Home_Improvement,1
703098,47,72334.7,10514.79,626,0.0,4,3,Mortgage,Debt_Consolidation,0
703099,55,43799.83,1000.0,634,10.7,0,1,Mortgage,Home_Improvement,0
703100,37,41397.49,25187.73,477,6.9,0,3,Own,Debt_Consolidation,1
703101,38,32328.53,22817.32,624,8.9,3,3,Mortgage,Debt_Consolidation,1
703102,27,71583.93,23665.3,501,3.0,0,2,Rent,Auto,1
703103,52,51544.04,29187.11,656,9.9,2,1,Own,Debt_Consolidation,1
703104,46,18768.4,15475.28,746,0.0,2,2,Mortgage,Debt_Consolidation,1
703105,43,84485.6,12145.84,632,5.0,0,2,Mortgage,Debt_Consolidation,0
703106,23,83300.62,20780.88,622,0.0,1,1,Rent,Home_Improvement,0
703107,47,58238.84,3862.13,669,9.2,3,0,Rent,Debt_Consolidation,0
703108,62,49312.17,1000.0,650,6.8,3,3,Mortgage,Medical,0
703109,23,56925.99,12595.04,760,6.1,4,2,Rent,Debt_Consolidation,0
703110,36,35497.91,9810.67,576,6.1,3,0,Mortgage,Debt_Consolidation,1
703111,41,81947.02,7288.47,698,7.1,3,1,Mortgage,Other,0
703112,33,91128.27,17234.14,634,9.7,0,3,Mortgage,Home_Improvement,0
703113,27,82529.77,23617.69,515,8.4,1,3,Mortgage,Home_Improvement,1
703114,41,63505.95,9716.69,660,10.5,3,1,Rent,Auto,0
703115,65,63376.18,1000.0,713,5.3,2,1,Mortgage,Debt_Consolidation,0
703116,25,70574.18,1000.0,777,2.2,2,2,Rent,Debt_Consolidation,0
703117,28,98873.35,6925.22,521,1.8,2,3,Rent,Auto,0
703118,60,38615.31,13978.08,588,9.9,0,2,Own,Debt_Consolidation,1
703119,61,57317.73,16011.29,655,0.0,1,0,Rent,Debt_Consolidation,0
703120,65,41202.54,21220.73,413,10.7,1,2,Own,Debt_Consolidation,1
703121,25,28587.86,36986.81,609,7.0,0,1,Rent,Debt_Consolidation,1
703122,58,65776.95,6108.29,685,0.0,4,1,Own,Other,0
703123,48,84981.29,26680.12,819,7.2,2,3,Rent,Auto,0
703124,46,32286.48,14414.96,682,8.9,2,2,Own,Debt_Consolidation,0
703125,59,81481.5,18022.43,534,11.8,4,0,Rent,Debt_Consolidation,0
703126,63,73910.36,12951.35,697,14.6,0,3,Mortgage,Debt_Consolidation,1
703127,58,68958.95,27337.0,729,4.5,4,0,Mortgage,Debt_Consolidation,0
703128,35,90472.23,25008.17,474,0.0,2,3,Mortgage,Debt_Consolidation,0
703129,50,41905.28,31602.92,681,10.7,2,1,Mortgage,Other,1
703130,41,96559.33,37742.17,814,10.8,3,2,Mortgage,Debt_Consolidation,0
703131,42,49119.42,3093.36,689,10.9,0,0,Mortgage,Debt_Consolidation,0
703132,28,70786.29,15655.64,649,0.0,3,0,Mortgage,Auto,0
703133,41,20618.07,25915.29,567,12.2,3,2,Rent,Auto,1
703134,40,81142.42,27090.11,579,7.8,1,0,Own,Home_Improvement,0
703135,21,58416.49,22492.78,825,1.9,3,0,Rent,Other,0
703136,62,44143.79,9923.26,646,7.9,2,3,Own,Debt_Consolidation,0
703137,40,32966.88,37816.66,726,11.7,4,2,Own,Auto,1
703138,50,62535.38,7826.73,753,0.0,1,3,Rent,Debt_Consolidation,0
703139,25,89605.52,26735.32,730,20.6,0,3,Mortgage,Home_Improvement,0
703140,45,70412.53,12803.73,661,13.9,3,1,Mortgage,Debt_Consolidation,0
703141,49,49463.68,14286.08,687,17.0,1,0,Mortgage,Auto,0
703142,45,39228.76,26089.86,511,11.9,4,1,Mortgage,Home_Improvement,1
703143,43,32457.65,8648.27,565,3.2,1,0,Mortgage,Debt_Consolidation,1
703144,49,49719.66,25133.45,658,11.8,3,0,Mortgage,Medical,0
703145,58,19044.76,18092.37,758,1.7,0,0,Rent,Other,1
703146,48,48533.19,6535.45,850,18.3,1,1,Own,Other,0
703147,21,83878.68,16335.78,623,8.0,3,3,Own,Debt_Consolidation,0
703148,41,56087.32,19471.87,784,8.5,3,2,Own,Debt_Consolidation,1
703149,39,53805.15,23891.92,734,0.0,2,3,Mortgage,Debt_Consolidation,0
703150,43,43084.81,28187.9,614,10.4,4,1,Rent,Debt_Consolidation,1
703151,52,74627.83,2923.93,639,11.5,1,2,Rent,Auto,0
703152,25,72666.48,8931.17,547,3.2,3,1,Mortgage,Home_Improvement,0
703153,57,91623.4,9277.35,743,3.5,2,1,Mortgage,Debt_Consolidation,0
703154,40,40670.07,2435.2,819,0.0,4,2,Own,Home_Improvement,0
703155,44,30650.9,36630.24,632,3.5,1,1,Rent,Other,1
703156,51,42795.05,12052.91,657,2.5,2,2,Rent,Debt_Consolidation,1
703157,43,27775.01,13668.72,725,6.0,0,1,Mortgage,Debt_Consolidation,0
703158,31,56102.73,12503.03,724,6.0,0,2,Own,Home_Improvement,0
703159,40,46922.89,7692.91,579,11.1,2,0,Own,Debt_Consolidation,0
703160,33,36584.8,25901.96,706,12.8,0,3,Mortgage,Home_Improvement,1
703161,26,56045.17,18114.95,637,5.9,1,1,Rent,Auto,0
703162,57,81371.48,9780.68,780,0.0,2,3,Own,Other,0
703163,46,74421.55,13397.37,729,11.2,4,2,Mortgage,Debt_Consolidation,0
703164,27,42100.84,20663.71,552,14.4,3,3,Mortgage,Home_Improvement,1
703165,33,58027.42,19671.2,669,6.9,3,3,Mortgage,Medical,0
703166,29,64713.65,25283.08,748,9.6,4,2,Mortgage,Other,0
703167,43,73065.89,29435.02,679,2.1,2,0,Rent,Other,1
703168,57,48874.69,11519.06,559,13.6,1,0,Mortgage,Home_Improvement,0
703169,49,26217.63,6607.79,501,12.1,1,1,Rent,Home_Improvement,0
703170,26,65402.79,11733.46,587,2.1,2,2,Own,Other,1
703171,53,33813.79,17810.96,607,6.1,3,1,Rent,Auto,1
703172,34,48240.54,10315.56,595,1.1,0,3,Rent,Debt_Consolidation,0
703173,54,50658.53,19623.97,481,6.8,1,3,Rent,Debt_Consolidation,1
703174,61,79220.28,4109.43,691,7.9,3,3,Rent,Auto,0
703175,43,45798.06,16037.07,683,11.8,3,3,Own,Other,0
703176,39,61006.07,19740.84,574,7.5,1,0,Rent,Other,0
703177,65,51951.43,7886.88,720,7.5,3,0,Mortgage,Debt_Consolidation,0
703178,57,43926.86,24028.42,676,8.4,0,2,Own,Debt_Consolidation,1
703179,54,78189.25,32969.31,606,4.1,3,3,Rent,Auto,1
703180,55,45985.01,1000.0,686,5.6,1,2,Own,Debt_Consolidation,0
703181,46,68531.48,8353.43,596,4.2,2,3,Rent,Auto,0
703182,21,63955.87,14406.57,685,10.3,0,2,Own,Home_Improvement,1
703183,47,14000.0,24025.29,515,7.6,2,3,Own,Debt_Consolidation,1
703184,30,17505.6,6117.0,626,0.0,4,0,Mortgage,Medical,0
703185,63,14000.0,17924.22,518,5.6,4,1,Own,Debt_Consolidation,1
703186,62,64149.93,30606.21,698,8.5,2,0,Own,Other,0
703187,60,63309.2,19256.24,777,7.0,1,0,Mortgage,Debt_Consolidation,0
703188,35,44517.2,10687.86,822,1.7,0,0,Mortgage,Auto,0
703189,59,44528.54,10398.06,630,1.4,1,1,Mortgage,Medical,0
703190,39,49416.86,18702.36,529,3.6,4,3,Mortgage,Other,1
703191,45,41973.04,20810.67,728,4.5,2,3,Rent,Debt_Consolidation,0
703192,63,56154.95,20074.95,710,8.0,2,1,Rent,Auto,0
703193,44,56200.44,16384.34,564,4.3,1,0,Mortgage,Debt_Consolidation,0
703194,25,35736.08,1000.0,733,0.2,4,1,Mortgage,Home_Improvement,0
703195,54,91238.39,7851.72,676,6.5,0,1,Mortgage,Debt_Consolidation,0
703196,64,81308.31,13036.04,759,10.2,4,2,Own,Other,0
703197,32,47363.5,17855.74,589,4.6,0,2,Rent,Other,1
703198,50,109157.23,21597.59,562,13.3,0,2,Rent,Medical,0
703199,45,115898.8,9814.78,624,13.5,3,3,Own,Medical,0
703200,49,86908.8,23234.64,629,1.8,1,2,Mortgage,Auto,0
703201,56,85825.11,31881.99,695,9.1,4,2,Rent,Medical,0
703202,21,43248.46,21238.23,648,5.0,0,3,Mortgage,Other,1
703203,61,49698.39,24052.73,663,1.8,3,1,Rent,Other,0
703204,49,19366.03,11900.32,737,6.1,4,3,Rent,Debt_Consolidation,1
703205,35,47239.82,6062.87,610,4.6,3,3,Mortgage,Auto,0
703206,57,80678.11,20976.63,585,0.0,2,1,Mortgage,Debt_Consolidation,0
703207,48,47477.08,19945.57,744,10.4,2,1,Mortgage,Home_Improvement,0
703208,38,17071.33,26715.71,570,7.7,1,3,Mortgage,Other,1
703209,58,95741.24,12648.27,580,5.3,1,2,Own,Auto,0
703210,24,104495.19,5647.56,610,7.2,0,3,Own,Home_Improvement,0
703211,40,93638.25,5764.04,613,10.3,1,2,Mortgage,Home_Improvement,0
703212,26,20695.0,18286.24,775,7.1,2,3,Mortgage,Other,1
703213,55,77204.94,1000.0,492,4.8,2,3,Mortgage,Home_Improvement,0
703214,24,37481.51,28925.92,699,8.5,2,2,Rent,Other,1
703215,27,54047.0,11453.32,684,0.0,4,0,Mortgage,Debt_Consolidation,0
703216,39,74166.67,15579.34,575,12.0,0,1,Mortgage,Other,0
703217,61,94149.62,12842.9,683,4.9,4,0,Mortgage,Auto,0
703218,57,42393.91,31367.38,708,9.8,0,1,Own,Debt_Consolidation,1
703219,62,49048.2,2262.85,756,4.1,0,0,Rent,Other,0
703220,23,27075.71,22786.38,679,5.2,1,2,Own,Home_Improvement,1
703221,58,57592.04,19803.97,578,9.1,0,1,Mortgage,Auto,0
703222,39,34002.92,27482.52,803,8.6,4,1,Mortgage,Medical,1
703223,52,45501.69,24249.91,667,13.6,2,2,Rent,Debt_Consolidation,0
703224,39,75689.28,4996.99,723,8.0,0,1,Rent,Medical,0
703225,59,57125.09,1000.0,672,0.0,4,1,Rent,Auto,0
703226,38,60316.46,1000.0,674,14.6,1,2,Mortgage,Home_Improvement,0
703227,34,64181.27,12234.11,681,5.9,2,1,Rent,Other,0
703228,44,76738.42,20224.13,528,13.0,2,2,Own,Debt_Consolidation,0
703229,21,90749.1,16919.8,739,13.3,3,0,Mortgage,Auto,0
703230,45,29447.2,11254.27,747,4.6,2,1,Rent,Medical,0
703231,46,18756.07,20384.77,721,4.8,0,2,Mortgage,Home_Improvement,1
703232,30,69855.25,1000.0,663,0.0,2,0,Rent,Home_Improvement,0
703233,27,74170.23,28032.94,460,8.3,1,2,Rent,Debt_Consolidation,1
703234,56,90936.74,30227.01,582,0.0,3,1,Mortgage,Home_Improvement,0
703235,59,76330.11,27643.53,651,14.8,1,0,Mortgage,Debt_Consolidation,0
703236,44,99122.58,22679.51,586,10.4,4,3,Rent,Debt_Consolidation,1
703237,27,69792.8,33038.31,690,9.8,4,3,Mortgage,Debt_Consolidation,1
703238,36,42186.46,1000.0,715,6.3,1,3,Mortgage,Other,0
703239,61,81613.98,4753.5,628,7.1,4,0,Rent,Auto,0
703240,64,36005.95,15606.87,520,4.8,1,3,Rent,Home_Improvement,1
703241,28,40955.74,15394.5,498,0.0,0,0,Rent,Auto,1
703242,52,67305.61,11999.2,578,5.0,3,2,Rent,Debt_Consolidation,0
703243,62,51331.75,20576.46,727,4.8,3,3,Rent,Home_Improvement,0
703244,28,79971.47,12155.46,776,11.1,4,1,Mortgage,Debt_Consolidation,0
703245,52,48488.36,31917.15,651,1.2,4,0,Rent,Home_Improvement,0
703246,64,101505.36,16074.07,710,8.0,2,2,Rent,Debt_Consolidation,0
703247,25,32881.75,1000.0,745,10.0,0,0,Mortgage,Debt_Consolidation,0
703248,47,74504.72,11068.02,736,9.4,3,2,Rent,Medical,0
703249,34,46360.24,8086.79,584,2.3,2,2,Mortgage,Auto,0
703250,36,91596.19,1000.0,493,4.6,0,1,Rent,Debt_Consolidation,1
703251,34,43701.14,25051.61,622,1.6,3,3,Rent,Home_Improvement,0
703252,31,76000.26,5274.4,623,4.4,4,1,Rent,Other,0
703253,28,14000.0,1000.0,518,8.0,4,2,Rent,Debt_Consolidation,0
703254,24,39849.14,11086.08,709,4.3,3,0,Mortgage,Auto,0
703255,47,97456.55,33864.95,737,6.9,2,0,Mortgage,Medical,0
703256,31,62308.41,15781.19,639,6.9,1,3,Own,Auto,0
703257,49,59737.07,34620.94,502,10.5,0,3,Rent,Auto,1
703258,34,79089.33,22165.36,730,9.6,3,1,Mortgage,Auto,0
703259,41,115807.48,34209.3,489,9.8,1,1,Mortgage,Debt_Consolidation,0
703260,36,31268.15,22384.9,635,11.1,1,1,Mortgage,Auto,1
703261,27,55840.9,21642.34,737,5.6,4,2,Rent,Auto,0
703262,65,46729.01,1000.0,629,11.7,3,2,Mortgage,Debt_Consolidation,0
703263,49,74773.04,1172.01,746,7.8,4,0,Rent,Auto,0
703264,47,40803.54,1026.02,692,12.7,4,3,Rent,Auto,0
703265,34,20152.0,12111.91,747,8.1,0,0,Own,Debt_Consolidation,0
703266,29,21073.37,24923.21,801,13.4,2,1,Own,Debt_Consolidation,1
703267,23,73786.03,22635.79,738,8.0,0,2,Rent,Auto,0
703268,37,62928.86,21245.44,646,0.4,1,3,Mortgage,Debt_Consolidation,0
703269,56,78583.73,1000.0,665,4.6,2,3,Own,Debt_Consolidation,0
703270,40,19259.99,4573.29,586,8.2,3,2,Rent,Home_Improvement,0
703271,24,36127.67,12950.75,658,7.6,4,0,Mortgage,Other,0
703272,24,44741.43,20105.39,559,9.1,2,1,Mortgage,Debt_Consolidation,1
703273,52,78383.73,16426.96,637,5.1,1,0,Own,Auto,0
703274,42,68637.31,5601.48,521,4.9,2,3,Mortgage,Home_Improvement,0
703275,35,53779.75,1000.0,816,0.0,0,1,Rent,Home_Improvement,0
703276,43,33656.24,24842.82,698,11.4,0,2,Rent,Home_Improvement,1
703277,21,62500.99,4589.52,682,11.8,0,2,Rent,Auto,0
703278,61,46452.46,13080.63,696,11.4,4,0,Mortgage,Auto,0
703279,40,79367.82,14903.7,543,0.0,0,2,Rent,Medical,0
703280,40,100059.5,19564.41,660,3.6,1,1,Own,Home_Improvement,0
703281,25,60833.67,7131.73,603,4.0,2,3,Rent,Home_Improvement,0
703282,51,30934.38,2557.04,665,6.7,0,2,Rent,Debt_Consolidation,0
703283,49,115424.41,12825.0,727,1.3,3,2,Mortgage,Debt_Consolidation,0
703284,51,73328.08,5870.39,620,16.1,1,2,Rent,Debt_Consolidation,0
703285,36,70971.98,16370.82,575,11.0,3,3,Mortgage,Debt_Consolidation,0
703286,28,60810.4,1000.0,664,6.2,0,3,Rent,Home_Improvement,0
703287,54,62213.04,10778.02,662,4.7,3,3,Rent,Other,1
703288,46,60313.12,1910.76,672,0.0,1,1,Rent,Debt_Consolidation,0
703289,43,64395.04,36957.61,661,11.6,4,3,Rent,Other,0
703290,41,21930.37,1000.0,758,8.2,0,1,Rent,Home_Improvement,0
703291,62,40890.85,9522.22,674,8.4,2,0,Rent,Home_Improvement,0
703292,28,55944.9,11551.69,688,11.4,1,3,Rent,Other,0
703293,50,61695.04,9099.89,608,2.0,3,2,Mortgage,Auto,1
703294,22,62877.92,1766.04,592,0.0,0,0,Own,Medical,0
703295,32,68527.39,5087.89,683,17.6,4,3,Mortgage,Home_Improvement,0
703296,65,14193.68,13015.91,638,4.3,1,1,Own,Debt_Consolidation,1
703297,28,34833.83,30176.61,496,10.2,1,3,Rent,Auto,1
703298,25,42042.01,28463.34,693,0.0,0,3,Rent,Auto,1
703299,39,61365.01,33821.85,639,9.8,3,1,Own,Debt_Consolidation,1
703300,60,53526.92,10305.1,697,15.4,0,3,Mortgage,Home_Improvement,0
703301,48,105922.91,17653.77,685,8.9,2,0,Mortgage,Other,0
703302,37,48996.43,29376.79,649,0.0,2,2,Rent,Debt_Consolidation,1
703303,54,52300.36,21774.64,559,3.7,2,1,Mortgage,Debt_Consolidation,1
703304,24,20797.56,18568.45,642,0.0,3,3,Rent,Debt_Consolidation,1
703305,65,102151.06,17366.78,613,5.7,4,1,Rent,Auto,0
703306,64,60149.98,25077.42,661,11.3,0,1,Mortgage,Home_Improvement,1
703307,24,55412.36,10892.92,700,10.0,2,1,Mortgage,Debt_Consolidation,0
703308,50,42624.95,19577.15,670,4.6,4,3,Rent,Debt_Consolidation,0
703309,50,60276.62,8069.54,559,7.9,4,2,Own,Other,0
703310,39,49737.64,24106.74,522,6.7,2,3,Mortgage,Debt_Consolidation,1
703311,44,87496.98,22118.22,690,0.0,1,0,Mortgage,Medical,0
703312,58,38728.3,16116.06,499,2.4,0,3,Own,Debt_Consolidation,1
703313,50,47749.96,2647.46,696,8.5,3,2,Rent,Auto,0
703314,52,45389.79,14993.66,683,15.9,1,0,Mortgage,Auto,0
703315,26,72428.66,32737.21,564,6.6,0,0,Mortgage,Auto,1
703316,39,66219.48,10462.94,595,7.2,4,3,Mortgage,Home_Improvement,0
703317,56,81974.29,19398.1,600,0.8,4,2,Rent,Auto,0
703318,53,71315.71,1000.0,602,9.9,2,1,Rent,Auto,0
703319,32,72034.62,5030.74,660,0.0,2,3,Rent,Debt_Consolidation,0
703320,54,59603.7,15493.64,527,8.5,3,3,Mortgage,Auto,1
703321,57,80118.04,25027.24,686,9.4,1,2,Own,Debt_Consolidation,0
703322,28,69967.93,24222.91,601,6.6,4,2,Rent,Auto,0
703323,64,66319.88,9627.87,603,3.5,0,1,Mortgage,Medical,0
703324,53,19638.4,35141.95,707,3.1,0,0,Own,Auto,1
703325,49,47031.38,1000.0,677,13.5,2,2,Own,Other,0
703326,62,41683.91,1000.0,499,11.1,1,3,Mortgage,Medical,0
703327,29,14460.78,26688.97,597,8.1,1,0,Own,Debt_Consolidation,1
703328,51,89809.38,28915.46,575,11.4,3,1,Rent,Debt_Consolidation,0
703329,48,93222.53,33469.11,741,4.7,1,0,Rent,Debt_Consolidation,0
703330,56,84453.94,6730.9,630,6.8,4,2,Mortgage,Home_Improvement,0
703331,32,72053.74,1227.53,657,3.4,2,3,Rent,Medical,1
703332,65,94097.31,1000.0,693,3.3,1,3,Mortgage,Other,0
703333,61,17777.67,5682.66,766,5.3,0,0,Own,Debt_Consolidation,0
703334,56,88904.77,20040.73,642,12.3,3,0,Mortgage,Home_Improvement,0
703335,39,14000.0,11482.64,673,3.4,0,1,Rent,Debt_Consolidation,1
703336,42,62001.36,11489.3,736,4.5,3,3,Rent,Home_Improvement,0
703337,55,60994.5,21928.12,640,6.6,0,1,Rent,Debt_Consolidation,0
703338,46,70498.27,13323.9,785,13.4,0,3,Mortgage,Debt_Consolidation,0
703339,40,73879.87,17293.7,725,2.2,4,3,Mortgage,Debt_Consolidation,0
703340,55,75263.78,30702.04,689,20.9,1,2,Rent,Debt_Consolidation,0
703341,41,41205.05,8281.12,798,6.1,1,0,Rent,Home_Improvement,0
703342,49,41762.79,16501.27,678,5.2,2,1,Rent,Debt_Consolidation,1
703343,25,37988.39,7578.48,841,7.7,4,3,Own,Home_Improvement,0
703344,24,61149.6,23079.57,654,4.3,1,2,Own,Auto,0
703345,30,49765.21,3465.01,701,5.1,3,1,Rent,Debt_Consolidation,0
703346,23,19679.69,5875.61,697,2.0,1,0,Rent,Home_Improvement,0
703347,30,81133.82,22301.73,625,16.7,2,0,Mortgage,Other,0
703348,33,30511.41,1000.0,648,1.4,3,2,Rent,Auto,0
703349,50,46161.43,34294.71,735,10.7,0,3,Mortgage,Home_Improvement,1
703350,57,40075.15,21950.39,517,10.3,3,3,Own,Debt_Consolidation,1
703351,34,39967.13,13693.15,673,5.8,0,1,Rent,Home_Improvement,0
703352,30,71905.36,11856.89,837,10.7,4,1,Rent,Home_Improvement,0
703353,38,41235.2,20783.29,627,11.5,1,0,Mortgage,Home_Improvement,1
703354,35,23325.53,19715.22,701,10.6,4,2,Rent,Debt_Consolidation,1
703355,21,41965.71,5311.78,660,0.0,0,3,Rent,Other,0
703356,58,33059.83,17000.87,781,12.1,0,2,Rent,Debt_Consolidation,1
703357,54,20865.08,6691.29,850,11.0,4,0,Mortgage,Other,0
703358,26,79860.8,10263.76,574,8.0,2,0,Mortgage,Auto,0
703359,60,85644.24,15346.9,602,4.0,2,1,Rent,Auto,0
703360,33,23141.3,16365.92,707,5.4,1,0,Rent,Other,0
703361,30,95592.25,12477.5,807,0.0,4,1,Rent,Other,0
703362,32,101948.85,14636.42,477,12.1,0,2,Rent,Debt_Consolidation,1
703363,23,24469.78,11367.09,628,0.0,0,0,Mortgage,Debt_Consolidation,1
703364,23,67945.73,12393.16,645,13.0,4,1,Rent,Auto,0
703365,37,51134.72,31640.51,661,8.5,0,3,Rent,Debt_Consolidation,0
703366,54,77833.3,30306.68,795,14.0,1,1,Mortgage,Auto,0
703367,63,14000.0,6490.62,648,1.4,4,1,Mortgage,Auto,0
703368,35,72843.84,1000.0,722,3.2,0,2,Own,Debt_Consolidation,0
703369,23,48986.84,24023.82,536,6.2,3,1,Mortgage,Other,1
703370,39,69320.84,34784.23,680,0.0,2,2,Rent,Debt_Consolidation,0
703371,35,79146.8,13456.97,615,0.8,1,2,Rent,Home_Improvement,1
703372,35,14000.0,19746.56,801,9.4,1,1,Own,Other,1
703373,22,56632.39,16136.58,699,17.6,4,2,Rent,Auto,0
703374,23,57765.79,19332.26,590,0.9,4,0,Own,Debt_Consolidation,0
703375,31,72332.27,10702.67,647,11.0,2,2,Mortgage,Auto,0
703376,59,85221.61,15757.15,602,3.6,0,0,Mortgage,Auto,0
703377,22,76074.18,13520.1,590,7.5,0,3,Mortgage,Other,0
703378,27,39284.85,13086.54,640,10.5,4,1,Rent,Auto,0
703379,56,74917.37,17725.99,663,5.8,1,2,Rent,Home_Improvement,0
703380,33,39645.16,1791.34,547,6.7,0,0,Rent,Debt_Consolidation,0
703381,22,76394.53,27358.0,518,5.5,1,3,Mortgage,Debt_Consolidation,1
703382,53,53688.02,17022.91,707,6.6,3,0,Rent,Home_Improvement,0
703383,29,53555.2,18090.63,680,8.5,1,0,Rent,Debt_Consolidation,1
703384,36,61103.76,8782.41,656,10.3,2,0,Mortgage,Home_Improvement,0
703385,25,19535.79,1000.0,715,4.8,2,2,Rent,Debt_Consolidation,0
703386,43,50185.14,14840.62,612,4.5,2,1,Own,Home_Improvement,0
703387,55,29124.55,11143.79,636,4.4,4,2,Rent,Home_Improvement,0
703388,35,80189.53,1000.0,790,2.4,4,2,Own,Debt_Consolidation,0
703389,52,88450.88,27811.29,569,8.2,4,2,Mortgage,Debt_Consolidation,1
703390,46,23094.39,31431.12,793,12.2,2,3,Mortgage,Debt_Consolidation,1
703391,37,14000.0,12915.33,705,13.0,1,3,Own,Home_Improvement,1
703392,35,63628.14,20778.49,714,1.2,2,0,Rent,Auto,0
703393,48,44101.93,31122.72,636,4.0,1,2,Own,Debt_Consolidation,1
703394,41,35439.55,22315.67,741,6.1,3,3,Own,Other,0
703395,53,112866.64,1000.0,683,8.3,1,3,Mortgage,Home_Improvement,0
703396,21,47855.01,28522.47,570,13.0,4,2,Own,Home_Improvement,1
703397,38,33116.11,1000.0,628,5.9,3,3,Rent,Debt_Consolidation,0
703398,21,51173.37,11014.56,614,1.7,1,1,Rent,Other,0
703399,35,64758.72,31886.39,695,13.0,2,1,Mortgage,Other,0
703400,43,95733.47,7368.57,651,12.3,2,2,Own,Debt_Consolidation,0
703401,49,65251.99,1000.0,642,7.3,4,2,Own,Debt_Consolidation,0
703402,57,27745.82,14412.12,556,5.5,1,2,Own,Other,1
703403,30,46054.27,12545.53,697,1.0,2,1,Own,Debt_Consolidation,0
703404,65,102134.02,1000.0,623,5.2,1,2,Own,Debt_Consolidation,0
703405,40,16018.28,30508.63,605,0.0,4,2,Rent,Home_Improvement,1
703406,57,56721.7,15076.24,502,5.9,3,3,Rent,Debt_Consolidation,0
703407,25,86204.7,13732.61,686,6.5,0,0,Mortgage,Debt_Consolidation,0
703408,44,64348.72,15982.6,621,9.0,4,2,Mortgage,Medical,0
703409,65,52752.53,16464.7,535,12.0,1,0,Rent,Home_Improvement,0
703410,49,36619.5,29049.33,692,2.6,1,2,Mortgage,Other,0
703411,38,61769.95,13221.88,594,6.6,3,2,Rent,Home_Improvement,0
703412,51,70530.25,8960.29,714,8.1,2,3,Rent,Auto,0
703413,58,63295.61,20067.55,596,13.4,1,2,Mortgage,Home_Improvement,0
703414,53,82611.88,18209.41,769,3.2,4,1,Rent,Debt_Consolidation,0
703415,43,62881.08,22253.51,680,11.0,1,2,Mortgage,Home_Improvement,0
703416,65,89092.67,6438.85,517,11.5,3,0,Mortgage,Other,0
703417,61,61420.78,20137.93,669,6.1,1,2,Mortgage,Debt_Consolidation,0
703418,36,79937.47,21218.61,384,14.8,1,0,Mortgage,Medical,0
703419,43,50237.14,4892.52,573,2.2,2,2,Own,Debt_Consolidation,0
703420,41,100001.83,20728.21,710,9.6,4,2,Rent,Medical,0
703421,26,88303.24,15066.59,588,5.5,4,1,Mortgage,Auto,0
703422,56,74747.16,29868.29,666,7.5,2,1,Mortgage,Debt_Consolidation,0
703423,28,34317.84,32474.28,720,9.3,4,0,Mortgage,Auto,1
703424,30,62697.72,18712.01,697,17.3,3,1,Mortgage,Debt_Consolidation,0
703425,51,14000.0,3863.36,759,0.0,3,1,Mortgage,Auto,0
703426,25,49408.3,14991.95,571,15.5,2,1,Rent,Other,1
703427,53,62100.67,6355.33,630,1.4,0,3,Rent,Debt_Consolidation,0
703428,61,37302.3,7058.02,674,0.0,2,2,Rent,Medical,0
703429,49,62013.7,28129.86,700,8.9,3,3,Rent,Auto,0
703430,21,74198.25,21018.39,541,6.6,4,1,Rent,Other,0
703431,50,101756.91,12186.5,528,11.5,2,3,Mortgage,Medical,0
703432,61,58631.46,4493.85,506,4.8,4,0,Mortgage,Medical,0
703433,62,20528.48,17350.99,620,9.3,3,2,Rent,Home_Improvement,1
703434,62,14000.0,28969.34,687,0.0,3,2,Mortgage,Debt_Consolidation,1
703435,22,54302.72,21300.9,617,3.7,4,0,Mortgage,Other,0
703436,28,79932.95,17629.18,643,1.1,3,1,Mortgage,Other,0
703437,47,85297.72,17857.77,718,0.0,3,0,Rent,Home_Improvement,0
703438,54,60681.48,29189.12,495,6.0,1,1,Mortgage,Medical,0
703439,46,42410.06,24197.97,590,17.8,2,3,Mortgage,Home_Improvement,1
703440,33,41374.01,17304.85,505,4.5,3,3,Mortgage,Home_Improvement,1
703441,29,54950.03,1000.0,737,11.4,1,0,Rent,Medical,0
703442,33,60537.8,22663.76,660,5.4,2,1,Rent,Home_Improvement,0
703443,58,72740.41,17551.71,755,12.9,2,0,Mortgage,Home_Improvement,0
703444,65,61257.56,15262.37,448,1.4,1,3,Mortgage,Other,0
703445,57,106688.51,27199.75,513,13.3,0,3,Mortgage,Debt_Consolidation,0
703446,60,62166.83,7669.15,579,7.7,0,2,Mortgage,Auto,0
703447,47,70292.03,18785.12,659,0.8,3,3,Rent,Home_Improvement,0
703448,55,83568.95,17010.82,663,1.4,0,0,Rent,Home_Improvement,0
703449,60,81240.59,1035.3,695,11.5,1,3,Own,Home_Improvement,0
703450,40,42897.39,13594.54,689,8.6,2,1,Mortgage,Debt_Consolidation,1
703451,53,19450.72,16996.99,540,0.7,2,3,Rent,Medical,1
703452,65,27137.81,26784.94,569,0.0,3,2,Mortgage,Debt_Consolidation,1
703453,21,67386.61,21204.32,572,3.4,0,3,Own,Debt_Consolidation,1
703454,46,72774.32,15546.56,750,1.2,4,0,Mortgage,Auto,0
703455,23,66790.07,23406.09,735,7.1,1,0,Mortgage,Other,0
703456,65,77568.91,1000.0,697,18.1,0,0,Rent,Debt_Consolidation,0
703457,41,89755.21,11411.24,626,9.2,1,0,Rent,Home_Improvement,0
703458,53,40078.89,7848.59,670,2.9,4,0,Own,Debt_Consolidation,0
703459,62,120141.78,20891.81,665,9.3,4,0,Rent,Home_Improvement,0
703460,23,122678.12,33352.96,842,4.3,3,1,Rent,Home_Improvement,0
703461,47,77014.96,23054.36,713,3.1,1,1,Mortgage,Other,0
703462,56,54482.11,25700.4,580,8.9,3,3,Mortgage,Auto,0
703463,60,64825.79,24128.82,610,0.0,3,0,Rent,Home_Improvement,0
703464,58,24873.19,32142.94,471,3.6,1,0,Own,Home_Improvement,1
703465,64,59333.79,4458.97,747,21.2,3,2,Mortgage,Debt_Consolidation,0
703466,60,39099.1,20662.75,553,2.1,4,0,Rent,Debt_Consolidation,1
703467,43,56423.24,7196.75,663,7.8,2,1,Rent,Medical,0
703468,48,51029.82,10879.59,527,10.2,1,0,Mortgage,Home_Improvement,0
703469,31,108428.52,23011.73,686,2.8,1,3,Rent,Home_Improvement,0
703470,22,38048.85,24382.64,683,4.0,2,0,Rent,Debt_Consolidation,0
703471,25,66219.29,14757.26,643,15.9,0,0,Own,Debt_Consolidation,0
703472,60,49005.74,26934.54,588,7.2,3,0,Rent,Medical,1
703473,65,96903.87,15746.35,850,3.9,2,0,Own,Auto,0
703474,39,84345.58,14643.92,706,1.1,2,1,Own,Home_Improvement,0
703475,30,22040.53,16225.38,677,13.9,1,1,Own,Auto,1
703476,29,35097.79,16637.79,638,12.6,2,1,Own,Debt_Consolidation,1
703477,64,65481.83,27514.99,655,6.8,0,0,Mortgage,Debt_Consolidation,1
703478,30,43876.72,26613.31,714,12.1,3,2,Mortgage,Home_Improvement,1
703479,36,69594.32,11922.14,660,6.7,0,1,Mortgage,Home_Improvement,0
703480,30,60733.24,14060.1,723,5.4,0,0,Rent,Other,0
703481,53,32802.96,11073.32,611,2.3,2,0,Mortgage,Home_Improvement,1
703482,57,51578.69,21356.57,696,11.1,1,0,Mortgage,Auto,0
703483,57,70269.82,19425.2,653,4.7,3,3,Rent,Home_Improvement,0
703484,24,57046.39,20804.38,692,6.1,4,2,Mortgage,Home_Improvement,1
703485,65,62143.52,4879.61,654,10.8,2,1,Own,Debt_Consolidation,0
703486,62,67787.45,18769.48,613,13.2,0,2,Mortgage,Home_Improvement,0
703487,47,55880.08,9868.89,643,0.0,0,2,Rent,Home_Improvement,0
703488,21,91263.33,5501.89,655,7.9,1,1,Rent,Home_Improvement,0
703489,52,28354.56,16347.81,664,10.2,4,1,Rent,Other,1
703490,53,70149.93,12596.88,531,9.7,1,1,Rent,Debt_Consolidation,0
703491,23,46322.61,20847.88,700,0.0,0,0,Mortgage,Debt_Consolidation,0
703492,31,68547.67,20647.31,625,9.5,1,1,Own,Home_Improvement,1
703493,29,79149.41,15651.11,723,3.4,2,3,Mortgage,Auto,0
703494,44,74183.53,21230.14,689,11.7,1,2,Mortgage,Home_Improvement,0
703495,34,75090.59,18917.59,586,14.7,1,0,Mortgage,Auto,0
703496,28,77164.67,15321.92,573,6.2,4,0,Mortgage,Auto,1
703497,30,71663.21,7875.48,693,10.7,1,0,Rent,Home_Improvement,0
703498,61,53285.87,25775.95,632,3.7,2,2,Rent,Debt_Consolidation,0
703499,62,76510.54,25141.43,644,10.9,4,3,Own,Other,0
703500,28,82283.65,26341.78,635,10.7,4,2,Mortgage,Medical,0
703501,64,79721.78,6215.74,735,6.4,0,1,Mortgage,Home_Improvement,0
703502,42,65613.02,6218.12,663,7.8,0,1,Mortgage,Other,0
703503,28,65616.87,18080.57,599,1.2,0,1,Own,Auto,0
703504,48,14000.0,24616.11,590,4.7,4,1,Mortgage,Auto,1
703505,28,39122.71,16324.39,601,0.0,4,1,Rent,Other,1
703506,41,53972.82,27119.69,689,9.4,3,1,Mortgage,Other,0
703507,36,82877.09,5938.41,502,6.9,0,0,Mortgage,Home_Improvement,0
703508,30,87577.13,21677.22,601,0.0,3,0,Mortgage,Home_Improvement,0
703509,33,62166.81,1000.0,600,2.6,2,2,Mortgage,Debt_Consolidation,0
703510,34,31647.65,7995.89,697,4.3,3,3,Mortgage,Auto,0
703511,29,70415.98,5414.22,571,14.2,0,0,Mortgage,Medical,0
703512,63,82457.51,22061.66,631,6.0,4,1,Mortgage,Home_Improvement,0
703513,57,77085.11,10035.91,626,8.8,4,1,Rent,Debt_Consolidation,0
703514,26,41871.48,16090.05,652,8.2,0,2,Mortgage,Home_Improvement,0
703515,28,32698.21,24703.65,548,0.0,1,0,Mortgage,Other,1
703516,21,36970.39,9955.51,746,7.8,2,2,Own,Debt_Consolidation,0
703517,50,32719.41,25176.19,850,13.9,3,2,Mortgage,Debt_Consolidation,0
703518,61,82722.85,6619.0,582,10.6,0,3,Rent,Auto,0
703519,59,66136.5,29055.4,732,0.0,3,2,Own,Debt_Consolidation,0
703520,60,110635.16,6288.26,664,1.6,3,0,Rent,Auto,0
703521,46,98333.01,4208.85,729,9.8,2,1,Mortgage,Auto,0
703522,51,82950.91,20164.23,636,17.3,2,1,Mortgage,Debt_Consolidation,1
703523,39,42151.15,29786.39,725,0.7,1,2,Own,Debt_Consolidation,0
703524,42,74550.8,1000.0,753,7.3,4,0,Mortgage,Auto,0
703525,24,69453.18,25872.72,760,16.2,2,2,Mortgage,Medical,0
703526,63,24740.33,27757.69,541,9.0,3,2,Rent,Medical,1
703527,58,27988.64,19583.25,677,11.0,3,0,Own,Debt_Consolidation,1
703528,39,40801.4,2257.86,783,2.2,3,2,Own,Debt_Consolidation,0
703529,31,88923.35,5834.08,774,2.1,3,0,Rent,Auto,0
703530,21,49099.21,20766.33,626,0.0,4,3,Own,Auto,1
703531,29,25151.16,1000.0,589,11.8,3,1,Own,Other,0
703532,40,60576.88,26954.65,833,10.4,1,1,Own,Medical,1
703533,58,72996.43,33543.2,625,17.5,0,3,Rent,Auto,1
703534,44,29248.34,2844.2,666,0.1,3,0,Own,Auto,0
703535,57,104556.42,4353.6,717,14.0,1,0,Own,Auto,0
703536,45,40404.12,22986.03,647,7.6,2,2,Rent,Medical,1
703537,32,83945.96,8952.42,577,9.8,3,3,Own,Home_Improvement,1
703538,60,74916.85,22688.17,704,0.5,0,2,Mortgage,Auto,0
703539,37,40707.75,11430.93,643,9.9,0,0,Rent,Other,0
703540,24,55545.53,10849.53,637,9.7,3,2,Rent,Auto,0
703541,51,58773.99,14681.61,708,15.0,4,2,Rent,Debt_Consolidation,1
703542,59,49727.08,22617.91,695,10.2,4,1,Rent,Debt_Consolidation,0
703543,49,76522.82,22091.36,772,9.7,3,2,Mortgage,Medical,0
703544,44,59695.06,15409.59,746,5.5,0,1,Own,Debt_Consolidation,1
703545,38,16450.23,29940.6,582,15.1,0,1,Own,Debt_Consolidation,1
703546,53,60521.94,31422.51,747,16.7,2,0,Mortgage,Home_Improvement,0
703547,26,30553.87,23986.91,624,11.3,4,0,Own,Auto,1
703548,39,52625.09,2034.48,818,0.0,1,1,Mortgage,Debt_Consolidation,0
703549,45,63880.94,9453.44,544,2.6,4,2,Rent,Debt_Consolidation,0
703550,34,55545.39,13927.49,644,3.2,1,0,Mortgage,Auto,0
703551,54,82851.42,21171.61,521,17.4,2,0,Mortgage,Home_Improvement,0
703552,36,56383.32,29290.44,764,5.4,1,2,Mortgage,Debt_Consolidation,0
703553,32,45656.4,9918.01,669,12.1,3,0,Own,Debt_Consolidation,0
703554,33,98092.85,28551.35,641,9.9,0,3,Rent,Home_Improvement,0
703555,52,75986.41,4023.65,568,7.7,4,0,Own,Debt_Consolidation,0
703556,41,54982.89,19218.29,563,5.5,4,0,Rent,Debt_Consolidation,0
703557,55,58437.32,11633.86,543,9.9,3,3,Mortgage,Other,0
703558,47,48507.97,13414.33,549,15.3,0,2,Own,Other,0
703559,27,60190.19,28448.93,645,9.3,1,1,Own,Medical,0
703560,58,34960.6,12225.11,618,0.3,2,3,Rent,Other,0
703561,61,100789.5,16966.49,782,6.7,4,2,Own,Home_Improvement,0
703562,28,87975.46,33410.31,549,11.2,0,3,Rent,Medical,1
703563,38,14000.0,18680.32,593,12.4,0,3,Mortgage,Other,1
703564,41,34967.2,2191.21,606,0.0,0,3,Rent,Debt_Consolidation,0
703565,26,57019.35,5197.6,715,10.2,2,0,Mortgage,Other,0
703566,44,42509.39,11122.85,640,13.0,4,1,Mortgage,Debt_Consolidation,0
703567,55,14000.0,18423.07,580,8.6,3,1,Mortgage,Medical,1
703568,57,74908.29,18846.09,708,3.7,2,3,Rent,Debt_Consolidation,0
703569,33,29374.59,1000.0,700,7.0,1,3,Rent,Home_Improvement,0
703570,52,74623.86,4601.55,491,4.6,3,2,Mortgage,Debt_Consolidation,0
703571,57,69117.87,3057.17,752,8.1,3,2,Mortgage,Medical,0
703572,49,94874.8,15767.17,687,4.4,4,2,Mortgage,Auto,0
703573,43,36545.79,19784.01,651,31.4,4,0,Own,Debt_Consolidation,1
703574,51,102170.74,13861.33,682,1.8,2,3,Rent,Auto,0
703575,54,28434.48,21012.56,850,2.7,3,0,Mortgage,Debt_Consolidation,1
703576,41,94366.55,14082.07,691,6.0,4,0,Own,Medical,0
703577,27,83860.13,16823.54,625,8.3,4,1,Rent,Home_Improvement,1
703578,57,68690.78,30655.63,612,0.0,3,2,Mortgage,Home_Improvement,0
703579,51,31867.73,23871.7,578,0.0,2,0,Rent,Auto,1
703580,58,97170.17,10620.39,800,7.5,0,3,Mortgage,Debt_Consolidation,0
703581,53,77668.2,12634.46,850,1.3,2,1,Own,Debt_Consolidation,0
703582,46,17950.77,27495.56,737,10.0,2,2,Own,Debt_Consolidation,1
703583,56,14000.0,15704.21,702,5.6,2,0,Rent,Debt_Consolidation,1
703584,26,42116.95,9172.74,804,12.6,3,0,Mortgage,Debt_Consolidation,0
703585,62,37331.59,20552.65,590,6.2,3,2,Own,Debt_Consolidation,1
703586,40,75358.3,3386.51,665,8.2,4,1,Mortgage,Debt_Consolidation,0
703587,27,61497.3,18318.55,716,10.9,0,3,Mortgage,Medical,1
703588,32,65860.1,11098.1,661,12.4,0,1,Own,Home_Improvement,1
703589,55,45788.81,19519.25,718,4.7,3,2,Mortgage,Debt_Consolidation,0
703590,29,81165.0,38288.54,545,9.5,3,1,Rent,Debt_Consolidation,1
703591,43,44342.5,18657.72,470,5.9,1,2,Rent,Home_Improvement,1
703592,34,21614.71,5505.3,659,12.3,1,0,Rent,Debt_Consolidation,0
703593,39,14000.0,1000.0,599,4.4,0,3,Rent,Debt_Consolidation,0
703594,57,70812.56,17450.24,770,1.8,3,1,Own,Auto,0
703595,60,43429.18,13325.03,711,14.2,3,2,Own,Home_Improvement,0
703596,36,16645.24,2529.22,516,0.0,3,3,Mortgage,Medical,0
703597,54,36867.35,10490.24,699,14.8,1,3,Rent,Debt_Consolidation,0
703598,40,48680.11,15922.04,585,5.3,2,2,Rent,Auto,0
703599,58,74943.49,4656.57,398,5.7,2,3,Rent,Auto,0
703600,38,14000.0,14353.51,839,11.6,2,3,Rent,Home_Improvement,1
703601,27,48316.94,20764.57,729,0.5,4,1,Rent,Other,0
703602,29,76169.88,8798.26,601,10.5,4,3,Rent,Other,0
703603,45,69778.36,29360.48,628,11.7,3,2,Mortgage,Other,1
703604,46,78188.71,7093.38,799,0.0,1,3,Own,Home_Improvement,0
703605,21,106328.87,4696.27,699,0.0,4,1,Mortgage,Auto,0
703606,39,37709.0,26846.65,850,6.1,3,3,Mortgage,Auto,1
703607,65,43925.47,11644.29,662,7.2,2,1,Mortgage,Medical,1
703608,63,84617.96,8709.02,551,5.0,4,2,Mortgage,Debt_Consolidation,0
703609,59,97870.76,6611.83,642,4.4,2,0,Mortgage,Debt_Consolidation,0
703610,48,67020.28,20304.12,758,7.9,0,1,Own,Auto,0
703611,31,51091.08,9348.52,708,9.5,4,2,Mortgage,Auto,1
703612,65,30864.97,11043.11,611,9.7,4,1,Mortgage,Auto,0
703613,25,74009.51,1000.0,571,9.3,1,0,Mortgage,Home_Improvement,0
703614,59,67484.51,1890.78,685,10.7,3,3,Rent,Other,1
703615,47,33103.78,11800.54,743,5.1,2,0,Rent,Auto,0
703616,43,46413.63,1552.52,826,13.8,3,1,Own,Debt_Consolidation,0
703617,64,35333.0,10910.61,515,4.3,0,1,Mortgage,Auto,1
703618,21,73258.88,26661.97,577,1.8,1,2,Rent,Debt_Consolidation,1
703619,53,55596.39,16875.91,669,8.6,0,0,Rent,Other,0
703620,30,89257.61,26624.16,646,7.9,3,2,Rent,Home_Improvement,0
703621,62,91905.23,5943.31,611,4.5,2,2,Mortgage,Other,0
703622,26,67213.38,21786.11,686,7.6,0,3,Mortgage,Medical,0
703623,38,88135.7,11356.19,559,0.0,4,0,Own,Debt_Consolidation,0
703624,54,84699.69,23358.78,436,2.8,1,0,Rent,Debt_Consolidation,1
703625,40,95715.24,4498.03,771,8.2,2,1,Own,Debt_Consolidation,0
703626,27,48039.14,16919.34,598,11.0,1,2,Rent,Other,1
703627,34,74845.27,25414.76,579,11.4,4,3,Rent,Auto,1
703628,50,104425.18,17691.05,715,6.4,1,1,Rent,Home_Improvement,0
703629,43,75737.39,18581.1,698,7.0,3,3,Own,Auto,0
703630,35,49765.53,12865.32,560,14.9,3,2,Rent,Auto,0
703631,43,65879.43,1000.0,750,0.0,3,3,Own,Auto,0
703632,42,115447.29,7137.18,625,0.4,2,0,Mortgage,Debt_Consolidation,0
703633,44,50618.38,8185.21,681,5.6,1,2,Mortgage,Debt_Consolidation,0
703634,55,44858.92,25029.75,665,1.0,1,2,Mortgage,Home_Improvement,1
703635,22,82073.64,17051.54,740,9.6,1,3,Rent,Other,0
703636,34,51087.19,5609.45,743,8.3,3,3,Rent,Other,0
703637,24,22164.62,25162.58,651,2.1,0,2,Own,Debt_Consolidation,1
703638,28,21865.39,19896.54,644,14.8,0,3,Mortgage,Debt_Consolidation,1
703639,54,60530.89,1000.0,814,7.1,2,1,Mortgage,Debt_Consolidation,0
703640,33,44979.26,29050.72,578,7.3,1,0,Mortgage,Debt_Consolidation,1
703641,25,95792.02,19882.43,533,14.0,2,2,Own,Debt_Consolidation,1
703642,63,45680.88,44168.42,647,3.4,3,0,Rent,Debt_Consolidation,1
703643,46,26545.21,26572.55,565,2.5,4,3,Mortgage,Debt_Consolidation,1
703644,45,41433.37,1000.0,616,21.1,0,0,Mortgage,Debt_Consolidation,0
703645,39,30246.98,27472.86,721,0.0,0,1,Mortgage,Debt_Consolidation,1
703646,33,88705.9,18117.64,850,8.5,2,1,Rent,Auto,0
703647,24,41265.7,11863.51,741,6.6,1,1,Own,Other,0
703648,27,96828.16,19074.47,598,2.4,3,1,Rent,Debt_Consolidation,0
703649,48,74052.34,22402.01,598,2.2,4,3,Rent,Medical,0
703650,24,109717.77,12271.71,546,4.1,4,1,Mortgage,Debt_Consolidation,0
703651,34,57825.74,6454.58,680,14.8,3,1,Rent,Other,0
703652,36,80905.23,22155.42,812,1.0,2,0,Own,Home_Improvement,0
703653,56,14000.0,19564.93,662,6.3,3,0,Rent,Auto,1
703654,48,48970.28,3889.04,538,5.1,0,1,Own,Auto,0
703655,32,42265.72,29041.28,827,15.4,0,0,Rent,Home_Improvement,1
703656,41,88437.32,13090.48,695,10.3,3,3,Own,Home_Improvement,0
703657,35,57263.52,34946.84,633,7.5,0,3,Mortgage,Other,1
703658,57,76785.37,30807.01,763,3.8,3,2,Mortgage,Home_Improvement,0
703659,64,42984.94,14345.27,668,12.5,0,0,Own,Auto,0
703660,65,29060.4,24044.37,649,12.3,2,2,Mortgage,Auto,0
703661,28,58425.72,5437.12,586,12.7,0,3,Mortgage,Medical,0
703662,46,92255.06,17717.76,531,5.6,1,1,Rent,Medical,0
703663,43,59260.39,1000.0,608,3.5,1,3,Rent,Other,0
703664,36,98787.92,4467.1,781,2.5,4,2,Own,Medical,0
703665,25,52507.36,15158.89,684,6.5,3,1,Mortgage,Debt_Consolidation,0
703666,56,51927.81,22064.65,692,0.8,0,2,Own,Home_Improvement,0
703667,56,51927.59,24559.34,517,11.9,4,3,Own,Auto,1
703668,24,54249.61,27466.83,850,17.8,0,1,Mortgage,Auto,0
703669,49,43748.82,26191.91,618,5.7,4,3,Rent,Home_Improvement,0
703670,55,54705.67,11069.07,674,0.2,3,2,Mortgage,Debt_Consolidation,0
703671,55,40793.02,14823.77,825,9.0,0,1,Rent,Home_Improvement,0
703672,60,35407.04,9335.01,661,4.6,1,3,Mortgage,Home_Improvement,0
703673,43,97587.93,16124.5,458,6.5,4,3,Rent,Debt_Consolidation,0
703674,55,81925.56,1000.0,724,7.5,3,2,Rent,Other,0
703675,40,53215.94,7515.98,525,12.9,1,2,Mortgage,Debt_Consolidation,0
703676,25,45822.35,30137.2,641,10.0,1,2,Own,Debt_Consolidation,1
703677,60,22422.65,17476.98,682,0.7,3,2,Own,Other,1
703678,47,74872.39,8851.07,790,2.5,4,0,Own,Auto,0
703679,35,44143.82,22695.16,810,17.1,1,2,Mortgage,Debt_Consolidation,0
703680,57,107501.84,18594.92,797,1.9,0,1,Own,Auto,0
703681,65,18206.91,15214.21,614,4.1,3,3,Rent,Home_Improvement,1
703682,39,68892.61,11964.49,624,2.3,2,1,Own,Debt_Consolidation,1
703683,31,90180.25,5381.33,703,2.3,1,3,Rent,Other,0
703684,58,47593.16,15423.8,694,7.8,0,3,Mortgage,Auto,0
703685,60,110112.42,16909.33,610,13.8,2,0,Own,Debt_Consolidation,0
703686,28,85180.74,16027.68,639,0.5,3,1,Rent,Other,0
703687,37,84840.8,30904.92,539,15.2,4,1,Own,Medical,1
703688,44,39754.13,15962.42,605,8.1,2,3,Mortgage,Auto,1
703689,52,85787.95,19027.53,501,13.6,4,1,Rent,Other,1
703690,46,85358.51,28800.77,687,3.8,0,3,Mortgage,Home_Improvement,0
703691,21,64102.38,24437.97,616,2.7,4,1,Own,Home_Improvement,1
703692,56,104665.68,1000.0,818,7.8,3,2,Mortgage,Debt_Consolidation,0
703693,26,69144.82,15056.01,685,5.5,3,2,Rent,Auto,1
703694,39,14000.0,5345.62,672,6.1,0,1,Mortgage,Other,0
703695,40,69278.47,7938.35,682,5.5,1,3,Mortgage,Debt_Consolidation,1
703696,32,103661.9,25552.75,720,9.0,1,0,Mortgage,Home_Improvement,0
703697,56,46241.08,32170.78,657,0.0,4,2,Mortgage,Home_Improvement,1
703698,53,79203.35,20215.32,530,5.3,1,0,Mortgage,Debt_Consolidation,0
703699,27,45456.05,1000.0,588,11.4,1,3,Mortgage,Other,0
703700,26,60935.46,10888.5,632,5.6,1,1,Mortgage,Home_Improvement,0
703701,51,14000.0,12558.45,719,4.7,4,3,Rent,Other,1
703702,37,16813.16,10799.03,753,9.9,4,0,Mortgage,Debt_Consolidation,1
703703,21,53613.56,32160.01,760,5.7,4,0,Mortgage,Debt_Consolidation,0
703704,42,46762.78,20636.95,692,5.9,4,3,Own,Debt_Consolidation,0
703705,35,15284.38,22766.03,697,9.5,3,3,Rent,Other,1
703706,56,77968.56,16482.47,578,11.5,2,0,Rent,Auto,0
703707,42,69300.19,24936.15,808,10.4,1,2,Rent,Other,0
703708,40,39199.92,14145.88,582,4.4,0,3,Rent,Debt_Consolidation,1
703709,52,14000.0,2452.56,594,0.0,2,2,Rent,Debt_Consolidation,0
703710,46,74640.79,15708.2,674,12.4,2,0,Own,Debt_Consolidation,0
703711,51,48455.79,8617.33,663,3.1,2,3,Rent,Other,0
703712,51,78236.03,1000.0,611,0.2,1,2,Mortgage,Other,0
703713,55,88003.21,1000.0,685,1.9,0,2,Own,Debt_Consolidation,0
703714,51,51777.37,9686.71,730,0.8,4,3,Mortgage,Home_Improvement,0
703715,56,54519.34,12984.22,719,4.5,3,1,Mortgage,Home_Improvement,0
703716,64,78608.07,34263.63,513,0.7,0,3,Rent,Auto,1
703717,59,53620.01,9306.99,660,8.1,4,2,Rent,Other,0
703718,41,14000.0,8341.74,546,11.8,2,1,Rent,Home_Improvement,1
703719,32,74454.61,14830.67,624,8.4,4,3,Own,Home_Improvement,0
703720,46,67210.83,23880.39,761,2.6,0,1,Mortgage,Debt_Consolidation,0
703721,53,45359.3,2776.63,685,2.4,0,1,Mortgage,Medical,0
703722,21,71977.82,12992.22,475,3.4,2,3,Mortgage,Medical,0
703723,50,49819.75,28591.92,604,6.8,2,2,Rent,Auto,0
703724,29,49029.8,32370.4,795,0.4,0,0,Mortgage,Debt_Consolidation,1
703725,45,78361.2,7853.95,669,9.0,4,3,Mortgage,Debt_Consolidation,0
703726,32,25141.22,1000.0,589,3.9,1,1,Rent,Medical,0
703727,52,19134.32,14145.01,726,5.1,4,0,Rent,Home_Improvement,1
703728,30,54874.56,13291.12,687,5.1,4,0,Rent,Auto,0
703729,41,26293.87,26563.62,682,14.7,1,3,Rent,Debt_Consolidation,1
703730,44,79617.82,24639.85,850,9.4,2,1,Rent,Auto,0
703731,64,40300.16,16133.59,850,19.9,3,3,Rent,Auto,0
703732,29,16082.65,6952.43,626,4.4,1,1,Own,Medical,1
703733,57,48543.6,18958.33,632,10.1,0,1,Own,Debt_Consolidation,1
703734,46,14000.0,6858.25,687,0.0,3,1,Own,Debt_Consolidation,0
703735,54,91788.7,5984.93,552,7.4,2,0,Rent,Debt_Consolidation,0
703736,58,57642.83,15082.09,669,9.5,4,1,Mortgage,Debt_Consolidation,0
703737,46,75010.64,35772.98,574,0.1,2,2,Own,Auto,1
703738,24,71036.7,33827.24,600,1.2,0,3,Mortgage,Home_Improvement,1
703739,62,63267.35,30521.29,513,4.1,4,2,Mortgage,Auto,1
703740,31,32878.64,1000.0,795,3.0,2,0,Mortgage,Other,0
703741,47,77565.86,21957.72,522,15.6,3,3,Rent,Auto,0
703742,43,50244.51,7821.02,526,6.8,2,2,Mortgage,Home_Improvement,0
703743,35,39664.45,20569.91,657,0.4,3,3,Rent,Debt_Consolidation,1
703744,23,14000.0,24706.76,534,9.6,0,2,Rent,Auto,1
703745,39,89664.97,22822.97,641,9.8,2,3,Own,Debt_Consolidation,1
703746,27,52585.24,8926.81,594,9.8,2,3,Mortgage,Other,0
703747,34,48271.28,5405.72,601,10.3,1,1,Mortgage,Other,0
703748,46,14000.0,22926.53,720,3.2,4,0,Own,Debt_Consolidation,1
703749,57,81185.04,28506.93,799,7.9,1,1,Mortgage,Debt_Consolidation,0
703750,38,55636.45,8031.59,652,10.0,3,0,Rent,Medical,0
703751,40,83009.67,6826.65,603,10.0,0,2,Rent,Debt_Consolidation,0
703752,61,57461.86,14407.89,668,4.2,0,2,Rent,Debt_Consolidation,0
703753,64,37594.3,9995.44,640,11.2,0,1,Own,Auto,0
703754,46,72241.42,25564.43,610,7.0,2,1,Rent,Auto,1
703755,42,20032.26,26468.88,577,5.8,4,3,Own,Debt_Consolidation,1
703756,55,20457.93,24164.71,625,3.7,3,3,Own,Debt_Consolidation,1
703757,48,56686.49,9533.8,591,2.2,0,2,Mortgage,Other,0
703758,36,76514.88,6781.02,641,1.9,4,2,Own,Medical,0
703759,21,85553.39,12454.84,608,0.0,0,3,Rent,Debt_Consolidation,0
703760,37,56107.04,17105.45,749,5.8,2,0,Rent,Debt_Consolidation,0
703761,64,55481.39,24513.96,663,0.0,0,3,Rent,Debt_Consolidation,0
703762,59,63336.06,20171.6,646,5.8,3,0,Own,Home_Improvement,0
703763,52,53305.33,12377.36,833,8.6,0,1,Mortgage,Debt_Consolidation,0
703764,48,46094.51,21767.07,847,15.4,1,0,Own,Home_Improvement,0
703765,36,70513.09,24041.79,653,6.7,2,3,Own,Debt_Consolidation,0
703766,62,46035.78,14692.25,626,3.3,3,1,Rent,Home_Improvement,0
703767,63,53063.61,6075.05,563,2.1,4,2,Mortgage,Auto,0
703768,32,87507.59,20830.62,688,2.7,1,1,Own,Auto,0
703769,60,63729.86,25856.37,611,14.3,0,2,Rent,Auto,0
703770,26,45703.74,23091.92,722,0.8,4,1,Own,Home_Improvement,0
703771,49,75318.43,5595.6,756,8.2,2,3,Mortgage,Home_Improvement,0
703772,51,54894.12,20473.4,588,11.4,3,1,Own,Debt_Consolidation,0
703773,60,74826.03,17120.15,712,14.3,3,2,Mortgage,Other,0
703774,26,37362.47,13777.27,683,13.8,4,0,Own,Home_Improvement,1
703775,33,39506.41,14642.29,382,11.5,4,0,Mortgage,Other,1
703776,24,23570.33,10676.31,566,3.6,4,2,Mortgage,Home_Improvement,1
703777,22,85628.36,9399.92,667,11.0,3,2,Mortgage,Home_Improvement,0
703778,38,92421.07,19245.9,614,7.3,4,0,Own,Home_Improvement,0
703779,62,87221.89,16096.52,624,9.0,3,2,Rent,Home_Improvement,0
703780,51,66915.09,17400.8,673,2.9,4,2,Rent,Other,0
703781,50,63105.71,4453.66,588,15.4,2,3,Rent,Debt_Consolidation,0
703782,37,52537.83,18446.81,741,1.6,2,3,Mortgage,Auto,0
703783,47,72440.95,32221.05,670,7.5,3,1,Rent,Auto,0
703784,54,53732.59,5392.98,658,1.5,4,3,Rent,Auto,0
703785,59,33609.01,17120.52,539,4.5,0,3,Rent,Auto,1
703786,41,82420.04,16077.35,739,11.2,3,0,Own,Medical,0
703787,33,79969.87,18994.03,757,2.8,1,0,Mortgage,Home_Improvement,0
703788,33,70949.28,23593.74,633,5.9,1,3,Mortgage,Debt_Consolidation,1
703789,45,56572.78,10172.96,690,7.9,0,0,Own,Home_Improvement,0
703790,45,48907.93,25148.57,606,0.0,1,3,Mortgage,Other,1
703791,63,60427.36,22952.41,611,0.0,2,1,Mortgage,Home_Improvement,0
703792,48,63214.64,13269.26,709,8.2,3,2,Mortgage,Auto,0
703793,44,29868.89,22731.59,612,5.4,0,1,Mortgage,Auto,1
703794,27,47110.59,28648.77,650,6.5,3,2,Mortgage,Medical,0
703795,24,32510.37,30841.49,697,7.2,0,3,Own,Medical,1
703796,47,84998.89,14477.71,565,6.5,4,1,Rent,Auto,0
703797,61,25388.61,25016.41,725,6.8,3,2,Own,Other,1
703798,28,28857.53,16553.31,508,4.2,3,1,Rent,Debt_Consolidation,1
703799,49,36660.74,8827.42,588,11.2,0,3,Mortgage,Debt_Consolidation,0
703800,64,61855.42,40910.36,759,9.6,4,2,Own,Home_Improvement,1
703801,59,35553.3,27514.02,743,9.8,1,2,Own,Other,0
703802,44,100313.29,24835.7,658,9.7,1,1,Rent,Other,0
703803,65,75618.56,14300.33,651,6.8,0,3,Rent,Home_Improvement,0
703804,30,14000.0,19285.59,678,1.5,0,0,Own,Home_Improvement,1
703805,38,63295.64,12567.13,613,6.9,4,0,Rent,Debt_Consolidation,0
703806,22,66269.28,36384.65,665,10.7,2,1,Rent,Debt_Consolidation,0
703807,45,27324.84,11593.83,743,8.5,0,2,Rent,Auto,0
703808,30,55646.79,17675.71,694,11.0,4,0,Mortgage,Auto,0
703809,35,59853.03,26056.32,570,9.3,1,3,Mortgage,Debt_Consolidation,1
703810,35,42343.41,15886.81,578,12.6,4,1,Own,Auto,1
703811,57,55317.88,26416.67,504,5.5,3,1,Rent,Auto,1
703812,46,65876.77,19823.64,763,8.1,2,3,Mortgage,Other,1
703813,24,45332.91,16340.35,745,11.3,2,1,Mortgage,Auto,0
703814,50,56203.13,17094.66,729,8.1,1,0,Rent,Other,0
703815,62,28725.48,1000.0,583,0.0,0,2,Rent,Home_Improvement,0
703816,53,72839.38,26494.29,812,10.5,4,3,Own,Auto,0
703817,59,42334.57,23030.42,484,9.2,4,0,Own,Home_Improvement,1
703818,40,87006.4,20751.29,747,0.0,0,1,Mortgage,Home_Improvement,0
703819,37,107417.83,18725.8,734,4.2,0,3,Rent,Debt_Consolidation,0
703820,49,98120.13,6543.2,568,8.1,0,0,Rent,Other,0
703821,65,46480.59,17503.91,665,1.6,2,1,Own,Medical,0
703822,45,68045.76,7451.81,543,7.3,4,2,Rent,Home_Improvement,0
703823,42,51377.37,10915.31,613,2.5,3,0,Own,Medical,0
703824,34,68757.57,4649.81,581,8.3,0,0,Mortgage,Auto,0
703825,32,37628.92,12790.55,709,6.5,0,3,Rent,Auto,0
703826,30,33163.95,26842.27,780,4.7,1,0,Mortgage,Debt_Consolidation,1
703827,63,56361.52,20930.7,838,2.0,1,2,Mortgage,Auto,0
703828,38,38248.96,7133.14,523,9.2,2,0,Mortgage,Auto,0
703829,59,87174.81,7588.58,702,0.5,1,2,Rent,Other,0
703830,52,75066.77,27318.01,627,6.8,3,0,Rent,Debt_Consolidation,0
703831,65,65686.64,13910.06,680,0.0,1,1,Rent,Medical,0
703832,27,54031.14,25021.35,510,5.4,2,0,Own,Debt_Consolidation,1
703833,42,53490.8,33002.63,463,14.9,3,1,Own,Home_Improvement,1
703834,49,81000.66,26592.02,527,6.2,1,0,Rent,Other,1
703835,61,59418.65,5614.57,765,19.7,0,3,Mortgage,Auto,0
703836,21,57946.84,1000.0,534,11.8,1,3,Rent,Auto,0
703837,40,102769.28,32398.37,726,8.3,4,2,Mortgage,Debt_Consolidation,0
703838,29,61115.6,2536.6,649,6.1,2,2,Rent,Debt_Consolidation,0
703839,56,51426.32,1950.22,715,3.2,4,1,Rent,Debt_Consolidation,0
703840,51,52222.43,10781.48,609,1.9,2,2,Own,Auto,1
703841,38,88468.64,12732.39,752,8.3,0,0,Rent,Debt_Consolidation,0
703842,57,45762.91,22234.61,660,4.3,1,3,Mortgage,Auto,0
703843,50,46207.59,9414.8,647,0.6,4,3,Own,Home_Improvement,0
703844,55,84150.97,7301.13,671,0.4,1,1,Mortgage,Debt_Consolidation,0
703845,47,85808.81,24671.86,644,8.3,2,0,Own,Home_Improvement,0
703846,51,91758.14,6564.18,543,11.8,1,1,Own,Home_Improvement,0
703847,55,37117.29,43623.53,645,22.6,2,0,Rent,Medical,1
703848,32,68374.91,2201.06,689,3.1,0,2,Mortgage,Home_Improvement,0
703849,35,44111.45,16970.47,658,16.0,0,2,Rent,Home_Improvement,1
703850,65,67864.59,28045.88,600,0.0,3,3,Mortgage,Auto,1
703851,38,19728.68,16559.76,636,6.8,3,3,Mortgage,Auto,1
703852,48,53021.81,1000.0,561,9.6,0,2,Own,Debt_Consolidation,0
703853,23,83872.21,16003.24,684,2.3,0,0,Mortgage,Debt_Consolidation,1
703854,61,62761.56,27203.78,609,7.4,3,1,Mortgage,Debt_Consolidation,0
703855,29,14000.0,9012.32,686,6.6,2,1,Mortgage,Medical,1
703856,63,81913.26,1000.0,686,6.1,0,1,Mortgage,Debt_Consolidation,0
703857,57,66660.99,15865.62,706,3.9,0,3,Rent,Auto,0
703858,31,51310.06,1000.0,676,5.6,3,2,Mortgage,Debt_Consolidation,0
703859,41,57806.11,21199.62,689,10.4,1,2,Rent,Auto,0
703860,64,50112.96,23763.65,566,3.7,2,3,Own,Auto,1
703861,30,85699.18,17821.15,743,7.2,2,2,Rent,Auto,1
703862,24,57097.3,4767.97,670,10.0,2,3,Own,Home_Improvement,0
703863,46,19289.79,27370.14,673,1.7,3,2,Rent,Home_Improvement,1
703864,49,37340.56,30163.1,665,6.1,3,3,Rent,Home_Improvement,1
703865,36,97295.2,28230.79,806,1.8,3,0,Mortgage,Auto,0
703866,32,85124.87,12396.61,599,13.3,0,2,Rent,Debt_Consolidation,0
703867,39,77249.43,21597.84,796,13.9,4,0,Rent,Debt_Consolidation,0
703868,25,38925.24,9438.5,850,7.2,0,1,Rent,Home_Improvement,0
703869,27,71069.15,28821.43,659,4.5,1,1,Own,Home_Improvement,0
703870,46,82897.39,12064.83,605,0.0,3,0,Rent,Debt_Consolidation,0
703871,63,60458.39,4198.53,499,13.2,4,2,Rent,Home_Improvement,0
703872,30,75713.06,14234.24,691,5.2,0,0,Mortgage,Debt_Consolidation,0
703873,21,85547.98,22019.18,658,0.6,3,3,Own,Debt_Consolidation,0
703874,56,83175.75,15395.12,551,5.3,4,1,Rent,Debt_Consolidation,0
703875,22,69168.96,14729.97,586,4.1,0,2,Own,Auto,0
703876,41,69452.74,6629.46,470,9.6,4,2,Mortgage,Medical,0
703877,39,28454.09,17225.86,711,7.7,0,1,Rent,Debt_Consolidation,1
703878,33,51161.83,15448.8,514,8.8,0,2,Own,Auto,1
703879,35,78373.73,17068.49,629,12.1,3,1,Mortgage,Other,0
703880,21,99432.41,14729.97,685,2.5,1,0,Own,Medical,0
703881,36,62688.52,15522.09,730,5.0,4,2,Mortgage,Home_Improvement,0
703882,52,84506.61,7943.55,655,5.9,2,3,Mortgage,Debt_Consolidation,0
703883,65,58621.81,34583.55,612,7.0,3,1,Mortgage,Home_Improvement,1
703884,49,35009.92,1000.0,685,11.3,2,0,Rent,Debt_Consolidation,0
703885,46,68815.77,18561.12,589,3.3,2,1,Own,Debt_Consolidation,1
703886,57,69433.64,27994.9,578,0.0,4,2,Mortgage,Auto,1
703887,45,36854.28,1000.0,508,13.1,3,3,Mortgage,Medical,0
703888,38,37527.59,1000.0,651,0.4,3,3,Mortgage,Auto,0
703889,44,59541.37,23570.14,568,12.2,3,0,Own,Debt_Consolidation,1
703890,62,46093.09,42196.33,689,0.0,3,0,Rent,Home_Improvement,1
703891,48,70534.58,27075.56,743,15.6,2,3,Rent,Debt_Consolidation,1
703892,22,25645.83,12187.16,605,8.5,3,2,Mortgage,Other,0
703893,48,78102.72,10655.52,683,5.8,0,0,Mortgage,Auto,0
703894,62,43547.85,10235.76,669,12.4,4,3,Rent,Home_Improvement,0
703895,41,66934.84,3135.04,637,8.1,4,1,Own,Medical,0
703896,55,20812.91,9643.38,781,8.0,4,3,Own,Medical,0
703897,53,80982.15,25062.97,649,7.2,1,1,Mortgage,Auto,0
703898,25,63286.88,12816.6,737,10.4,1,1,Rent,Medical,0
703899,21,109309.9,19784.77,623,9.0,4,3,Rent,Auto,0
703900,65,18387.55,24233.6,805,16.5,1,0,Rent,Home_Improvement,1
703901,56,14316.68,9354.91,646,11.1,0,2,Rent,Auto,1
703902,25,75760.67,12218.59,600,8.1,0,3,Own,Auto,0
703903,26,79987.76,17877.39,633,4.7,0,3,Mortgage,Home_Improvement,0
703904,54,15391.1,7890.69,661,2.5,1,1,Rent,Other,1
703905,51,71267.8,17003.84,707,0.0,2,1,Rent,Debt_Consolidation,0
703906,31,80979.4,22471.14,595,7.2,0,2,Own,Other,0
703907,58,92402.69,16380.12,796,0.0,0,2,Mortgage,Auto,0
703908,52,61647.81,1000.0,658,8.7,4,0,Rent,Debt_Consolidation,0
703909,60,21225.66,18824.28,735,1.0,3,1,Mortgage,Debt_Consolidation,1
703910,58,14000.0,14069.02,576,14.6,2,0,Mortgage,Debt_Consolidation,1
703911,31,109015.96,15753.47,684,0.0,4,3,Mortgage,Auto,0
703912,26,68334.72,4261.91,611,1.7,1,3,Own,Other,0
703913,53,82236.86,16646.21,741,1.4,3,2,Rent,Other,0
703914,35,50726.51,14899.63,614,7.6,1,2,Rent,Auto,1
703915,57,52905.07,10196.44,604,6.9,1,3,Mortgage,Auto,0
703916,61,53461.19,8252.65,656,6.9,3,3,Mortgage,Medical,0
703917,37,35896.73,14316.05,653,0.9,1,0,Mortgage,Debt_Consolidation,0
703918,42,51468.02,1000.0,646,7.0,0,0,Mortgage,Debt_Consolidation,0
703919,37,31608.45,18370.47,655,2.2,2,1,Rent,Debt_Consolidation,1
703920,27,48450.32,10794.89,722,11.0,2,2,Mortgage,Auto,0
703921,49,85348.43,26249.27,747,2.5,1,0,Own,Medical,0
703922,24,59083.59,1000.0,801,5.0,4,2,Rent,Auto,0
703923,23,42164.66,11009.62,674,10.5,0,1,Rent,Auto,0
703924,26,100214.96,18830.31,602,1.4,1,2,Rent,Debt_Consolidation,1
703925,60,90024.84,18487.66,815,0.9,2,3,Mortgage,Medical,0
703926,25,59575.01,11506.93,653,5.6,4,1,Rent,Debt_Consolidation,0
703927,28,16447.03,25526.19,739,3.8,1,0,Rent,Medical,1
703928,37,89789.61,11145.31,667,5.4,4,1,Own,Debt_Consolidation,0
703929,25,90174.38,20971.93,670,8.6,0,1,Own,Other,0
703930,55,44350.96,15353.49,547,9.0,1,1,Own,Debt_Consolidation,0
703931,55,93045.33,13260.34,446,6.5,2,0,Rent,Home_Improvement,1
703932,41,38503.86,8082.32,632,11.3,1,1,Mortgage,Debt_Consolidation,0
703933,22,52119.42,8982.55,646,2.6,3,0,Mortgage,Home_Improvement,0
703934,25,47444.08,10278.84,607,11.5,2,2,Mortgage,Other,0
703935,38,62978.44,19116.79,654,2.0,1,1,Own,Medical,0
703936,36,55236.42,9894.28,654,7.1,1,1,Own,Auto,0
703937,53,93164.69,5378.64,630,1.5,1,0,Own,Other,0
703938,42,50128.11,21736.97,685,9.4,1,2,Mortgage,Debt_Consolidation,0
703939,23,69280.41,17165.08,636,5.7,0,1,Mortgage,Auto,0
703940,41,59653.39,21245.75,558,10.2,2,0,Rent,Debt_Consolidation,1
703941,46,64491.25,16593.37,673,0.0,2,0,Own,Home_Improvement,0
703942,49,38628.21,32470.21,661,5.0,4,1,Mortgage,Debt_Consolidation,1
703943,22,57706.95,23120.93,584,6.2,4,1,Rent,Medical,1
703944,51,92033.61,18927.76,503,4.7,3,0,Rent,Debt_Consolidation,0
703945,27,78512.85,20684.92,659,13.5,4,2,Own,Auto,0
703946,54,30244.79,25631.29,685,0.0,0,1,Mortgage,Auto,1
703947,54,48783.63,17390.16,759,7.4,2,0,Rent,Debt_Consolidation,1
703948,45,34208.36,23060.11,608,0.2,2,2,Mortgage,Debt_Consolidation,1
703949,55,41109.41,13855.99,719,3.7,2,2,Mortgage,Auto,1
703950,22,42937.99,31370.46,741,6.1,1,2,Own,Debt_Consolidation,0
703951,37,28952.58,14216.46,601,4.9,4,2,Rent,Other,0
703952,55,69746.48,1000.0,759,0.0,2,2,Rent,Debt_Consolidation,0
703953,61,80417.98,22395.2,818,5.9,0,1,Rent,Debt_Consolidation,0
703954,56,62254.84,12590.03,618,17.3,1,1,Mortgage,Debt_Consolidation,0
703955,63,47046.6,14221.3,733,13.8,0,1,Rent,Home_Improvement,1
703956,53,62399.31,22741.83,608,9.8,1,1,Rent,Debt_Consolidation,1
703957,45,40132.72,1000.0,692,9.3,2,2,Own,Auto,0
703958,40,83708.88,1000.0,338,8.0,4,2,Own,Medical,1
703959,37,115016.16,14315.72,596,4.3,2,2,Own,Debt_Consolidation,0
703960,60,14000.0,2609.67,798,1.4,1,2,Rent,Home_Improvement,0
703961,49,67858.0,21956.93,743,7.3,1,1,Mortgage,Debt_Consolidation,0
703962,25,59738.79,20967.13,739,3.6,4,1,Own,Home_Improvement,0
703963,65,63284.15,11568.8,850,2.2,4,0,Mortgage,Auto,0
703964,54,51866.38,24185.3,636,0.0,2,0,Own,Debt_Consolidation,1
703965,63,22287.11,1000.0,574,4.4,1,0,Mortgage,Other,0
703966,47,56622.5,14965.79,316,7.1,1,0,Rent,Debt_Consolidation,0
703967,53,48832.03,24758.99,564,1.7,3,1,Rent,Other,1
703968,52,54948.28,29525.22,526,11.4,4,3,Own,Debt_Consolidation,1
703969,51,57404.68,21518.43,806,4.8,3,0,Own,Home_Improvement,0
703970,24,46444.33,30857.45,633,6.2,3,1,Mortgage,Debt_Consolidation,1
703971,64,113740.48,20107.77,540,0.0,4,3,Own,Debt_Consolidation,1
703972,64,28424.87,14649.55,664,0.9,4,3,Own,Debt_Consolidation,1
703973,42,49107.94,19226.06,691,11.8,0,2,Mortgage,Home_Improvement,0
703974,22,27674.22,40332.57,660,1.3,1,0,Own,Home_Improvement,1
703975,59,54583.05,37789.05,782,9.0,0,2,Mortgage,Home_Improvement,0
703976,28,95831.17,19932.0,654,11.5,1,3,Rent,Auto,0
703977,25,57378.3,21113.21,667,4.5,1,1,Rent,Auto,0
703978,44,38346.8,21282.55,716,6.7,2,2,Rent,Debt_Consolidation,1
703979,49,26393.7,1498.8,579,4.7,1,2,Own,Auto,0
703980,46,71519.82,11024.72,679,5.5,2,0,Own,Debt_Consolidation,0
703981,37,41252.5,17645.66,631,13.9,0,2,Mortgage,Debt_Consolidation,0
703982,29,73552.55,8421.72,755,4.3,4,0,Mortgage,Home_Improvement,0
703983,46,41616.91,13955.42,722,14.5,2,2,Mortgage,Debt_Consolidation,0
703984,33,45560.33,3934.4,466,17.1,0,2,Rent,Debt_Consolidation,0
703985,37,56947.03,14990.42,737,6.9,0,2,Rent,Auto,0
703986,62,18921.28,25682.32,684,3.5,4,1,Mortgage,Other,1
703987,45,87305.45,16498.53,659,4.2,0,0,Mortgage,Debt_Consolidation,0
703988,35,30786.82,24002.84,537,6.4,0,3,Rent,Auto,1
703989,21,61948.38,14232.11,810,9.8,0,1,Own,Debt_Consolidation,0
703990,41,69174.74,7967.31,598,1.4,4,2,Mortgage,Medical,0
703991,52,115118.22,17146.38,684,0.0,3,0,Mortgage,Debt_Consolidation,0
703992,26,69777.46,1000.0,587,13.2,0,3,Own,Home_Improvement,0
703993,30,78574.97,8351.53,721,12.2,3,0,Mortgage,Other,0
703994,46,46081.4,12525.09,599,8.4,2,0,Mortgage,Auto,1
703995,31,54930.05,10199.48,632,7.6,2,2,Rent,Debt_Consolidation,0
703996,52,58109.9,19475.17,742,3.7,3,2,Rent,Auto,0
703997,56,84028.3,8076.18,646,6.1,3,1,Own,Other,0
703998,54,34439.59,24847.38,633,6.9,4,3,Rent,Other,1
703999,62,68107.7,23911.9,776,5.9,4,1,Own,Debt_Consolidation,0
704000,31,127217.92,16949.4,509,4.6,2,1,Own,Other,0
704001,38,35189.57,9208.0,736,5.3,2,2,Own,Home_Improvement,0
704002,37,14011.44,4466.96,802,2.3,4,2,Rent,Medical,0
704003,48,45834.8,21877.94,643,5.4,4,1,Rent,Auto,1
704004,50,55193.52,13107.8,755,2.4,1,3,Own,Debt_Consolidation,0
704005,27,98504.85,42563.63,568,10.5,1,2,Rent,Debt_Consolidation,1
704006,64,70147.72,24264.47,657,11.1,3,1,Own,Auto,1
704007,37,86005.76,29689.35,683,6.8,1,0,Own,Debt_Consolidation,0
704008,55,41334.65,6694.01,543,17.1,3,0,Mortgage,Home_Improvement,0
704009,27,57564.65,15057.34,466,7.0,2,0,Rent,Other,0
704010,30,65552.28,10842.84,763,7.5,3,1,Own,Debt_Consolidation,0
704011,61,38162.82,1000.0,450,2.0,2,0,Rent,Auto,1
704012,23,65395.14,18037.97,705,7.9,4,3,Mortgage,Other,0
704013,38,51789.93,11509.32,637,2.3,1,3,Rent,Debt_Consolidation,0
704014,35,64068.67,12685.0,643,8.5,1,2,Own,Auto,0
704015,51,24917.14,19410.13,771,3.4,4,0,Mortgage,Home_Improvement,0
704016,44,14000.0,25689.87,654,14.8,0,2,Own,Debt_Consolidation,1
704017,36,91587.67,21409.03,667,5.0,2,3,Rent,Medical,0
704018,33,59771.81,32774.93,729,0.0,2,0,Own,Debt_Consolidation,1
704019,46,56486.31,9059.8,681,8.9,1,2,Own,Home_Improvement,0
704020,56,120948.84,23861.77,531,22.1,4,2,Own,Other,1
704021,37,83304.23,8211.37,691,11.2,4,1,Mortgage,Debt_Consolidation,0
704022,32,69734.98,13268.06,836,10.6,0,2,Mortgage,Debt_Consolidation,0
704023,61,43143.44,26548.72,568,10.5,2,2,Rent,Auto,1
704024,26,68031.37,20809.56,669,10.6,4,3,Rent,Medical,0
704025,65,64784.6,18157.81,555,3.2,1,3,Mortgage,Home_Improvement,0
704026,48,53082.67,18008.2,493,5.4,4,2,Rent,Debt_Consolidation,1
704027,43,93616.66,22399.54,739,0.8,0,1,Rent,Debt_Consolidation,0
704028,55,77477.16,28419.64,645,5.5,0,3,Rent,Debt_Consolidation,0
704029,44,73056.08,21940.27,663,6.0,3,1,Own,Debt_Consolidation,0
704030,30,39741.2,11621.22,665,12.5,0,0,Mortgage,Other,0
704031,25,42844.1,24083.89,709,8.0,1,1,Mortgage,Debt_Consolidation,0
704032,36,86213.55,15607.76,736,6.0,4,3,Own,Auto,0
704033,39,65140.19,18576.78,690,13.5,1,2,Mortgage,Home_Improvement,0
704034,32,46249.54,17476.94,668,7.1,3,0,Own,Home_Improvement,0
704035,52,67275.83,25325.48,438,17.4,3,2,Own,Debt_Consolidation,1
704036,22,60349.12,18204.15,543,4.6,2,0,Own,Auto,0
704037,56,49317.84,12281.06,626,0.0,4,2,Rent,Debt_Consolidation,0
704038,51,55452.54,2012.26,602,2.8,4,2,Mortgage,Auto,0
704039,51,77988.89,2995.12,532,6.2,0,1,Rent,Auto,0
704040,23,67817.45,19450.53,663,11.9,1,0,Mortgage,Debt_Consolidation,0
704041,36,39117.72,9564.17,670,9.1,2,1,Own,Home_Improvement,0
704042,48,42043.23,24526.15,778,2.2,2,0,Mortgage,Home_Improvement,0
704043,53,66833.75,16402.09,600,5.4,4,0,Rent,Home_Improvement,0
704044,49,34632.27,18706.3,706,4.5,3,3,Rent,Other,1
704045,40,62814.46,15526.83,575,5.9,3,0,Own,Auto,0
704046,44,56745.38,41089.14,645,14.1,0,0,Mortgage,Debt_Consolidation,0
704047,54,28459.68,25481.32,487,7.4,4,2,Mortgage,Other,1
704048,22,14000.0,21158.16,488,7.9,2,2,Rent,Auto,1
704049,27,39382.12,22677.35,740,8.6,3,0,Rent,Debt_Consolidation,0
704050,22,59139.91,1000.0,445,6.5,3,3,Own,Debt_Consolidation,0
704051,57,59286.18,7295.57,656,1.8,2,2,Mortgage,Debt_Consolidation,0
704052,44,89488.33,27841.02,600,18.6,0,2,Rent,Auto,0
704053,45,59446.18,28579.57,605,2.9,3,0,Mortgage,Other,1
704054,43,57530.04,8342.99,631,5.2,0,0,Rent,Other,0
704055,59,68134.8,1000.0,671,3.0,0,2,Rent,Home_Improvement,0
704056,21,48701.07,2974.48,684,8.5,1,3,Own,Debt_Consolidation,0
704057,24,100472.1,20969.82,601,12.0,2,1,Rent,Auto,0
704058,21,45261.34,13856.05,640,6.6,1,1,Rent,Home_Improvement,0
704059,50,38431.57,26530.36,576,13.9,0,0,Mortgage,Auto,1
704060,55,46946.08,13423.83,602,7.0,1,3,Mortgage,Medical,0
704061,49,88011.14,18400.06,521,5.2,2,1,Rent,Medical,0
704062,35,45368.31,20914.36,553,5.7,2,0,Rent,Debt_Consolidation,1
704063,50,40673.28,14532.57,535,25.3,1,2,Rent,Debt_Consolidation,1
704064,53,72988.19,11316.77,615,2.8,1,2,Own,Debt_Consolidation,0
704065,54,87138.31,9544.03,770,3.2,2,3,Own,Debt_Consolidation,0
704066,29,48804.49,13764.63,721,21.4,1,0,Rent,Home_Improvement,0
704067,27,75523.34,16005.48,585,5.9,2,0,Rent,Debt_Consolidation,0
704068,32,42993.71,25460.88,511,8.1,2,2,Mortgage,Home_Improvement,1
704069,54,92263.82,16269.42,516,0.6,0,2,Rent,Medical,0
704070,61,32958.99,10235.59,554,0.0,1,2,Rent,Medical,1
704071,51,52107.34,4959.72,835,0.0,2,1,Rent,Medical,0
704072,29,48364.45,7981.11,625,5.0,4,0,Mortgage,Debt_Consolidation,0
704073,52,36356.31,19582.81,500,3.9,2,0,Rent,Auto,1
704074,39,56678.61,16768.13,698,7.7,4,1,Mortgage,Debt_Consolidation,1
704075,45,74648.89,28895.59,600,9.2,1,3,Mortgage,Medical,0
704076,43,38650.86,14367.59,822,3.2,4,0,Rent,Other,0
704077,37,104191.89,11562.27,741,1.2,2,1,Own,Other,0
704078,53,64405.33,29570.24,736,0.5,2,1,Mortgage,Debt_Consolidation,0
704079,27,66516.21,25457.87,705,5.6,2,2,Mortgage,Debt_Consolidation,1
704080,35,39882.05,27558.03,673,5.9,1,2,Mortgage,Auto,1
704081,51,56813.87,3575.53,597,6.7,0,0,Rent,Other,0
704082,50,79711.03,15174.92,663,8.5,0,3,Own,Auto,0
704083,25,34288.92,18048.65,824,13.6,2,0,Rent,Medical,0
704084,31,41735.94,17769.72,771,6.5,2,2,Rent,Auto,0
704085,56,38395.63,1000.0,669,3.9,4,1,Mortgage,Home_Improvement,0
704086,51,26873.94,16199.55,685,13.6,3,0,Rent,Auto,0
704087,35,73370.17,15528.84,663,5.8,3,2,Mortgage,Debt_Consolidation,0
704088,21,38949.29,26588.99,545,4.6,3,2,Mortgage,Home_Improvement,1
704089,25,97742.68,13519.54,640,7.6,1,3,Mortgage,Home_Improvement,0
704090,29,28140.51,16381.49,673,7.8,0,0,Mortgage,Medical,1
704091,45,49954.97,14030.35,695,11.2,3,1,Mortgage,Auto,0
704092,23,59252.58,4919.44,667,2.7,4,2,Mortgage,Debt_Consolidation,0
704093,65,34331.88,22101.88,808,6.3,0,2,Rent,Debt_Consolidation,1
704094,25,14000.0,34519.6,721,4.3,4,3,Rent,Debt_Consolidation,1
704095,48,42499.99,6287.43,587,13.6,3,1,Mortgage,Auto,0
704096,54,57551.51,30918.8,559,8.1,4,1,Own,Debt_Consolidation,1
704097,28,35302.79,32654.97,600,0.0,3,3,Own,Debt_Consolidation,1
704098,41,64486.76,2163.98,629,3.0,4,2,Mortgage,Debt_Consolidation,0
704099,33,14000.0,2967.57,716,13.3,0,0,Rent,Home_Improvement,0
704100,56,65227.04,7885.49,850,13.6,3,1,Own,Debt_Consolidation,0
704101,31,108270.28,6329.77,605,7.1,3,2,Rent,Debt_Consolidation,0
704102,64,81201.29,8671.95,518,9.4,4,1,Mortgage,Auto,0
704103,34,82003.42,5444.42,606,8.5,0,1,Mortgage,Auto,0
704104,29,49541.86,12268.3,681,4.1,0,2,Rent,Auto,1
704105,49,47869.53,20181.25,730,11.6,3,2,Rent,Debt_Consolidation,0
704106,55,85128.2,23656.95,633,6.4,4,1,Mortgage,Medical,0
704107,56,50098.93,13743.05,788,0.0,3,3,Own,Home_Improvement,0
704108,64,73540.59,5905.84,705,0.0,0,2,Own,Auto,0
704109,25,34603.09,21123.18,796,1.4,1,0,Mortgage,Auto,1
704110,34,67312.41,21839.49,737,5.4,4,1,Mortgage,Debt_Consolidation,0
704111,49,62289.7,7898.1,757,7.7,2,1,Mortgage,Auto,0
704112,24,14000.0,19683.75,748,6.2,4,2,Own,Auto,1
704113,62,55251.31,4694.12,605,11.3,4,3,Mortgage,Debt_Consolidation,1
704114,41,71665.91,8663.74,430,4.2,1,2,Rent,Debt_Consolidation,1
704115,50,71033.1,16673.2,784,12.4,2,1,Mortgage,Other,0
704116,45,66957.65,13174.14,553,12.9,4,3,Mortgage,Home_Improvement,0
704117,50,88892.52,26582.31,589,2.3,0,3,Rent,Other,0
704118,51,56487.27,13993.68,739,3.1,3,2,Mortgage,Home_Improvement,0
704119,63,39700.76,18015.1,823,13.4,0,2,Rent,Home_Improvement,1
704120,46,79885.89,26802.06,772,19.6,4,3,Own,Home_Improvement,0
704121,59,109052.79,1000.0,634,4.7,4,0,Mortgage,Home_Improvement,0
704122,34,49877.05,22027.13,734,6.2,3,1,Own,Auto,0
704123,65,94481.14,27134.22,584,0.5,4,0,Own,Other,1
704124,28,53815.96,13534.96,622,6.9,0,2,Mortgage,Debt_Consolidation,0
704125,54,22353.12,26509.83,790,9.3,1,2,Own,Auto,1
704126,36,36565.89,4631.31,548,12.6,2,3,Rent,Home_Improvement,0
704127,24,37370.1,6843.69,491,14.6,0,3,Rent,Auto,0
704128,42,86072.78,2163.43,589,4.9,2,3,Own,Medical,0
704129,41,60590.46,31462.04,716,8.0,2,2,Mortgage,Debt_Consolidation,1
704130,29,44852.95,6980.89,575,2.0,4,2,Mortgage,Debt_Consolidation,1
704131,57,61150.37,20755.32,625,4.9,3,2,Rent,Auto,1
704132,34,91755.42,1000.0,700,11.7,1,3,Mortgage,Home_Improvement,0
704133,39,56175.31,24795.68,484,4.7,2,2,Rent,Debt_Consolidation,1
704134,60,40726.96,1862.98,850,3.4,0,2,Rent,Home_Improvement,0
704135,65,66669.44,8166.32,566,8.9,4,0,Rent,Other,0
704136,40,37985.64,1000.0,805,0.0,2,1,Own,Medical,0
704137,34,70172.71,2491.63,530,9.3,3,1,Rent,Debt_Consolidation,0
704138,26,81887.36,24898.82,648,4.4,4,3,Mortgage,Other,0
704139,40,62529.19,1417.16,701,11.8,0,2,Rent,Debt_Consolidation,0
704140,50,47675.6,31333.68,750,2.1,2,1,Mortgage,Debt_Consolidation,1
704141,46,60919.16,37454.98,764,0.0,2,0,Rent,Home_Improvement,1
704142,36,23972.2,13514.82,679,2.9,1,2,Rent,Other,1
704143,38,95829.29,1589.59,476,5.8,4,2,Own,Other,0
704144,44,114884.8,11608.44,668,12.0,0,2,Mortgage,Debt_Consolidation,0
704145,32,58501.25,17888.07,622,0.0,4,1,Mortgage,Debt_Consolidation,0
704146,38,14000.0,1000.0,587,10.5,2,1,Mortgage,Debt_Consolidation,0
704147,60,41774.66,8794.9,749,15.4,0,3,Mortgage,Other,0
704148,26,23276.23,17008.46,527,1.1,0,2,Own,Auto,1
704149,41,14000.0,19735.69,835,1.0,4,3,Rent,Medical,1
704150,54,54626.78,1000.0,683,5.1,1,1,Mortgage,Home_Improvement,0
704151,25,54068.04,14917.0,624,12.4,4,0,Own,Debt_Consolidation,1
704152,46,42851.23,16533.2,702,7.9,4,3,Mortgage,Debt_Consolidation,0
704153,25,84626.13,26739.35,750,8.7,4,1,Rent,Auto,0
704154,65,58905.92,18590.36,618,8.3,1,3,Rent,Other,0
704155,38,34462.61,26316.53,711,8.9,0,0,Own,Debt_Consolidation,0
704156,21,68026.58,21248.27,690,6.8,1,3,Rent,Other,0
704157,42,27629.37,6960.08,601,6.1,4,3,Own,Home_Improvement,0
704158,46,49530.69,43640.98,686,1.5,0,3,Own,Auto,1
704159,44,37970.94,22432.34,598,9.5,4,3,Own,Medical,1
704160,40,65108.17,18194.03,694,13.0,1,1,Own,Debt_Consolidation,0
704161,37,51503.63,11754.07,613,3.4,2,0,Own,Debt_Consolidation,0
704162,40,44011.97,31553.18,722,5.7,4,0,Mortgage,Other,1
704163,58,64362.62,16523.48,744,7.1,4,1,Own,Home_Improvement,0
704164,53,69332.32,21552.57,770,0.0,3,0,Own,Debt_Consolidation,0
704165,33,63865.56,17892.44,699,3.3,4,1,Rent,Other,1
704166,31,84881.17,14282.95,565,0.0,3,3,Mortgage,Auto,0
704167,27,32803.39,1000.0,611,0.0,3,0,Mortgage,Auto,0
704168,38,67587.23,9797.8,531,2.8,4,2,Own,Auto,0
704169,46,98306.04,33491.22,769,9.6,1,1,Own,Medical,0
704170,26,58290.19,18188.55,543,1.7,1,1,Rent,Debt_Consolidation,1
704171,60,14000.0,8694.36,759,6.2,2,3,Rent,Other,0
704172,46,81431.34,6498.94,718,0.0,4,3,Rent,Debt_Consolidation,0
704173,55,53139.46,7004.7,607,5.6,1,3,Rent,Other,0
704174,40,73616.04,11281.25,600,7.1,3,0,Mortgage,Other,0
704175,21,64657.87,13951.48,603,0.0,4,3,Rent,Debt_Consolidation,0
704176,22,72933.61,30456.83,605,12.2,4,2,Rent,Other,0
704177,47,87426.76,19242.55,612,4.4,0,2,Mortgage,Other,0
704178,31,61132.77,32928.81,503,0.1,4,1,Mortgage,Medical,1
704179,37,77002.41,1000.0,792,6.9,2,2,Mortgage,Home_Improvement,0
704180,38,26727.12,13732.41,686,0.4,4,0,Mortgage,Debt_Consolidation,0
704181,63,36537.35,1000.0,687,0.0,2,1,Rent,Debt_Consolidation,0
704182,44,55076.94,1000.0,796,9.1,4,1,Rent,Medical,0
704183,62,96092.09,17760.2,651,6.8,4,2,Mortgage,Debt_Consolidation,0
704184,25,38072.72,1000.0,618,2.1,3,1,Own,Debt_Consolidation,0
704185,53,49616.47,16091.78,541,6.4,3,3,Mortgage,Other,0
704186,48,74028.65,6462.65,578,0.4,4,3,Rent,Other,0
704187,45,45334.31,27242.63,690,11.5,0,0,Mortgage,Debt_Consolidation,0
704188,57,26741.82,27733.33,643,16.9,2,1,Rent,Auto,1
704189,62,14000.0,1000.0,567,3.6,3,3,Rent,Other,0
704190,35,76925.35,23239.46,599,16.2,4,3,Rent,Other,1
704191,21,30767.2,15290.11,500,6.4,3,0,Rent,Medical,1
704192,24,66331.88,20748.84,529,13.5,3,1,Rent,Debt_Consolidation,0
704193,51,70333.41,10075.62,706,9.8,3,2,Rent,Debt_Consolidation,0
704194,27,33932.8,27968.24,661,10.6,1,0,Rent,Debt_Consolidation,1
704195,26,68699.05,25510.1,616,5.0,2,1,Rent,Medical,0
704196,55,14000.0,14906.34,638,8.7,1,3,Mortgage,Medical,1
704197,46,55226.94,1000.0,735,5.3,1,1,Own,Debt_Consolidation,0
704198,44,32844.24,1000.0,675,6.3,3,2,Mortgage,Home_Improvement,0
704199,40,63436.29,25508.66,693,5.5,4,0,Rent,Debt_Consolidation,0
704200,27,62696.98,17324.5,551,6.9,3,1,Rent,Other,0
704201,53,62274.23,1000.0,687,3.7,2,1,Rent,Medical,0
704202,28,72848.36,5553.24,547,11.8,0,0,Rent,Auto,0
704203,30,42487.82,42106.33,679,3.4,2,2,Mortgage,Home_Improvement,1
704204,58,23050.57,4018.25,604,0.0,3,3,Own,Home_Improvement,0
704205,23,28029.17,18886.08,740,7.2,0,0,Rent,Home_Improvement,0
704206,51,81865.36,28819.42,649,4.7,3,1,Rent,Auto,0
704207,44,32801.25,39386.31,494,0.0,2,0,Mortgage,Home_Improvement,1
704208,52,49455.12,18806.46,626,14.8,0,0,Mortgage,Other,0
704209,57,66404.14,20570.01,676,0.0,4,2,Rent,Home_Improvement,0
704210,27,54038.49,3290.24,712,10.2,4,3,Rent,Auto,1
704211,24,34022.48,20246.37,740,15.1,3,0,Rent,Home_Improvement,0
704212,65,14000.0,15079.55,673,7.5,2,1,Mortgage,Debt_Consolidation,1
704213,25,80485.3,4236.15,812,7.8,3,3,Mortgage,Debt_Consolidation,0
704214,32,43924.34,3579.14,526,2.0,0,3,Own,Debt_Consolidation,0
704215,28,18639.9,28429.56,620,5.9,1,2,Mortgage,Debt_Consolidation,1
704216,36,42349.13,26437.39,514,0.0,4,2,Rent,Home_Improvement,1
704217,56,59007.12,43040.49,580,22.2,4,3,Rent,Auto,1
704218,31,14000.0,11963.81,530,12.8,0,1,Mortgage,Medical,1
704219,52,61154.02,1000.0,568,7.4,0,2,Own,Debt_Consolidation,1
704220,63,57996.01,36583.6,730,11.8,1,1,Mortgage,Debt_Consolidation,0
704221,42,68682.96,22033.74,627,5.7,0,2,Rent,Home_Improvement,1
704222,49,58093.85,33301.41,768,2.0,1,3,Rent,Medical,1
704223,41,33825.84,8467.4,673,5.8,2,0,Mortgage,Home_Improvement,0
704224,45,18545.91,11492.57,706,5.3,0,3,Mortgage,Home_Improvement,0
704225,45,52982.33,31325.92,767,11.0,0,0,Mortgage,Home_Improvement,0
704226,39,45154.62,7462.57,593,4.9,2,3,Own,Debt_Consolidation,0
704227,24,94586.27,15035.37,622,0.0,3,0,Rent,Debt_Consolidation,0
704228,53,50744.83,15553.26,737,12.2,0,0,Rent,Auto,0
704229,23,67517.5,25064.25,663,7.1,3,1,Rent,Debt_Consolidation,0
704230,42,59052.81,26629.73,594,4.7,0,2,Own,Home_Improvement,1
704231,46,15489.99,7776.76,850,8.6,3,2,Mortgage,Debt_Consolidation,0
704232,41,75825.54,25514.55,484,0.0,0,0,Mortgage,Debt_Consolidation,1
704233,62,46520.71,13545.95,645,9.6,1,1,Own,Medical,0
704234,27,22779.62,14816.44,665,7.5,3,0,Own,Debt_Consolidation,1
704235,33,67490.69,17536.17,620,1.7,0,3,Mortgage,Debt_Consolidation,0
704236,58,87285.42,25708.42,685,0.0,1,0,Mortgage,Auto,1
704237,59,54679.44,15013.27,645,13.6,3,0,Mortgage,Other,0
704238,23,50741.75,21068.96,667,6.2,3,1,Mortgage,Medical,1
704239,65,42089.2,8170.51,659,3.1,0,3,Rent,Other,0
704240,61,47205.05,1351.13,616,2.5,4,0,Mortgage,Other,0
704241,39,84232.11,4579.87,683,8.6,4,0,Mortgage,Debt_Consolidation,0
704242,62,59475.98,18790.53,529,1.7,3,1,Mortgage,Debt_Consolidation,1
704243,58,67623.78,17049.86,668,11.1,3,2,Rent,Debt_Consolidation,0
704244,44,71319.61,17806.92,546,0.9,1,3,Own,Debt_Consolidation,0
704245,64,14000.0,2335.7,746,13.3,1,0,Own,Debt_Consolidation,0
704246,28,61429.66,8224.89,789,0.0,1,0,Own,Other,0
704247,25,71143.14,16521.07,590,6.0,1,3,Rent,Other,0
704248,30,62808.31,23496.05,498,10.5,1,0,Own,Auto,1
704249,52,21766.69,21446.98,494,4.6,0,1,Own,Auto,1
704250,27,38582.51,12815.31,599,8.1,0,2,Mortgage,Other,0
704251,44,73660.08,8885.56,611,5.6,3,2,Mortgage,Debt_Consolidation,0
704252,52,67380.19,1000.0,664,10.1,1,0,Own,Debt_Consolidation,0
704253,36,68083.63,10719.67,715,12.3,4,1,Mortgage,Auto,0
704254,37,29949.27,28049.93,621,2.5,3,3,Mortgage,Debt_Consolidation,1
704255,21,63950.93,13805.44,575,10.4,3,3,Mortgage,Debt_Consolidation,0
704256,65,92069.79,10319.63,850,6.2,1,2,Mortgage,Debt_Consolidation,0
704257,22,58395.87,18892.63,653,11.7,4,1,Mortgage,Auto,1
704258,36,89721.89,44317.53,665,13.4,4,2,Mortgage,Auto,0
704259,51,78141.85,11262.08,583,0.0,3,2,Mortgage,Auto,0
704260,35,77154.15,5975.71,672,11.7,0,1,Rent,Debt_Consolidation,0
704261,57,41253.23,1000.0,643,9.0,0,2,Mortgage,Debt_Consolidation,0
704262,51,41807.7,1000.0,698,7.8,4,3,Rent,Auto,0
704263,62,41247.46,20124.98,638,5.4,3,2,Mortgage,Medical,1
704264,60,84865.97,19378.72,511,12.1,2,0,Rent,Medical,0
704265,54,87289.05,9601.11,521,0.0,3,1,Mortgage,Debt_Consolidation,0
704266,44,32495.84,20011.41,722,12.4,3,1,Own,Other,1
704267,49,26580.13,22000.29,703,12.9,1,2,Mortgage,Other,1
704268,26,60372.85,7951.29,641,6.5,0,0,Mortgage,Home_Improvement,0
704269,37,88697.96,18680.57,699,11.3,4,2,Rent,Debt_Consolidation,0
704270,28,63859.06,24709.93,772,8.7,1,2,Rent,Home_Improvement,1
704271,49,72548.68,1000.0,562,6.3,2,0,Rent,Home_Improvement,0
704272,53,68931.25,14445.26,755,0.6,3,3,Rent,Debt_Consolidation,0
704273,50,71182.84,16743.42,813,3.8,0,3,Mortgage,Home_Improvement,0
704274,55,54142.42,1000.0,765,14.8,2,2,Own,Auto,0
704275,33,68856.33,40952.73,614,14.1,1,3,Mortgage,Debt_Consolidation,0
704276,65,73747.79,26958.2,704,10.7,4,1,Mortgage,Debt_Consolidation,0
704277,22,54762.33,35659.83,635,9.4,0,2,Own,Debt_Consolidation,1
704278,46,97517.55,1000.0,555,11.7,1,3,Rent,Debt_Consolidation,0
704279,51,31977.56,15390.21,579,12.7,3,3,Own,Debt_Consolidation,1
704280,56,48145.79,28110.35,603,1.4,1,2,Rent,Auto,1
704281,27,37191.37,10939.77,608,0.0,3,0,Own,Medical,0
704282,51,82865.6,37640.3,644,11.2,3,2,Own,Other,0
704283,57,83323.45,4701.87,524,11.5,1,0,Own,Home_Improvement,0
704284,45,39484.1,15721.37,472,2.4,3,2,Mortgage,Auto,1
704285,26,59148.12,12207.79,574,6.3,2,3,Rent,Medical,0
704286,57,46553.94,1000.0,736,11.8,0,3,Rent,Debt_Consolidation,0
704287,43,24731.16,13507.78,653,18.6,1,3,Mortgage,Home_Improvement,1
704288,30,38064.77,15978.54,683,15.4,2,0,Rent,Home_Improvement,0
704289,44,65229.41,4869.44,597,4.5,3,2,Own,Debt_Consolidation,0
704290,27,70793.99,10968.7,586,11.0,0,2,Own,Auto,0
704291,41,39874.02,25895.97,634,6.6,1,3,Own,Auto,0
704292,34,57258.06,24921.9,667,13.3,1,0,Mortgage,Other,0
704293,58,76974.35,20813.09,684,13.5,3,3,Rent,Other,0
704294,38,90261.32,23474.15,821,7.8,2,3,Rent,Other,0
704295,45,65645.49,29509.88,761,9.8,1,0,Mortgage,Debt_Consolidation,0
704296,63,37969.16,14315.41,706,3.0,1,0,Mortgage,Debt_Consolidation,0
704297,41,19794.99,8729.1,498,9.5,3,3,Rent,Other,1
704298,58,58978.58,17177.64,615,0.0,1,1,Rent,Other,1
704299,47,49989.75,17714.3,629,4.0,1,2,Own,Debt_Consolidation,1
704300,54,43479.96,9357.55,548,16.1,2,1,Own,Medical,0
704301,43,40959.49,18577.97,669,9.5,2,2,Mortgage,Other,1
704302,61,44032.15,19346.63,612,1.3,4,1,Mortgage,Home_Improvement,0
704303,50,61081.78,27099.09,632,0.0,0,0,Mortgage,Other,0
704304,38,73509.77,6421.16,663,17.9,1,0,Mortgage,Other,0
704305,65,37977.7,29006.21,578,9.6,4,3,Rent,Auto,1
704306,65,101740.63,14172.64,684,6.8,2,1,Rent,Home_Improvement,0
704307,46,91298.45,1684.48,598,13.8,0,0,Own,Auto,0
704308,61,51591.75,27422.06,647,3.6,4,3,Mortgage,Other,0
704309,36,64811.59,21526.3,676,1.0,4,3,Mortgage,Other,0
704310,29,93628.98,17468.17,850,6.7,1,0,Own,Medical,0
704311,64,35781.4,4381.87,534,0.0,3,0,Mortgage,Debt_Consolidation,0
704312,37,42871.87,24918.08,783,4.7,0,1,Rent,Medical,0
704313,57,43010.54,5479.02,659,11.4,3,0,Mortgage,Auto,0
704314,34,33523.79,5071.47,571,3.7,0,2,Rent,Home_Improvement,0
704315,61,74560.07,15337.78,616,9.8,4,0,Own,Debt_Consolidation,0
704316,29,52404.63,25903.44,582,6.6,3,1,Rent,Debt_Consolidation,1
704317,44,59944.71,16453.15,729,9.8,2,2,Mortgage,Debt_Consolidation,0
704318,63,59566.51,17291.99,710,1.1,3,2,Rent,Other,0
704319,49,52866.85,6651.07,709,8.5,2,0,Own,Home_Improvement,0
704320,38,93634.76,25635.13,727,0.0,1,0,Own,Home_Improvement,0
704321,23,53689.92,12349.96,550,8.4,2,1,Rent,Medical,0
704322,60,37280.22,22351.62,488,4.0,2,3,Own,Debt_Consolidation,1
704323,48,24890.02,45209.22,695,5.9,1,1,Mortgage,Other,1
704324,47,41502.23,18356.41,627,7.4,2,1,Rent,Debt_Consolidation,1
704325,25,62102.23,5446.76,569,2.4,2,3,Own,Medical,0
704326,23,61746.97,1290.65,753,0.0,3,0,Mortgage,Home_Improvement,0
704327,58,64495.04,5956.47,830,8.2,3,2,Mortgage,Medical,0
704328,40,47777.33,5674.09,770,13.1,2,1,Mortgage,Home_Improvement,0
704329,57,68082.76,18797.94,617,7.8,4,0,Mortgage,Other,0
704330,56,68550.65,29774.38,839,2.0,3,0,Own,Auto,0
704331,33,29173.14,16197.58,795,10.0,2,0,Mortgage,Other,0
704332,35,67204.71,12933.97,549,9.8,1,3,Mortgage,Other,0
704333,51,67639.83,22486.33,683,12.4,3,1,Own,Auto,0
704334,34,51286.56,7316.58,644,5.1,1,0,Own,Debt_Consolidation,0
704335,51,83822.84,13547.37,543,8.0,2,3,Rent,Medical,0
704336,25,59146.52,25464.14,688,0.5,2,0,Mortgage,Other,1
704337,28,39890.52,28513.48,683,6.5,1,2,Mortgage,Other,1
704338,42,80195.39,12206.2,502,12.0,0,1,Own,Auto,1
704339,58,99906.02,12176.41,374,6.9,4,0,Mortgage,Debt_Consolidation,1
704340,63,30427.92,10986.75,552,12.4,3,1,Rent,Auto,1
704341,25,56160.08,19065.47,584,3.0,4,0,Own,Other,0
704342,21,78810.0,31839.19,545,9.0,2,1,Own,Debt_Consolidation,1
704343,35,72371.25,16733.36,604,10.2,4,1,Rent,Debt_Consolidation,0
704344,60,82037.6,4069.71,756,12.2,3,1,Rent,Home_Improvement,0
704345,48,89036.09,27150.61,666,3.3,1,0,Own,Debt_Consolidation,0
704346,47,15392.51,27304.35,562,0.0,1,3,Mortgage,Auto,1
704347,44,74292.83,28002.16,503,10.0,3,1,Mortgage,Debt_Consolidation,1
704348,33,19275.81,24717.51,579,5.4,0,1,Own,Other,1
704349,27,35402.96,12346.67,573,12.5,3,3,Mortgage,Other,0
704350,61,32048.88,5409.58,620,0.7,3,0,Own,Other,0
704351,28,69269.19,21817.77,722,1.6,1,2,Own,Debt_Consolidation,0
704352,62,18367.3,13109.48,508,7.4,4,3,Rent,Debt_Consolidation,1
704353,65,60227.33,17306.95,659,11.0,4,2,Mortgage,Home_Improvement,0
704354,64,21864.1,29596.72,746,6.3,4,3,Mortgage,Medical,1
704355,60,105252.24,1000.0,675,7.3,3,2,Rent,Auto,0
704356,41,45225.14,1000.0,661,6.0,4,0,Mortgage,Debt_Consolidation,0
704357,42,57393.47,1000.0,561,13.4,2,1,Mortgage,Other,0
704358,39,29747.82,8734.75,597,2.5,1,3,Mortgage,Auto,1
704359,24,44041.46,14854.67,806,8.9,2,0,Rent,Other,0
704360,50,89011.23,19218.49,664,6.5,2,3,Own,Debt_Consolidation,1
704361,25,63635.44,7633.84,684,5.8,1,3,Own,Debt_Consolidation,0
704362,60,30133.77,27758.61,624,1.7,4,3,Mortgage,Other,1
704363,52,45785.8,12802.95,480,1.3,2,0,Own,Home_Improvement,0
704364,36,53980.42,23585.12,651,9.4,2,3,Rent,Debt_Consolidation,0
704365,43,99519.62,32831.0,661,10.6,0,1,Own,Medical,0
704366,35,54952.96,27529.71,600,0.0,4,2,Rent,Home_Improvement,1
704367,56,68167.78,12851.24,773,10.6,1,3,Mortgage,Debt_Consolidation,0
704368,39,82880.22,15303.99,720,5.9,0,3,Mortgage,Auto,0
704369,24,114582.71,21195.1,520,8.1,0,1,Rent,Debt_Consolidation,0
704370,21,73195.04,24515.86,628,16.0,1,1,Mortgage,Auto,1
704371,49,32286.96,3993.89,550,4.7,0,2,Own,Auto,0
704372,58,34155.65,4699.37,631,8.6,0,3,Own,Auto,0
704373,56,98414.84,9997.1,398,2.2,4,1,Rent,Medical,0
704374,41,67527.12,27128.75,668,8.2,4,1,Rent,Debt_Consolidation,0
704375,39,14000.0,18214.2,665,7.4,1,0,Rent,Other,1
704376,42,45550.88,14978.14,557,9.3,1,0,Rent,Debt_Consolidation,1
704377,50,46820.42,1299.49,790,9.3,2,3,Own,Debt_Consolidation,0
704378,49,49587.82,1745.23,695,15.4,0,1,Own,Home_Improvement,0
704379,61,73120.96,19675.65,652,9.7,4,0,Rent,Debt_Consolidation,1
704380,57,73795.8,4894.0,666,4.7,4,0,Own,Debt_Consolidation,0
704381,28,89740.21,25835.14,631,6.0,0,2,Mortgage,Debt_Consolidation,0
704382,52,14000.0,7050.33,596,3.1,1,0,Mortgage,Debt_Consolidation,1
704383,28,64809.89,17758.82,613,6.1,3,3,Rent,Auto,0
704384,36,52896.22,23506.34,700,0.0,2,0,Rent,Debt_Consolidation,0
704385,34,32393.8,21702.15,561,1.6,2,3,Mortgage,Home_Improvement,1
704386,34,77891.12,15718.98,551,0.0,1,3,Rent,Other,1
704387,49,26047.85,38173.2,749,8.7,2,2,Rent,Other,1
704388,35,24604.96,15159.98,588,0.0,2,3,Own,Auto,1
704389,28,96486.79,20424.16,666,9.1,0,3,Mortgage,Debt_Consolidation,0
704390,44,67603.64,12588.11,557,1.3,3,1,Own,Other,0
704391,24,77489.23,26557.29,640,6.7,2,3,Mortgage,Home_Improvement,0
704392,57,89264.02,28584.88,588,11.8,0,1,Rent,Auto,0
704393,44,27223.48,28379.88,588,1.2,3,3,Mortgage,Debt_Consolidation,1
704394,21,90661.86,19086.29,642,14.2,4,3,Own,Medical,0
704395,37,60358.53,25893.66,675,7.4,2,1,Mortgage,Auto,1
704396,48,70758.29,5629.78,627,6.2,2,2,Own,Home_Improvement,0
704397,21,77261.05,12137.98,773,15.2,0,2,Rent,Debt_Consolidation,0
704398,58,73216.42,22910.53,675,10.7,4,3,Mortgage,Debt_Consolidation,0
704399,54,48815.64,1000.0,609,7.3,2,2,Mortgage,Home_Improvement,0
704400,46,57614.34,1000.0,660,6.0,2,0,Own,Auto,0
704401,23,61891.86,23282.39,681,4.3,3,0,Mortgage,Debt_Consolidation,1
704402,38,83284.84,17928.26,722,9.4,1,3,Rent,Auto,0
704403,33,14000.0,13251.33,593,7.8,3,3,Rent,Home_Improvement,1
704404,42,91977.91,13880.49,501,5.7,4,2,Mortgage,Home_Improvement,0
704405,29,35709.99,31427.42,504,10.2,4,1,Mortgage,Home_Improvement,1
704406,44,110273.61,20796.19,480,8.2,1,0,Mortgage,Debt_Consolidation,1
704407,58,69630.16,12330.84,742,10.9,0,3,Own,Home_Improvement,0
704408,49,100191.93,1000.0,478,6.4,1,2,Mortgage,Home_Improvement,0
704409,37,52654.63,17301.82,763,12.9,1,2,Mortgage,Auto,0
704410,24,99702.32,4263.67,658,14.6,0,0,Rent,Other,0
704411,48,68244.7,14008.77,709,11.0,4,0,Mortgage,Debt_Consolidation,0
704412,56,68188.24,8216.1,500,8.8,4,1,Mortgage,Medical,0
704413,48,69131.15,29117.96,607,7.3,4,2,Rent,Auto,1
704414,45,14000.0,8673.63,737,8.5,0,0,Mortgage,Other,1
704415,28,22573.37,15700.44,575,0.0,4,2,Mortgage,Debt_Consolidation,1
704416,33,19210.25,30602.53,780,9.5,1,2,Mortgage,Other,1
704417,42,60191.39,1000.0,693,0.3,3,0,Own,Other,0
704418,62,52805.31,10625.09,642,8.9,1,0,Rent,Debt_Consolidation,0
704419,39,77926.69,1000.0,762,14.8,1,3,Own,Debt_Consolidation,0
704420,38,66628.33,32475.68,635,10.5,0,3,Rent,Auto,1
704421,56,87989.35,20512.25,671,0.0,0,1,Own,Other,0
704422,55,41215.65,15249.88,685,0.0,3,3,Own,Debt_Consolidation,0
704423,31,66603.17,17813.51,531,5.4,2,3,Mortgage,Home_Improvement,0
704424,34,46077.05,24108.18,676,7.4,0,0,Rent,Other,1
704425,25,30075.67,22180.32,742,3.6,0,1,Mortgage,Medical,1
704426,45,15436.97,17493.74,733,8.0,3,3,Mortgage,Other,1
704427,59,55650.53,26135.6,782,7.5,2,2,Own,Other,0
704428,29,35692.8,20302.54,678,4.4,0,1,Mortgage,Home_Improvement,1
704429,25,45047.63,36638.61,570,17.1,2,2,Rent,Other,1
704430,33,34734.11,5094.43,803,6.4,0,3,Rent,Home_Improvement,0
704431,21,31412.87,12883.89,498,7.1,4,0,Rent,Other,1
704432,35,125717.64,24288.94,702,4.5,2,3,Rent,Debt_Consolidation,0
704433,63,58791.77,24874.1,447,10.9,4,0,Rent,Other,1
704434,27,26165.52,11070.07,627,7.0,4,2,Own,Debt_Consolidation,0
704435,55,53010.97,30060.16,838,9.7,1,1,Rent,Home_Improvement,0
704436,55,58153.27,26136.15,510,5.8,3,1,Rent,Debt_Consolidation,1
704437,62,22189.84,34158.15,802,2.4,1,1,Rent,Debt_Consolidation,1
704438,41,83117.85,13663.35,620,5.6,0,3,Rent,Other,0
704439,25,35250.76,29025.44,584,4.8,3,2,Own,Home_Improvement,1
704440,36,70120.81,15634.04,632,0.0,0,1,Own,Medical,0
704441,25,46298.6,20302.46,630,3.1,1,2,Rent,Home_Improvement,1
704442,47,37825.3,24459.89,694,4.5,1,0,Mortgage,Auto,1
704443,44,135265.52,12100.38,709,11.1,1,1,Rent,Other,0
704444,31,42404.89,13253.0,700,12.9,1,1,Rent,Home_Improvement,0
704445,26,20341.67,34676.17,675,6.8,2,2,Mortgage,Home_Improvement,1
704446,40,44507.2,6502.22,631,0.0,0,0,Mortgage,Debt_Consolidation,0
704447,44,32955.16,22234.17,805,6.0,3,1,Own,Home_Improvement,0
704448,46,83281.77,30454.25,749,11.7,4,1,Own,Other,0
704449,63,67521.41,32123.43,642,6.6,4,1,Own,Medical,0
704450,48,28287.06,14716.42,673,5.5,1,2,Own,Auto,0
704451,42,99609.35,6034.01,688,8.5,4,2,Rent,Home_Improvement,0
704452,40,51367.95,27923.88,797,10.2,4,1,Mortgage,Other,0
704453,28,25210.44,10789.42,668,2.8,4,0,Mortgage,Home_Improvement,0
704454,54,83291.56,16426.45,667,0.0,0,0,Mortgage,Debt_Consolidation,0
704455,44,72749.37,8827.47,706,3.9,3,2,Mortgage,Home_Improvement,0
704456,60,32299.36,1846.37,685,0.0,3,1,Mortgage,Home_Improvement,0
704457,52,29470.06,9967.53,582,0.0,0,1,Mortgage,Debt_Consolidation,1
704458,64,53024.99,13493.48,547,5.7,0,3,Rent,Auto,0
704459,36,40525.86,1000.0,721,5.6,4,1,Mortgage,Home_Improvement,0
704460,46,70101.69,30757.12,686,5.3,0,1,Mortgage,Auto,0
704461,23,63653.25,13466.05,671,6.9,4,3,Own,Home_Improvement,0
704462,64,27937.62,32968.16,632,8.8,2,0,Rent,Auto,1
704463,57,30488.89,28018.95,585,3.0,1,0,Rent,Home_Improvement,1
704464,63,50733.82,10323.23,628,7.1,3,3,Rent,Auto,0
704465,39,88272.37,15815.77,573,4.4,4,2,Own,Home_Improvement,0
704466,50,41256.6,11451.01,572,12.1,2,2,Mortgage,Debt_Consolidation,0
704467,53,71306.96,15887.87,618,12.9,4,1,Mortgage,Debt_Consolidation,0
704468,27,41106.07,17077.91,700,14.0,2,3,Mortgage,Auto,0
704469,40,67303.62,20107.4,591,6.9,0,0,Own,Medical,0
704470,49,42874.53,20575.55,704,4.2,4,1,Own,Debt_Consolidation,1
704471,28,66931.0,17825.52,727,7.8,3,0,Rent,Other,0
704472,44,35036.51,9792.96,659,12.8,4,2,Rent,Other,0
704473,64,38519.36,1000.0,602,6.0,1,3,Rent,Debt_Consolidation,0
704474,52,103586.27,18359.52,702,9.4,3,3,Own,Debt_Consolidation,0
704475,42,79053.54,14014.03,705,15.9,4,2,Mortgage,Debt_Consolidation,0
704476,33,26193.24,22911.73,834,5.0,2,0,Rent,Debt_Consolidation,1
704477,39,85106.22,9784.81,651,0.0,2,0,Mortgage,Debt_Consolidation,0
704478,65,52414.91,18775.46,732,4.6,1,1,Rent,Home_Improvement,0
704479,63,89356.57,6216.21,756,10.2,0,1,Mortgage,Debt_Consolidation,0
704480,36,23908.13,20053.64,797,2.1,3,2,Rent,Debt_Consolidation,1
704481,45,54036.71,13348.07,497,6.9,0,3,Rent,Other,1
704482,65,45977.85,20427.16,688,16.3,0,3,Rent,Debt_Consolidation,0
704483,32,39354.79,42783.52,636,6.9,4,1,Rent,Auto,1
704484,33,28126.8,24502.84,606,7.5,4,1,Own,Auto,1
704485,41,103635.18,15032.2,434,6.8,0,1,Own,Auto,0
704486,42,56296.99,19101.32,575,2.3,3,1,Rent,Home_Improvement,1
704487,57,48782.48,16536.64,613,8.4,4,3,Own,Other,0
704488,51,16244.42,15821.13,709,14.3,3,2,Rent,Debt_Consolidation,1
704489,44,83781.37,16909.75,570,11.2,3,3,Mortgage,Debt_Consolidation,0
704490,32,83936.0,16343.5,690,12.8,3,1,Rent,Auto,0
704491,60,52505.92,16178.41,534,6.6,3,3,Own,Other,0
704492,39,23228.88,26494.64,643,6.8,2,2,Mortgage,Debt_Consolidation,1
704493,23,70568.42,26235.31,687,10.0,0,0,Rent,Home_Improvement,0
704494,50,56695.75,34020.43,586,1.1,4,2,Own,Home_Improvement,1
704495,60,21257.3,21178.84,596,5.9,1,2,Own,Home_Improvement,1
704496,54,107544.26,20767.1,662,1.5,2,3,Own,Home_Improvement,0
704497,27,74480.03,40623.93,801,10.4,4,2,Rent,Home_Improvement,1
704498,62,32655.92,1648.14,652,8.3,1,1,Mortgage,Debt_Consolidation,0
704499,52,37086.5,18401.37,541,5.9,0,2,Rent,Auto,1
704500,45,75937.07,21176.44,653,5.9,0,2,Own,Home_Improvement,0
704501,41,85897.96,22727.71,728,1.8,1,3,Mortgage,Debt_Consolidation,0
704502,64,71409.15,9774.29,790,1.5,4,2,Mortgage,Other,0
704503,61,69808.64,12318.21,684,6.4,4,1,Own,Other,0
704504,33,48075.19,1508.56,682,2.2,0,1,Mortgage,Debt_Consolidation,0
704505,42,107794.98,10865.85,676,3.3,4,2,Mortgage,Medical,0
704506,48,50737.45,1000.0,697,6.4,2,3,Rent,Home_Improvement,0
704507,43,63049.86,24157.48,688,11.1,1,0,Mortgage,Other,0
704508,55,66976.88,14250.65,622,7.1,4,0,Rent,Debt_Consolidation,0
704509,23,50897.94,5794.23,727,11.2,1,1,Rent,Debt_Consolidation,0
704510,24,76711.23,30350.19,592,5.8,0,2,Rent,Home_Improvement,1
704511,28,95554.73,16044.26,489,9.1,1,0,Own,Debt_Consolidation,0
704512,56,14000.0,6122.5,596,19.2,4,1,Own,Debt_Consolidation,1
704513,41,52777.31,20806.19,592,9.6,0,1,Mortgage,Medical,1
704514,57,88509.34,11110.5,683,8.5,1,1,Own,Debt_Consolidation,0
704515,41,92242.53,1000.0,563,8.6,2,3,Rent,Auto,0
704516,46,46647.69,16815.32,421,8.9,3,1,Own,Auto,1
704517,41,74421.01,31481.8,531,18.2,2,2,Mortgage,Debt_Consolidation,1
704518,62,62694.84,1000.0,607,15.0,0,2,Rent,Auto,0
704519,30,61652.75,11568.23,554,5.7,0,2,Mortgage,Home_Improvement,1
704520,52,42794.51,23126.86,558,8.7,1,2,Rent,Home_Improvement,1
704521,52,82588.87,19027.82,716,3.2,4,0,Rent,Debt_Consolidation,0
704522,37,87358.92,25166.5,592,3.9,4,1,Mortgage,Other,1
704523,49,97059.14,13550.22,733,8.4,3,2,Rent,Debt_Consolidation,0
704524,57,64711.27,29353.52,708,15.7,2,3,Mortgage,Auto,1
704525,63,61607.83,16210.59,713,8.5,3,1,Rent,Other,0
704526,44,85842.3,15175.02,642,8.5,4,2,Rent,Home_Improvement,0
704527,42,139164.99,20137.14,601,3.1,1,2,Mortgage,Auto,1
704528,51,52808.23,13175.25,733,3.9,1,1,Rent,Debt_Consolidation,0
704529,43,56351.12,12852.76,605,5.9,2,0,Mortgage,Debt_Consolidation,0
704530,65,101416.81,11368.99,688,6.3,4,3,Mortgage,Debt_Consolidation,0
704531,46,30967.52,7691.87,665,5.5,3,2,Own,Other,0
704532,52,14000.0,8651.54,597,6.4,1,3,Mortgage,Medical,1
704533,45,82574.61,2434.15,450,13.2,3,1,Rent,Auto,0
704534,55,92648.58,21636.03,653,2.3,3,2,Mortgage,Auto,1
704535,22,90980.36,19125.0,698,6.4,3,0,Rent,Home_Improvement,0
704536,57,83229.46,1000.0,601,13.1,4,3,Own,Debt_Consolidation,0
704537,30,85522.37,11511.02,759,9.8,3,1,Mortgage,Debt_Consolidation,0
704538,30,41986.39,16413.78,625,11.9,0,1,Rent,Home_Improvement,0
704539,34,84346.22,5768.4,595,7.5,0,3,Rent,Other,0
704540,22,34623.82,20147.32,712,3.0,4,1,Own,Auto,0
704541,30,20715.19,10047.49,543,2.2,1,1,Rent,Auto,1
704542,24,53370.7,16188.71,696,15.5,4,0,Mortgage,Medical,0
704543,41,27417.67,6365.34,832,6.7,2,2,Own,Other,0
704544,41,31940.64,17870.33,704,8.8,2,0,Rent,Debt_Consolidation,1
704545,22,42913.54,17456.52,629,1.6,1,0,Rent,Debt_Consolidation,1
704546,64,48514.15,39078.71,722,8.4,3,0,Rent,Medical,0
704547,21,62149.23,31791.27,749,7.6,1,2,Rent,Debt_Consolidation,0
704548,41,33692.53,17614.87,649,4.4,2,2,Own,Home_Improvement,0
704549,35,43965.97,16518.06,675,6.5,0,0,Mortgage,Medical,0
704550,62,54701.8,16664.09,712,18.6,0,3,Own,Medical,0
704551,52,62281.61,18560.91,746,14.6,2,1,Rent,Other,0
704552,34,69940.31,1000.0,622,2.3,0,2,Mortgage,Debt_Consolidation,0
704553,36,77138.85,15512.78,663,4.5,0,1,Rent,Home_Improvement,0
704554,27,63975.83,22248.75,765,0.0,1,2,Rent,Auto,0
704555,52,69413.54,16249.24,673,7.4,0,0,Own,Auto,0
704556,39,74745.12,3821.05,637,5.7,4,0,Rent,Debt_Consolidation,0
704557,42,58034.7,1000.0,824,0.7,2,2,Own,Debt_Consolidation,0
704558,58,62878.28,1000.0,554,11.6,4,3,Rent,Home_Improvement,0
704559,63,36298.35,32265.82,635,13.0,1,2,Mortgage,Home_Improvement,1
704560,64,64054.27,23267.75,718,4.4,2,2,Own,Home_Improvement,0
704561,60,82300.96,29404.45,744,2.7,1,0,Mortgage,Auto,0
704562,45,42464.98,12801.8,577,6.7,4,0,Rent,Debt_Consolidation,0
704563,57,90414.47,8388.29,662,10.7,0,3,Mortgage,Debt_Consolidation,0
704564,38,45911.29,1000.0,691,4.7,3,0,Rent,Debt_Consolidation,0
704565,63,84593.83,19544.28,591,14.1,3,0,Own,Other,0
704566,56,99191.6,1466.76,675,5.2,3,1,Mortgage,Debt_Consolidation,0
704567,41,63975.69,7758.52,645,16.5,0,2,Mortgage,Auto,0
704568,40,48940.72,27674.63,580,4.5,1,2,Own,Debt_Consolidation,1
704569,27,69354.72,30797.93,526,5.6,4,0,Own,Medical,1
704570,34,48770.03,13328.29,656,7.7,0,3,Own,Debt_Consolidation,0
704571,62,36384.85,24668.01,695,11.2,2,0,Own,Debt_Consolidation,1
704572,55,83786.04,17365.77,579,12.3,2,3,Rent,Debt_Consolidation,1
704573,34,14000.0,20779.26,585,7.2,2,2,Mortgage,Debt_Consolidation,1
704574,24,80411.74,2751.56,556,14.1,3,2,Mortgage,Debt_Consolidation,0
704575,43,39508.65,18810.55,486,6.5,1,3,Rent,Debt_Consolidation,1
704576,55,81056.35,18403.73,634,6.1,1,2,Mortgage,Debt_Consolidation,0
704577,31,46043.15,19921.42,668,2.3,3,0,Mortgage,Auto,0
704578,63,102788.23,19810.16,730,14.2,0,2,Own,Home_Improvement,1
704579,46,46198.79,17191.33,542,6.6,4,0,Rent,Auto,1
704580,25,14000.0,21490.36,705,8.1,2,0,Own,Debt_Consolidation,1
704581,61,129482.45,8280.96,664,4.6,0,2,Mortgage,Home_Improvement,0
704582,56,59085.11,19555.77,605,7.4,3,1,Rent,Home_Improvement,1
704583,46,55221.6,6968.17,687,13.9,1,3,Own,Home_Improvement,0
704584,22,58042.06,17109.19,619,15.6,1,0,Rent,Debt_Consolidation,0
704585,23,50479.33,11557.13,756,11.9,0,0,Rent,Auto,0
704586,26,65459.42,8873.79,625,5.3,3,2,Mortgage,Debt_Consolidation,0
704587,26,39806.84,10146.53,705,11.7,1,2,Mortgage,Auto,0
704588,34,111306.11,10321.78,850,8.2,2,0,Rent,Auto,0
704589,21,41271.89,24030.17,670,4.0,3,2,Rent,Debt_Consolidation,1
704590,65,73988.11,8807.86,657,7.0,0,3,Rent,Debt_Consolidation,1
704591,42,90874.68,19799.28,699,3.4,0,1,Mortgage,Debt_Consolidation,0
704592,23,52816.32,21331.95,626,5.3,4,1,Rent,Debt_Consolidation,1
704593,52,79438.2,38114.82,647,3.2,3,3,Rent,Other,1
704594,41,45051.16,25853.3,730,3.3,4,2,Rent,Debt_Consolidation,0
704595,45,33964.68,6704.26,576,11.4,2,2,Rent,Auto,0
704596,40,38689.58,4164.03,750,14.9,0,3,Own,Auto,0
704597,55,84631.31,16912.32,601,4.7,3,0,Rent,Other,0
704598,28,83757.08,20929.56,551,4.0,0,3,Rent,Other,0
704599,30,36067.82,9552.65,801,2.2,4,0,Own,Medical,0
704600,65,82953.05,25748.73,549,15.4,2,3,Mortgage,Other,1
704601,52,36102.64,1000.0,611,3.6,4,2,Mortgage,Auto,0
704602,31,62559.81,1000.0,707,9.4,1,3,Mortgage,Auto,0
704603,31,75146.19,8617.91,654,7.6,2,1,Rent,Debt_Consolidation,0
704604,61,14000.0,22260.35,769,4.4,3,2,Mortgage,Home_Improvement,1
704605,41,73218.07,25294.15,662,11.4,0,3,Own,Debt_Consolidation,0
704606,45,50711.71,17023.93,638,14.0,2,2,Mortgage,Auto,0
704607,49,21995.45,30780.13,652,5.5,1,1,Own,Medical,1
704608,53,74548.51,21066.7,648,8.2,2,0,Rent,Medical,0
704609,32,64964.5,14686.3,723,10.8,1,2,Rent,Auto,0
704610,54,66612.6,31489.2,634,2.8,4,3,Mortgage,Medical,1
704611,63,51154.53,19666.37,739,0.0,3,0,Mortgage,Home_Improvement,0
704612,51,41460.22,8195.54,688,6.2,2,1,Mortgage,Debt_Consolidation,0
704613,35,25709.0,19459.78,628,6.7,1,0,Mortgage,Debt_Consolidation,0
704614,57,52133.58,5538.61,725,6.5,2,3,Mortgage,Debt_Consolidation,0
704615,28,32098.95,27304.18,509,5.0,1,3,Rent,Debt_Consolidation,1
704616,60,46845.7,13874.25,692,9.0,0,2,Mortgage,Debt_Consolidation,0
704617,53,67488.16,1000.0,618,4.9,4,2,Rent,Home_Improvement,0
704618,27,77021.25,29147.41,608,11.9,1,3,Mortgage,Debt_Consolidation,1
704619,43,67945.08,20292.23,525,10.5,0,1,Rent,Debt_Consolidation,1
704620,25,64534.85,11189.22,690,10.6,3,1,Mortgage,Debt_Consolidation,0
704621,28,50934.61,17930.8,840,10.6,2,0,Rent,Debt_Consolidation,0
704622,41,80624.49,23099.82,673,6.2,4,1,Mortgage,Debt_Consolidation,0
704623,46,86181.31,15979.52,670,16.4,1,0,Rent,Medical,0
704624,25,45584.72,18666.15,545,14.3,2,1,Own,Home_Improvement,1
704625,60,46964.34,27090.07,774,0.0,1,1,Rent,Debt_Consolidation,0
704626,47,33734.81,12157.69,702,10.8,0,2,Rent,Auto,0
704627,56,50329.72,16237.17,634,9.4,1,0,Own,Home_Improvement,1
704628,63,46947.1,34405.55,756,4.4,2,0,Rent,Debt_Consolidation,1
704629,48,105139.31,13340.58,679,10.5,2,1,Rent,Other,0
704630,44,90592.04,9469.16,588,15.3,4,1,Rent,Debt_Consolidation,0
704631,44,24566.49,17224.16,689,7.0,3,3,Own,Auto,0
704632,28,76400.63,26189.2,643,7.6,2,0,Own,Auto,1
704633,27,51717.56,8417.84,792,11.0,1,3,Rent,Medical,0
704634,26,15198.71,14027.5,615,18.5,4,2,Own,Other,1
704635,43,63707.3,10200.59,702,4.0,1,1,Rent,Home_Improvement,0
704636,44,40961.6,33970.05,629,2.2,2,2,Own,Auto,1
704637,59,65008.22,28804.24,666,6.1,1,0,Rent,Home_Improvement,0
704638,54,70184.59,19804.48,594,3.1,2,3,Own,Debt_Consolidation,0
704639,32,41653.3,27870.69,622,9.8,4,0,Mortgage,Other,0
704640,57,93877.8,2512.71,541,12.0,0,3,Rent,Debt_Consolidation,0
704641,55,60823.8,8658.02,640,3.7,4,3,Mortgage,Home_Improvement,0
704642,55,38429.98,19218.45,678,12.5,1,0,Own,Debt_Consolidation,0
704643,46,17743.68,29635.93,696,6.6,3,3,Mortgage,Medical,1
704644,41,111599.07,1405.2,669,0.0,4,0,Rent,Other,0
704645,45,37997.39,19615.21,737,16.0,1,1,Rent,Debt_Consolidation,0
704646,60,59035.8,13355.39,575,12.2,2,0,Mortgage,Debt_Consolidation,1
704647,57,64384.02,13349.86,622,9.1,4,1,Mortgage,Debt_Consolidation,0
704648,45,79092.77,17433.64,593,4.7,1,0,Mortgage,Other,1
704649,23,24552.12,5271.64,516,3.4,0,2,Mortgage,Home_Improvement,0
704650,51,14000.0,30758.87,596,11.5,3,3,Mortgage,Debt_Consolidation,1
704651,30,59926.68,10627.75,479,7.1,2,2,Mortgage,Other,0
704652,21,20958.82,19799.24,622,6.1,3,0,Mortgage,Debt_Consolidation,1
704653,54,50436.79,5071.34,698,4.4,3,2,Rent,Medical,0
704654,43,107427.99,9185.12,680,3.8,0,2,Mortgage,Debt_Consolidation,0
704655,61,42740.73,1000.0,503,6.9,2,2,Rent,Home_Improvement,0
704656,24,73616.91,30988.3,798,5.2,4,2,Rent,Auto,0
704657,63,30061.48,42892.92,720,6.5,2,2,Mortgage,Other,1
704658,30,129838.46,17087.42,576,8.5,2,2,Rent,Auto,0
704659,61,47941.08,20044.72,523,14.8,0,0,Mortgage,Debt_Consolidation,1
704660,34,66820.78,36692.96,675,15.4,1,1,Rent,Home_Improvement,0
704661,33,53705.7,9914.41,665,0.1,0,2,Mortgage,Other,0
704662,46,42264.8,19115.38,606,10.4,4,3,Mortgage,Other,1
704663,48,83109.72,9366.48,613,12.5,0,2,Mortgage,Home_Improvement,0
704664,24,51400.81,24866.06,658,4.0,2,0,Rent,Home_Improvement,1
704665,52,34587.16,20852.8,691,0.1,2,0,Own,Other,0
704666,53,43809.43,27411.38,785,4.2,2,2,Mortgage,Medical,0
704667,64,49386.12,26809.38,565,1.9,2,0,Rent,Medical,1
704668,38,59041.16,5845.95,597,3.9,0,1,Rent,Debt_Consolidation,0
704669,45,60010.47,10331.07,670,0.0,2,2,Mortgage,Auto,0
704670,30,36700.43,18643.07,638,2.3,3,0,Own,Debt_Consolidation,1
704671,64,44056.92,22431.97,380,4.3,4,3,Rent,Auto,1
704672,64,106912.74,15535.09,671,0.0,2,3,Mortgage,Auto,1
704673,64,50038.22,22806.77,794,10.1,3,1,Own,Medical,0
704674,50,89375.67,24629.31,742,6.4,1,3,Mortgage,Other,0
704675,37,45402.89,12279.33,786,10.2,4,2,Rent,Medical,0
704676,36,64762.37,16916.24,673,3.8,0,2,Mortgage,Debt_Consolidation,0
704677,46,40732.7,12336.36,710,8.3,2,0,Own,Debt_Consolidation,0
704678,26,14000.0,4738.62,527,9.1,1,2,Rent,Auto,0
704679,34,42349.45,27085.68,536,0.0,3,0,Own,Home_Improvement,1
704680,43,77138.14,35183.12,590,4.1,4,3,Rent,Other,1
704681,53,86581.86,14891.5,423,1.6,1,3,Mortgage,Auto,0
704682,55,81830.53,34074.1,677,1.6,1,1,Mortgage,Other,0
704683,45,42070.38,32956.55,602,8.2,1,0,Rent,Auto,1
704684,44,47505.68,10788.97,666,6.7,4,2,Rent,Medical,0
704685,64,27449.46,13367.22,662,4.2,3,2,Own,Home_Improvement,0
704686,34,62042.39,11306.7,689,2.8,3,1,Mortgage,Auto,0
704687,46,75218.7,26429.0,722,9.8,2,2,Mortgage,Auto,0
704688,26,60772.87,30151.82,605,15.6,1,0,Own,Home_Improvement,1
704689,51,37025.89,11710.7,576,9.1,4,1,Mortgage,Debt_Consolidation,0
704690,31,64998.43,1428.81,548,13.6,1,1,Own,Other,0
704691,48,57584.3,17443.03,663,1.6,1,2,Rent,Home_Improvement,0
704692,56,66968.66,29592.5,592,3.8,0,0,Mortgage,Debt_Consolidation,1
704693,21,50811.24,20749.12,516,10.8,2,2,Mortgage,Home_Improvement,1
704694,28,60249.73,16817.97,619,5.6,2,1,Rent,Debt_Consolidation,0
704695,53,37708.74,1000.0,672,6.8,0,3,Mortgage,Other,0
704696,65,34955.43,22966.8,688,14.1,0,2,Rent,Other,1
704697,45,14000.0,13508.89,562,2.5,4,2,Rent,Other,1
704698,53,60637.48,17144.87,543,6.1,4,0,Own,Home_Improvement,1
704699,21,59398.62,18026.73,639,6.3,3,2,Mortgage,Debt_Consolidation,1
704700,39,32034.36,12147.9,651,3.6,1,0,Rent,Auto,0
704701,62,93177.32,7237.68,590,14.4,2,3,Mortgage,Auto,0
704702,29,85392.4,17883.97,688,2.8,4,2,Mortgage,Home_Improvement,0
704703,51,97625.65,22253.71,582,1.6,0,1,Rent,Home_Improvement,0
704704,41,53048.89,33980.7,695,2.9,3,1,Rent,Debt_Consolidation,1
704705,60,49744.45,13942.92,756,14.0,2,2,Rent,Other,0
704706,63,64078.99,6244.11,530,5.4,1,1,Own,Home_Improvement,0
704707,29,78762.94,35478.85,703,11.9,3,2,Own,Medical,0
704708,26,93010.53,27411.42,658,10.9,1,0,Mortgage,Debt_Consolidation,0
704709,60,32837.38,9172.98,564,5.5,4,3,Mortgage,Other,0
704710,31,52155.7,14202.16,632,3.9,3,0,Mortgage,Other,0
704711,38,14000.0,17459.48,713,10.2,0,0,Mortgage,Auto,1
704712,24,49920.86,31237.9,736,0.0,2,2,Mortgage,Auto,1
704713,42,78652.0,16699.22,617,3.3,3,0,Mortgage,Auto,0
704714,53,73213.81,31268.36,637,0.0,2,1,Mortgage,Auto,0
704715,24,114092.89,19214.36,812,3.7,1,0,Mortgage,Debt_Consolidation,0
704716,63,73202.75,9410.98,689,9.5,1,2,Own,Debt_Consolidation,0
704717,32,46192.98,18861.81,647,6.2,0,0,Rent,Home_Improvement,0
704718,46,38083.55,1000.0,689,9.7,2,3,Rent,Debt_Consolidation,0
704719,43,63040.89,10415.4,716,3.4,3,0,Rent,Auto,0
704720,34,97028.02,22816.87,613,5.6,3,3,Rent,Debt_Consolidation,0
704721,24,25908.76,8584.69,540,8.8,4,0,Mortgage,Debt_Consolidation,0
704722,64,33213.71,13443.87,517,5.0,2,3,Own,Home_Improvement,1
704723,47,58602.07,4059.39,703,1.2,3,1,Rent,Home_Improvement,0
704724,47,48329.81,16882.75,576,6.6,1,3,Rent,Other,0
704725,26,78508.64,1000.0,518,2.2,2,0,Rent,Other,0
704726,64,45300.72,13103.68,508,11.5,3,3,Own,Medical,0
704727,53,57783.64,24317.29,773,10.5,3,0,Mortgage,Debt_Consolidation,1
704728,37,56401.32,11322.28,798,4.8,3,1,Own,Auto,0
704729,42,61971.92,25816.86,652,11.0,1,0,Own,Auto,0
704730,27,90143.25,20786.51,747,11.5,4,0,Rent,Auto,0
704731,59,24961.73,23092.28,713,5.3,3,3,Rent,Medical,1
704732,24,14267.74,9396.76,516,2.3,1,1,Rent,Home_Improvement,1
704733,52,20157.24,16035.51,716,1.8,2,0,Mortgage,Medical,0
704734,33,49528.35,6392.71,673,6.2,4,3,Rent,Debt_Consolidation,0
704735,53,59485.72,9336.45,650,4.0,3,1,Mortgage,Debt_Consolidation,0
704736,40,69751.31,11668.55,647,12.2,2,3,Mortgage,Other,0
704737,60,64312.29,22064.61,534,4.0,0,3,Rent,Other,1
704738,55,59828.08,32357.62,739,0.7,2,0,Own,Home_Improvement,1
704739,59,14000.0,3188.59,707,3.4,4,3,Mortgage,Medical,0
704740,42,40511.8,31693.09,611,9.7,0,3,Own,Auto,1
704741,24,67158.4,1000.0,626,5.4,3,3,Own,Home_Improvement,0
704742,33,26337.77,1000.0,531,0.0,4,2,Own,Medical,0
704743,39,44761.98,34021.57,743,0.0,4,2,Mortgage,Home_Improvement,0
704744,61,45993.43,28959.87,667,9.9,3,1,Mortgage,Debt_Consolidation,1
704745,33,68610.52,18638.48,694,9.9,2,2,Rent,Medical,0
704746,46,35084.85,18950.96,666,14.9,1,0,Own,Auto,0
704747,53,15622.32,17063.24,713,0.0,1,1,Mortgage,Debt_Consolidation,1
704748,48,47582.43,1000.0,754,17.0,4,1,Mortgage,Other,0
704749,38,49519.46,23614.37,783,9.4,0,1,Mortgage,Medical,1
704750,57,76959.25,11852.51,670,10.6,1,2,Rent,Home_Improvement,0
704751,22,41831.1,1000.0,590,1.4,4,1,Rent,Home_Improvement,0
704752,51,50883.14,21710.81,548,6.9,2,0,Mortgage,Auto,1
704753,54,43864.37,23986.6,729,13.3,3,3,Mortgage,Home_Improvement,1
704754,31,44755.53,30093.5,684,9.2,0,1,Mortgage,Auto,1
704755,33,107275.67,27231.48,836,8.2,1,1,Mortgage,Other,0
704756,63,14000.0,14044.41,698,15.1,2,3,Own,Home_Improvement,1
704757,32,70981.17,23566.85,535,3.7,1,1,Mortgage,Home_Improvement,1
704758,28,37058.41,16375.6,708,9.3,2,2,Rent,Home_Improvement,0
704759,56,58389.69,18244.73,621,8.0,1,1,Rent,Auto,1
704760,28,18858.37,35427.96,715,12.9,4,2,Own,Auto,1
704761,61,61377.47,13542.16,567,11.3,2,0,Rent,Home_Improvement,0
704762,50,36693.83,1000.0,661,10.1,0,3,Rent,Auto,0
704763,40,70213.02,12168.98,637,0.0,1,2,Mortgage,Auto,0
704764,47,89832.52,1232.84,600,6.7,3,2,Own,Medical,0
704765,50,25916.63,6453.45,535,9.2,3,3,Rent,Debt_Consolidation,1
704766,31,17205.22,31123.91,688,8.6,1,0,Rent,Auto,1
704767,22,84552.6,21043.57,564,0.0,1,3,Rent,Debt_Consolidation,1
704768,52,104267.65,8860.09,472,1.2,2,0,Rent,Other,1
704769,21,56731.57,15008.45,542,9.5,4,1,Mortgage,Debt_Consolidation,0
704770,25,14000.0,26766.9,614,11.3,2,2,Mortgage,Auto,1
704771,27,18290.14,18592.5,649,9.3,3,3,Rent,Medical,1
704772,42,79909.57,33809.26,614,2.3,3,0,Mortgage,Medical,0
704773,32,99502.03,6565.33,673,10.5,1,1,Mortgage,Auto,0
704774,63,53447.55,19230.02,671,11.6,3,1,Own,Home_Improvement,1
704775,32,23496.02,17850.11,662,8.1,1,3,Rent,Auto,1
704776,61,84734.2,7753.24,641,5.2,2,3,Mortgage,Home_Improvement,0
704777,24,23257.88,20070.66,689,7.6,4,3,Own,Debt_Consolidation,1
704778,48,39825.55,23614.77,785,12.0,1,0,Mortgage,Medical,0
704779,22,41097.63,28510.76,681,0.0,3,1,Own,Auto,0
704780,56,40850.6,1000.0,673,4.5,2,3,Rent,Debt_Consolidation,0
704781,51,69792.76,18083.85,661,15.8,0,2,Mortgage,Auto,0
704782,50,32808.05,22827.98,727,10.3,4,2,Mortgage,Other,0
704783,47,60182.44,28689.2,571,13.3,3,2,Rent,Medical,1
704784,31,83180.8,20586.08,588,17.0,0,3,Own,Other,0
704785,57,83217.15,17152.46,672,14.0,1,2,Own,Debt_Consolidation,0
704786,59,89529.08,9786.39,543,6.3,1,1,Mortgage,Medical,0
704787,55,47422.1,31245.19,714,1.8,0,0,Own,Home_Improvement,0
704788,48,14762.85,15785.24,616,6.7,1,1,Mortgage,Home_Improvement,1
704789,44,61206.0,31933.34,592,5.4,1,0,Own,Home_Improvement,1
704790,47,62138.0,17833.74,571,0.0,2,2,Own,Debt_Consolidation,1
704791,44,63654.82,19716.96,488,9.0,2,1,Mortgage,Debt_Consolidation,1
704792,63,47133.03,8584.55,576,2.3,2,3,Rent,Medical,0
704793,62,67768.5,3344.52,490,12.9,3,3,Rent,Auto,0
704794,46,31508.67,19553.67,526,9.7,2,3,Mortgage,Auto,1
704795,55,76635.03,14842.81,536,10.2,0,1,Mortgage,Auto,0
704796,35,99966.38,30016.15,645,5.0,0,1,Rent,Auto,0
704797,60,60085.64,2840.84,603,1.2,0,3,Mortgage,Debt_Consolidation,0
704798,40,58114.35,3350.55,670,0.0,3,1,Mortgage,Auto,0
704799,38,72396.14,27146.92,530,2.2,3,2,Rent,Medical,1
704800,46,70289.77,7480.28,620,4.7,0,3,Own,Home_Improvement,0
704801,24,70827.69,5340.64,609,11.8,3,2,Rent,Debt_Consolidation,0
704802,60,61862.55,1000.0,660,0.0,1,3,Mortgage,Medical,0
704803,57,50047.15,6966.59,606,6.7,1,2,Rent,Debt_Consolidation,0
704804,58,95363.25,22012.85,681,10.9,3,0,Rent,Home_Improvement,0
704805,37,27667.13,25356.09,589,0.0,1,0,Mortgage,Other,1
704806,38,84376.71,1000.0,707,3.1,4,1,Own,Auto,0
704807,38,35981.82,19380.0,781,7.6,2,1,Mortgage,Debt_Consolidation,1
704808,42,68544.29,6327.68,728,1.4,4,0,Rent,Other,0
704809,50,33619.77,8765.08,651,7.0,0,1,Rent,Debt_Consolidation,0
704810,23,19109.85,21857.86,648,6.3,0,0,Rent,Medical,1
704811,60,31591.17,14032.93,697,11.7,0,3,Mortgage,Auto,0
704812,49,33109.97,18630.69,607,1.1,2,3,Own,Other,1
704813,49,89356.7,22029.86,568,12.0,4,0,Mortgage,Other,0
704814,57,42020.91,21818.83,607,4.4,2,3,Rent,Other,1
704815,64,39559.19,19112.16,610,2.2,3,1,Mortgage,Auto,1
704816,29,32793.42,24472.47,611,4.8,0,2,Mortgage,Home_Improvement,1
704817,57,55873.75,10697.12,785,12.7,2,3,Rent,Home_Improvement,0
704818,49,56034.02,6655.22,850,9.7,1,1,Mortgage,Medical,0
704819,47,70260.21,7273.33,667,4.6,3,2,Mortgage,Debt_Consolidation,0
704820,27,39619.43,15992.96,526,0.0,2,0,Mortgage,Debt_Consolidation,1
704821,27,27174.61,7797.72,666,6.3,2,3,Rent,Auto,0
704822,58,54943.02,17895.19,639,5.3,4,1,Rent,Auto,1
704823,53,77722.28,14229.28,534,6.3,4,0,Mortgage,Debt_Consolidation,1
704824,53,74694.96,30969.44,690,3.7,4,3,Rent,Auto,1
704825,58,32399.24,6253.05,634,7.9,4,0,Mortgage,Auto,0
704826,63,44359.83,28017.59,559,9.8,4,0,Rent,Debt_Consolidation,1
704827,48,64608.28,23066.99,579,5.5,1,0,Mortgage,Home_Improvement,1
704828,33,42379.81,38962.64,740,5.6,3,1,Mortgage,Debt_Consolidation,1
704829,40,22310.87,9782.06,576,8.5,3,1,Mortgage,Home_Improvement,1
704830,28,61220.43,21650.25,646,7.9,0,1,Mortgage,Auto,0
704831,57,47815.13,10572.75,607,7.6,1,0,Rent,Debt_Consolidation,0
704832,46,63678.28,12333.03,569,11.0,2,1,Mortgage,Debt_Consolidation,0
704833,57,77140.4,19086.33,607,5.8,2,3,Own,Debt_Consolidation,0
704834,23,44539.52,25502.27,733,10.5,2,3,Own,Home_Improvement,1
704835,47,28859.43,30821.91,809,18.2,4,3,Mortgage,Debt_Consolidation,1
704836,57,38022.53,12703.05,610,4.7,3,0,Mortgage,Auto,1
704837,64,75374.79,9259.11,635,5.6,1,3,Mortgage,Medical,0
704838,30,58939.39,17438.04,636,9.2,4,1,Own,Other,0
704839,59,75457.18,27407.06,658,11.3,3,3,Rent,Home_Improvement,0
704840,26,48136.76,22408.68,690,14.9,0,1,Mortgage,Home_Improvement,0
704841,62,74566.02,23098.11,712,4.0,2,2,Mortgage,Auto,0
704842,27,44886.52,25814.55,641,2.9,1,1,Own,Other,1
704843,30,41067.77,16810.53,474,6.8,2,1,Rent,Debt_Consolidation,1
704844,52,56473.13,22541.49,781,14.3,1,0,Own,Debt_Consolidation,0
704845,21,53656.64,36948.97,695,2.1,0,0,Rent,Other,1
704846,23,50839.64,22157.61,627,7.9,3,0,Rent,Debt_Consolidation,1
704847,65,57915.59,10219.27,665,13.5,4,0,Rent,Other,0
704848,39,79887.89,12785.06,661,11.2,4,1,Rent,Auto,0
704849,40,40340.93,14258.21,675,1.1,2,2,Mortgage,Medical,0
704850,29,14116.48,19582.77,477,4.5,0,2,Mortgage,Debt_Consolidation,1
704851,42,66764.49,22781.32,772,14.4,3,0,Mortgage,Other,0
704852,56,102473.48,1265.92,607,6.8,4,1,Mortgage,Other,0
704853,58,82276.69,9038.05,736,17.1,0,1,Own,Home_Improvement,0
704854,23,27725.09,12520.89,687,1.1,1,3,Mortgage,Auto,0
704855,21,67744.34,6225.78,588,3.4,1,3,Mortgage,Auto,0
704856,29,83816.2,1000.0,656,0.0,1,1,Mortgage,Medical,0
704857,26,78557.17,3921.52,732,9.4,4,3,Mortgage,Debt_Consolidation,0
704858,55,101067.07,26766.68,725,1.8,1,0,Mortgage,Debt_Consolidation,0
704859,35,77437.28,3094.22,688,0.0,2,2,Rent,Debt_Consolidation,0
704860,44,14000.0,32185.49,603,4.9,4,3,Mortgage,Other,1
704861,56,70769.01,16691.78,701,8.1,1,0,Mortgage,Other,0
704862,26,38086.82,17667.37,769,0.7,1,3,Mortgage,Home_Improvement,1
704863,49,34338.02,34917.81,699,12.2,4,1,Own,Auto,1
704864,65,15139.68,35784.74,486,7.2,4,0,Own,Medical,1
704865,39,25656.76,4414.06,685,14.8,4,2,Mortgage,Debt_Consolidation,0
704866,37,47787.72,26468.15,639,9.7,0,3,Own,Other,0
704867,26,83384.35,22386.07,766,0.0,4,0,Rent,Debt_Consolidation,0
704868,39,84545.41,9155.53,588,5.0,3,2,Rent,Debt_Consolidation,0
704869,63,72922.1,12908.38,531,11.0,3,2,Mortgage,Other,0
704870,54,86890.64,6980.59,624,2.7,2,3,Own,Home_Improvement,0
704871,55,47115.68,32909.59,787,10.8,0,0,Mortgage,Auto,1
704872,43,36333.82,42637.13,728,9.4,1,0,Mortgage,Debt_Consolidation,1
704873,65,103266.22,1731.67,694,7.8,2,3,Mortgage,Medical,0
704874,58,68111.24,8247.77,850,11.2,1,3,Mortgage,Other,0
704875,58,48222.26,14542.85,572,0.8,0,1,Mortgage,Medical,0
704876,45,75068.32,6725.86,565,4.5,4,2,Rent,Other,0
704877,35,38663.54,26970.01,526,7.5,0,1,Rent,Other,1
704878,32,95300.88,18647.77,656,2.1,2,3,Rent,Home_Improvement,0
704879,50,24973.24,13690.47,584,5.0,4,0,Mortgage,Debt_Consolidation,1
704880,45,43703.06,1000.0,524,5.4,0,0,Own,Auto,0
704881,49,52341.02,1000.0,708,7.0,2,0,Rent,Debt_Consolidation,0
704882,58,52044.29,16329.34,643,4.6,2,2,Mortgage,Home_Improvement,1
704883,31,26345.71,1000.0,769,14.5,0,3,Own,Home_Improvement,0
704884,33,77844.21,24388.54,756,0.0,1,1,Mortgage,Other,0
704885,55,72076.15,11485.54,578,7.0,1,2,Own,Debt_Consolidation,1
704886,49,58331.03,26487.46,669,4.3,0,0,Mortgage,Auto,1
704887,52,71044.8,19379.64,610,12.0,0,2,Mortgage,Debt_Consolidation,0
704888,47,45672.2,22208.73,534,5.3,3,1,Own,Debt_Consolidation,1
704889,42,80611.8,20302.2,850,14.1,3,1,Mortgage,Debt_Consolidation,0
704890,52,43047.14,9524.34,688,10.7,0,2,Mortgage,Other,0
704891,27,30977.77,10112.08,631,14.3,1,2,Rent,Debt_Consolidation,0
704892,37,52706.39,12450.98,780,12.7,0,0,Rent,Medical,0
704893,40,52256.63,17545.56,626,7.3,1,0,Rent,Debt_Consolidation,0
704894,31,65681.14,24178.11,657,12.6,0,1,Mortgage,Home_Improvement,0
704895,61,73605.97,14067.21,758,9.1,3,3,Mortgage,Home_Improvement,0
704896,50,98459.0,29742.95,628,9.0,2,0,Rent,Other,0
704897,39,24739.62,11975.06,697,17.4,3,3,Mortgage,Medical,1
704898,59,18344.29,4715.67,677,3.8,1,2,Own,Debt_Consolidation,0
704899,33,64173.34,8819.12,544,11.1,4,0,Mortgage,Medical,0
704900,42,89225.27,9879.24,717,4.4,4,3,Own,Auto,0
704901,49,82553.99,30577.43,673,0.5,2,2,Own,Debt_Consolidation,0
704902,27,54975.27,24738.87,672,10.3,3,2,Own,Auto,0
704903,62,51819.26,20390.52,742,8.2,2,1,Rent,Debt_Consolidation,1
704904,57,50605.45,15512.14,547,10.1,1,0,Rent,Other,0
704905,63,100887.98,19158.81,570,7.5,3,1,Rent,Debt_Consolidation,0
704906,44,52775.81,4075.18,566,5.8,0,0,Own,Debt_Consolidation,0
704907,47,65729.24,40964.83,601,8.1,2,1,Mortgage,Home_Improvement,0
704908,51,28142.72,22086.17,689,3.4,3,0,Rent,Home_Improvement,0
704909,47,80340.57,26821.92,709,11.6,3,1,Rent,Debt_Consolidation,0
704910,25,54822.48,28339.76,642,6.5,4,0,Own,Debt_Consolidation,1
704911,42,51656.12,15952.18,648,13.7,4,3,Mortgage,Auto,0
704912,56,50847.39,15023.85,743,12.3,2,0,Rent,Other,0
704913,55,54948.19,6928.79,503,5.7,4,1,Rent,Auto,0
704914,37,123969.84,15584.32,553,0.0,1,2,Rent,Debt_Consolidation,1
704915,45,73078.45,14543.89,806,18.2,2,3,Mortgage,Medical,0
704916,61,74305.9,1000.0,556,9.3,2,1,Rent,Home_Improvement,0
704917,29,39853.16,18812.84,617,13.7,1,2,Rent,Home_Improvement,1
704918,32,24026.21,4197.49,646,0.0,1,2,Mortgage,Other,0
704919,28,14000.0,14270.55,774,0.0,4,3,Rent,Auto,1
704920,21,44065.73,39112.57,730,14.3,0,3,Mortgage,Home_Improvement,1
704921,29,62420.82,33484.56,601,9.8,0,1,Mortgage,Medical,0
704922,35,63935.99,1467.43,527,6.2,0,1,Mortgage,Home_Improvement,0
704923,57,23069.4,18158.99,727,6.7,0,1,Mortgage,Auto,1
704924,53,74145.2,19819.95,620,12.8,2,1,Own,Home_Improvement,1
704925,58,44786.52,32077.17,530,3.7,3,2,Rent,Other,1
704926,53,85790.69,36421.66,739,12.8,2,0,Own,Home_Improvement,0
704927,43,52202.82,16592.32,537,0.0,1,0,Own,Home_Improvement,1
704928,59,59525.21,10983.44,562,5.0,4,3,Rent,Home_Improvement,0
704929,60,40727.37,20183.36,719,3.4,4,3,Mortgage,Auto,1
704930,30,41867.49,21309.65,538,0.8,2,2,Own,Debt_Consolidation,1
704931,65,59388.06,1000.0,805,4.4,2,1,Own,Debt_Consolidation,0
704932,47,72442.92,19344.5,782,2.6,0,0,Rent,Other,0
704933,64,75976.4,12225.62,463,8.9,1,1,Own,Debt_Consolidation,1
704934,24,41433.78,32983.32,632,9.2,4,1,Own,Debt_Consolidation,1
704935,55,28499.29,22512.75,730,9.0,2,0,Rent,Auto,1
704936,31,68805.35,18848.81,705,10.4,3,1,Own,Debt_Consolidation,0
704937,53,89613.66,24664.86,722,0.7,2,0,Mortgage,Medical,0
704938,23,46702.42,14724.35,516,8.0,3,2,Mortgage,Debt_Consolidation,0
704939,26,48291.27,17914.49,789,11.5,3,2,Own,Other,0
704940,49,47886.88,19741.74,601,3.9,1,2,Mortgage,Auto,1
704941,51,66736.86,1000.0,611,7.8,0,1,Mortgage,Auto,0
704942,61,81745.35,25075.18,615,7.0,3,0,Own,Debt_Consolidation,0
704943,26,36020.06,26424.23,735,9.8,3,3,Rent,Other,1
704944,48,69158.6,23705.26,604,5.2,3,1,Rent,Other,1
704945,22,93337.86,27343.68,634,1.5,3,3,Mortgage,Other,1
704946,48,73113.17,4594.53,530,1.5,2,1,Mortgage,Medical,0
704947,28,40224.82,18380.1,524,1.9,4,1,Rent,Home_Improvement,1
704948,61,23787.13,14444.19,686,10.8,4,2,Rent,Home_Improvement,1
704949,61,59726.25,13926.28,551,7.0,1,3,Rent,Home_Improvement,0
704950,35,91475.56,4127.61,540,5.7,2,2,Mortgage,Home_Improvement,0
704951,44,78161.74,6992.88,718,13.9,2,1,Own,Home_Improvement,0
704952,46,93681.7,14972.12,632,7.1,2,1,Own,Home_Improvement,0
704953,55,50194.67,5341.0,659,0.0,2,3,Mortgage,Auto,0
704954,57,60540.44,12543.83,716,5.2,3,1,Mortgage,Auto,0
704955,46,39614.57,4403.84,681,5.3,0,3,Mortgage,Home_Improvement,0
704956,29,72381.98,20767.71,748,0.3,4,1,Mortgage,Home_Improvement,0
704957,36,54432.83,36456.97,711,5.0,3,3,Own,Auto,1
704958,52,40196.81,20169.15,589,6.9,4,2,Mortgage,Debt_Consolidation,1
704959,50,49890.54,15098.58,641,15.9,3,3,Own,Other,0
704960,24,72811.19,2089.36,631,8.8,0,1,Rent,Medical,0
704961,46,80406.13,8787.0,574,3.8,3,0,Rent,Debt_Consolidation,0
704962,37,78167.99,22492.17,661,0.3,2,1,Own,Home_Improvement,1
704963,40,115414.74,17551.17,581,15.6,1,0,Rent,Home_Improvement,0
704964,29,77596.55,13539.01,668,7.3,2,2,Own,Auto,0
704965,39,37380.76,1000.0,655,9.4,0,3,Mortgage,Debt_Consolidation,0
704966,40,85492.53,4546.25,585,1.1,3,2,Own,Other,0
704967,35,39139.19,19612.13,798,13.8,3,1,Rent,Auto,0
704968,30,33236.41,5717.43,792,12.6,2,0,Mortgage,Other,0
704969,30,76979.42,23954.42,810,13.3,0,0,Rent,Home_Improvement,0
704970,23,45609.06,16791.82,786,5.8,0,0,Rent,Home_Improvement,0
704971,40,59912.3,5856.67,799,12.2,2,1,Own,Home_Improvement,0
704972,41,47631.75,34070.85,692,4.9,2,2,Mortgage,Medical,0
704973,25,55270.38,1000.0,845,7.2,2,1,Mortgage,Auto,0
704974,38,18212.47,11358.15,644,0.5,3,3,Own,Auto,0
704975,29,81428.45,1000.0,631,13.0,1,1,Own,Debt_Consolidation,0
704976,54,89270.73,12126.23,660,0.0,1,3,Rent,Debt_Consolidation,0
704977,44,54143.99,21128.41,586,5.0,4,1,Mortgage,Auto,1
704978,21,89918.11,29159.51,642,3.4,2,2,Mortgage,Debt_Consolidation,0
704979,52,80680.77,19890.14,831,17.5,0,1,Own,Debt_Consolidation,0
704980,49,88815.98,13606.86,493,13.7,1,3,Rent,Medical,0
704981,53,95623.72,18156.84,503,6.2,3,2,Mortgage,Home_Improvement,1
704982,22,30693.09,3421.82,659,0.0,0,0,Mortgage,Debt_Consolidation,0
704983,61,79705.64,14438.58,788,9.7,0,0,Mortgage,Auto,0
704984,42,56702.55,23699.65,641,3.5,1,1,Mortgage,Debt_Consolidation,1
704985,49,78430.1,18739.39,750,4.6,4,2,Rent,Debt_Consolidation,0
704986,21,53887.27,22721.85,613,4.6,2,0,Mortgage,Home_Improvement,1
704987,41,109833.08,11327.09,643,14.8,0,0,Mortgage,Debt_Consolidation,0
704988,61,100188.35,21819.05,672,7.3,3,0,Rent,Medical,0
704989,26,60073.1,14437.47,475,3.6,3,0,Rent,Other,0
704990,42,71062.75,6558.37,546,12.0,2,2,Mortgage,Debt_Consolidation,0
704991,54,65946.67,1000.0,590,11.9,3,0,Own,Auto,0
704992,42,66569.93,1000.0,647,13.2,1,2,Mortgage,Debt_Consolidation,0
704993,41,82789.08,6696.47,694,11.9,0,3,Rent,Medical,0
704994,24,37160.8,10798.86,623,17.3,1,1,Mortgage,Other,0
704995,43,26356.87,17369.98,719,2.9,1,0,Own,Debt_Consolidation,0
704996,56,87398.78,7746.0,562,5.6,3,3,Mortgage,Medical,0
704997,23,68792.4,3705.87,711,13.2,0,3,Own,Auto,0
704998,32,49649.41,19307.53,739,11.2,1,1,Rent,Home_Improvement,1
704999,55,44277.2,20525.24,665,7.9,0,1,Rent,Auto,0
705000,42,24927.8,21047.28,567,10.4,4,0,Rent,Debt_Consolidation,1
705001,54,53758.18,19867.76,740,10.5,3,3,Mortgage,Home_Improvement,0
705002,53,19015.94,9925.19,787,0.3,2,1,Rent,Medical,0
705003,56,63766.32,20297.25,687,8.6,0,0,Rent,Debt_Consolidation,0
705004,56,67140.22,20902.25,604,4.9,2,1,Own,Home_Improvement,1
705005,48,44138.58,25495.98,690,6.0,0,1,Own,Debt_Consolidation,1
705006,38,84516.47,13375.77,762,14.7,1,1,Mortgage,Auto,0
705007,24,78257.13,5340.06,592,5.5,4,0,Mortgage,Debt_Consolidation,0
705008,23,64759.91,26451.41,486,10.6,1,2,Own,Debt_Consolidation,1
705009,34,41979.41,25573.43,661,6.8,1,3,Rent,Debt_Consolidation,1
705010,65,44131.02,14156.58,780,5.0,2,3,Rent,Medical,0
705011,25,37085.26,1000.0,636,3.8,0,3,Rent,Medical,0
705012,32,14000.0,7270.54,655,0.0,1,2,Mortgage,Debt_Consolidation,0
705013,63,59686.29,25926.46,573,6.0,0,1,Mortgage,Other,1
705014,22,76908.88,8870.98,524,5.4,3,0,Own,Home_Improvement,0
705015,28,22787.51,10198.33,709,6.7,0,2,Rent,Other,0
705016,48,67783.85,26578.73,780,1.8,0,1,Mortgage,Home_Improvement,0
705017,47,53169.87,16954.78,655,5.0,1,2,Rent,Other,0
705018,60,61762.52,16045.55,584,1.7,1,1,Rent,Other,0
705019,45,76247.75,8630.79,550,6.9,1,0,Mortgage,Debt_Consolidation,0
705020,24,81087.27,19009.89,787,7.7,4,3,Mortgage,Auto,0
705021,52,42479.98,17608.94,574,14.2,1,1,Mortgage,Debt_Consolidation,1
705022,23,76760.05,22390.77,626,9.2,0,2,Rent,Home_Improvement,0
705023,28,48685.6,1000.0,683,8.6,3,1,Rent,Auto,0
705024,51,14000.0,28038.31,726,4.4,1,0,Mortgage,Home_Improvement,1
705025,44,107623.93,34541.85,634,17.3,0,2,Rent,Debt_Consolidation,0
705026,46,59468.74,21152.52,527,5.0,0,3,Rent,Home_Improvement,1
705027,39,50825.9,12266.9,594,0.9,0,1,Mortgage,Medical,0
705028,32,90876.82,28162.9,557,12.6,0,3,Mortgage,Debt_Consolidation,0
705029,49,69463.16,28774.22,644,13.9,1,3,Mortgage,Home_Improvement,0
705030,32,44905.81,8987.87,571,5.0,0,2,Rent,Debt_Consolidation,1
705031,63,63525.45,15442.07,677,16.4,0,2,Own,Auto,0
705032,55,66263.5,18151.15,549,0.0,4,1,Rent,Home_Improvement,0
705033,41,53565.57,7063.38,628,7.3,1,1,Rent,Debt_Consolidation,0
705034,21,14000.0,14837.23,710,7.7,0,1,Mortgage,Debt_Consolidation,1
705035,51,61978.74,25353.4,731,11.8,0,1,Rent,Other,0
705036,31,35631.26,36756.47,480,0.6,4,2,Mortgage,Debt_Consolidation,1
705037,41,33049.29,1000.0,680,9.5,2,2,Rent,Debt_Consolidation,0
705038,37,59391.48,22476.82,639,12.9,4,3,Mortgage,Medical,0
705039,63,110176.97,1480.72,639,5.4,2,0,Own,Other,0
705040,55,29366.58,10074.2,570,12.3,2,0,Rent,Home_Improvement,0
705041,64,65681.14,22605.13,507,6.6,2,1,Rent,Debt_Consolidation,1
705042,35,22475.37,5783.63,652,13.9,1,2,Mortgage,Home_Improvement,1
705043,24,19366.27,19673.4,755,1.8,3,0,Mortgage,Debt_Consolidation,1
705044,23,49327.05,11591.51,486,8.4,2,2,Own,Other,0
705045,58,80370.53,23235.25,622,0.0,0,3,Own,Auto,1
705046,54,64939.55,2398.02,696,5.8,4,0,Rent,Debt_Consolidation,0
705047,62,64966.21,36190.4,731,5.6,1,2,Rent,Other,0
705048,51,87661.04,6606.15,494,11.4,4,3,Rent,Home_Improvement,0
705049,37,69948.75,9534.5,660,0.0,2,3,Rent,Debt_Consolidation,0
705050,26,43999.39,3799.59,476,7.7,0,2,Rent,Home_Improvement,0
705051,38,35127.72,29203.57,774,9.2,2,0,Rent,Other,1
705052,53,50740.37,20291.95,624,16.8,0,0,Rent,Debt_Consolidation,0
705053,51,66603.58,16924.39,692,5.7,4,0,Own,Home_Improvement,0
705054,49,50197.35,31030.21,646,4.8,4,0,Mortgage,Auto,1
705055,62,52346.71,4381.71,513,10.4,3,1,Rent,Other,1
705056,37,44555.91,7114.06,822,10.4,3,1,Rent,Home_Improvement,0
705057,37,38670.27,19023.51,685,15.5,3,1,Rent,Debt_Consolidation,0
705058,47,29138.0,8137.89,609,2.7,4,3,Mortgage,Debt_Consolidation,0
705059,41,38895.67,13061.01,457,15.8,3,0,Rent,Medical,1
705060,43,101085.35,14229.13,778,0.3,2,3,Mortgage,Auto,0
705061,48,84106.93,13348.88,547,8.2,2,0,Own,Other,0
705062,56,91526.11,18863.54,647,0.0,1,2,Rent,Medical,0
705063,29,60963.66,4991.15,737,9.2,3,0,Rent,Other,1
705064,63,55180.86,26703.65,754,10.0,2,2,Mortgage,Other,0
705065,37,77788.61,16331.32,619,6.6,3,2,Mortgage,Home_Improvement,0
705066,36,49058.51,8975.27,656,3.9,1,1,Mortgage,Auto,0
705067,40,85728.38,10763.53,704,4.2,2,2,Rent,Debt_Consolidation,0
705068,25,61369.37,18886.84,672,10.5,3,1,Rent,Medical,0
705069,28,77344.03,14962.09,433,5.3,1,3,Own,Home_Improvement,0
705070,37,39445.12,21307.33,664,6.7,2,0,Mortgage,Auto,0
705071,33,102099.6,30555.66,594,6.7,4,3,Mortgage,Auto,0
705072,47,63220.54,16060.52,693,12.5,0,3,Own,Auto,0
705073,48,74316.77,1000.0,533,4.9,2,0,Mortgage,Auto,0
705074,32,40230.33,19315.08,627,6.0,3,1,Own,Other,1
705075,60,41580.55,17511.23,636,10.5,3,3,Rent,Debt_Consolidation,0
705076,27,75142.26,17514.91,639,9.5,0,1,Mortgage,Debt_Consolidation,0
705077,35,18591.11,14360.69,534,13.5,1,3,Mortgage,Home_Improvement,1
705078,30,88238.58,1000.0,582,14.2,3,0,Rent,Auto,0
705079,53,43880.77,13427.41,672,9.1,2,3,Mortgage,Other,0
705080,59,81514.5,17843.65,850,11.3,4,1,Rent,Home_Improvement,0
705081,63,42413.53,14463.75,632,10.1,2,1,Own,Debt_Consolidation,0
705082,53,57117.25,31766.55,726,4.1,3,3,Mortgage,Debt_Consolidation,0
705083,27,60266.3,33166.53,683,11.0,3,2,Mortgage,Debt_Consolidation,0
705084,26,80337.96,1000.0,765,11.8,4,2,Mortgage,Home_Improvement,0
705085,25,37586.84,35742.12,462,6.6,0,0,Rent,Other,1
705086,34,71552.18,4280.85,442,16.5,1,0,Rent,Other,0
705087,34,65329.67,11539.45,636,0.0,1,2,Own,Debt_Consolidation,0
705088,33,76905.21,43982.13,602,5.6,2,3,Rent,Debt_Consolidation,1
705089,55,38039.98,32202.59,582,4.5,0,2,Own,Medical,1
705090,26,58312.09,25641.9,612,2.1,4,3,Mortgage,Auto,0
705091,30,40474.09,5683.17,702,4.2,3,1,Mortgage,Home_Improvement,0
705092,58,49033.66,17279.28,841,8.6,0,3,Rent,Debt_Consolidation,0
705093,54,84080.14,21372.21,463,11.9,3,2,Mortgage,Medical,1
705094,34,86850.12,6934.14,566,10.7,1,1,Rent,Medical,0
705095,44,35768.36,20141.36,670,3.2,3,0,Own,Auto,0
705096,46,54305.72,2815.22,524,6.3,3,3,Own,Auto,0
705097,57,56438.01,30283.73,618,8.5,1,3,Mortgage,Home_Improvement,0
705098,38,35329.26,15662.39,585,14.1,3,2,Mortgage,Debt_Consolidation,1
705099,39,48743.13,7806.81,570,4.0,1,1,Own,Auto,0
705100,24,32338.81,30246.44,641,12.1,3,2,Mortgage,Other,1
705101,24,71596.88,24758.16,577,0.0,1,3,Rent,Auto,0
705102,22,35200.32,31008.24,669,5.7,1,2,Rent,Other,1
705103,47,92231.12,2417.63,794,0.0,3,0,Own,Other,0
705104,52,14000.0,9986.77,566,4.1,4,1,Rent,Medical,1
705105,41,71874.81,15145.13,678,16.3,4,3,Own,Home_Improvement,0
705106,49,72703.18,1000.0,607,3.9,0,2,Own,Debt_Consolidation,0
705107,64,42353.0,17240.31,569,2.1,4,0,Own,Auto,1
705108,43,17067.46,16784.61,695,10.9,1,1,Own,Debt_Consolidation,0
705109,44,62247.09,13890.02,687,14.6,1,0,Mortgage,Auto,0
705110,28,28462.42,15154.33,622,0.2,2,1,Rent,Debt_Consolidation,1
705111,60,84178.89,1000.0,704,4.0,3,3,Rent,Auto,0
705112,36,60550.84,22038.56,508,10.5,3,0,Mortgage,Debt_Consolidation,1
705113,52,57520.27,30033.07,633,9.5,1,1,Own,Debt_Consolidation,0
705114,43,60539.81,2804.44,651,10.4,3,1,Own,Debt_Consolidation,0
705115,65,75969.29,4324.24,463,13.6,0,3,Own,Home_Improvement,0
705116,30,57316.65,16145.12,807,1.4,0,2,Own,Auto,0
705117,34,71028.39,4324.33,606,11.6,4,0,Own,Debt_Consolidation,0
705118,46,66614.99,7222.75,606,24.4,1,0,Rent,Home_Improvement,0
705119,28,45295.28,12114.15,719,5.2,4,1,Mortgage,Other,0
705120,58,84335.65,2282.59,725,3.7,0,1,Own,Medical,0
705121,61,96223.3,1000.0,673,6.7,4,1,Own,Other,0
705122,28,84428.71,25498.96,678,14.7,0,2,Mortgage,Medical,1
705123,52,60658.06,5465.07,601,5.5,1,2,Own,Debt_Consolidation,0
705124,62,74091.43,24529.97,500,0.0,0,3,Mortgage,Other,0
705125,36,32145.2,7767.74,508,10.6,2,3,Rent,Debt_Consolidation,1
705126,43,37959.21,22669.98,626,17.8,4,0,Rent,Auto,0
705127,54,36556.51,11032.34,767,11.1,1,2,Rent,Debt_Consolidation,0
705128,64,43682.36,1000.0,547,4.7,3,0,Mortgage,Debt_Consolidation,0
705129,27,77650.22,20694.01,728,5.5,2,3,Mortgage,Debt_Consolidation,0
705130,64,37878.46,14301.11,549,13.4,4,1,Mortgage,Home_Improvement,1
705131,63,42323.7,8664.17,648,3.7,3,3,Rent,Other,0
705132,23,21378.65,37600.71,771,7.0,1,1,Rent,Medical,1
705133,59,40973.73,33449.68,606,7.2,3,1,Own,Medical,1
705134,51,17606.59,4287.02,441,7.4,3,3,Rent,Medical,0
705135,56,78859.47,14705.5,786,0.9,1,0,Mortgage,Debt_Consolidation,0
705136,31,53708.37,11775.29,555,6.9,1,3,Mortgage,Other,0
705137,52,79689.11,7255.3,817,3.0,4,1,Own,Other,0
705138,48,90140.61,20756.77,780,1.5,3,0,Mortgage,Debt_Consolidation,0
705139,23,68696.33,23738.23,810,15.3,3,2,Mortgage,Debt_Consolidation,0
705140,61,65470.46,26702.93,660,10.1,2,1,Mortgage,Debt_Consolidation,1
705141,49,60642.09,4031.01,805,5.8,0,1,Mortgage,Debt_Consolidation,0
705142,41,47216.43,21397.43,618,1.9,0,2,Own,Debt_Consolidation,0
705143,24,14000.0,28404.5,759,1.2,2,1,Own,Debt_Consolidation,1
705144,50,61838.77,1000.0,622,2.5,0,3,Own,Debt_Consolidation,0
705145,39,40772.67,12244.66,703,1.5,2,1,Mortgage,Debt_Consolidation,0
705146,51,33708.85,7686.6,733,12.9,4,3,Own,Debt_Consolidation,0
705147,50,43604.46,22947.22,606,5.6,3,2,Rent,Debt_Consolidation,0
705148,29,56877.87,1080.89,522,12.0,2,1,Mortgage,Home_Improvement,0
705149,46,74014.86,15011.39,684,0.6,0,3,Own,Home_Improvement,0
705150,40,33753.58,13689.5,669,9.5,2,1,Rent,Medical,0
705151,58,27367.65,7909.72,660,2.4,4,1,Mortgage,Auto,0
705152,34,83182.6,15439.87,723,8.4,3,3,Mortgage,Home_Improvement,0
705153,34,70667.62,1000.0,588,14.7,3,3,Mortgage,Debt_Consolidation,0
705154,42,76497.66,4046.32,480,3.6,2,0,Mortgage,Other,0
705155,32,50943.65,6119.75,517,12.0,2,2,Rent,Debt_Consolidation,0
705156,55,24266.23,23497.56,597,18.9,4,3,Own,Home_Improvement,1
705157,58,89062.71,29601.45,503,7.6,2,0,Own,Debt_Consolidation,1
705158,27,87140.45,13381.45,633,4.4,1,2,Mortgage,Debt_Consolidation,0
705159,43,43148.04,11462.89,643,5.1,3,3,Mortgage,Other,0
705160,45,67361.37,1000.0,503,4.7,0,1,Own,Home_Improvement,0
705161,65,83576.56,1342.36,691,7.4,2,2,Rent,Debt_Consolidation,0
705162,43,116879.27,17256.59,571,5.2,1,0,Rent,Auto,0
705163,32,86369.75,26530.61,472,12.2,4,3,Own,Auto,1
705164,38,70911.85,11476.88,704,12.1,3,0,Mortgage,Debt_Consolidation,0
705165,23,52584.77,8448.73,616,0.0,4,3,Rent,Medical,0
705166,58,46908.66,9652.08,691,14.1,1,1,Rent,Auto,0
705167,57,56386.13,21786.27,723,8.1,0,3,Mortgage,Auto,0
705168,36,42053.53,28282.24,520,0.0,2,3,Mortgage,Auto,1
705169,24,73062.97,15514.77,666,7.6,1,2,Mortgage,Debt_Consolidation,0
705170,56,61349.87,12020.63,838,14.0,2,2,Mortgage,Medical,0
705171,24,52429.9,18162.68,776,5.1,2,2,Rent,Other,0
705172,24,33962.86,9968.14,631,9.5,1,3,Mortgage,Medical,0
705173,22,60780.74,15147.07,698,2.0,1,0,Mortgage,Home_Improvement,0
705174,40,50152.48,27115.76,715,10.9,1,1,Mortgage,Other,0
705175,55,67471.58,20532.24,721,0.0,1,2,Own,Auto,0
705176,25,35645.91,1000.0,585,1.8,0,2,Mortgage,Debt_Consolidation,0
705177,42,74382.72,35623.24,662,2.9,1,3,Mortgage,Home_Improvement,1
705178,59,55509.23,44651.13,504,9.6,1,1,Rent,Debt_Consolidation,1
705179,54,104010.66,1192.21,744,7.6,3,1,Own,Debt_Consolidation,0
705180,50,40118.91,11289.16,617,11.2,2,1,Mortgage,Debt_Consolidation,0
705181,33,105371.72,22130.96,664,4.7,4,2,Own,Other,0
705182,30,127800.34,28470.84,790,2.4,3,1,Rent,Debt_Consolidation,0
705183,37,57993.07,1000.0,681,17.7,4,0,Own,Debt_Consolidation,0
705184,37,107598.62,32629.77,572,6.7,4,2,Mortgage,Other,0
705185,39,86178.3,28219.6,653,8.2,0,3,Own,Auto,1
705186,26,30166.32,22764.71,708,1.1,2,1,Mortgage,Medical,1
705187,27,45915.56,15137.42,565,1.8,1,1,Mortgage,Debt_Consolidation,0
705188,60,83641.73,1000.0,776,8.5,0,3,Mortgage,Debt_Consolidation,0
705189,63,66887.65,17636.86,729,9.5,4,1,Rent,Debt_Consolidation,0
705190,61,80549.97,8020.31,725,1.8,4,3,Own,Auto,0
705191,30,69986.99,19750.91,578,3.4,0,3,Mortgage,Debt_Consolidation,0
705192,61,94707.0,11638.6,563,6.2,3,2,Mortgage,Other,0
705193,62,54152.66,3651.02,773,12.6,1,3,Rent,Other,0
705194,48,34654.94,36805.13,658,5.3,1,0,Rent,Other,0
705195,63,43956.33,42032.93,627,15.3,1,1,Rent,Debt_Consolidation,1
705196,32,59207.83,1000.0,660,10.9,1,3,Rent,Debt_Consolidation,0
705197,37,38269.22,18651.31,680,14.4,3,1,Mortgage,Other,0
705198,41,59120.64,5237.78,770,6.5,3,2,Rent,Home_Improvement,0
705199,46,54786.91,23579.68,647,8.2,1,3,Own,Debt_Consolidation,0
705200,50,52309.7,6839.03,703,3.4,4,0,Own,Auto,0
705201,51,58749.21,20826.15,551,7.0,2,1,Mortgage,Debt_Consolidation,1
705202,40,50472.9,10491.13,813,9.2,1,1,Rent,Medical,0
705203,63,83335.2,22630.27,689,1.0,3,3,Mortgage,Debt_Consolidation,0
705204,23,62125.06,1000.0,656,4.9,4,3,Own,Auto,0
705205,33,78084.72,20591.14,616,7.5,3,3,Mortgage,Medical,0
705206,44,25407.51,18315.74,626,5.7,0,3,Mortgage,Medical,0
705207,61,60380.16,20320.9,708,0.0,3,3,Mortgage,Medical,0
705208,24,48349.27,17821.14,504,8.8,4,3,Own,Medical,1
705209,39,14000.0,29989.59,828,6.2,4,0,Own,Other,1
705210,31,108370.2,28920.33,646,1.2,1,2,Mortgage,Debt_Consolidation,0
705211,64,28243.95,9790.05,805,8.3,1,0,Mortgage,Debt_Consolidation,0
705212,57,79283.04,16338.91,560,3.8,2,3,Rent,Debt_Consolidation,0
705213,45,77633.62,7836.79,501,4.4,3,0,Mortgage,Auto,0
705214,48,87280.78,10884.3,546,13.4,0,1,Own,Other,0
705215,47,49190.0,33770.03,655,2.0,4,0,Own,Medical,1
705216,56,14000.0,6018.16,693,11.1,0,1,Rent,Auto,0
705217,64,74773.69,24820.82,686,7.9,0,1,Mortgage,Medical,0
705218,51,57281.49,32326.77,835,9.3,3,3,Own,Other,0
705219,55,75491.02,23302.17,615,8.0,1,0,Rent,Debt_Consolidation,0
705220,50,56070.69,27353.8,520,11.7,0,0,Rent,Debt_Consolidation,1
705221,64,90672.08,5531.78,601,7.3,1,1,Mortgage,Other,0
705222,32,72258.66,12035.79,550,3.8,3,1,Mortgage,Home_Improvement,0
705223,38,51548.32,7673.45,652,8.0,3,0,Mortgage,Debt_Consolidation,0
705224,52,117374.28,30497.26,638,6.8,3,2,Rent,Other,0
705225,39,45776.53,15003.5,600,6.7,4,3,Mortgage,Debt_Consolidation,0
705226,26,14000.0,8266.76,633,9.3,3,3,Mortgage,Debt_Consolidation,1
705227,53,62867.94,15389.88,678,13.5,0,2,Mortgage,Medical,0
705228,21,71525.72,27498.98,565,8.7,2,2,Own,Debt_Consolidation,1
705229,24,73707.4,3003.45,744,12.6,0,2,Mortgage,Auto,0
705230,36,47259.81,24098.92,552,2.4,0,2,Own,Debt_Consolidation,1
705231,65,59759.07,17487.33,689,7.1,2,3,Mortgage,Auto,0
705232,28,40043.01,14320.68,470,14.4,4,2,Rent,Home_Improvement,1
705233,62,50195.13,19731.36,667,4.6,4,2,Rent,Debt_Consolidation,1
705234,52,76010.44,9185.04,688,7.5,1,2,Own,Auto,0
705235,48,47698.41,5855.52,741,0.0,3,2,Rent,Home_Improvement,0
705236,33,77291.48,1517.18,552,11.6,2,1,Own,Debt_Consolidation,0
705237,29,54244.03,19565.16,622,9.4,2,2,Own,Home_Improvement,1
705238,22,62214.5,1201.95,584,2.8,1,0,Mortgage,Other,0
705239,36,52398.93,10048.34,756,3.2,4,1,Mortgage,Debt_Consolidation,0
705240,55,87437.54,7839.53,613,12.1,1,1,Rent,Medical,0
705241,63,62842.32,25262.14,643,3.2,4,3,Rent,Medical,0
705242,63,41333.71,1000.0,623,10.9,2,0,Mortgage,Other,0
705243,25,63019.27,12105.12,582,13.4,4,0,Rent,Debt_Consolidation,0
705244,52,88263.74,15881.81,750,8.0,1,0,Rent,Other,0
705245,38,66304.74,18141.91,642,13.3,2,3,Own,Debt_Consolidation,0
705246,63,34761.74,15410.97,605,11.7,3,2,Mortgage,Other,1
705247,27,41884.79,24820.29,747,5.1,2,2,Rent,Other,0
705248,56,35227.96,14586.69,606,6.5,3,0,Rent,Home_Improvement,0
705249,34,92273.61,11354.2,656,9.1,4,1,Own,Debt_Consolidation,0
705250,62,64102.14,18162.66,498,14.5,2,3,Own,Medical,0
705251,23,80585.19,19190.9,578,0.0,2,2,Rent,Debt_Consolidation,0
705252,51,79342.65,18454.63,757,1.6,3,3,Mortgage,Medical,0
705253,45,51837.92,19880.62,686,2.5,2,2,Own,Home_Improvement,0
705254,56,85858.62,27248.56,644,4.1,1,2,Rent,Other,0
705255,33,56810.63,30062.67,560,14.3,4,2,Mortgage,Auto,1
705256,56,67186.16,5154.53,657,13.1,2,3,Own,Debt_Consolidation,0
705257,42,14000.0,7882.97,658,6.1,1,2,Rent,Debt_Consolidation,1
705258,26,56884.03,36925.58,671,0.0,1,0,Mortgage,Debt_Consolidation,1
705259,21,49240.47,12109.96,639,5.2,2,2,Rent,Debt_Consolidation,0
705260,35,40675.9,1000.0,605,10.7,2,2,Rent,Other,0
705261,33,63757.26,14437.22,739,7.7,3,1,Own,Auto,0
705262,48,28487.31,19936.88,623,20.1,4,2,Own,Auto,1
705263,62,52267.69,27642.26,655,4.5,3,1,Mortgage,Home_Improvement,1
705264,35,14000.0,20002.13,388,5.9,2,0,Rent,Medical,1
705265,54,53026.44,21929.67,662,10.2,0,2,Mortgage,Home_Improvement,1
705266,60,41695.08,18382.58,646,11.2,2,3,Mortgage,Home_Improvement,1
705267,35,99619.43,27029.34,621,9.2,4,2,Rent,Medical,0
705268,23,62660.73,1000.0,767,0.0,2,0,Mortgage,Other,0
705269,58,72393.46,16617.5,636,2.9,2,0,Rent,Medical,0
705270,26,14000.0,19105.81,744,10.0,2,1,Own,Auto,1
705271,63,47622.29,18104.35,714,5.2,2,2,Rent,Auto,0
705272,35,30088.37,27789.08,707,21.5,1,0,Mortgage,Home_Improvement,1
705273,40,89337.13,3698.44,602,12.7,3,3,Mortgage,Auto,0
705274,36,81005.79,28717.8,712,7.1,4,2,Mortgage,Other,0
705275,64,60793.75,24311.6,770,8.4,4,0,Mortgage,Home_Improvement,0
705276,58,61808.81,4632.73,717,7.4,0,0,Rent,Debt_Consolidation,0
705277,57,60312.46,14343.9,807,2.7,4,1,Mortgage,Auto,0
705278,21,56458.22,15380.76,587,4.4,1,1,Own,Other,0
705279,32,73260.76,1000.0,521,0.0,4,3,Rent,Debt_Consolidation,0
705280,58,71862.68,16148.97,689,5.7,2,3,Own,Debt_Consolidation,0
705281,45,54112.61,10116.11,724,0.0,4,0,Rent,Other,0
705282,64,40352.16,10065.79,631,0.0,1,3,Rent,Auto,0
705283,35,96363.24,1000.0,683,7.9,2,2,Rent,Auto,0
705284,23,47528.63,18993.22,590,7.5,3,0,Rent,Debt_Consolidation,1
705285,36,40414.59,29594.17,639,1.0,3,2,Mortgage,Debt_Consolidation,1
705286,63,113351.81,29270.13,678,15.4,4,0,Mortgage,Home_Improvement,0
705287,52,60487.32,28202.59,651,12.4,4,2,Rent,Auto,0
705288,50,54409.92,20231.45,785,9.6,4,2,Rent,Other,0
705289,38,25689.38,25191.03,717,17.8,1,1,Own,Home_Improvement,1
705290,26,33309.18,2236.44,617,5.0,4,3,Rent,Debt_Consolidation,0
705291,36,91072.79,10891.6,556,1.3,2,1,Own,Debt_Consolidation,0
705292,58,50631.27,14194.85,766,5.2,1,3,Rent,Debt_Consolidation,0
705293,42,86009.16,16414.92,498,10.9,1,2,Rent,Home_Improvement,0
705294,26,32778.23,10674.89,582,14.2,0,1,Mortgage,Debt_Consolidation,0
705295,54,78356.05,14858.01,668,14.2,1,2,Rent,Debt_Consolidation,0
705296,38,62493.52,24564.19,532,0.0,3,3,Mortgage,Auto,1
705297,36,49261.19,2955.28,638,2.5,1,0,Rent,Home_Improvement,0
705298,31,16871.17,21785.19,787,11.0,0,3,Own,Home_Improvement,1
705299,43,91488.23,15300.81,741,0.0,4,0,Mortgage,Medical,0
705300,38,62850.11,20052.82,621,8.9,4,1,Mortgage,Other,0
705301,28,59132.51,17920.76,686,9.1,3,3,Mortgage,Auto,0
705302,27,81015.96,19105.68,689,12.1,1,2,Mortgage,Home_Improvement,0
705303,37,35851.18,12715.15,786,7.9,0,2,Rent,Medical,0
705304,38,93974.65,25850.14,603,7.8,1,0,Mortgage,Home_Improvement,0
705305,35,79500.97,26581.35,573,3.5,3,0,Rent,Medical,0
705306,46,73665.34,22794.47,663,17.0,1,1,Mortgage,Home_Improvement,0
705307,41,74790.14,8069.4,670,4.8,2,3,Mortgage,Debt_Consolidation,0
705308,41,44549.73,13714.5,430,7.0,1,0,Rent,Debt_Consolidation,0
705309,34,56503.59,18234.23,432,7.9,0,0,Mortgage,Other,1
705310,44,71167.74,35421.57,546,2.0,4,0,Rent,Auto,1
705311,49,48394.04,23416.13,503,0.0,4,2,Mortgage,Auto,1
705312,61,93081.08,21285.7,579,5.4,1,0,Own,Home_Improvement,0
705313,33,80348.26,27587.32,676,7.4,2,0,Own,Auto,0
705314,59,94032.37,3260.88,452,7.9,0,1,Mortgage,Medical,0
705315,46,24692.12,21996.44,579,0.0,2,0,Mortgage,Auto,1
705316,26,97633.6,1000.0,591,3.0,0,0,Mortgage,Debt_Consolidation,1
705317,23,48942.21,10935.57,513,4.3,0,3,Own,Medical,0
705318,54,42341.93,17490.25,724,10.0,3,1,Own,Debt_Consolidation,0
705319,60,53689.04,1220.66,645,5.4,3,2,Mortgage,Auto,0
705320,56,94568.24,1000.0,470,11.8,0,0,Mortgage,Auto,0
705321,22,71667.5,1698.96,682,4.6,4,0,Rent,Auto,0
705322,61,70283.54,19970.86,614,0.9,3,0,Own,Medical,0
705323,30,85465.76,19465.81,733,6.6,1,3,Rent,Debt_Consolidation,0
705324,38,86532.64,19134.59,620,3.8,4,3,Mortgage,Debt_Consolidation,0
705325,44,88239.96,13920.49,726,9.6,2,0,Rent,Debt_Consolidation,0
705326,62,83223.82,25871.57,780,4.6,0,2,Mortgage,Other,0
705327,57,68031.71,21031.58,533,6.3,2,0,Rent,Medical,1
705328,46,73038.63,9954.78,635,15.3,2,2,Mortgage,Home_Improvement,0
705329,30,28096.79,15519.85,626,10.2,4,1,Mortgage,Medical,0
705330,42,56934.47,35099.13,598,0.3,1,3,Own,Home_Improvement,1
705331,25,14000.0,10554.72,659,13.5,2,0,Rent,Other,1
705332,43,58230.62,3946.77,704,10.8,2,3,Rent,Other,1
705333,57,62860.83,2211.16,651,6.7,1,1,Rent,Auto,0
705334,39,42290.26,1000.0,674,10.4,2,0,Rent,Other,0
705335,25,47832.4,2459.91,627,3.4,3,3,Rent,Home_Improvement,0
705336,52,85466.78,28638.13,670,11.8,1,2,Mortgage,Medical,0
705337,21,51836.2,21976.81,670,8.5,3,2,Rent,Auto,0
705338,44,60593.47,20827.35,667,5.1,4,0,Rent,Debt_Consolidation,1
705339,56,105608.16,23622.13,702,7.2,0,1,Mortgage,Auto,0
705340,60,67889.88,9024.84,733,6.6,4,1,Own,Medical,0
705341,29,82045.61,11666.5,778,10.2,4,3,Rent,Debt_Consolidation,0
705342,42,70767.87,16650.43,677,3.8,1,0,Own,Debt_Consolidation,1
705343,41,73519.76,29891.96,596,5.3,1,0,Mortgage,Auto,1
705344,23,86993.28,11001.85,558,6.5,0,2,Rent,Other,0
705345,57,54642.06,2165.44,642,15.1,3,0,Own,Other,0
705346,28,77695.26,6756.62,657,0.0,1,0,Rent,Debt_Consolidation,0
705347,25,48191.37,30250.71,850,9.3,3,2,Own,Auto,0
705348,39,49849.58,14763.62,632,2.4,1,0,Own,Other,0
705349,47,74344.26,3170.59,492,6.0,3,3,Mortgage,Debt_Consolidation,0
705350,42,44868.42,18682.92,636,7.2,2,2,Rent,Home_Improvement,1
705351,34,14000.0,23130.4,552,7.3,3,1,Own,Debt_Consolidation,1
705352,57,53759.56,7807.99,612,10.9,1,3,Rent,Debt_Consolidation,0
705353,47,89927.26,9225.21,577,11.2,3,3,Own,Home_Improvement,0
705354,47,35168.01,5814.8,653,0.0,3,3,Mortgage,Home_Improvement,0
705355,23,73044.03,1000.0,758,8.7,4,1,Own,Debt_Consolidation,0
705356,28,50137.39,11572.87,736,0.0,0,1,Mortgage,Medical,0
705357,49,22803.14,22702.21,658,1.2,2,3,Own,Other,1
705358,34,51168.42,21571.61,789,7.4,2,2,Own,Other,0
705359,41,14000.0,14746.57,683,12.3,4,0,Mortgage,Debt_Consolidation,1
705360,45,86937.64,1500.06,694,5.2,0,1,Rent,Medical,0
705361,57,49208.93,16770.29,326,7.4,3,3,Own,Other,1
705362,56,67363.58,25627.95,553,10.1,4,0,Rent,Home_Improvement,0
705363,43,58165.78,26312.99,601,4.2,1,3,Mortgage,Home_Improvement,1
705364,52,22896.73,10065.83,597,0.0,0,0,Rent,Medical,1
705365,40,48701.26,6530.64,580,13.4,4,0,Rent,Medical,0
705366,49,86170.08,25209.92,583,13.6,4,0,Rent,Medical,0
705367,46,77291.84,16907.81,561,5.3,1,0,Rent,Auto,1
705368,32,49101.67,30014.97,705,10.0,2,3,Own,Medical,0
705369,22,40747.51,24810.81,539,4.0,4,0,Rent,Other,1
705370,46,56105.26,26987.42,568,9.2,3,0,Rent,Medical,1
705371,59,27014.61,16223.23,681,3.5,0,1,Rent,Debt_Consolidation,1
705372,32,63845.42,3879.22,817,17.4,4,0,Mortgage,Auto,0
705373,50,18941.08,20229.08,745,1.5,4,2,Own,Debt_Consolidation,1
705374,23,39972.63,13380.57,553,8.4,4,3,Rent,Home_Improvement,0
705375,37,77783.94,22174.71,685,9.5,3,3,Own,Auto,1
705376,55,57678.55,14156.45,669,0.5,4,1,Rent,Auto,0
705377,55,42153.47,22139.4,772,12.4,1,2,Mortgage,Other,0
705378,50,61144.26,9916.39,493,3.4,3,2,Mortgage,Home_Improvement,1
705379,35,51394.07,16874.65,683,11.4,4,3,Rent,Auto,0
705380,65,63641.05,25940.65,568,8.2,1,2,Mortgage,Other,1
705381,37,83403.15,30177.45,440,1.4,4,1,Rent,Debt_Consolidation,1
705382,54,55326.56,3637.09,775,2.4,4,2,Own,Auto,0
705383,43,17407.35,19016.29,719,6.3,3,1,Mortgage,Debt_Consolidation,1
705384,32,67770.44,18647.95,677,8.3,0,1,Rent,Auto,1
705385,59,38725.98,18110.72,555,8.4,3,1,Mortgage,Debt_Consolidation,1
705386,22,84943.65,16009.08,743,8.6,0,1,Mortgage,Debt_Consolidation,0
705387,39,80978.86,17844.1,686,17.0,2,1,Rent,Other,0
705388,40,57386.72,11826.52,639,6.4,0,3,Rent,Auto,0
705389,51,68652.65,21124.14,624,0.0,3,0,Rent,Auto,0
705390,36,23133.56,30406.55,606,3.7,0,1,Own,Other,1
705391,48,16560.44,1000.0,726,1.1,2,0,Rent,Debt_Consolidation,0
705392,44,49633.55,30216.55,750,6.9,4,1,Rent,Auto,0
705393,36,65918.41,3217.47,573,0.0,4,1,Rent,Auto,0
705394,37,89965.77,12283.96,640,5.5,1,0,Rent,Medical,0
705395,62,41942.98,7076.28,553,3.6,3,1,Mortgage,Home_Improvement,0
705396,23,35926.21,22577.87,654,3.1,1,2,Rent,Debt_Consolidation,1
705397,60,37653.39,13634.14,574,10.0,4,3,Own,Home_Improvement,1
705398,24,40193.7,21616.16,752,8.5,4,1,Rent,Debt_Consolidation,0
705399,47,62018.61,1000.0,567,8.6,0,1,Mortgage,Home_Improvement,0
705400,37,24084.01,15700.88,698,8.1,0,2,Rent,Debt_Consolidation,1
705401,37,75839.81,24424.77,638,0.0,0,2,Rent,Debt_Consolidation,0
705402,47,26739.58,15890.21,591,7.9,2,3,Rent,Debt_Consolidation,1
705403,65,111388.6,5871.16,558,12.0,4,2,Mortgage,Auto,0
705404,28,54779.93,16748.32,824,11.9,1,0,Rent,Auto,1
705405,59,60101.59,32054.76,549,2.7,4,0,Own,Other,1
705406,29,18682.44,25510.88,663,0.5,2,2,Rent,Auto,1
705407,44,64727.9,28207.22,521,11.1,4,2,Mortgage,Debt_Consolidation,1
705408,31,14000.0,7201.04,587,6.1,3,3,Mortgage,Home_Improvement,1
705409,59,77798.08,15840.24,451,8.6,4,0,Rent,Debt_Consolidation,1
705410,54,42689.35,10361.93,711,6.7,0,3,Mortgage,Home_Improvement,0
705411,63,63776.64,14311.72,698,12.9,0,2,Mortgage,Debt_Consolidation,0
705412,55,69920.63,6527.81,647,4.1,0,3,Rent,Debt_Consolidation,0
705413,48,79952.03,9133.86,739,1.2,2,2,Rent,Debt_Consolidation,0
705414,42,89783.31,29212.49,774,10.1,3,1,Rent,Debt_Consolidation,0
705415,25,84559.37,3977.29,538,9.5,2,3,Rent,Medical,0
705416,23,75514.4,22809.77,765,4.6,4,3,Own,Medical,0
705417,60,43425.82,14452.52,608,11.5,3,2,Own,Home_Improvement,0
705418,63,31027.82,10228.75,610,6.8,0,3,Mortgage,Debt_Consolidation,0
705419,64,75520.81,23189.91,660,12.9,1,3,Mortgage,Auto,0
705420,60,65685.72,17821.49,686,6.4,1,3,Mortgage,Medical,0
705421,46,45611.25,29304.59,589,6.3,4,2,Rent,Other,1
705422,34,56619.81,36680.15,565,1.1,3,0,Mortgage,Home_Improvement,1
705423,24,80133.56,22705.23,622,10.9,3,1,Own,Home_Improvement,0
705424,21,79341.69,12476.48,600,3.6,1,1,Own,Debt_Consolidation,0
705425,26,43698.34,10020.84,664,13.9,1,3,Rent,Auto,0
705426,43,26849.77,1000.0,588,10.3,2,2,Mortgage,Other,0
705427,30,14000.0,16737.91,721,3.3,0,3,Rent,Other,1
705428,28,47018.81,9979.84,823,12.5,2,2,Own,Debt_Consolidation,0
705429,34,50491.65,37630.05,594,9.9,2,0,Mortgage,Debt_Consolidation,1
705430,38,26587.51,10534.25,534,0.0,3,3,Rent,Debt_Consolidation,1
705431,48,83061.48,9714.5,575,6.3,0,1,Mortgage,Other,0
705432,38,102759.21,6540.87,595,3.4,2,3,Mortgage,Home_Improvement,0
705433,62,39813.61,14981.25,761,8.1,3,0,Rent,Debt_Consolidation,0
705434,35,75437.65,10335.53,763,12.5,4,3,Mortgage,Home_Improvement,0
705435,34,55251.19,1000.0,744,13.4,0,3,Mortgage,Auto,0
705436,62,71526.09,27030.16,598,6.1,2,2,Mortgage,Auto,1
705437,28,62133.16,20731.46,583,0.0,2,0,Mortgage,Debt_Consolidation,0
705438,38,56101.51,32534.98,546,14.0,3,3,Rent,Other,1
705439,53,80389.63,22856.83,615,3.2,0,3,Rent,Debt_Consolidation,0
705440,26,74656.45,16226.02,674,11.8,0,3,Own,Other,0
705441,46,48321.48,25585.32,624,5.0,0,3,Mortgage,Debt_Consolidation,0
705442,46,69583.38,15715.37,565,6.2,3,2,Rent,Home_Improvement,0
705443,52,43900.95,27376.85,728,5.9,2,2,Mortgage,Debt_Consolidation,1
705444,60,57189.51,16165.25,808,10.2,4,0,Mortgage,Medical,0
705445,56,72460.12,18785.96,635,8.8,0,2,Own,Debt_Consolidation,0
705446,31,69168.49,1000.0,639,1.6,0,3,Rent,Auto,0
705447,42,21477.29,12031.32,748,6.7,2,0,Mortgage,Other,0
705448,43,72026.76,19511.38,662,16.1,3,0,Rent,Home_Improvement,0
705449,32,29892.72,17433.31,577,15.6,4,0,Mortgage,Auto,1
705450,38,63381.26,15379.17,590,5.3,3,0,Mortgage,Debt_Consolidation,1
705451,52,74815.52,27692.78,741,3.2,0,3,Rent,Debt_Consolidation,0
705452,51,22796.82,27968.65,734,7.1,4,3,Mortgage,Home_Improvement,1
705453,42,32853.04,3610.91,621,17.9,0,0,Mortgage,Home_Improvement,0
705454,35,77451.49,16833.47,646,6.2,2,3,Mortgage,Medical,0
705455,44,65643.4,20905.04,637,10.7,3,2,Own,Medical,0
705456,32,14000.0,37049.36,696,4.6,1,0,Rent,Home_Improvement,1
705457,35,80816.6,19177.93,759,7.6,0,2,Rent,Auto,0
705458,64,43648.44,11701.61,677,3.0,1,2,Mortgage,Debt_Consolidation,0
705459,42,30435.49,15189.39,429,9.5,1,1,Rent,Home_Improvement,1
705460,58,64255.67,28322.77,705,16.9,4,0,Own,Debt_Consolidation,0
705461,51,43231.68,1000.0,727,11.3,4,2,Own,Home_Improvement,0
705462,52,59149.52,25861.58,606,8.0,4,0,Mortgage,Auto,0
705463,26,64315.45,27740.49,536,11.0,2,3,Own,Debt_Consolidation,1
705464,50,115522.4,14358.91,517,7.4,2,0,Rent,Home_Improvement,0
705465,55,80077.89,27460.95,719,3.2,2,0,Own,Debt_Consolidation,0
705466,63,64278.22,8809.49,629,18.2,0,1,Mortgage,Auto,0
705467,47,60538.37,5248.76,739,7.3,2,2,Mortgage,Auto,0
705468,23,66390.95,1000.0,782,14.4,0,2,Mortgage,Debt_Consolidation,0
705469,63,69714.79,14227.88,554,0.2,0,0,Rent,Auto,0
705470,40,43414.19,20100.5,631,11.7,4,1,Own,Medical,0
705471,64,70242.14,17513.08,561,6.3,1,0,Rent,Auto,0
705472,49,41897.64,2407.28,557,8.2,3,0,Rent,Medical,0
705473,37,44766.95,16487.47,768,5.3,4,0,Rent,Debt_Consolidation,0
705474,26,56058.6,21609.02,557,6.4,1,0,Rent,Other,1
705475,23,82214.36,20382.23,648,14.3,1,3,Rent,Debt_Consolidation,0
705476,65,77665.11,30289.67,780,6.1,4,0,Own,Debt_Consolidation,0
705477,45,14000.0,5512.58,697,6.9,3,2,Mortgage,Home_Improvement,1
705478,51,86744.93,19611.88,609,6.8,0,3,Mortgage,Debt_Consolidation,0
705479,36,59547.9,14359.71,719,7.0,4,2,Rent,Auto,0
705480,55,59995.35,16830.61,698,1.9,2,2,Own,Auto,0
705481,31,92567.16,10345.74,850,0.4,3,3,Mortgage,Auto,0
705482,64,41088.43,16353.51,559,5.7,4,0,Own,Debt_Consolidation,1
705483,27,33412.27,2333.44,670,13.5,4,0,Own,Home_Improvement,0
705484,47,14000.0,9971.1,712,6.3,0,3,Mortgage,Medical,0
705485,25,30160.4,25505.62,689,6.0,3,0,Rent,Auto,1
705486,62,77405.35,10142.47,639,10.0,0,2,Mortgage,Debt_Consolidation,0
705487,53,38819.9,12793.65,736,4.8,3,0,Mortgage,Auto,0
705488,37,33453.65,19619.79,654,11.4,4,1,Rent,Other,1
705489,46,67149.5,21311.95,676,8.3,3,3,Rent,Auto,0
705490,62,33913.19,28112.85,819,7.7,4,3,Own,Auto,1
705491,32,39904.7,8079.36,850,8.3,0,1,Rent,Debt_Consolidation,0
705492,43,38717.75,13588.29,713,5.0,1,2,Own,Medical,0
705493,31,67158.4,3250.31,708,11.1,4,1,Own,Home_Improvement,0
705494,55,41321.19,20413.5,639,0.0,2,0,Mortgage,Auto,0
705495,42,45742.19,16672.15,522,0.6,4,3,Rent,Medical,1
705496,33,53234.05,17806.97,429,9.7,3,1,Rent,Debt_Consolidation,0
705497,50,14135.72,5326.54,760,0.0,2,1,Rent,Home_Improvement,0
705498,42,51549.09,22692.94,745,7.7,1,0,Own,Medical,0
705499,28,14736.0,4187.77,700,7.7,2,1,Mortgage,Other,0
705500,46,29058.13,3480.26,598,0.0,1,2,Own,Other,0
705501,47,46077.2,10570.22,740,4.3,0,3,Mortgage,Home_Improvement,0
705502,44,59978.91,7025.99,833,14.8,3,2,Rent,Debt_Consolidation,0
705503,52,51137.93,21348.16,706,10.9,0,3,Rent,Debt_Consolidation,0
705504,62,82122.73,17001.96,534,10.9,2,3,Rent,Other,1
705505,22,59897.51,8370.01,503,5.5,3,1,Rent,Auto,0
705506,41,70581.06,25705.42,620,9.9,0,0,Rent,Home_Improvement,0
705507,65,45816.54,22294.28,610,5.1,3,3,Rent,Auto,1
705508,60,41848.67,13271.74,709,6.1,3,0,Own,Auto,0
705509,63,96631.31,7885.16,470,15.0,3,0,Own,Auto,0
705510,25,18293.69,5237.08,723,15.5,1,3,Own,Home_Improvement,0
705511,35,84639.31,18292.47,624,11.1,4,0,Mortgage,Home_Improvement,0
705512,30,39251.99,15242.06,782,4.4,1,0,Rent,Debt_Consolidation,0
705513,34,72767.17,18526.82,640,3.7,1,1,Own,Debt_Consolidation,0
705514,28,26533.04,19224.45,699,4.7,1,0,Own,Home_Improvement,1
705515,64,68666.06,18447.92,608,7.1,4,0,Mortgage,Home_Improvement,0
705516,29,64448.33,8909.62,533,11.8,0,0,Mortgage,Other,0
705517,43,14000.0,18995.05,808,13.0,3,2,Mortgage,Home_Improvement,1
705518,47,41799.73,15201.07,590,11.6,3,3,Own,Debt_Consolidation,1
705519,49,72176.38,1000.0,523,7.1,4,1,Mortgage,Auto,0
705520,25,80964.93,10573.39,635,13.4,3,0,Mortgage,Home_Improvement,0
705521,30,64004.49,26665.5,660,18.8,3,0,Mortgage,Debt_Consolidation,0
705522,51,43629.33,19243.18,606,0.0,3,1,Mortgage,Debt_Consolidation,0
705523,43,55774.76,11216.26,596,12.4,0,2,Mortgage,Home_Improvement,0
705524,60,26362.81,10395.67,615,8.0,3,1,Own,Home_Improvement,1
705525,27,33540.09,19371.09,689,10.3,0,1,Rent,Auto,0
705526,62,62287.27,11730.93,734,7.6,1,1,Mortgage,Other,0
705527,36,56908.94,1000.0,672,9.4,2,1,Mortgage,Debt_Consolidation,0
705528,23,73630.22,2292.78,668,4.6,0,2,Own,Other,0
705529,45,61262.23,38746.0,719,6.1,1,3,Own,Other,0
705530,32,70785.41,12656.28,548,7.5,4,0,Rent,Debt_Consolidation,0
705531,21,54647.36,15939.3,666,14.6,1,1,Own,Other,0
705532,40,71487.81,17385.89,772,6.4,3,0,Mortgage,Home_Improvement,0
705533,28,115013.43,18993.28,590,9.2,2,1,Own,Auto,0
705534,21,33985.32,22495.57,759,5.3,1,3,Own,Medical,1
705535,35,60463.01,16476.27,660,2.5,0,2,Mortgage,Debt_Consolidation,0
705536,51,46324.51,11729.13,743,8.4,2,3,Rent,Other,0
705537,28,69041.31,13587.91,547,6.8,4,2,Own,Other,0
705538,41,68274.71,14956.23,554,0.0,2,1,Mortgage,Home_Improvement,0
705539,49,38338.29,31898.28,751,6.4,4,0,Rent,Debt_Consolidation,1
705540,40,61153.83,32559.87,601,6.8,1,3,Own,Debt_Consolidation,1
705541,31,62491.26,22941.39,578,4.4,4,3,Own,Medical,1
705542,28,54986.67,32713.94,648,6.3,3,3,Own,Debt_Consolidation,0
705543,43,65062.17,10663.39,341,4.1,3,0,Own,Medical,0
705544,24,90382.58,7926.91,706,13.9,0,2,Mortgage,Debt_Consolidation,0
705545,62,72126.94,1000.0,784,8.0,1,3,Rent,Debt_Consolidation,0
705546,60,51712.03,24054.94,633,4.9,2,2,Rent,Debt_Consolidation,0
705547,52,63531.39,19916.82,440,5.7,4,1,Mortgage,Auto,1
705548,47,105038.52,3553.43,412,9.4,2,1,Own,Auto,0
705549,27,43365.52,21027.48,639,0.0,4,1,Own,Other,0
705550,36,84415.98,12724.69,818,20.2,4,3,Own,Auto,0
705551,27,42256.74,17949.5,644,15.3,1,1,Rent,Debt_Consolidation,0
705552,60,20284.34,25617.77,655,6.4,4,2,Rent,Other,1
705553,29,41710.76,21915.65,723,7.8,3,1,Rent,Auto,0
705554,26,65989.13,15177.13,586,6.1,1,1,Own,Other,1
705555,35,52394.21,11611.89,724,8.2,3,2,Mortgage,Auto,0
705556,38,41431.07,25505.96,482,4.2,4,1,Own,Debt_Consolidation,1
705557,36,39470.25,4718.18,618,16.4,0,0,Mortgage,Debt_Consolidation,0
705558,24,35252.31,18954.04,604,5.9,0,3,Rent,Debt_Consolidation,0
705559,36,32852.04,24808.48,609,12.9,2,0,Rent,Debt_Consolidation,1
705560,56,43578.28,29368.36,422,11.7,3,3,Mortgage,Debt_Consolidation,1
705561,43,14000.0,1000.0,610,6.6,4,0,Mortgage,Debt_Consolidation,0
705562,60,67976.84,20910.72,716,6.1,0,0,Rent,Debt_Consolidation,0
705563,51,64630.48,13354.8,587,3.9,0,0,Rent,Auto,0
705564,33,60157.91,13603.18,793,7.2,4,0,Own,Debt_Consolidation,0
705565,27,79259.23,24642.49,627,5.3,0,3,Own,Debt_Consolidation,1
705566,57,43760.24,18043.95,653,6.3,0,1,Rent,Auto,0
705567,54,57565.65,1000.0,471,8.6,4,3,Mortgage,Debt_Consolidation,0
705568,63,14000.0,22716.07,718,13.3,4,3,Own,Home_Improvement,1
705569,58,62153.13,5204.04,675,6.9,3,3,Rent,Other,0
705570,31,48261.84,21160.86,758,9.5,2,2,Own,Home_Improvement,0
705571,42,71943.1,10124.0,561,0.0,1,3,Rent,Home_Improvement,0
705572,64,77644.9,8643.74,654,10.6,0,3,Mortgage,Auto,0
705573,64,53470.11,15840.7,763,14.6,4,0,Rent,Other,0
705574,36,27839.57,21029.79,640,0.0,3,2,Mortgage,Home_Improvement,1
705575,35,65554.23,6324.43,632,7.9,0,1,Own,Other,0
705576,52,77526.05,27858.72,513,6.9,2,2,Own,Home_Improvement,1
705577,50,79079.19,10080.31,783,0.0,0,3,Mortgage,Home_Improvement,0
705578,45,45204.56,19723.95,747,19.9,1,0,Own,Auto,0
705579,26,35811.32,33110.14,548,5.2,4,1,Rent,Auto,1
705580,36,51112.68,12001.85,749,19.0,4,2,Rent,Medical,0
705581,38,32963.99,18378.87,781,7.6,4,2,Own,Other,1
705582,48,14000.0,22498.23,736,14.1,0,1,Mortgage,Debt_Consolidation,1
705583,59,65981.86,24205.49,650,6.2,4,3,Rent,Other,0
705584,21,67692.29,25540.69,659,10.5,1,2,Rent,Other,0
705585,65,72799.89,17219.26,479,8.4,2,1,Mortgage,Home_Improvement,1
705586,43,37139.46,16529.3,618,2.4,4,3,Mortgage,Debt_Consolidation,0
705587,45,56358.9,17953.54,614,2.5,3,2,Own,Other,0
705588,43,28652.76,11368.02,522,0.0,0,1,Own,Debt_Consolidation,1
705589,40,22343.26,1000.0,721,0.0,2,3,Rent,Auto,0
705590,49,68259.57,19106.11,623,8.8,1,0,Rent,Other,0
705591,39,14192.82,16243.22,712,0.7,1,1,Rent,Home_Improvement,1
705592,55,49060.25,41866.45,596,12.8,0,3,Mortgage,Medical,1
705593,25,112631.92,11424.11,495,0.2,0,1,Own,Debt_Consolidation,0
705594,60,85813.66,4092.3,654,10.0,4,3,Own,Other,0
705595,35,73062.2,9749.26,619,0.0,4,1,Mortgage,Debt_Consolidation,0
705596,57,71481.1,10596.9,710,4.7,1,1,Rent,Home_Improvement,0
705597,44,52471.64,20882.72,645,6.2,2,1,Rent,Home_Improvement,0
705598,60,43267.05,11167.97,779,3.9,2,3,Rent,Medical,0
705599,25,104798.18,21307.49,594,3.9,0,1,Own,Debt_Consolidation,0
705600,37,52671.34,10213.8,823,12.8,1,3,Mortgage,Other,0
705601,30,43357.79,10792.08,688,5.9,0,2,Own,Debt_Consolidation,0
705602,25,73047.39,17380.04,748,15.0,0,2,Own,Debt_Consolidation,0
705603,24,55984.18,16792.15,521,1.5,3,1,Mortgage,Debt_Consolidation,1
705604,50,88083.06,2126.24,718,13.2,1,0,Rent,Auto,0
705605,43,42506.77,20263.95,660,9.1,4,3,Mortgage,Medical,0
705606,23,37972.2,13681.87,766,12.9,4,0,Rent,Debt_Consolidation,0
705607,35,47996.82,34630.61,590,0.0,2,0,Rent,Debt_Consolidation,1
705608,63,95300.73,13871.76,657,1.7,3,0,Mortgage,Debt_Consolidation,0
705609,52,79566.91,18906.54,498,12.8,1,3,Mortgage,Debt_Consolidation,1
705610,42,63856.22,6489.32,713,6.9,4,1,Rent,Debt_Consolidation,0
705611,44,59854.93,21037.01,746,1.8,0,2,Mortgage,Auto,0
705612,32,65863.35,10407.73,734,7.9,4,0,Own,Home_Improvement,0
705613,26,34862.13,17541.43,642,13.1,3,3,Rent,Other,0
705614,22,69831.39,24209.9,730,10.0,0,0,Mortgage,Home_Improvement,0
705615,35,46204.96,2646.69,686,7.5,2,1,Rent,Debt_Consolidation,0
705616,58,63372.18,1000.0,565,6.0,0,0,Rent,Home_Improvement,0
705617,34,58429.39,13130.73,660,14.0,4,1,Mortgage,Debt_Consolidation,0
705618,58,65119.57,16818.42,645,0.0,0,0,Rent,Auto,1
705619,64,47103.83,21014.77,716,8.4,2,3,Own,Home_Improvement,0
705620,27,80447.88,28113.93,716,8.9,3,2,Mortgage,Home_Improvement,0
705621,39,66457.3,11435.55,715,15.2,1,0,Rent,Debt_Consolidation,0
705622,55,39873.81,12336.75,770,8.4,2,2,Mortgage,Auto,0
705623,33,68402.75,5859.16,502,9.7,0,2,Mortgage,Debt_Consolidation,0
705624,24,50013.58,20105.41,804,13.1,3,1,Mortgage,Debt_Consolidation,0
705625,36,67118.58,26579.34,818,8.8,0,3,Mortgage,Debt_Consolidation,0
705626,52,78064.3,15022.95,722,13.2,3,2,Own,Debt_Consolidation,0
705627,22,46623.77,24617.86,745,12.5,4,3,Mortgage,Debt_Consolidation,0
705628,44,57363.01,10553.45,765,6.7,0,1,Mortgage,Medical,0
705629,60,59711.51,11178.54,640,2.5,1,0,Own,Debt_Consolidation,0
705630,49,59048.0,28631.59,648,8.7,4,3,Own,Auto,1
705631,61,106055.91,27886.05,714,0.7,1,2,Mortgage,Debt_Consolidation,0
705632,27,66426.45,16760.49,769,0.0,3,0,Rent,Auto,0
705633,51,31305.13,5765.09,607,13.1,0,0,Rent,Medical,0
705634,56,60809.23,18057.61,613,0.0,4,2,Rent,Home_Improvement,0
705635,27,45315.71,4102.48,627,6.0,4,1,Own,Auto,0
705636,56,115696.19,20790.53,780,14.1,4,0,Rent,Other,0
705637,60,43355.85,11773.47,637,3.6,4,0,Own,Other,1
705638,58,32192.94,6501.21,611,2.8,0,0,Mortgage,Home_Improvement,0
705639,63,75543.83,14753.91,662,11.6,4,0,Mortgage,Home_Improvement,0
705640,39,45992.11,39819.94,597,4.1,4,1,Mortgage,Home_Improvement,1
705641,27,49292.21,20699.28,581,7.4,4,0,Mortgage,Home_Improvement,1
705642,32,52794.82,21043.92,714,5.2,3,1,Mortgage,Debt_Consolidation,1
705643,58,42421.88,4145.09,714,0.0,4,2,Mortgage,Home_Improvement,0
705644,45,48583.6,22058.12,587,14.8,4,1,Rent,Debt_Consolidation,1
705645,65,14000.0,1000.0,665,5.4,4,0,Own,Debt_Consolidation,0
705646,52,55989.15,9883.2,713,10.4,2,2,Rent,Debt_Consolidation,0
705647,22,73592.77,17937.19,506,5.9,0,3,Mortgage,Home_Improvement,1
705648,55,102426.25,36665.29,484,10.9,1,3,Rent,Auto,1
705649,22,60009.72,8569.69,687,7.7,0,0,Own,Home_Improvement,0
705650,41,78013.0,20776.19,521,5.9,2,0,Mortgage,Medical,1
705651,52,41505.6,12946.61,678,6.0,3,2,Mortgage,Debt_Consolidation,0
705652,48,92974.7,1000.0,699,5.0,4,2,Own,Medical,0
705653,38,111432.38,21788.12,638,0.0,2,1,Mortgage,Auto,0
705654,50,66553.68,39326.71,593,12.6,4,1,Mortgage,Home_Improvement,1
705655,53,50689.11,23346.94,734,11.5,3,0,Mortgage,Other,1
705656,47,59959.55,7893.62,777,2.1,1,2,Rent,Auto,0
705657,35,95288.34,14718.61,539,9.6,2,1,Rent,Medical,0
705658,53,29527.41,20894.5,684,6.7,3,2,Own,Auto,1
705659,54,88962.16,5855.55,748,10.1,2,1,Mortgage,Debt_Consolidation,0
705660,34,35449.08,17483.38,704,5.0,3,0,Rent,Auto,0
705661,56,39412.43,9651.09,594,7.5,1,2,Mortgage,Other,0
705662,31,65227.49,15761.77,591,0.0,3,0,Mortgage,Medical,0
705663,64,74092.39,11548.28,487,4.7,3,0,Mortgage,Debt_Consolidation,0
705664,33,81689.99,16344.66,659,9.7,3,3,Mortgage,Debt_Consolidation,0
705665,48,92536.88,19392.54,559,9.3,2,2,Mortgage,Debt_Consolidation,0
705666,56,32297.2,8699.55,694,11.0,2,1,Rent,Auto,0
705667,27,60703.04,30991.78,694,9.9,3,2,Rent,Home_Improvement,1
705668,64,77157.54,5417.96,644,13.7,2,3,Mortgage,Home_Improvement,0
705669,37,65425.0,20780.12,672,12.9,1,1,Mortgage,Home_Improvement,0
705670,35,85564.61,35172.96,759,13.0,1,1,Mortgage,Debt_Consolidation,0
705671,47,59922.42,30320.14,628,12.1,2,1,Own,Debt_Consolidation,1
705672,50,52049.37,14310.3,827,8.2,3,0,Mortgage,Auto,0
705673,61,14000.0,20962.26,705,10.4,3,1,Rent,Auto,1
705674,47,14764.6,7218.97,561,7.2,3,1,Own,Other,1
705675,41,77564.99,19850.68,551,4.9,1,1,Rent,Other,1
705676,60,31940.22,6433.14,733,0.7,2,2,Rent,Medical,0
705677,23,66222.19,27544.79,686,19.5,2,1,Own,Debt_Consolidation,0
705678,21,74296.92,19466.99,481,4.1,1,0,Rent,Auto,0
705679,40,56187.1,9607.51,679,3.4,1,1,Rent,Auto,0
705680,48,82783.98,23634.15,814,6.1,0,1,Mortgage,Home_Improvement,0
705681,51,43729.51,10401.86,679,6.3,2,1,Rent,Auto,0
705682,60,72851.81,18255.49,556,7.7,1,0,Own,Debt_Consolidation,0
705683,32,55991.63,8009.68,725,5.6,3,3,Mortgage,Home_Improvement,0
705684,64,23901.86,10229.44,738,1.1,2,0,Mortgage,Medical,0
705685,44,14000.0,24706.6,582,9.7,0,3,Rent,Medical,1
705686,39,54339.09,34776.76,696,18.2,2,1,Rent,Debt_Consolidation,0
705687,51,97233.31,32648.93,509,3.8,0,2,Rent,Debt_Consolidation,1
705688,42,86286.65,26646.01,820,6.7,4,0,Mortgage,Debt_Consolidation,0
705689,60,70069.55,17934.51,676,9.4,0,2,Mortgage,Debt_Consolidation,0
705690,58,77651.14,24591.39,488,0.0,4,2,Own,Home_Improvement,0
705691,64,80117.72,15090.33,599,2.6,3,1,Mortgage,Auto,0
705692,63,53072.59,15325.48,592,6.1,4,3,Mortgage,Debt_Consolidation,0
705693,59,89778.63,13889.77,540,7.2,4,1,Own,Other,0
705694,31,65051.85,25300.72,759,0.0,2,1,Own,Debt_Consolidation,0
705695,53,46834.11,19192.37,713,2.3,3,3,Own,Home_Improvement,0
705696,60,150001.34,2701.91,683,2.0,0,2,Rent,Home_Improvement,0
705697,27,74615.39,19052.58,739,4.2,1,0,Rent,Home_Improvement,0
705698,26,56044.32,28501.35,575,1.5,0,3,Mortgage,Debt_Consolidation,1
705699,56,77005.36,21490.14,600,10.2,4,1,Own,Other,0
705700,23,30193.28,10048.04,736,0.0,1,1,Rent,Auto,0
705701,56,29954.6,16411.97,710,1.6,1,2,Rent,Auto,0
705702,22,104239.72,16150.74,672,2.2,0,1,Rent,Debt_Consolidation,0
705703,62,73619.58,24982.29,628,11.5,4,3,Rent,Debt_Consolidation,1
705704,24,33282.5,21900.47,673,8.9,2,0,Rent,Home_Improvement,1
705705,22,20369.38,13429.04,582,4.3,2,1,Own,Medical,1
705706,25,56199.6,25011.78,536,4.5,4,0,Mortgage,Debt_Consolidation,1
705707,57,33886.41,1000.0,492,4.9,2,2,Rent,Auto,1
705708,31,89895.84,1000.0,698,7.2,1,3,Mortgage,Debt_Consolidation,0
705709,57,14000.0,23405.55,771,4.0,0,0,Own,Home_Improvement,1
705710,33,87464.54,1000.0,614,16.4,1,2,Mortgage,Debt_Consolidation,0
705711,54,34179.45,30989.27,736,18.0,4,3,Rent,Other,1
705712,64,28619.28,18723.94,657,9.4,1,1,Own,Home_Improvement,1
705713,30,59226.18,17364.94,579,14.5,1,1,Mortgage,Auto,0
705714,57,28093.78,28204.72,735,0.1,0,2,Rent,Other,1
705715,31,44230.83,35779.28,619,8.8,3,3,Mortgage,Home_Improvement,1
705716,25,44827.85,16887.57,614,3.6,4,3,Rent,Other,0
705717,49,14000.0,20486.02,648,18.4,1,2,Own,Debt_Consolidation,1
705718,29,29746.51,6737.85,614,7.5,3,3,Mortgage,Other,0
705719,25,66076.61,3808.82,519,11.7,3,2,Own,Auto,0
705720,52,14000.0,3509.64,578,14.6,4,0,Own,Auto,0
705721,35,25381.02,29285.04,568,0.0,0,1,Rent,Home_Improvement,1
705722,48,35941.66,12223.52,668,11.5,1,1,Rent,Auto,0
705723,57,79674.59,31469.43,710,10.7,2,0,Mortgage,Debt_Consolidation,0
705724,41,79687.2,4887.01,782,10.5,4,0,Mortgage,Home_Improvement,0
705725,57,93289.22,7406.8,687,13.1,2,3,Mortgage,Other,0
705726,40,34784.0,17651.73,521,8.7,4,1,Mortgage,Debt_Consolidation,1
705727,58,77187.53,25992.05,536,2.9,0,2,Rent,Debt_Consolidation,0
705728,54,63371.35,7118.98,640,5.7,0,1,Mortgage,Debt_Consolidation,0
705729,54,26720.79,11038.98,771,0.0,3,2,Own,Home_Improvement,0
705730,43,70132.35,8782.06,590,0.1,0,2,Rent,Debt_Consolidation,0
705731,56,57486.13,33903.9,662,0.0,4,0,Mortgage,Auto,1
705732,53,41818.02,19822.67,596,4.8,4,0,Rent,Home_Improvement,1
705733,21,31808.23,20392.06,681,1.7,1,1,Rent,Other,1
705734,21,19051.28,8854.18,615,0.0,0,3,Mortgage,Debt_Consolidation,1
705735,53,69583.15,14286.83,711,1.3,4,3,Mortgage,Debt_Consolidation,0
705736,25,68220.73,8170.89,645,5.2,4,0,Mortgage,Debt_Consolidation,0
705737,49,50735.95,38213.86,723,10.1,0,2,Mortgage,Debt_Consolidation,1
705738,29,48457.27,14217.25,579,11.3,2,3,Mortgage,Auto,0
705739,64,43300.19,1000.0,703,6.7,1,3,Mortgage,Home_Improvement,0
705740,47,75807.57,3452.43,672,4.7,3,1,Mortgage,Home_Improvement,0
705741,31,62274.87,1000.0,693,13.9,0,0,Mortgage,Auto,0
705742,47,14982.37,2251.22,628,8.6,1,3,Mortgage,Medical,0
705743,33,59657.61,1000.0,711,8.8,0,2,Rent,Debt_Consolidation,0
705744,60,68875.79,26579.45,687,8.2,1,0,Mortgage,Debt_Consolidation,0
705745,60,43220.25,12475.47,644,6.8,2,0,Mortgage,Auto,0
705746,60,46245.18,3019.73,731,2.2,1,2,Own,Debt_Consolidation,0
705747,55,43479.42,35446.14,599,9.8,3,1,Mortgage,Auto,1
705748,57,72732.71,10709.25,801,0.0,3,0,Rent,Home_Improvement,1
705749,46,47980.84,32654.98,507,13.2,0,2,Own,Auto,1
705750,35,56912.99,12966.78,664,15.2,3,2,Rent,Auto,0
705751,24,59667.79,15960.06,723,10.4,2,2,Rent,Auto,0
705752,23,94618.82,21663.24,634,14.1,1,3,Mortgage,Auto,0
705753,50,21586.11,31523.43,706,2.5,0,0,Mortgage,Debt_Consolidation,1
705754,60,113465.0,15625.6,616,3.0,3,2,Own,Auto,0
705755,49,28749.25,31574.02,723,9.7,1,0,Mortgage,Medical,1
705756,62,52394.32,7350.53,733,7.5,1,0,Rent,Home_Improvement,0
705757,27,38255.81,37722.72,531,12.6,1,3,Mortgage,Home_Improvement,1
705758,22,60816.44,19661.19,498,0.5,1,0,Mortgage,Debt_Consolidation,1
705759,60,70882.5,17193.53,653,10.3,2,1,Own,Debt_Consolidation,0
705760,21,113585.49,14003.43,542,4.7,0,0,Mortgage,Auto,0
705761,63,86319.17,18597.31,668,6.2,3,2,Rent,Debt_Consolidation,0
705762,29,41469.54,21889.34,701,4.4,3,1,Own,Debt_Consolidation,0
705763,32,63021.46,18138.15,511,5.6,0,2,Own,Auto,1
705764,37,60638.31,2024.29,667,9.1,3,1,Own,Home_Improvement,0
705765,48,41820.67,35271.25,617,12.5,0,0,Mortgage,Other,1
705766,52,71994.08,9615.32,688,3.5,1,1,Own,Auto,0
705767,39,64216.15,7181.01,567,8.1,2,2,Own,Auto,0
705768,41,47155.64,5956.6,680,2.9,0,1,Own,Other,0
705769,59,41284.96,22935.97,633,7.6,2,1,Mortgage,Auto,1
705770,50,74833.13,7987.73,478,4.1,3,2,Mortgage,Debt_Consolidation,0
705771,57,55041.99,13033.38,574,14.3,3,2,Own,Debt_Consolidation,1
705772,57,86456.17,31389.03,743,2.6,4,2,Own,Home_Improvement,0
705773,31,78568.83,24642.92,672,3.6,2,3,Rent,Other,1
705774,28,28824.72,15728.33,692,12.8,4,2,Own,Auto,0
705775,49,14000.0,5712.74,700,8.9,4,1,Mortgage,Other,0
705776,34,58877.07,15061.87,629,5.1,1,1,Rent,Debt_Consolidation,0
705777,44,41608.93,20820.88,532,1.5,0,3,Mortgage,Auto,1
705778,64,32940.93,5952.78,695,13.2,3,3,Own,Other,0
705779,55,40481.67,8526.48,558,1.2,2,2,Mortgage,Home_Improvement,0
705780,45,92553.65,21704.78,486,13.7,3,3,Mortgage,Home_Improvement,0
705781,49,52539.48,12891.56,663,17.3,3,1,Mortgage,Auto,0
705782,43,103441.77,30169.06,732,12.7,0,2,Own,Auto,0
705783,53,76598.87,2528.14,646,4.3,2,1,Mortgage,Debt_Consolidation,0
705784,45,16151.08,10455.22,564,7.8,1,0,Own,Medical,1
705785,29,68579.12,7798.06,468,0.4,2,1,Mortgage,Debt_Consolidation,0
705786,45,93678.94,18806.75,686,4.1,4,1,Own,Auto,0
705787,44,15142.89,8995.31,754,4.5,4,2,Own,Medical,1
705788,53,27431.73,25306.18,589,4.3,4,0,Own,Debt_Consolidation,1
705789,56,55289.25,34382.37,675,9.3,3,3,Rent,Other,1
705790,60,44726.51,15508.18,527,11.0,2,2,Own,Debt_Consolidation,0
705791,63,98638.89,20245.92,568,10.9,0,0,Own,Auto,0
705792,49,37239.45,10426.01,688,0.0,2,0,Own,Debt_Consolidation,0
705793,58,98898.99,27043.48,668,22.0,3,1,Mortgage,Other,0
705794,49,24301.52,7648.32,575,3.9,1,2,Mortgage,Debt_Consolidation,0
705795,28,37377.36,14568.19,565,10.6,3,3,Rent,Auto,1
705796,47,65949.9,20434.31,652,8.4,4,1,Own,Auto,0
705797,39,70479.91,6001.52,651,9.9,4,2,Own,Debt_Consolidation,0
705798,31,61690.6,22949.69,617,10.9,3,1,Own,Home_Improvement,1
705799,21,96773.64,13947.43,643,0.0,2,1,Mortgage,Other,0
705800,55,101803.09,19194.51,742,3.4,0,2,Rent,Home_Improvement,0
705801,29,105550.53,12325.18,605,9.9,1,2,Own,Medical,0
705802,29,55856.12,3706.69,765,2.3,0,2,Rent,Debt_Consolidation,0
705803,22,79279.36,22572.94,672,5.4,4,0,Mortgage,Auto,0
705804,32,51657.17,17754.99,695,4.8,0,1,Mortgage,Debt_Consolidation,1
705805,52,92712.05,17508.96,514,2.9,1,1,Mortgage,Debt_Consolidation,0
705806,36,14000.0,12287.86,577,9.0,0,3,Own,Home_Improvement,1
705807,33,42613.64,21287.75,630,2.4,3,0,Mortgage,Auto,0
705808,44,53124.99,11722.05,561,5.5,2,3,Mortgage,Debt_Consolidation,0
705809,49,46551.99,17685.83,731,13.4,0,0,Rent,Debt_Consolidation,0
705810,57,96648.49,31957.14,732,6.5,0,2,Rent,Debt_Consolidation,0
705811,28,24827.38,12308.22,736,17.5,2,3,Rent,Debt_Consolidation,0
705812,37,38626.09,20337.7,617,0.0,1,0,Rent,Medical,0
705813,23,29384.32,11847.46,520,13.7,1,1,Mortgage,Debt_Consolidation,1
705814,48,57331.46,19033.52,429,3.7,0,1,Rent,Other,1
705815,56,36444.46,13796.1,697,5.6,0,1,Rent,Auto,0
705816,40,81057.86,23655.63,584,7.9,1,1,Own,Home_Improvement,1
705817,38,79847.96,9992.94,482,2.3,2,3,Rent,Auto,0
705818,41,14000.0,12353.6,602,10.6,0,1,Rent,Debt_Consolidation,0
705819,32,14000.0,31883.73,783,3.1,0,2,Rent,Medical,1
705820,64,78034.05,17770.68,629,10.4,3,1,Mortgage,Auto,0
705821,65,67748.78,33502.25,613,5.8,3,3,Mortgage,Home_Improvement,0
705822,50,19918.72,14206.88,713,0.0,4,0,Own,Home_Improvement,1
705823,25,57455.2,5269.4,655,6.4,4,1,Mortgage,Debt_Consolidation,0
705824,21,28430.37,15447.85,609,5.5,0,2,Rent,Debt_Consolidation,1
705825,29,77639.06,19947.14,696,9.2,0,1,Mortgage,Debt_Consolidation,0
705826,59,26473.99,13910.15,511,5.0,3,0,Rent,Debt_Consolidation,1
705827,56,43356.23,2188.67,435,9.1,2,3,Own,Home_Improvement,0
705828,43,69702.23,1000.0,549,0.0,2,2,Own,Home_Improvement,1
705829,41,59449.69,33412.03,779,8.4,4,3,Rent,Other,0
705830,64,83614.63,7896.37,729,6.0,2,0,Rent,Auto,0
705831,27,68333.37,20608.46,472,11.8,2,0,Own,Medical,1
705832,26,22179.7,25219.29,720,6.4,0,2,Rent,Other,1
705833,53,63966.49,24575.29,494,0.0,1,3,Rent,Home_Improvement,1
705834,64,31065.39,1000.0,653,16.4,2,0,Own,Other,0
705835,39,93120.78,1000.0,701,11.8,0,1,Mortgage,Auto,0
705836,50,96308.59,2372.53,565,3.1,1,3,Mortgage,Other,0
705837,23,85636.24,21375.4,672,9.1,2,1,Mortgage,Auto,0
705838,48,111226.47,10528.52,496,0.0,1,3,Mortgage,Medical,0
705839,57,77556.04,2738.22,784,3.1,3,1,Mortgage,Debt_Consolidation,0
705840,43,93830.4,21382.17,829,5.5,0,3,Mortgage,Debt_Consolidation,0
705841,35,81043.09,22970.31,716,7.4,0,1,Own,Medical,0
705842,64,79632.34,15885.92,542,0.0,0,2,Mortgage,Home_Improvement,0
705843,55,79213.32,1954.88,605,5.3,4,1,Own,Debt_Consolidation,0
705844,58,65359.76,18688.63,589,9.0,2,0,Rent,Medical,1
705845,55,101756.56,6621.44,638,10.3,4,2,Own,Debt_Consolidation,0
705846,44,32015.76,13928.81,685,6.7,2,0,Own,Other,0
705847,38,20462.23,18064.99,618,5.3,0,2,Mortgage,Debt_Consolidation,1
705848,37,39688.66,17458.54,725,6.1,3,1,Mortgage,Debt_Consolidation,1
705849,27,96508.05,13231.17,850,4.6,2,0,Own,Auto,0
705850,38,51785.24,14621.83,807,1.7,3,1,Own,Home_Improvement,0
705851,52,38592.7,21969.28,726,6.6,1,2,Own,Debt_Consolidation,1
705852,42,37817.87,16713.92,571,11.9,3,0,Mortgage,Other,1
705853,60,69362.64,1000.0,698,2.7,2,2,Own,Medical,0
705854,29,56847.77,7680.74,498,12.8,3,3,Rent,Auto,1
705855,38,87095.29,15570.24,595,14.7,1,0,Rent,Other,0
705856,31,50379.87,25801.09,850,3.3,1,1,Mortgage,Other,0
705857,23,80150.66,10441.95,759,2.6,0,3,Own,Home_Improvement,0
705858,50,37369.92,9549.15,781,10.2,2,1,Mortgage,Debt_Consolidation,0
705859,46,71200.72,19988.16,549,9.4,3,3,Own,Other,0
705860,55,131473.47,4848.73,599,13.1,2,2,Mortgage,Debt_Consolidation,0
705861,60,53464.38,21852.93,597,5.6,4,3,Rent,Debt_Consolidation,1
705862,61,55216.72,9279.74,703,14.1,4,1,Mortgage,Other,0
705863,24,81706.56,17429.44,649,3.5,3,2,Own,Auto,0
705864,28,34460.63,18933.24,627,8.4,0,1,Rent,Auto,0
705865,37,47230.76,19556.54,581,8.7,2,1,Rent,Debt_Consolidation,1
705866,34,45169.85,26584.59,556,6.6,3,2,Own,Other,1
705867,30,64429.39,13450.09,715,0.0,0,1,Rent,Other,0
705868,29,25272.11,8072.28,539,7.6,2,2,Own,Debt_Consolidation,0
705869,37,92770.25,15850.66,591,10.5,3,3,Own,Medical,0
705870,49,61604.1,36801.54,733,8.0,3,3,Rent,Home_Improvement,0
705871,64,62771.66,26420.3,710,8.8,1,1,Own,Medical,0
705872,34,54403.2,6122.42,655,16.0,0,1,Mortgage,Debt_Consolidation,1
705873,63,57526.32,3474.81,744,6.3,0,2,Mortgage,Auto,0
705874,35,14000.0,13916.85,514,11.5,0,1,Mortgage,Debt_Consolidation,1
705875,25,89067.32,1463.54,707,2.5,1,3,Mortgage,Home_Improvement,0
705876,24,37158.79,2896.22,682,5.3,1,2,Mortgage,Home_Improvement,0
705877,45,78228.51,26819.11,787,0.0,0,0,Rent,Debt_Consolidation,1
705878,55,54692.51,26249.65,640,13.3,1,2,Mortgage,Home_Improvement,1
705879,47,53350.5,25241.38,538,4.3,2,1,Mortgage,Other,1
705880,62,70396.26,32078.54,675,1.8,3,0,Mortgage,Debt_Consolidation,0
705881,56,98910.04,1000.0,514,9.9,2,1,Own,Debt_Consolidation,0
705882,27,56118.25,17375.5,593,1.0,4,1,Rent,Home_Improvement,0
705883,48,44472.08,9505.72,558,3.0,1,3,Mortgage,Debt_Consolidation,0
705884,43,69687.68,26112.65,742,6.2,1,3,Rent,Home_Improvement,0
705885,47,14000.0,5995.3,713,7.5,0,2,Mortgage,Debt_Consolidation,0
705886,56,37668.0,20175.6,551,11.3,3,3,Mortgage,Medical,1
705887,64,34506.21,24441.92,659,3.1,1,0,Own,Home_Improvement,0
705888,60,49606.34,25735.39,619,5.9,2,3,Mortgage,Debt_Consolidation,1
705889,59,25380.89,31796.66,546,8.0,0,2,Mortgage,Debt_Consolidation,1
705890,36,78666.74,30928.44,727,4.0,4,2,Mortgage,Other,0
705891,58,50879.99,17213.35,651,4.5,2,0,Mortgage,Debt_Consolidation,1
705892,23,61654.6,1000.0,792,15.8,4,1,Mortgage,Medical,0
705893,46,58664.64,20166.15,671,9.0,3,1,Rent,Other,0
705894,55,50738.0,30943.52,632,8.7,0,3,Mortgage,Home_Improvement,1
705895,33,42546.12,27748.22,607,15.5,1,0,Mortgage,Auto,1
705896,52,89386.17,1000.0,545,9.6,2,3,Rent,Debt_Consolidation,0
705897,65,78269.64,6656.46,576,13.0,1,0,Rent,Debt_Consolidation,0
705898,38,94299.56,22348.98,588,5.2,0,0,Rent,Debt_Consolidation,0
705899,60,54464.93,21568.6,661,12.5,1,0,Own,Debt_Consolidation,0
705900,65,65004.07,17057.41,702,10.6,0,0,Own,Home_Improvement,0
705901,63,66951.97,17321.6,695,0.2,3,3,Mortgage,Debt_Consolidation,0
705902,53,50409.73,8191.24,570,11.7,3,1,Mortgage,Other,0
705903,22,57419.33,21170.85,682,15.6,3,1,Rent,Debt_Consolidation,0
705904,46,19327.75,33647.18,705,4.7,1,1,Rent,Home_Improvement,1
705905,50,29682.85,16888.21,850,6.9,4,0,Mortgage,Home_Improvement,0
705906,47,36140.59,1000.0,715,13.6,1,3,Mortgage,Auto,0
705907,41,30804.16,9212.39,548,0.0,4,2,Own,Debt_Consolidation,0
705908,24,68716.47,21249.46,585,7.5,2,2,Rent,Other,1
705909,31,67056.85,21562.16,577,2.0,4,0,Mortgage,Debt_Consolidation,1
705910,64,68104.13,8516.47,747,5.1,0,1,Own,Other,0
705911,44,52033.33,7523.93,591,8.2,1,0,Mortgage,Medical,0
705912,65,82625.52,17823.98,772,12.1,2,3,Rent,Home_Improvement,0
705913,24,80375.76,18841.93,555,2.1,3,2,Rent,Other,0
705914,28,72042.32,17650.24,659,6.4,4,0,Own,Debt_Consolidation,0
705915,51,50253.89,15947.99,716,0.3,4,3,Mortgage,Home_Improvement,0
705916,55,95455.13,15813.64,667,7.3,1,3,Mortgage,Auto,0
705917,51,29684.09,9045.41,776,13.5,0,2,Own,Home_Improvement,0
705918,47,19005.84,1000.0,655,4.5,0,1,Rent,Home_Improvement,0
705919,25,26927.16,3630.32,705,6.6,3,1,Rent,Medical,0
705920,38,87294.63,12123.92,717,10.5,3,0,Own,Debt_Consolidation,0
705921,50,60575.9,23651.12,794,14.4,2,0,Mortgage,Other,0
705922,47,44108.27,7096.03,581,13.0,0,3,Own,Other,0
705923,44,14000.0,36444.08,519,9.3,1,3,Mortgage,Home_Improvement,1
705924,26,52830.47,14493.66,675,0.0,4,3,Mortgage,Home_Improvement,0
705925,37,34385.39,8103.16,621,4.5,1,3,Own,Other,0
705926,36,14000.0,23519.93,636,10.4,0,2,Mortgage,Other,1
705927,21,84486.4,28070.96,668,5.1,2,2,Mortgage,Medical,0
705928,36,59048.6,30917.51,656,4.9,2,0,Rent,Debt_Consolidation,0
705929,38,91695.02,24653.63,571,8.0,2,1,Mortgage,Auto,0
705930,51,57868.74,21683.35,667,14.9,1,2,Own,Auto,0
705931,52,71797.77,12682.34,690,13.0,3,0,Rent,Medical,0
705932,44,41671.93,17954.58,685,7.5,4,2,Rent,Debt_Consolidation,1
705933,29,73320.67,19229.47,480,1.2,3,2,Mortgage,Debt_Consolidation,1
705934,22,48619.02,9143.97,673,1.3,3,1,Rent,Other,0
705935,35,72968.11,20517.32,511,11.4,0,1,Mortgage,Debt_Consolidation,1
705936,33,63443.74,1000.0,692,13.0,1,0,Rent,Auto,0
705937,52,31981.9,9347.77,554,3.3,3,3,Rent,Home_Improvement,0
705938,38,58890.0,11542.95,592,5.4,4,1,Mortgage,Debt_Consolidation,1
705939,65,62392.12,16601.18,785,0.0,0,2,Own,Debt_Consolidation,0
705940,37,41533.44,20576.2,693,0.8,1,1,Mortgage,Auto,1
705941,29,55646.62,19811.49,691,7.7,3,0,Rent,Auto,0
705942,56,80749.33,19030.1,686,6.9,0,3,Own,Other,0
705943,48,88095.52,1626.03,630,13.8,0,2,Mortgage,Debt_Consolidation,0
705944,58,59954.15,37702.82,761,6.3,2,1,Rent,Other,1
705945,27,14000.0,11111.9,627,0.0,3,2,Rent,Debt_Consolidation,1
705946,63,76491.3,28275.47,627,4.9,0,1,Rent,Debt_Consolidation,0
705947,33,102666.43,18638.11,740,2.4,3,0,Rent,Debt_Consolidation,0
705948,63,52846.16,17541.11,605,5.3,0,2,Own,Other,0
705949,23,37819.39,13519.34,677,9.4,2,2,Own,Medical,0
705950,42,65755.96,15428.43,723,4.4,2,1,Own,Home_Improvement,0
705951,50,63556.34,1000.0,593,9.0,0,3,Mortgage,Debt_Consolidation,0
705952,46,79703.46,12368.54,802,0.0,4,2,Own,Medical,0
705953,44,43388.8,37893.27,741,11.4,1,0,Mortgage,Debt_Consolidation,1
705954,48,100506.29,22791.63,665,2.0,1,3,Rent,Auto,0
705955,22,80514.82,10165.59,740,10.8,4,1,Mortgage,Other,0
705956,43,34148.66,11910.85,626,8.4,2,3,Rent,Home_Improvement,0
705957,52,83463.57,11139.13,455,0.3,1,1,Rent,Auto,0
705958,22,55457.2,14160.1,682,0.7,4,3,Mortgage,Home_Improvement,0
705959,29,75223.93,28969.09,702,4.4,2,2,Own,Debt_Consolidation,0
705960,25,67325.94,20904.75,734,3.5,1,0,Mortgage,Home_Improvement,0
705961,44,59851.02,10565.45,673,2.0,1,1,Rent,Other,1
705962,56,66168.31,1000.0,658,3.7,4,3,Own,Debt_Consolidation,0
705963,39,48412.92,32554.39,698,0.3,1,0,Rent,Auto,1
705964,54,40879.35,27105.89,644,0.5,3,0,Own,Debt_Consolidation,1
705965,51,52910.83,15555.28,604,4.0,3,1,Mortgage,Debt_Consolidation,1
705966,34,51735.96,19609.87,728,10.5,4,0,Mortgage,Debt_Consolidation,0
705967,59,67980.19,11991.93,705,5.1,2,0,Rent,Debt_Consolidation,0
705968,29,63088.76,9295.39,735,12.9,0,0,Own,Home_Improvement,0
705969,41,19614.42,40423.49,667,7.5,0,1,Rent,Debt_Consolidation,1
705970,46,78652.61,1000.0,724,2.5,2,2,Own,Auto,0
705971,32,57503.06,12997.4,634,8.1,4,0,Mortgage,Debt_Consolidation,0
705972,59,79150.48,20203.69,444,0.0,2,2,Own,Other,1
705973,25,74923.49,21279.82,591,0.3,2,3,Own,Medical,1
705974,23,65111.17,16400.24,710,0.0,3,2,Mortgage,Home_Improvement,0
705975,37,72184.69,13500.58,738,13.1,0,3,Own,Debt_Consolidation,0
705976,50,24151.68,19216.08,560,11.6,3,2,Mortgage,Other,1
705977,59,95846.47,5085.78,701,5.7,1,3,Mortgage,Home_Improvement,0
705978,31,105118.42,5031.69,553,10.6,4,1,Mortgage,Home_Improvement,1
705979,35,73913.31,21956.52,684,1.9,4,3,Own,Debt_Consolidation,0
705980,32,46284.96,8329.62,829,6.6,1,1,Mortgage,Medical,0
705981,34,75366.84,23025.12,699,12.3,0,3,Mortgage,Auto,0
705982,40,50576.93,27288.4,698,14.5,3,1,Own,Other,1
705983,45,97797.91,30158.0,752,11.5,2,3,Mortgage,Home_Improvement,0
705984,28,48185.75,27621.13,693,4.7,1,1,Mortgage,Debt_Consolidation,0
705985,31,30869.15,5788.76,645,0.8,3,0,Mortgage,Home_Improvement,0
705986,54,38921.99,16670.02,619,0.2,3,2,Mortgage,Debt_Consolidation,0
705987,50,40948.15,15901.15,588,0.0,4,1,Own,Home_Improvement,1
705988,25,76065.11,26592.87,562,10.2,1,3,Rent,Debt_Consolidation,1
705989,47,57690.57,13156.67,627,9.2,3,3,Own,Other,0
705990,43,65441.83,29494.2,621,12.1,3,1,Rent,Debt_Consolidation,1
705991,65,50644.83,17682.05,817,5.5,2,0,Mortgage,Other,0
705992,51,90416.93,29408.65,656,17.3,1,2,Mortgage,Other,0
705993,62,59196.13,17340.97,627,13.4,3,0,Rent,Debt_Consolidation,0
705994,58,64145.98,17221.91,839,0.9,0,3,Rent,Home_Improvement,0
705995,64,96620.98,5474.67,638,9.1,2,0,Mortgage,Auto,0
705996,45,66052.78,12300.22,633,10.6,1,1,Rent,Auto,0
705997,52,46376.89,31807.96,674,4.4,1,0,Own,Home_Improvement,1
705998,26,53040.3,31315.48,679,4.0,2,2,Mortgage,Debt_Consolidation,1
705999,53,86216.87,1000.0,613,0.0,4,2,Own,Debt_Consolidation,0
706000,57,68061.26,39652.9,601,5.8,3,1,Mortgage,Home_Improvement,1
