Customer_ID,Annual_Income,Monthly_Income,Income_Growth_Rate_Pct,Disposable_Income,Total_Debt,Credit_Card_Debt,Debt_to_Income_Ratio,Number_of_Credit_Lines,Payment_History_Score,Late_Payments_Count,Avg_Days_Late,On_Time_Payment_Pct,Credit_Utilization_Pct,Total_Credit_Limit,Available_Credit,Oldest_Account_Age_Years,Avg_Account_Age_Years,Employment_Tenure_Years
900001,106703.48,8958.29,5.26,32315.51,2991.99,4043.96,24.4,6,818.03,1,1.53,100.0,39.29,15114.83,9831.65,7.15,4.14,11.25
900002,15000.0,1254.08,-1.66,4218.79,82130.77,14523.58,60.4,5,663.72,5,9.75,89.8,71.56,24136.98,11148.08,17.04,7.16,6.19
900003,52365.22,4410.98,-1.27,17028.29,25380.41,5706.69,33.24,5,707.49,4,5.82,89.6,46.49,18404.69,7830.44,10.94,4.51,3.52
900004,100525.72,8382.98,4.41,27801.46,13362.41,8802.24,26.26,6,414.6,7,10.38,63.35,53.32,17288.51,11954.78,8.67,6.6,7.96
900005,34870.62,2913.93,1.6,9437.39,64450.7,9495.7,41.79,7,605.93,4,10.98,89.62,49.09,20631.38,3386.16,14.84,10.31,8.67
900006,64853.19,5457.03,4.35,19121.69,43139.49,5257.94,32.59,7,733.6,4,1.64,95.17,39.7,18013.33,16212.13,16.68,8.8,8.67
900007,89198.13,7389.86,0.25,20306.09,4557.21,6021.3,21.87,7,596.71,9,10.1,78.72,35.05,23493.53,14917.69,11.55,6.92,6.74
900008,39205.65,3273.23,4.29,7821.49,70775.43,10139.85,49.7,7,525.52,8,5.34,77.68,63.55,19608.35,10078.47,17.1,7.83,9.44
900009,94117.2,7906.09,8.25,15490.33,23825.1,3070.62,17.92,5,703.57,4,5.22,86.79,42.35,21287.44,7656.31,5.98,2.59,6.52
900010,112359.24,9245.65,6.69,26700.52,0.0,2961.76,16.48,8,739.76,0,5.89,100.0,10.36,29842.56,18018.88,15.0,8.2,11.08
900011,89200.3,7541.15,3.68,15839.26,23093.77,5141.12,28.99,6,749.13,0,0.0,100.0,26.17,27431.6,21192.57,21.77,9.18,13.11
900012,105384.66,8772.67,7.46,21461.36,19585.21,5117.36,23.61,9,722.05,1,12.45,91.18,19.99,28840.12,15029.67,18.85,8.56,9.51
900013,57070.62,4742.15,2.55,12442.59,32920.96,5618.04,30.14,3,610.55,1,4.92,88.96,43.85,14838.09,4992.4,8.38,4.45,9.46
900014,47127.8,3902.9,2.14,9947.22,31172.37,9385.6,38.55,3,510.46,10,10.77,65.84,79.31,19601.5,0.0,4.41,2.3,2.77
900015,85754.54,7166.95,6.46,21021.58,22463.75,4329.58,16.24,4,808.84,0,0.0,100.0,28.4,13240.04,11453.1,5.65,3.15,2.61
900016,44819.06,3765.47,0.84,3712.12,52436.36,11271.55,39.87,3,484.02,6,9.84,71.77,75.2,9703.16,1184.08,10.52,5.65,7.44
900017,93657.85,7700.93,7.17,23431.2,17356.05,4280.35,28.17,4,507.46,8,15.49,77.61,51.31,9918.96,8535.57,9.19,6.34,6.57
900018,80567.85,6667.5,3.02,15499.97,29809.44,6611.14,35.14,7,622.17,8,4.25,84.93,47.93,22834.5,17048.57,14.37,7.12,8.32
900019,39396.67,3329.75,0.88,8172.15,55176.33,8487.34,39.33,1,663.87,1,0.0,96.29,50.03,8199.66,0.0,0.52,1.64,3.24
900020,97540.89,8260.58,1.0,20246.41,13567.88,2525.72,20.77,6,609.56,9,2.01,84.18,46.44,26575.22,14010.85,7.82,8.85,7.15
900021,81688.71,6749.67,3.87,21457.41,11985.85,6021.14,33.7,4,645.88,6,8.11,86.75,38.5,18621.16,10025.05,8.15,3.5,8.5
900022,54902.04,4530.09,5.02,5973.77,55153.29,9444.35,40.48,5,362.96,11,14.37,71.04,66.9,7648.26,5278.15,7.36,4.28,7.74
900023,52852.52,4334.48,1.28,10588.32,43861.85,6182.1,34.23,6,655.26,1,9.26,85.93,46.57,18024.09,11661.37,14.39,5.27,7.23
900024,68766.56,5745.21,5.15,10708.7,28136.65,2340.15,35.57,6,708.15,5,7.25,95.65,41.42,27200.42,16198.42,13.1,6.16,7.46
900025,32085.07,2653.16,1.37,8539.1,48076.26,7649.02,40.68,5,756.37,1,1.6,99.69,46.78,13231.06,3350.13,9.33,6.28,8.59
900026,46024.36,3871.77,3.1,3565.72,56234.81,6897.5,27.85,4,631.77,3,0.86,93.55,58.65,4475.38,2131.64,7.64,0.71,4.25
900027,84352.85,7075.89,7.84,23064.12,3338.88,4562.87,30.62,7,664.85,2,7.57,81.54,41.81,24751.82,19495.61,12.86,5.63,9.1
900028,83732.29,6993.64,8.5,22113.18,29004.39,6557.27,24.21,9,758.96,1,0.19,100.0,34.12,25233.33,14312.18,17.45,9.03,11.7
900029,96475.5,7989.22,2.63,24151.93,24199.19,3876.65,25.96,8,440.72,13,14.99,77.98,34.9,17977.71,9832.84,11.2,8.36,5.48
900030,81588.44,6716.14,7.28,17658.23,19819.22,4313.72,31.5,4,632.98,2,1.71,88.16,30.25,15383.04,5940.06,2.2,4.37,5.63
900031,101037.5,8288.26,7.22,30121.53,10147.97,911.27,20.82,8,747.51,1,0.0,97.45,33.53,31193.78,26941.84,15.92,9.4,12.49
900032,47523.11,3988.59,2.21,9027.49,45615.61,5453.13,33.15,6,775.69,1,0.05,98.55,34.21,18204.36,14790.14,15.48,9.9,13.95
900033,97285.5,8221.32,5.07,18209.51,12878.34,2525.55,31.12,7,757.41,2,1.82,98.98,35.66,34726.01,21099.6,18.56,8.83,10.46
900034,96132.83,8047.19,5.98,25269.83,24660.22,5667.62,8.88,6,681.07,1,6.47,94.27,21.1,25504.4,17014.32,14.12,9.78,7.5
900035,85930.07,7027.63,7.77,21164.47,38044.73,2665.05,31.24,7,573.36,6,7.77,80.27,24.58,26766.7,19846.07,17.33,8.15,14.25
900036,113096.33,9521.04,7.88,28329.96,0.0,1161.57,13.81,3,642.18,4,13.54,80.82,30.2,15593.98,9756.92,6.69,3.07,1.07
900037,45248.47,3806.18,8.29,14353.73,44977.17,6552.1,32.83,5,733.68,0,9.6,100.0,34.78,20093.19,13276.3,12.04,7.89,7.16
900038,73413.06,6138.48,4.85,14663.98,19369.81,7987.03,32.42,5,605.82,4,5.64,82.14,63.86,9119.79,5775.05,6.25,2.38,5.57
900039,112266.44,9202.88,11.6,30724.35,0.0,1525.23,18.47,8,674.47,4,7.71,92.64,30.26,32492.32,20125.6,21.75,9.06,14.68
900040,92755.26,7671.96,7.34,22075.47,21048.34,3085.58,26.17,3,630.37,5,11.32,84.35,20.0,14924.83,7696.6,4.11,6.57,7.1
900041,123051.45,10344.04,6.75,20387.49,24693.63,2975.27,14.18,5,535.96,0,6.32,83.42,44.24,13498.24,13872.4,8.88,5.81,11.18
900042,53875.39,4542.31,1.41,14921.61,56105.21,6990.21,45.76,6,767.63,1,0.0,98.11,43.61,17044.73,12516.75,15.49,14.11,9.72
900043,104457.19,8672.27,8.69,26388.84,0.0,0.0,17.35,7,755.35,1,2.98,89.39,41.01,19170.58,15004.14,7.56,5.97,8.28
900044,87388.17,7242.14,9.41,21857.25,33425.89,3697.21,30.53,8,850.0,0,0.0,100.0,12.88,33239.59,23027.31,20.12,11.44,13.53
900045,111639.95,9159.65,7.77,23706.52,33123.83,4503.04,26.16,8,609.29,4,10.19,78.73,40.65,27479.71,16947.31,19.41,10.38,15.57
900046,28576.9,2377.11,1.55,5814.75,64722.66,8701.13,38.87,5,626.77,2,5.75,78.46,53.57,14660.09,4275.54,7.21,5.78,8.13
900047,81078.32,6951.05,2.25,19464.12,27082.4,6303.86,33.97,6,657.81,6,4.02,97.67,41.74,26896.36,14948.26,21.98,9.8,7.52
900048,15000.0,1258.35,-3.11,500.0,68835.17,10068.24,54.9,3,741.85,4,6.83,91.08,52.49,12661.17,0.0,8.61,4.34,4.82
900049,89359.46,7368.33,5.33,18423.37,27848.98,4101.23,27.17,6,689.01,3,8.08,89.45,22.4,20511.56,13378.02,18.92,10.23,8.16
900050,74885.18,6261.77,5.79,15007.45,49094.02,7302.54,30.54,6,646.71,8,18.55,77.08,41.18,18883.74,6311.95,10.22,5.28,4.72
900051,89662.07,7458.37,8.14,17651.02,14071.69,6744.92,34.19,5,510.86,4,8.94,80.24,41.76,12477.99,7044.82,4.94,3.12,3.92
900052,44519.15,3696.67,0.51,9336.94,37112.75,9283.16,58.9,8,530.7,6,11.68,84.9,48.26,25932.36,19656.3,19.98,11.77,13.53
900053,72140.68,6056.47,7.57,15000.41,17172.01,5193.94,32.35,3,494.35,6,5.56,85.86,44.58,500.0,0.0,0.5,0.2,0.32
900054,71196.68,5988.82,6.5,14761.18,37522.62,8227.27,34.82,8,589.66,2,10.92,96.65,46.06,30754.92,16467.26,19.59,8.46,10.19
900055,19167.7,1591.19,2.73,5644.93,59076.16,10532.09,48.31,5,567.84,7,9.24,76.36,58.03,15366.99,9209.71,9.91,7.14,2.61
900056,85398.13,7016.33,4.95,11158.13,35891.67,6520.69,33.7,4,534.72,8,15.87,73.04,62.32,5615.02,6660.6,6.92,5.19,5.2
900057,76210.23,6318.34,2.7,9444.97,26890.01,10135.4,34.38,5,537.5,8,17.15,83.61,49.69,13347.35,6014.81,9.6,5.63,8.44
900058,36270.49,2961.86,2.8,4782.34,46507.69,11389.58,40.49,6,691.81,1,0.0,93.16,52.85,24092.9,12951.02,21.06,9.6,11.47
900059,102609.73,8603.78,3.47,22941.33,3626.58,5873.69,27.36,6,703.06,5,4.72,89.02,34.23,15182.15,11854.32,12.19,6.25,7.4
900060,46307.83,3812.17,4.45,6353.42,69540.05,11759.39,37.1,8,732.76,0,5.69,100.0,43.15,33541.63,16852.93,29.21,13.09,12.46
900061,42601.82,3553.3,0.84,3886.53,69956.76,7306.14,48.59,8,627.72,6,12.87,85.98,62.18,14883.54,11583.31,15.82,9.39,10.02
900062,27453.51,2283.56,-2.29,1478.35,62836.79,10419.86,48.72,7,664.07,1,9.84,88.54,53.7,11431.43,2796.56,12.08,7.59,1.59
900063,15000.0,1254.59,2.13,7151.33,62670.54,11844.15,50.29,4,642.93,6,6.01,88.81,50.54,11321.84,4060.34,10.85,5.04,3.02
900064,81699.49,6773.08,4.12,15837.43,19306.01,2461.55,23.4,7,553.57,3,8.85,86.77,49.79,24446.49,15072.75,10.64,7.63,5.87
900065,127727.54,10845.33,6.2,33573.3,0.0,1515.54,8.67,7,666.58,3,6.53,88.51,20.56,25584.19,15642.74,13.53,4.72,7.47
900066,28241.91,2365.27,1.31,8574.43,45584.18,9072.82,33.75,3,638.04,7,11.11,79.36,56.63,12064.06,2042.98,6.4,5.78,2.17
900067,65514.69,5394.41,3.96,13414.83,34666.54,4854.96,26.51,3,669.06,5,2.72,96.02,37.54,22999.97,7442.96,14.7,8.67,9.04
900068,71997.1,5967.85,2.94,13609.14,29359.06,5568.07,35.63,4,711.99,3,5.43,91.53,43.7,18173.56,9384.32,14.73,8.2,7.63
900069,104959.47,8714.64,9.42,25526.37,0.0,2682.5,21.2,9,677.28,5,2.89,89.95,46.17,26970.78,24525.96,21.97,13.19,13.71
900070,123939.66,10213.6,9.65,30982.97,0.0,0.0,5.92,6,698.65,3,8.92,88.09,22.53,22100.03,20449.44,4.53,4.88,3.33
900071,86332.25,7245.66,5.5,16067.05,33651.57,6356.37,28.18,8,593.07,5,10.25,69.39,37.05,21622.42,19584.84,21.41,9.22,7.33
900072,57440.99,4765.46,2.15,13112.29,42865.37,7214.05,22.16,3,739.26,1,6.74,88.47,52.9,7528.0,6526.66,1.18,2.98,0.0
900073,97384.04,8127.63,8.66,20686.02,15187.32,2212.25,23.2,5,811.03,6,1.76,92.08,25.41,22652.29,14984.7,6.89,5.21,13.65
900074,89457.42,7451.05,6.44,23444.77,13330.34,4846.46,30.1,6,753.05,2,6.78,89.05,39.67,23082.63,9328.64,9.79,7.17,8.39
900075,64482.79,5422.27,4.99,10767.3,56590.64,7096.58,36.45,7,738.99,0,5.54,97.04,26.97,30114.81,14870.29,23.11,13.65,17.66
900076,69740.88,5704.53,4.44,12447.67,38350.0,9855.4,30.14,6,485.32,6,13.71,75.19,60.97,22196.93,15548.09,19.99,9.77,11.3
900077,29724.06,2496.86,-0.39,5047.54,42217.11,8689.52,32.29,5,561.98,7,6.21,79.22,67.55,5525.06,3483.68,5.28,3.91,4.31
900078,71280.38,5999.2,3.33,5920.26,27459.74,4998.14,39.14,4,603.68,7,6.41,72.54,41.56,15968.69,5857.4,5.1,5.18,0.0
900079,31436.06,2631.02,0.44,6219.59,66213.15,12364.3,37.58,5,412.8,8,10.11,83.38,70.37,5234.71,1110.82,5.39,2.97,0.0
900080,100605.96,8479.79,5.73,30365.85,9516.01,4383.23,24.92,7,783.48,1,1.46,100.0,39.66,25115.2,18437.1,8.54,6.68,9.12
900081,96835.05,7959.76,7.44,25074.16,0.0,3409.85,16.13,3,772.16,3,0.0,90.34,43.99,19788.01,8350.57,8.37,2.77,8.45
900082,21189.79,1782.96,-0.64,3948.33,62744.91,11242.62,40.71,5,721.66,0,3.38,91.42,47.46,11824.66,5974.01,11.24,4.62,1.91
900083,30793.52,2586.28,-2.1,2322.3,56297.94,12916.42,44.92,4,673.89,5,6.92,84.42,70.78,10260.1,8264.78,9.57,7.55,4.57
900084,40315.24,3364.66,2.19,5266.1,56856.26,8661.62,36.76,3,609.92,3,2.12,82.18,55.48,17536.07,7014.22,11.88,5.24,7.69
900085,56395.02,4683.61,3.12,17844.27,39410.32,4593.49,34.59,7,751.23,2,5.08,79.22,39.68,14231.8,12024.17,14.03,8.65,6.67
900086,88653.7,7483.38,8.31,29163.75,23017.01,4424.88,21.31,7,688.4,5,5.58,93.79,42.87,25619.99,15531.26,11.15,9.6,9.11
900087,71099.45,5899.84,4.75,15495.67,45465.01,7559.57,35.0,7,359.76,11,12.6,71.39,39.73,14427.02,11039.64,7.17,4.35,7.65
900088,122198.28,10270.09,5.82,21675.4,11568.54,4469.89,37.56,8,638.54,7,11.27,80.21,37.19,24907.69,17976.46,16.35,9.26,10.55
900089,15000.0,1256.62,-1.83,500.0,60529.86,9060.19,51.03,4,377.06,11,11.39,70.2,74.99,7174.96,0.0,8.8,1.89,5.43
900090,70474.66,5878.28,-1.32,8431.73,40144.91,11431.41,35.66,5,589.28,8,2.16,81.13,52.56,11318.0,4817.11,7.21,5.51,8.16
900091,80896.75,6745.34,0.2,6963.98,38562.6,4347.99,29.95,5,843.52,0,0.0,100.0,23.9,16514.97,14337.08,10.99,5.16,6.95
900092,44678.43,3723.93,0.84,10721.13,54402.65,8527.29,34.48,5,667.21,2,10.92,80.69,58.06,18715.46,9633.33,10.55,6.26,4.4
900093,28658.64,2417.98,2.35,500.0,50743.13,11573.99,33.52,4,436.17,10,16.53,72.59,64.2,7284.99,0.0,6.67,3.72,3.74
900094,82562.54,6853.53,5.6,13918.86,20399.22,5023.65,28.44,5,670.81,0,9.57,97.67,23.27,16349.45,20021.86,13.55,6.31,7.86
900095,67625.29,5587.64,4.55,20899.19,22964.57,9156.66,34.42,5,599.47,6,7.3,79.99,51.85,15853.45,10047.15,11.78,6.0,9.65
900096,99054.39,8233.94,6.93,20434.65,37020.64,4920.21,29.34,7,535.77,9,3.8,71.38,46.89,20168.14,20005.3,14.65,9.32,8.18
900097,27387.38,2274.03,4.23,500.0,62171.51,9067.53,50.62,8,718.14,6,6.11,89.3,52.63,25764.12,12850.75,18.82,8.96,5.23
900098,112021.94,9353.56,4.49,23833.32,13474.72,2768.46,15.97,9,521.67,5,5.67,90.31,47.38,27219.88,23284.21,17.95,10.23,14.77
900099,109592.5,9249.97,5.22,27572.82,16681.45,6095.05,28.75,8,492.38,7,15.54,84.74,40.18,31459.06,24471.26,17.85,10.65,12.12
900100,115926.87,9661.42,10.22,32136.54,0.0,1398.71,11.13,6,850.0,0,0.96,100.0,17.66,31824.11,23283.43,14.8,9.38,10.1
900101,68605.66,5714.85,3.02,13614.76,46610.72,4325.34,20.71,6,850.0,0,3.77,100.0,31.55,23458.77,18954.43,20.79,7.19,10.56
900102,53984.52,4470.47,3.33,9340.13,39031.91,10074.11,29.83,5,642.67,6,0.02,88.24,57.5,20107.82,8217.11,16.43,8.79,7.8
900103,60424.11,5063.35,5.48,16124.99,19259.94,5657.1,29.43,3,801.12,3,9.26,88.57,16.71,19726.15,17037.96,5.55,5.64,7.18
900104,71251.07,5930.25,3.61,9959.37,34514.11,7729.03,17.4,3,451.65,8,10.62,69.55,47.49,11503.16,7185.46,3.71,3.43,4.27
900105,95741.3,8066.57,5.38,25060.32,38545.57,5124.47,29.62,10,703.81,3,4.96,86.19,25.36,34840.21,19999.15,24.97,16.09,13.91
900106,15000.0,1248.54,-4.27,500.0,65097.84,13343.02,55.21,3,565.37,11,15.52,77.11,69.97,7119.81,4586.46,11.84,7.48,1.18
900107,53591.21,4487.81,3.32,18390.68,43496.65,8597.91,33.95,3,629.54,5,11.11,86.0,67.16,963.23,540.94,3.28,2.32,2.67
900108,79677.16,6676.93,0.86,16822.68,21997.47,9037.49,27.87,5,714.27,0,4.33,92.41,45.13,19187.7,12826.06,13.71,5.37,9.24
900109,38722.54,3220.05,4.55,2347.66,71034.94,7647.36,38.43,4,545.31,6,17.61,79.08,82.9,13357.56,5651.33,6.93,8.42,6.38
900110,49732.85,4157.17,1.31,8060.85,71290.06,8617.96,41.73,6,473.58,6,7.47,85.81,45.25,20029.4,15110.45,18.66,9.57,10.61
900111,108106.98,9024.27,9.26,24397.12,0.0,5781.96,21.35,3,615.27,4,11.39,80.38,35.69,11983.66,10049.56,0.5,0.69,5.8
900112,93297.69,7805.1,3.66,17164.0,32048.26,4837.48,31.49,7,583.85,7,9.84,69.83,44.49,28013.76,12671.75,14.53,7.23,7.96
900113,54418.12,4527.54,4.63,8258.66,53702.11,7856.56,36.21,7,842.41,0,0.0,96.69,42.0,26426.35,16740.88,19.88,10.31,14.62
900114,119215.16,10065.16,6.47,33385.76,0.0,1539.23,18.93,5,805.07,1,0.57,100.0,21.97,30163.19,19415.53,11.48,4.65,6.59
900115,67757.43,5685.01,4.52,15746.18,33354.78,8725.29,32.34,6,649.65,2,10.29,80.4,62.72,16185.96,7974.51,10.01,2.14,6.57
900116,55116.9,4594.3,1.55,6948.48,59025.47,8197.47,38.04,4,607.28,6,8.35,86.49,50.68,10075.79,1423.38,4.11,5.71,0.84
900117,54217.04,4532.26,5.77,4003.96,49673.06,9328.45,42.56,6,751.08,3,3.1,92.49,43.54,19041.54,10955.27,15.17,8.08,9.25
900118,40136.4,3379.59,0.26,13251.15,56827.12,7475.65,41.61,6,662.7,4,1.87,85.31,51.55,20603.74,10316.58,8.39,6.34,7.17
900119,81283.98,6749.2,7.89,27688.57,16758.23,7960.08,30.21,5,808.15,0,0.41,96.56,21.88,26466.74,10391.28,13.05,6.41,8.68
900120,71706.66,5936.87,1.29,9406.06,61157.16,9777.48,46.6,4,370.61,13,22.56,67.18,59.08,21050.44,11637.39,16.92,8.43,7.23
900121,84999.33,7123.57,2.34,20439.6,42301.38,8244.28,31.34,4,472.18,8,8.44,75.2,58.85,18341.82,9756.36,8.64,6.11,6.54
900122,51065.33,4208.9,-1.61,8940.32,54527.15,8142.72,33.44,5,597.19,4,8.69,83.71,28.73,23891.58,15421.6,10.49,7.8,6.39
900123,61756.96,5186.57,5.01,17464.76,4933.98,4189.29,24.72,6,712.94,5,2.83,94.96,39.13,20956.22,16237.52,8.32,6.09,10.02
900124,32506.45,2658.28,6.42,14212.66,51527.87,9260.41,33.7,6,699.59,3,5.25,94.34,44.0,18372.65,15843.48,15.98,10.73,5.61
900125,74382.96,6284.08,5.33,26503.79,21950.81,3574.74,22.96,6,776.99,2,3.3,100.0,47.28,19181.47,16104.63,15.69,6.31,6.37
900126,34896.55,2934.77,0.74,1525.31,45812.83,8901.87,40.13,3,537.8,9,3.58,78.11,62.86,4893.53,0.0,0.5,0.45,1.94
900127,85335.66,6911.01,0.76,21762.47,10480.41,2549.61,13.99,6,788.33,0,4.18,93.31,33.31,23192.42,19220.41,17.49,7.44,9.45
900128,98964.88,8249.32,8.41,21706.62,18998.79,3184.35,23.24,6,647.35,2,3.27,89.51,42.21,18978.23,17660.23,14.65,5.06,11.27
900129,76627.09,6426.76,5.03,17098.12,52330.58,6632.07,33.95,7,749.16,0,8.79,95.16,32.58,16628.1,10906.66,17.36,9.85,11.56
900130,65694.9,5429.61,2.83,17825.67,31834.09,5715.61,31.42,6,546.27,8,11.15,90.15,41.91,18569.17,16783.85,12.42,9.21,9.65
900131,54480.78,4607.27,0.27,15318.89,37925.62,7795.4,35.26,5,648.83,1,11.77,82.47,56.54,10356.15,0.0,3.52,0.93,1.31
900132,78217.71,6562.33,0.47,17840.28,19304.18,7179.87,35.37,7,607.99,6,6.41,81.74,48.63,19615.93,16058.94,14.87,7.01,11.61
900133,69813.47,5800.33,3.41,20569.22,33962.62,4505.39,26.49,4,675.2,5,8.62,90.46,41.38,19830.48,12007.47,9.77,8.1,7.8
900134,88576.17,7297.17,4.26,25628.47,17378.25,5172.45,21.85,7,534.64,7,13.67,83.51,47.16,28584.84,15656.05,15.41,6.37,8.53
900135,15000.0,1246.57,-0.67,3716.06,75803.54,9642.46,42.08,3,750.76,0,6.97,98.15,52.2,11506.86,3937.37,12.38,4.93,7.16
900136,64679.83,5311.6,3.31,13654.66,45763.13,11209.65,33.72,8,678.72,6,9.54,94.91,50.24,16022.22,9523.79,11.8,4.96,8.88
900137,95378.11,7912.41,-0.51,16883.8,28913.51,9326.35,24.49,7,451.92,7,15.24,76.92,48.52,27964.11,17076.15,22.02,10.18,9.48
900138,45969.54,3818.98,1.42,3160.06,54252.1,9053.59,51.29,5,592.63,6,7.31,87.77,52.79,13070.31,6975.65,15.52,7.62,8.41
900139,48848.15,4098.11,1.84,500.0,47460.67,11204.86,39.67,6,510.85,1,13.15,82.37,46.29,9313.12,5343.69,13.79,6.08,6.42
900140,92301.26,7564.64,4.2,18055.01,8115.31,3235.66,29.43,4,594.79,5,7.25,81.91,56.96,7723.67,9214.17,2.23,2.71,2.6
900141,62226.25,5205.78,5.06,15063.82,44165.04,5426.08,33.07,6,646.89,4,6.97,84.77,46.75,11775.54,6994.17,10.78,7.81,8.26
900142,114134.3,9583.32,6.55,31827.24,13538.03,4148.05,21.63,8,506.27,6,11.36,83.88,26.86,25683.89,13312.04,15.35,8.43,6.56
900143,76325.64,6274.09,4.65,25071.92,17405.75,6894.01,24.08,7,850.0,0,2.71,100.0,29.09,25577.49,16742.39,10.84,7.67,15.96
900144,87206.5,7357.43,3.18,19315.49,20859.9,2995.34,24.32,5,838.55,1,4.22,100.0,27.02,25388.7,13656.06,16.7,5.35,4.48
900145,46460.7,3906.36,5.17,17020.33,35981.41,5868.0,40.37,8,763.21,5,7.11,99.25,28.83,25180.1,14203.83,19.09,10.83,11.4
900146,69425.95,5802.34,5.67,9818.6,38779.13,7931.26,33.83,7,606.72,6,7.03,77.98,54.87,18200.96,7322.17,8.91,3.71,4.19
900147,64473.67,5325.24,4.05,15171.59,40499.56,4346.42,41.1,5,735.19,4,5.61,97.86,47.95,19602.62,6273.93,14.25,6.24,7.62
900148,38630.12,3235.93,0.54,15378.13,29733.45,7104.48,34.19,2,514.57,9,11.02,78.44,48.38,8959.77,7370.51,0.5,0.2,0.86
900149,15000.0,1254.31,7.51,4345.15,77253.8,6648.61,46.5,4,657.1,6,5.72,87.65,44.79,15213.17,5158.27,12.95,8.28,4.56
900150,57923.03,4784.76,4.23,13913.01,50001.46,6201.58,23.89,4,706.81,6,6.07,87.45,44.66,14222.14,6436.6,11.06,4.52,5.62
900151,101922.23,8324.61,5.11,11311.45,28458.64,7701.94,27.45,6,731.69,6,4.51,100.0,47.48,22536.44,13775.6,18.44,7.68,11.27
900152,36500.07,3058.11,1.31,5397.2,34748.52,9902.73,36.83,4,567.12,5,6.15,73.93,59.98,4701.41,3071.77,0.5,0.2,2.74
900153,48020.66,4028.83,3.08,5721.21,59826.27,6183.39,47.68,5,850.0,2,4.4,98.56,43.11,20428.53,16150.16,14.6,9.58,10.68
900154,43506.49,3659.21,0.89,10524.53,39012.93,7292.4,38.08,6,676.21,3,3.25,90.14,46.33,14858.32,3637.45,9.06,5.65,4.79
900155,98936.67,8306.8,7.43,23074.96,7524.7,4101.13,12.24,8,765.52,4,6.39,86.58,24.89,26352.74,15036.67,15.93,6.97,13.65
900156,121531.43,10026.64,7.93,28503.19,14395.18,4260.3,30.87,7,712.22,2,8.74,92.24,34.67,31331.71,19674.13,19.93,11.5,14.94
900157,70428.19,6024.33,6.23,22906.4,13268.48,4673.25,26.69,5,576.32,6,12.31,78.13,54.33,26136.88,14144.73,12.42,6.72,9.32
900158,67074.52,5625.6,-0.77,10807.62,28765.95,7339.93,36.73,5,599.53,4,9.63,89.24,60.37,500.0,966.88,5.61,4.7,1.92
900159,101733.56,8469.03,8.19,20063.42,25339.33,1192.78,30.27,6,703.65,0,3.3,92.57,22.09,30968.51,19066.33,19.01,8.2,11.96
900160,20620.58,1698.93,2.05,2241.46,68974.9,12661.82,45.49,4,454.68,7,13.95,74.04,81.28,14286.18,3803.63,9.1,6.17,4.37
900161,71058.72,5953.14,4.65,16794.81,24754.22,1316.24,34.54,4,665.44,2,7.86,81.2,52.97,24256.58,7168.07,9.24,6.36,7.29
900162,64255.11,5451.09,4.87,19095.88,45271.34,7029.87,24.14,6,608.73,5,9.87,86.77,50.65,17111.09,0.0,11.26,3.89,8.16
900163,129450.33,10884.08,6.61,27778.39,0.0,0.0,8.75,4,713.04,4,11.83,88.96,9.2,22272.14,17000.79,8.86,4.4,6.05
900164,88602.47,7563.37,4.21,21108.15,28230.28,2899.79,22.76,5,578.57,7,5.54,78.32,52.41,17765.74,8414.11,4.89,4.46,4.73
900165,42033.41,3516.0,0.36,13938.32,52630.69,9602.17,43.96,8,616.6,8,7.84,88.98,68.77,24520.75,16080.16,17.25,8.87,10.13
900166,91961.63,7514.71,3.89,15092.73,34919.18,8687.24,39.63,8,625.32,8,9.62,82.12,51.99,19836.81,14123.34,12.2,8.3,6.83
900167,48728.97,4154.54,2.54,10036.18,58573.82,8257.67,39.45,2,376.15,12,11.8,69.93,76.68,9862.42,1921.37,6.5,3.93,1.39
900168,80343.18,6773.52,1.7,21789.5,28993.37,4553.27,31.45,7,642.49,3,8.99,83.59,36.0,21284.71,16008.2,14.87,6.71,14.02
900169,45508.59,3774.76,4.74,16364.06,43215.39,5342.14,20.86,6,837.95,0,0.0,100.0,45.14,9476.54,1510.09,3.72,3.07,3.1
900170,72223.61,6034.79,1.99,17974.34,25131.58,2003.6,33.42,6,557.32,9,11.68,72.47,40.91,11840.31,11755.09,9.04,3.93,9.79
900171,90096.53,7519.31,8.06,17557.73,28645.24,4738.2,28.78,4,505.96,6,12.88,85.29,45.2,21534.93,7388.72,10.53,6.35,5.54
900172,51281.59,4265.21,2.09,5079.05,57242.65,10745.46,34.51,4,623.35,3,9.39,93.17,60.36,21238.63,5929.15,15.7,8.19,4.92
900173,94218.43,7822.55,7.3,24462.1,15159.75,3650.98,16.67,6,659.75,6,10.9,82.85,45.0,25545.78,19089.81,16.55,7.16,6.57
900174,15000.0,1260.68,2.19,500.0,75696.79,15940.41,48.46,4,522.2,5,6.26,84.46,58.92,5397.33,0.0,8.27,3.92,3.39
900175,37619.88,3138.08,0.22,6764.69,62280.0,10531.55,47.98,6,467.39,8,15.3,64.11,71.85,12369.57,4310.3,11.99,6.42,6.17
900176,87273.46,7257.96,5.41,21085.32,31569.5,6782.37,25.29,6,697.42,2,7.19,94.88,35.57,23494.95,14561.33,13.57,7.03,9.35
900177,71394.72,5978.17,5.95,21994.7,32189.43,5270.17,30.27,5,525.58,8,11.69,73.97,43.81,20054.77,2371.89,9.11,4.09,5.57
900178,105700.98,8658.66,8.19,32011.3,10430.22,1045.9,16.98,7,604.31,1,3.08,87.29,29.95,32585.76,20356.09,15.83,10.51,8.81
900179,35471.3,2973.16,4.24,13307.78,35449.18,6295.11,32.4,3,427.08,9,17.86,79.59,46.21,13837.03,10432.55,5.42,3.38,5.79
900180,67131.06,5645.0,-0.35,11265.18,64533.47,7584.14,32.13,6,559.98,7,1.79,79.85,45.02,24296.91,6564.26,15.85,9.32,9.33
900181,75519.67,6244.55,-0.08,19165.95,22075.72,7188.36,22.13,6,606.34,5,5.33,90.26,39.91,20890.23,7026.47,13.54,1.67,7.04
900182,40395.28,3365.82,-1.23,9056.66,33803.52,7416.23,28.07,3,425.11,10,14.73,72.27,54.8,9467.38,27.75,1.81,0.67,0.0
900183,90713.13,7576.26,4.06,13083.17,19680.7,4787.65,26.26,2,739.22,2,0.0,100.0,24.98,8810.99,9011.92,1.59,2.69,1.79
900184,49753.78,4155.67,0.81,3360.55,54591.89,9629.45,41.76,4,397.0,7,6.31,72.51,65.1,10483.16,3735.06,7.01,2.02,4.12
900185,57503.79,4828.36,2.8,13908.66,54085.51,5070.1,32.16,7,850.0,0,0.0,100.0,51.53,25042.59,12038.72,19.12,10.35,10.6
900186,102621.44,8555.34,5.77,23383.36,21586.08,1215.51,15.66,5,839.8,0,0.0,100.0,19.71,24745.21,13206.19,9.65,4.12,5.32
900187,79897.36,6597.01,7.2,22186.65,24456.66,5093.62,27.1,6,693.33,2,4.24,96.12,39.83,19275.92,14312.97,14.95,4.82,9.66
900188,39234.82,3283.3,4.94,11881.13,36572.9,5869.15,43.14,5,631.23,6,10.24,86.79,49.96,8410.34,8460.13,7.97,5.94,8.23
900189,107805.45,8934.83,7.45,22654.09,10760.24,3650.76,12.06,6,599.5,3,9.3,89.57,41.33,15997.0,15451.39,8.45,5.49,6.98
900190,19003.86,1597.82,3.64,11322.63,61481.52,4792.67,46.39,5,790.05,0,1.04,100.0,51.57,10758.16,5885.8,10.23,5.73,7.47
900191,78979.12,6793.73,4.87,30302.91,38913.58,4231.2,26.79,5,647.0,6,7.74,94.35,22.83,27941.25,17535.5,15.72,6.98,8.8
900192,85813.32,7105.85,6.45,19684.08,21602.41,3303.05,16.84,5,562.75,2,8.74,83.12,31.42,24099.98,14603.75,15.48,8.49,8.95
900193,34544.59,2902.32,4.59,10053.71,46144.15,11067.7,35.39,7,539.96,4,8.81,88.75,46.24,14708.8,14328.91,8.62,3.18,7.18
900194,35015.27,2952.56,2.46,1731.31,51080.67,9303.24,37.95,3,833.64,2,2.02,100.0,43.44,7146.46,7747.23,3.18,0.89,1.36
900195,43792.02,3689.94,4.31,12743.1,36514.11,8013.99,37.91,4,684.4,0,7.21,84.09,50.98,9263.58,9896.14,10.46,3.4,6.31
900196,75483.68,6261.93,4.06,19371.24,39077.86,5621.71,29.48,6,654.46,6,7.42,89.02,49.41,25243.11,8197.56,9.91,6.73,9.92
900197,110857.92,9233.95,5.99,23400.2,9797.52,342.69,10.84,8,764.28,0,9.78,94.7,14.2,27026.88,18273.16,13.04,6.3,12.38
900198,68572.62,5799.14,2.33,8582.08,50435.83,12130.79,43.6,6,595.23,3,5.16,91.1,50.35,13746.05,10357.86,10.58,6.79,6.0
900199,32711.02,2737.79,0.58,3042.41,63305.59,10651.2,44.68,6,553.7,4,3.9,86.17,62.2,14541.23,4363.68,8.4,5.52,6.55
900200,53626.45,4471.08,3.85,21269.38,48587.47,5556.53,32.7,6,634.85,0,8.6,91.61,47.94,17767.74,4246.95,8.57,5.71,1.29
900201,15000.0,1258.17,2.59,500.0,48274.04,9537.41,44.66,5,732.93,2,2.24,91.18,66.83,6461.44,0.0,9.47,3.94,5.96
900202,99523.23,8313.52,6.33,21685.73,17265.49,5257.09,21.62,8,602.54,3,6.78,81.93,33.74,23270.11,15171.14,18.14,10.1,12.55
900203,77354.53,6362.06,2.03,10394.1,36368.15,7159.18,24.76,4,656.16,6,7.8,80.01,58.61,4624.64,0.0,1.8,0.46,3.05
900204,91888.22,7577.01,7.84,18179.88,15805.46,7083.84,20.28,5,759.95,2,6.42,92.89,42.18,26923.34,11319.92,7.74,3.73,7.61
900205,15000.0,1229.19,1.68,5742.22,66920.27,12818.88,49.84,4,723.46,1,0.0,95.56,65.48,14552.66,7771.63,13.0,6.83,5.27
900206,27072.82,2309.14,0.98,3113.15,65706.08,12817.63,40.17,5,629.87,2,4.3,89.32,63.29,17944.47,6936.71,9.13,4.96,5.64
900207,28345.87,2337.23,-0.09,1889.15,61464.77,12167.44,43.08,4,370.81,14,14.23,56.92,77.74,8898.51,0.0,4.67,3.31,6.56
900208,49002.56,4044.7,1.64,7593.48,51372.25,9317.9,34.07,5,443.16,9,9.43,78.83,49.72,14327.37,7456.5,8.56,5.62,8.97
900209,65028.21,5486.67,3.8,12274.14,48331.59,6782.95,31.44,5,630.46,4,9.79,87.88,41.56,20363.12,15631.56,18.94,10.72,7.63
900210,45944.97,3894.43,5.57,11883.59,42316.0,5146.05,31.78,5,718.23,5,2.77,83.59,50.14,17008.09,4731.72,12.94,7.01,6.4
900211,82476.84,6949.3,8.76,22865.5,17279.45,6092.39,22.51,7,697.68,3,3.18,86.98,52.06,25969.46,8763.6,16.1,6.87,9.71
900212,66013.16,5459.45,0.42,6641.7,64983.68,9384.21,29.36,7,761.43,0,0.89,93.63,44.28,29328.78,22538.0,19.57,11.67,13.1
900213,102087.42,8442.56,7.0,17336.57,2043.25,3180.65,24.88,6,824.69,1,3.72,99.61,30.13,22629.58,16044.48,11.3,10.72,9.5
900214,76953.02,6363.49,4.39,16484.27,17946.2,5114.82,29.24,5,612.49,3,6.54,85.17,45.65,11523.44,9364.31,6.8,5.73,3.59
900215,44786.76,3773.2,3.9,2756.02,45893.41,10453.78,34.56,6,638.01,4,7.11,92.28,61.87,7882.48,4040.04,8.58,1.09,4.21
900216,46902.47,3943.13,0.25,16234.76,45532.84,7002.12,32.61,7,751.01,0,0.0,100.0,12.67,25123.13,15668.43,15.49,10.96,12.31
900217,123871.46,10287.25,10.23,29295.71,9276.47,2224.12,18.86,6,850.0,0,0.0,100.0,22.88,25882.05,24598.46,14.77,8.39,10.28
900218,78836.04,6613.16,7.37,17742.05,10352.91,6155.35,27.21,6,850.0,0,4.42,99.09,26.57,27909.99,22754.3,23.1,10.02,12.96
900219,40970.55,3415.82,6.87,8283.19,44813.17,12071.45,50.86,5,661.11,4,8.99,83.83,58.5,9775.9,5573.13,11.59,5.97,6.61
900220,76310.49,6371.11,2.69,16934.63,39299.29,9580.66,34.87,6,516.83,6,10.66,76.05,57.62,12530.99,10612.01,7.39,3.07,7.36
900221,66573.81,5587.99,4.58,6803.88,58067.42,9051.65,36.73,8,770.99,0,0.0,100.0,27.67,22403.02,14460.62,21.15,9.81,11.1
900222,77535.09,6399.06,7.56,19349.56,12893.58,4506.5,24.79,1,576.81,4,10.38,80.3,50.15,3902.5,7194.71,0.5,0.23,0.28
900223,46424.93,3811.47,4.91,3329.45,57186.75,7856.94,47.21,6,639.48,2,8.29,85.44,52.61,18127.27,13477.62,18.75,9.56,13.84
900224,86638.89,7212.84,5.63,22477.58,27419.72,2614.43,29.69,7,666.58,6,5.28,81.21,45.17,23431.45,19181.93,15.63,10.1,12.64
900225,57019.54,4695.58,2.07,14833.54,30534.02,6703.78,32.52,4,615.63,9,12.5,82.74,42.43,6795.8,2660.17,7.17,2.13,3.31
900226,46469.42,3854.38,-1.11,10861.81,52747.29,5404.31,37.69,6,528.99,5,10.25,75.55,43.68,12454.5,1809.08,11.47,2.6,6.93
900227,90797.27,7330.29,4.51,17484.85,8762.14,4080.94,21.32,4,706.59,4,0.8,88.22,46.99,19507.42,8151.2,9.6,5.22,4.77
900228,89563.34,7465.47,5.55,15344.55,26799.34,2704.41,34.45,7,850.0,0,0.0,100.0,26.48,29916.46,18470.95,15.82,9.16,9.15
900229,26122.26,2164.17,5.43,500.0,53791.24,6723.5,46.74,6,758.92,3,0.0,100.0,45.39,14610.73,11538.67,14.97,7.49,7.02
900230,52822.2,4443.86,3.7,14827.09,26831.24,5277.63,30.63,6,705.57,3,5.89,91.01,33.72,14218.76,8829.71,16.3,5.44,7.29
900231,57457.77,4824.85,3.56,12843.81,54116.73,3894.09,31.65,6,553.46,4,11.43,85.95,50.0,13488.2,9361.95,1.45,2.75,0.0
900232,73809.61,6057.89,4.71,13726.88,14910.25,5952.32,39.3,8,480.68,7,18.87,67.7,52.67,20630.4,14580.44,9.9,6.11,4.3
900233,98562.85,8289.56,8.91,18934.2,18920.28,4457.08,38.42,7,542.02,8,7.5,75.69,37.09,17858.07,10009.61,8.99,5.99,8.42
900234,53228.9,4423.65,3.65,500.0,64269.69,10525.72,37.54,5,696.53,3,7.95,93.92,45.41,13031.09,9020.66,16.19,8.74,9.1
900235,81364.5,6773.76,5.58,21646.24,26894.2,3498.13,25.22,8,844.88,0,1.77,98.0,36.56,30372.78,13914.32,16.52,9.43,10.7
900236,59198.08,4937.18,6.1,20910.57,35562.39,7247.32,25.98,3,847.46,0,1.05,100.0,32.21,11143.73,5244.45,9.46,3.74,5.43
900237,88742.87,7374.13,3.95,25618.88,29065.76,4519.62,24.97,6,633.99,4,3.16,98.27,32.29,24923.2,11523.59,12.68,8.93,7.48
900238,56010.01,4720.55,2.69,13724.24,57579.79,5890.71,41.2,6,816.33,2,3.1,98.63,34.99,14386.47,4054.81,9.21,6.5,7.75
900239,71147.88,5973.74,2.14,18079.31,30049.38,7996.51,29.54,6,538.26,4,1.54,86.59,44.54,18874.03,15139.4,8.64,6.68,4.92
900240,114590.52,9503.51,10.43,27168.45,0.0,2639.59,21.47,4,738.44,2,2.82,98.37,37.78,20813.45,14267.81,3.45,6.0,5.05
900241,68833.81,5752.23,2.68,15503.65,46278.83,7073.2,31.86,4,556.44,8,9.36,84.65,39.14,6888.83,6416.18,7.37,3.54,3.85
900242,81430.41,6810.25,4.73,18434.92,7937.66,6604.21,17.44,2,603.43,6,8.68,91.1,45.3,11881.13,14665.13,9.69,3.42,5.9
900243,35027.16,2880.04,-1.79,6657.28,94522.6,16764.86,52.34,6,641.12,4,3.3,89.23,63.24,16741.56,8239.57,19.6,9.14,7.56
900244,29953.24,2503.5,0.9,500.0,37785.35,10273.13,36.62,4,740.08,0,2.58,88.99,49.86,14440.78,3794.69,8.55,2.82,2.04
900245,30120.4,2507.75,4.19,4874.48,61872.29,8647.12,43.27,7,462.18,8,15.74,76.4,55.08,18240.84,11821.65,15.36,9.78,11.44
900246,72396.24,5976.95,5.44,11420.12,49141.92,9909.1,34.57,6,609.91,9,0.0,85.63,60.48,32145.67,17950.65,17.8,7.84,7.85
900247,60817.89,5117.78,3.48,19812.16,23110.16,10967.3,32.63,6,772.62,1,5.65,97.6,35.98,19818.97,13201.23,14.97,6.14,6.46
900248,73545.61,5934.18,8.58,19844.77,28785.98,4143.58,27.58,4,651.46,8,13.2,79.77,43.45,17897.75,7562.94,12.46,3.29,9.76
900249,41819.15,3499.16,1.81,8031.98,47696.62,7664.17,48.26,5,627.44,4,2.89,94.06,45.37,6910.49,8301.38,7.63,5.49,1.65
900250,117160.78,9946.88,8.98,29182.07,0.0,0.0,10.87,7,844.39,0,0.77,100.0,36.4,13593.18,18347.13,6.1,3.84,7.79
900251,125908.3,10544.96,8.44,28057.43,12617.22,2035.02,12.92,4,598.28,7,12.15,82.68,45.23,18425.33,9369.5,7.73,4.32,6.72
900252,58666.25,4840.13,7.54,11722.04,43723.19,8263.7,35.66,4,608.94,7,6.69,84.42,49.96,13701.49,3842.85,4.06,3.76,4.63
900253,99496.92,8200.22,7.55,24109.01,31538.63,2801.25,16.67,6,686.71,2,4.96,91.9,36.72,28474.86,22952.22,19.0,10.89,13.46
900254,109108.48,9112.54,6.93,26427.54,16760.09,4812.77,14.27,7,500.63,8,17.47,72.07,37.93,27494.22,15090.68,15.03,5.93,10.73
900255,52276.57,4337.12,7.28,7277.63,32928.09,5889.71,36.99,4,809.32,3,0.0,100.0,39.58,20723.07,7352.08,13.42,5.53,7.77
900256,71153.68,5962.55,3.95,20664.54,29682.74,9110.86,38.17,7,666.31,7,12.22,75.34,51.29,27027.59,8141.42,19.29,8.49,10.07
900257,91188.26,7668.01,7.47,23901.02,18540.5,5901.91,17.0,5,624.64,4,0.0,92.49,39.09,21946.71,8797.24,11.92,6.1,8.98
900258,98459.25,8137.74,5.2,19724.63,20285.86,4253.64,20.61,6,664.82,4,4.7,89.27,35.69,19764.41,20991.59,13.67,10.92,6.7
900259,63130.9,5301.64,5.69,16985.44,22567.44,4456.22,35.82,6,764.08,0,0.0,92.98,44.0,35191.61,16629.85,23.47,11.21,13.12
900260,77487.37,6500.51,4.15,19747.34,42436.65,5539.74,32.37,5,517.94,4,8.22,82.63,57.86,14532.98,16716.65,13.23,9.22,10.42
900261,74386.32,6217.64,4.97,17955.15,28586.89,3268.43,29.89,7,618.3,5,10.65,90.31,30.6,18452.12,17153.4,13.49,8.65,9.96
900262,56044.88,4625.99,9.62,20321.83,44045.9,8885.03,21.39,3,684.38,0,7.34,90.36,41.25,16738.32,12544.22,8.71,5.1,5.92
900263,108666.17,8912.94,5.66,20275.39,26024.15,0.0,15.1,6,793.11,1,2.13,96.85,39.11,26571.43,13639.88,13.36,7.26,12.24
900264,51839.95,4277.38,4.78,16218.85,26899.84,7157.2,33.86,2,659.77,5,8.48,87.01,56.36,11322.53,7799.82,4.88,4.22,7.16
900265,54153.25,4525.64,3.0,7677.7,49257.54,5888.24,54.53,4,574.49,4,9.96,82.56,43.95,9607.0,3644.22,10.22,4.64,6.99
900266,41766.72,3479.71,-0.36,8224.45,28533.24,5809.2,31.25,6,565.07,8,18.5,79.78,52.35,13403.9,5554.15,9.49,3.6,7.54
900267,104682.32,8649.45,11.36,28568.81,6637.94,3023.08,19.9,7,758.19,4,5.65,94.87,19.27,23303.88,18368.07,15.59,9.84,10.25
900268,64535.7,5259.07,4.63,10325.11,44859.13,3200.04,26.18,5,812.25,4,1.37,100.0,52.12,20133.23,15106.73,14.56,7.82,8.35
900269,27425.52,2263.78,4.63,500.0,40834.26,6704.77,43.01,6,470.28,6,19.39,73.14,64.84,5667.19,4815.59,8.84,5.32,6.3
900270,78698.7,6509.31,3.55,20998.78,11870.71,6014.77,31.73,4,667.58,1,4.42,86.87,39.89,19995.06,18979.92,9.27,6.04,7.25
900271,53776.5,4477.33,6.76,7249.1,50898.34,5146.68,35.21,3,611.86,2,2.55,85.02,55.62,13308.56,5195.96,3.57,1.7,4.94
900272,77267.01,6365.44,2.34,13827.2,34762.43,6668.25,37.72,6,301.72,11,17.34,64.28,52.78,16316.4,930.16,3.05,1.63,2.49
900273,66553.25,5511.41,5.15,8658.93,54912.62,5789.88,29.79,7,674.04,7,5.39,88.24,63.46,21665.63,7850.47,11.5,5.95,7.65
900274,81317.82,6713.0,2.06,18734.47,27361.14,7388.19,31.05,6,773.78,3,0.0,99.79,52.73,14072.95,9064.86,9.92,5.64,3.59
900275,65657.41,5415.0,2.14,13981.79,37061.08,6124.66,31.55,5,710.38,5,6.95,91.95,39.73,20373.34,12554.69,11.51,4.8,6.76
900276,66538.11,5440.17,0.89,17149.89,23504.4,6938.17,35.11,6,637.25,3,4.63,84.89,33.15,19862.64,14018.28,11.39,7.53,9.54
900277,54456.28,4605.22,5.7,5220.15,49071.79,9559.92,31.48,6,532.42,1,11.97,80.81,52.38,10510.33,5773.52,7.91,5.12,8.53
900278,57057.87,4703.53,2.02,6687.1,50819.47,6472.13,46.23,9,643.81,2,7.37,91.39,56.32,25926.09,11918.98,10.8,7.99,3.95
900279,66221.05,5607.81,0.18,14564.68,19645.5,4760.62,27.38,5,683.02,3,5.76,91.16,40.38,16292.08,15351.23,5.32,4.22,9.22
900280,88586.79,7468.86,0.91,11892.47,21581.72,5517.62,31.99,6,524.73,5,11.06,80.0,47.04,18222.32,11273.14,11.31,4.95,10.81
900281,22993.84,1890.26,-0.63,2595.75,62324.19,11861.73,48.57,4,584.6,5,7.58,79.23,63.17,500.0,0.0,0.5,0.2,0.0
900282,50612.97,4246.66,3.4,13972.79,40612.95,8963.44,25.44,2,534.41,6,5.61,86.48,58.47,9844.7,2130.37,3.86,1.82,2.51
900283,69105.12,5686.97,4.2,20578.6,20619.46,4778.37,28.69,5,727.47,0,3.83,97.01,42.2,19961.84,16643.65,13.2,6.16,6.59
900284,76202.93,6291.15,3.79,22116.93,17039.71,4857.57,17.32,4,684.33,4,4.39,91.82,27.17,24009.7,11533.78,9.21,3.34,8.07
900285,118776.63,10009.61,8.11,32038.81,3714.34,6411.06,25.76,6,738.3,1,10.57,85.99,27.11,41351.72,20290.64,17.95,10.21,10.84
900286,77224.11,6371.28,8.21,25585.4,8738.6,3880.97,25.96,6,638.45,4,3.89,86.67,34.16,15776.91,9193.87,8.78,6.23,6.13
900287,84999.24,6935.01,4.59,18301.62,21373.08,4995.94,27.44,5,623.45,5,1.46,94.16,35.32,15092.52,10386.46,8.81,5.84,4.8
900288,75695.03,6221.04,1.29,13609.14,32098.56,4718.5,24.49,5,716.0,2,4.33,98.21,55.75,18208.76,14396.62,10.98,8.21,6.78
900289,81674.4,6838.49,5.84,22239.31,24918.47,3773.19,25.22,7,842.85,1,2.88,99.04,42.28,25705.18,10326.12,20.94,11.97,14.32
900290,51877.04,4365.04,0.86,9634.22,23690.31,7053.05,37.0,5,406.89,11,8.43,62.63,56.93,8041.74,4450.29,6.8,3.37,4.71
900291,81363.4,6763.48,4.69,10811.0,50609.61,6845.12,31.76,6,383.69,9,18.85,56.05,56.24,10770.0,9562.59,8.47,5.35,9.02
900292,15000.0,1247.91,-1.11,500.0,67704.05,12693.95,40.42,6,571.37,8,8.77,87.21,64.02,14619.55,8677.94,13.62,11.16,8.73
900293,56490.75,4709.11,4.2,17458.56,25861.26,3067.54,35.65,3,753.06,3,2.92,97.99,31.67,11234.28,7425.16,5.05,1.82,1.66
900294,102072.5,8444.71,8.92,27277.26,5247.33,406.74,15.05,6,706.17,4,13.12,100.0,25.13,27451.2,20600.32,21.83,8.12,11.84
900295,64781.6,5401.4,1.58,13623.45,39164.84,5711.49,36.49,4,707.5,1,4.19,86.68,48.37,13990.23,6384.28,5.26,4.04,4.82
900296,35460.69,2948.73,3.07,500.0,53085.29,8931.86,41.85,3,729.54,3,4.14,95.39,45.32,890.91,7023.94,1.87,1.09,5.41
900297,65657.97,5428.93,1.32,5680.22,42517.24,7129.2,31.46,5,490.22,6,5.21,81.21,38.88,7506.79,6344.07,7.3,9.34,7.75
900298,60630.33,4946.31,2.02,20063.52,44404.56,6281.36,31.2,6,661.65,6,9.7,86.46,48.41,19379.23,7671.22,8.87,7.51,6.88
900299,90512.11,7539.15,6.21,24834.06,31160.45,4762.45,28.85,8,622.94,2,8.86,91.17,38.61,33205.68,19467.07,12.48,9.03,12.46
900300,28689.13,2382.15,0.17,2347.14,64584.92,9050.33,48.18,4,596.72,4,9.79,80.66,43.29,6184.76,3853.96,10.1,7.5,6.86
900301,54144.32,4470.9,5.07,10278.12,31989.11,8721.9,30.86,4,574.65,6,14.06,79.59,53.66,10368.54,6535.68,9.4,4.42,7.02
900302,99135.31,8231.97,8.49,25382.5,13622.49,4362.45,16.16,8,802.94,0,2.33,100.0,19.99,31614.75,22415.63,11.45,6.67,2.81
900303,95802.2,7966.01,4.09,16831.64,43506.92,5601.43,23.23,7,718.68,1,9.38,100.0,24.47,21086.69,16605.97,17.15,8.42,8.85
900304,52717.13,4341.16,1.88,8303.9,70734.63,10702.37,35.93,6,512.85,4,13.63,83.64,60.92,13767.24,13756.32,15.19,9.94,8.9
900305,110528.42,9232.48,4.85,22232.3,14806.54,1736.73,24.06,6,789.62,2,2.62,100.0,29.25,25415.41,16692.09,16.77,8.91,11.98
900306,66520.46,5600.58,1.12,20790.02,37383.38,7173.48,28.93,6,664.06,3,6.42,91.03,53.46,30173.79,16685.77,18.44,10.53,10.98
900307,66769.16,5582.2,3.29,15724.73,31686.4,3743.88,37.82,5,796.39,1,0.19,100.0,37.9,18907.69,9220.5,5.51,6.3,8.18
900308,65087.08,5495.62,0.83,22443.98,40809.67,6513.89,27.43,4,592.85,3,8.89,82.0,52.67,16573.34,13600.53,3.96,3.49,6.45
900309,65695.09,5318.34,6.68,17505.33,32953.74,7847.64,40.48,5,664.6,2,5.95,85.69,49.19,13050.57,7885.86,10.37,6.82,4.2
900310,93732.5,7852.83,8.63,17056.0,8611.29,1732.51,26.63,6,542.09,4,9.67,78.01,46.65,12140.28,11728.3,8.5,5.76,8.44
900311,96857.54,8173.72,7.49,19588.06,14614.55,4825.36,26.33,8,693.5,0,6.25,97.55,40.18,21550.25,22660.38,17.87,9.06,10.74
900312,76631.18,6296.78,2.46,17355.79,42707.04,6047.31,22.18,6,505.79,10,11.22,69.69,61.91,16496.3,15566.49,9.54,8.33,3.64
900313,92727.73,7786.46,5.49,16651.24,40847.91,2246.99,26.51,5,496.72,7,7.11,74.22,68.38,19206.13,13626.79,10.81,6.08,7.6
900314,68617.45,5703.28,6.48,8042.4,41446.01,8919.22,40.17,7,457.72,8,8.54,76.19,60.61,26025.4,10648.57,14.47,7.16,6.1
900315,46713.72,3915.82,2.62,10819.53,51294.74,8211.84,31.46,8,573.21,5,7.52,88.32,48.39,13095.17,11494.38,12.02,10.25,11.88
900316,81360.27,6793.42,3.11,22464.76,21147.83,5071.36,37.56,5,816.81,0,0.0,100.0,21.27,20109.32,11357.3,10.11,4.98,6.6
900317,66211.28,5532.28,0.24,16332.84,19286.69,7198.44,30.13,2,823.05,2,0.0,100.0,62.77,6156.95,4265.61,5.47,2.01,1.67
900318,77225.91,6494.62,0.1,16987.1,25655.03,6923.39,36.2,5,776.39,2,4.33,99.44,37.22,17421.73,11766.73,5.16,4.34,8.38
900319,65449.65,5510.29,2.71,17287.18,41447.81,7253.52,34.64,6,656.21,2,16.59,91.75,42.83,19681.65,15906.98,16.9,5.61,10.62
900320,89293.55,7517.45,8.74,30675.69,26244.31,4029.14,17.67,6,629.97,7,11.92,87.0,40.52,36774.58,28092.07,20.38,9.24,14.05
900321,22196.64,1853.24,-1.35,9177.35,67473.56,14375.5,44.79,5,735.56,4,6.24,92.28,56.19,9889.24,8831.52,10.87,4.64,7.93
900322,56788.16,4690.31,6.83,18490.56,33264.81,7324.2,36.2,5,685.68,3,2.67,91.74,44.57,9661.58,991.73,9.14,1.07,4.61
900323,89977.77,7582.96,8.0,21075.08,22247.87,1793.38,23.3,5,649.18,1,3.78,94.92,37.57,11782.23,9386.98,4.25,3.2,2.18
900324,41008.99,3377.89,6.09,7913.08,50119.31,7897.92,26.75,4,690.01,4,3.5,91.83,47.93,25080.31,15818.81,15.8,8.06,11.54
900325,55266.54,4599.31,-0.32,10642.0,36735.35,9376.95,39.49,4,634.65,5,2.76,81.81,33.46,6457.65,8357.64,7.51,3.54,7.51
900326,79169.84,6594.47,5.52,10092.86,36178.21,5913.62,27.19,2,554.81,6,7.87,79.74,43.5,15811.38,1810.27,12.21,7.25,6.6
900327,51634.91,4308.39,3.21,13576.43,6871.93,5752.24,32.47,4,645.83,6,3.29,87.05,50.13,19721.55,16492.49,9.7,6.72,6.12
900328,61717.85,5127.84,1.53,18449.6,33367.46,6622.26,25.3,4,850.0,0,1.39,100.0,49.18,16480.92,4965.43,3.05,1.72,6.61
900329,57625.84,4792.25,0.38,8297.14,46320.35,7585.85,35.57,6,583.72,1,7.58,96.63,60.31,17831.44,10212.17,13.91,5.64,9.41
900330,59835.33,4980.63,-0.52,8424.01,35924.73,6292.34,34.17,7,721.82,5,0.73,95.37,36.96,20088.87,15186.95,14.42,9.21,9.98
900331,57233.56,4710.19,3.05,8844.64,45549.19,7708.93,33.19,8,668.08,3,5.42,87.76,42.97,17057.24,17427.85,15.35,10.01,10.54
900332,47278.34,3920.41,0.5,12362.37,39166.41,7038.3,32.13,5,750.97,1,4.98,100.0,38.1,14051.93,7668.69,4.57,3.67,4.45
900333,57079.04,4752.84,5.91,10256.2,50186.55,3247.75,40.11,6,742.83,0,6.29,93.09,34.35,12532.55,12864.44,20.05,7.37,10.47
900334,24825.79,2083.17,2.63,500.0,74167.92,12439.93,39.24,3,663.86,4,14.06,94.58,65.07,6875.65,1621.29,10.51,7.26,6.57
900335,60485.24,5034.84,3.57,14451.37,42897.96,6229.56,39.9,7,729.35,5,14.47,76.71,55.98,17069.11,6185.43,8.47,4.46,9.06
900336,70655.27,5832.54,3.83,11441.98,53217.28,10445.47,34.57,8,466.19,9,19.5,68.43,64.44,32913.78,16024.34,22.74,11.33,14.04
900337,82122.12,6865.76,4.79,16894.7,30477.12,3882.84,29.23,6,761.11,0,8.69,84.75,38.6,27531.11,16472.18,14.4,8.01,6.78
900338,81477.69,6745.51,4.5,15327.02,31015.47,4848.62,35.56,5,572.92,10,11.62,77.24,64.97,9618.59,10644.05,7.15,4.91,9.05
900339,89746.16,7396.77,4.29,12946.94,28709.88,5421.14,15.82,5,502.54,9,15.88,75.69,51.71,19406.96,9728.46,10.13,10.52,9.95
900340,61878.07,5155.68,7.78,19833.25,20416.58,5740.71,22.75,6,784.75,0,4.15,91.05,44.95,22783.38,16717.28,14.74,7.5,8.3
900341,66721.61,5658.53,0.92,15045.69,31046.82,9403.05,29.53,5,495.7,9,15.27,72.67,35.41,17099.8,11020.03,3.26,5.03,9.21
900342,103123.13,8570.33,2.68,33183.72,10533.78,1158.86,12.79,7,749.18,0,0.0,100.0,16.27,28134.38,17447.93,19.59,9.04,8.8
900343,52914.32,4419.69,3.85,13016.66,36308.02,6448.82,36.86,5,597.5,5,4.91,83.29,45.86,22612.81,6783.36,9.55,4.72,6.51
900344,45133.03,3768.79,8.09,12059.87,44259.95,7491.74,43.09,5,642.02,7,15.72,82.07,51.28,14262.7,4356.63,8.2,6.77,5.91
900345,94630.27,7841.58,6.02,19344.57,27361.11,3948.5,28.72,6,647.62,2,10.53,83.04,42.61,30521.02,8838.79,17.07,11.78,12.31
900346,58571.9,4833.9,2.47,14304.17,32058.34,5442.18,30.43,4,729.8,2,2.75,100.0,35.59,10012.43,16804.65,8.13,4.59,4.64
900347,28250.24,2355.42,-2.09,12913.89,65418.95,10368.82,53.55,5,613.28,5,5.19,96.44,72.33,7783.91,3071.28,5.39,4.54,2.2
900348,61499.69,5180.03,3.81,7315.95,49343.94,7248.42,25.7,5,672.99,0,1.55,91.4,41.48,20500.39,7766.37,8.43,4.74,1.45
900349,43613.45,3621.71,1.55,14467.09,57196.38,9089.51,36.77,3,628.0,6,9.97,81.15,56.19,19375.35,9735.56,14.6,6.61,9.7
900350,58671.08,4915.89,0.24,23527.1,15088.71,6536.8,24.95,4,677.65,4,7.66,85.99,35.97,20493.37,11044.02,8.9,3.8,7.77
900351,76076.8,6372.22,3.75,12814.54,55126.7,4530.24,33.98,7,754.2,1,4.46,90.08,29.59,33675.48,17508.43,25.09,12.91,15.27
900352,15000.0,1251.4,0.91,500.0,52395.13,11462.12,55.79,3,613.06,2,14.22,83.3,51.71,4759.46,2096.85,4.74,4.89,2.75
900353,31261.91,2574.68,5.25,7535.39,58352.46,5068.6,43.0,3,554.4,5,9.87,74.98,56.08,5369.25,2470.83,7.67,2.63,4.24
900354,97823.67,8076.01,6.98,21177.68,13513.37,2960.01,22.46,9,682.79,6,7.42,83.63,32.89,22484.13,17158.09,17.76,6.7,8.3
900355,64679.05,5519.4,5.17,17744.78,23148.73,4690.63,29.67,5,667.63,4,10.35,94.54,44.83,18942.23,13964.37,13.13,4.71,4.37
900356,84891.69,7152.98,5.48,12421.33,26566.89,9664.12,25.89,5,559.57,3,5.67,78.5,37.13,14893.12,10110.76,16.75,7.0,9.79
900357,59303.31,4939.34,2.16,9196.39,57222.7,6020.11,35.59,6,542.98,5,12.96,82.69,33.46,21138.31,10037.72,15.98,10.06,12.5
900358,71700.3,5913.36,1.77,10228.71,36892.86,6026.61,33.65,6,613.77,6,9.6,91.74,50.49,16991.88,15487.31,12.81,6.12,7.29
900359,95850.87,7951.83,6.55,15936.69,9664.6,9401.45,30.74,4,463.55,8,16.66,69.01,61.03,15217.15,8336.87,8.61,5.12,8.89
900360,83759.42,6856.34,-1.39,20313.82,36548.74,8385.06,28.82,6,723.01,4,9.59,94.39,46.46,16453.35,8517.7,13.97,5.21,8.73
900361,46938.21,3905.36,-0.59,7165.67,30745.98,6284.79,40.35,5,642.84,4,6.33,90.71,47.84,9805.83,6954.1,4.04,4.26,5.05
900362,46633.37,3824.68,1.43,10742.82,26930.05,7101.65,33.57,5,563.92,7,7.99,87.62,58.89,16264.42,9603.71,11.65,8.64,7.99
900363,98935.91,8426.12,2.73,25461.77,1988.51,2327.25,23.45,7,705.04,0,5.29,98.67,22.53,34111.76,20811.85,22.09,11.84,11.46
900364,67056.06,5523.95,4.49,20672.44,39613.94,6371.63,27.27,6,712.64,2,7.56,89.55,33.52,20256.76,16893.15,8.78,6.84,7.65
900365,62276.62,5249.65,6.43,17176.99,49111.45,7056.85,33.93,8,745.8,2,0.97,97.44,36.44,24720.23,14835.57,14.25,9.29,8.94
900366,115105.43,9594.88,6.15,22149.4,29423.42,3475.22,19.82,6,596.59,0,14.63,89.29,40.7,23600.44,14971.71,7.02,5.15,8.44
900367,40517.05,3420.77,0.4,10945.18,52029.58,5873.8,37.07,6,663.86,3,2.65,88.26,43.15,14657.75,2472.69,7.84,10.19,6.05
900368,15000.0,1242.03,-2.47,500.0,76902.04,12134.79,50.95,6,442.98,7,8.31,78.11,62.64,11932.67,1812.21,10.09,6.83,6.48
900369,66001.31,5438.26,3.68,20959.7,40356.15,6671.73,33.09,4,702.52,3,2.21,93.09,48.68,17047.66,15954.36,7.88,7.77,12.19
900370,76795.79,6486.61,3.55,18862.55,39293.16,8161.34,37.59,7,735.1,0,0.0,96.9,22.51,35070.07,16848.67,28.94,12.62,13.08
900371,69886.29,5824.54,3.46,9576.58,34723.96,8056.15,30.4,3,536.0,8,12.53,84.94,54.77,10099.77,4404.48,0.5,0.28,5.02
900372,46264.05,3818.87,0.19,2137.74,51285.51,9520.8,45.37,6,532.31,8,10.69,78.98,84.95,6401.61,8420.53,12.68,7.07,5.15
900373,75512.65,6358.49,3.2,12642.15,28794.97,6069.85,35.23,4,744.59,4,7.83,92.25,47.22,13374.38,13320.17,6.31,7.35,8.31
900374,55830.21,4714.05,-2.94,6668.77,30861.35,7319.34,35.24,4,535.17,6,6.47,66.09,52.45,9616.06,6609.14,5.45,4.46,4.69
900375,82224.87,6867.14,5.42,18110.24,14771.66,556.56,21.85,5,509.33,9,12.37,76.09,36.71,23958.77,15507.02,11.0,5.73,10.99
900376,98477.46,8059.59,4.46,17028.9,2288.49,6272.77,15.8,6,638.96,4,0.0,86.2,36.33,15488.27,15459.78,11.24,6.68,8.32
900377,72917.21,6054.9,6.12,10377.12,27352.22,7014.15,37.6,3,454.98,8,10.03,73.63,62.94,11726.18,0.0,0.5,0.2,0.0
900378,29764.14,2483.8,1.27,8233.16,46414.83,8620.4,48.7,4,505.11,6,14.72,77.74,70.44,12037.26,0.0,3.94,1.84,5.26
900379,68495.49,5706.09,8.01,17225.39,17033.82,3679.25,20.37,4,843.27,3,2.45,98.85,31.78,15281.64,14891.47,5.39,6.13,5.0
900380,64091.23,5353.91,3.91,4730.7,39851.53,9066.96,34.11,7,636.39,7,14.19,75.21,54.87,20693.59,11258.48,13.43,5.73,9.34
900381,66691.14,5541.78,0.92,19973.9,54386.08,7867.95,32.56,7,479.73,7,10.74,74.6,47.82,28043.81,11074.94,14.05,7.4,9.29
900382,72035.17,6100.03,4.66,17702.7,14458.13,5420.8,26.22,8,710.76,4,8.69,100.0,42.65,24341.28,15372.43,11.83,7.87,7.47
900383,92994.41,7673.87,7.89,21760.28,37935.41,2946.2,17.39,4,587.22,5,6.28,86.38,37.39,22559.92,11884.98,3.17,6.44,8.9
900384,47037.81,3913.97,5.02,12436.49,52364.01,7620.64,34.24,5,732.8,3,4.62,89.53,34.77,12231.23,7983.06,12.98,6.35,7.63
900385,51086.41,4190.41,-1.19,3017.07,55746.0,9266.85,50.08,5,433.34,11,20.16,70.42,66.14,8889.4,210.8,6.04,0.99,1.02
900386,87217.59,7268.64,4.44,18978.08,35594.29,8357.08,35.6,6,620.29,4,5.2,96.13,30.95,30506.0,20133.95,18.52,11.79,8.22
900387,88245.19,7391.16,3.67,20045.16,39601.74,5966.75,28.27,7,787.95,1,5.19,90.0,53.96,23735.27,11588.08,11.61,7.39,8.81
900388,61730.98,5142.61,2.45,18887.78,19782.89,3977.12,25.01,5,701.25,2,9.3,99.88,48.06,6884.51,0.0,7.5,0.99,4.98
900389,44350.29,3720.09,0.89,7799.24,57652.55,9011.62,45.63,7,850.0,0,0.0,100.0,43.29,12023.06,7890.79,18.74,8.57,11.59
900390,41680.03,3494.44,4.15,13257.25,43110.57,6828.76,28.04,7,784.24,0,0.33,95.4,45.13,29943.96,7291.4,9.51,7.12,8.8
900391,69283.97,5817.8,-0.97,7834.95,48222.58,10484.51,41.55,8,300.0,12,20.7,59.87,52.77,14879.67,8755.86,20.69,6.39,9.87
900392,73677.14,6088.93,6.51,15622.04,43136.04,3817.66,39.96,6,552.21,6,13.16,72.45,39.01,11828.13,10012.68,7.33,7.1,5.95
900393,65159.65,5497.73,5.03,15540.31,24636.14,4911.07,41.21,3,696.83,0,6.79,94.47,49.56,9604.85,4130.37,1.42,2.21,7.1
900394,24640.1,2061.36,2.68,6879.54,58446.66,10121.07,45.35,1,527.93,7,9.34,76.31,75.73,8373.48,0.0,3.96,0.2,1.37
900395,57715.11,4809.12,5.22,14127.26,48385.82,8997.9,36.72,8,729.19,3,0.0,89.44,50.33,29923.11,18584.3,25.83,11.76,12.23
900396,52862.54,4450.4,-1.6,15076.69,46759.51,6604.13,41.09,5,754.49,1,3.87,91.66,30.97,18640.06,6984.84,14.14,6.3,5.79
900397,43644.28,3637.9,2.23,5505.66,47347.25,8273.64,42.62,7,508.44,8,11.98,66.18,62.71,20711.32,11750.06,16.29,9.8,7.01
900398,98362.81,8250.31,1.62,19763.33,32959.16,6999.33,32.03,6,406.4,12,15.41,69.85,43.24,20464.1,14193.68,15.82,8.59,4.76
900399,43773.76,3685.51,-0.85,11131.28,40792.54,7889.19,41.92,3,521.19,7,8.43,84.9,65.34,10818.77,7087.85,3.91,5.1,6.37
900400,70643.23,5858.53,6.1,15488.19,17408.99,8866.25,22.08,5,572.67,5,7.81,73.63,42.14,23492.1,7513.68,9.89,5.88,4.61
900401,74501.05,6216.41,4.48,21096.82,15114.35,3875.59,24.95,4,677.13,2,6.83,87.3,53.96,8868.24,4279.64,3.13,1.02,1.26
900402,50540.84,4181.83,3.31,7823.53,28802.52,6155.89,36.0,5,699.08,0,5.77,97.44,50.12,11024.82,975.76,4.27,1.86,7.03
900403,78824.38,6503.31,1.53,18082.88,22386.49,10084.72,28.84,5,642.91,1,13.28,87.01,35.96,19159.25,16332.9,17.99,8.86,5.27
900404,15000.0,1230.87,1.01,500.0,64283.3,12061.14,52.96,5,722.34,0,5.6,88.66,50.46,13964.22,0.0,9.06,8.23,7.79
900405,93140.36,7671.53,6.09,24745.2,11757.73,3150.48,16.39,5,627.37,1,5.18,92.73,40.37,20099.17,10201.25,8.51,7.21,6.43
900406,95041.42,7763.9,4.6,19350.27,33927.38,3550.64,24.69,6,567.91,8,7.4,82.09,47.65,28807.32,15369.39,16.13,9.62,14.8
900407,35457.22,2963.13,-1.55,10841.0,43106.24,10010.17,38.54,4,520.29,9,9.09,80.55,79.37,12966.58,7375.66,9.22,6.54,4.81
900408,42622.99,3585.37,2.05,3813.7,46970.64,8645.66,45.47,5,664.32,3,0.0,96.1,46.7,16298.71,4635.69,8.91,6.45,5.05
900409,42387.16,3500.33,1.04,6068.11,61602.9,9175.07,38.54,4,520.47,8,13.35,75.4,44.23,10416.54,2151.29,9.04,2.72,5.18
900410,35683.3,2955.4,-0.55,1803.39,33471.74,10904.16,45.91,2,386.27,8,6.64,79.37,54.0,8947.61,94.65,5.32,3.0,3.46
900411,96161.54,8144.56,8.43,19680.24,16273.52,1195.5,14.75,5,636.4,6,7.23,82.81,35.41,25541.9,13717.09,10.3,7.48,10.27
900412,53140.62,4400.86,5.9,11930.37,50227.26,7488.69,43.15,6,691.29,0,1.96,100.0,37.68,16994.62,7221.17,13.87,6.57,9.14
900413,79396.2,6643.11,5.61,13830.87,32748.84,6522.06,29.4,4,668.69,3,0.0,97.01,43.87,7407.95,11950.7,11.05,3.91,5.44
900414,16926.6,1414.15,-0.56,3893.89,52182.12,10446.53,41.01,3,522.99,7,11.78,79.38,63.82,4843.84,3552.89,6.1,6.23,3.69
900415,81314.01,6732.06,6.2,17780.75,37978.18,6956.16,28.16,6,816.94,2,6.92,95.01,42.08,22986.12,16160.39,7.21,5.54,6.79
900416,80627.52,6676.19,2.77,16910.78,14020.79,7272.76,27.42,6,648.59,3,14.71,83.5,47.77,8222.86,9854.86,8.88,4.14,4.3
900417,55861.36,4644.05,5.32,7103.13,49151.52,8246.21,29.45,6,744.91,3,5.52,100.0,43.49,26424.8,13133.26,16.05,10.81,10.45
900418,119141.59,9892.96,8.52,18895.88,22737.17,4893.82,22.79,9,841.16,1,0.0,100.0,26.75,24984.39,12033.1,17.55,8.57,10.47
900419,70201.44,5889.91,1.83,18218.95,42421.86,6546.2,27.1,7,697.05,3,0.0,94.62,42.7,23036.87,6491.61,14.26,9.85,7.33
900420,107462.68,9091.68,5.08,14628.44,17292.52,1106.64,33.12,6,702.88,1,5.65,89.77,33.23,19664.71,10098.91,8.07,4.37,6.03
900421,68395.92,5654.78,6.01,11450.74,56205.69,7578.49,39.19,4,560.92,8,6.39,71.95,52.92,18516.76,12688.6,9.71,7.37,7.6
900422,33399.97,2796.86,0.42,6025.87,66230.06,10015.74,51.21,5,507.73,7,9.5,80.73,68.27,16662.44,5761.15,12.74,7.3,4.72
900423,72400.09,6023.33,3.95,16020.24,32274.17,4489.24,38.1,7,683.94,4,0.74,86.0,52.22,23436.15,14734.32,18.01,10.02,13.24
900424,87424.98,7156.78,8.09,23546.2,19852.69,5340.61,31.03,6,791.01,0,0.0,100.0,34.02,22974.55,13960.15,13.72,3.83,9.31
900425,65934.48,5561.32,8.81,11445.16,22169.38,5767.99,30.32,5,715.07,8,6.23,88.91,30.24,10718.21,9193.73,2.38,5.04,7.61
900426,56546.94,4751.62,5.23,16188.98,59790.55,7819.58,32.29,6,850.0,3,0.0,97.96,51.28,27691.91,12898.41,21.28,10.73,11.57
900427,45377.46,3749.82,0.85,13223.48,51762.15,6769.71,42.73,6,800.06,3,1.87,97.96,38.79,12404.45,3955.62,13.26,5.47,11.34
900428,84302.37,6917.32,0.99,17764.91,41889.58,3722.53,30.04,8,839.23,0,0.0,100.0,26.81,28352.79,13880.8,15.44,10.42,13.36
900429,35488.1,2947.9,4.99,12313.82,47499.71,9104.74,47.63,6,572.13,2,0.85,84.77,55.39,15838.51,6288.82,7.82,6.7,4.93
900430,68434.25,5646.08,2.95,6645.66,38013.84,7189.21,32.18,5,650.98,4,8.98,79.67,41.31,9777.49,9551.07,10.3,5.92,3.04
900431,71020.6,6054.73,2.63,16103.59,33913.89,8104.82,39.9,6,784.98,1,0.0,100.0,42.64,18027.98,15502.45,14.19,8.2,7.82
900432,71793.14,6049.98,9.79,10759.54,28569.08,4667.44,31.83,6,850.0,0,6.99,100.0,25.67,24907.31,12277.65,15.91,9.41,9.92
900433,80498.22,6744.78,11.62,17729.71,13363.2,2302.09,27.23,5,850.0,0,0.16,100.0,34.18,12537.22,11476.77,14.87,4.46,7.73
900434,46105.62,3913.99,-0.25,8337.37,40378.11,5234.31,29.65,3,820.11,1,0.69,93.07,47.1,18380.93,3810.27,12.02,6.93,7.44
900435,66956.9,5521.92,4.77,16032.08,15696.16,9444.28,26.73,6,850.0,3,4.47,100.0,15.26,18267.76,8825.39,8.11,6.54,7.06
900436,47080.52,3920.93,0.22,9668.64,36419.9,8273.77,40.02,5,695.17,0,8.24,91.66,46.4,18109.32,11921.19,12.81,6.99,8.03
900437,104968.8,8821.13,2.41,25265.79,14012.44,4196.44,31.15,6,850.0,0,0.0,100.0,32.54,31447.88,22914.26,19.49,10.91,12.49
900438,56374.29,4797.56,1.94,8431.71,63134.27,9622.24,41.64,7,484.73,8,9.17,82.62,45.87,30347.77,14720.9,20.37,10.93,14.37
900439,34763.71,2900.59,2.57,500.0,37371.84,8593.06,40.18,6,466.54,9,11.85,80.92,63.2,15436.13,3563.96,7.28,5.94,4.2
900440,33890.82,2821.92,-0.96,5373.23,38790.28,10016.84,36.19,3,378.79,7,11.07,82.96,58.39,14389.41,0.0,0.5,4.74,1.57
900441,59956.5,4969.59,0.86,8703.52,36906.4,7721.87,36.09,5,613.57,6,12.36,90.34,51.23,23132.87,10650.28,12.35,7.55,7.81
900442,64517.08,5323.24,4.28,15697.3,38046.08,5984.82,33.35,6,752.24,5,0.0,90.52,46.69,13683.52,12273.88,14.03,8.04,10.05
900443,54007.58,4542.19,-0.78,15116.19,53816.52,8213.63,38.86,4,786.51,4,6.2,100.0,46.35,11852.67,4315.92,5.52,4.37,8.18
900444,59883.99,5011.77,4.9,11753.91,37893.61,7464.59,40.16,6,434.29,9,10.72,72.34,66.39,15159.35,9394.75,17.94,5.93,11.16
900445,27876.27,2303.5,-1.23,500.0,79285.32,10419.82,51.94,5,697.72,2,4.32,89.5,65.08,19099.46,8031.1,14.0,6.83,6.23
900446,78892.25,6548.51,3.1,11438.36,52180.26,7338.78,32.2,8,598.75,5,10.11,90.1,37.74,22820.04,22290.74,18.1,9.32,12.75
900447,66771.4,5510.18,4.22,12668.94,30767.55,5563.6,27.36,5,772.05,0,8.16,94.36,37.25,14573.71,8369.12,4.92,4.68,5.14
900448,35768.91,3000.42,0.46,4112.59,62926.91,12676.62,44.87,5,717.4,0,0.0,99.15,63.13,8130.0,8142.3,13.55,10.36,3.62
900449,102351.84,8486.66,4.06,23140.97,10160.14,1453.54,14.95,5,850.0,0,0.0,100.0,24.31,21071.93,7571.21,11.67,5.79,7.07
900450,67660.1,5616.09,1.09,23682.65,31594.26,6567.61,21.85,5,664.86,5,10.35,77.83,39.03,21144.57,13898.23,13.74,5.67,8.55
900451,70477.4,5988.21,3.79,21305.25,33800.2,7274.32,36.5,4,591.08,6,11.25,86.5,47.08,21548.49,9966.13,11.26,5.32,10.83
900452,101414.37,8653.31,9.86,23418.89,27144.69,5006.4,22.86,6,815.31,1,4.37,100.0,11.25,25433.68,17174.59,15.15,5.9,4.38
900453,55708.53,4640.66,-0.12,8297.24,36215.18,7770.04,41.47,7,515.09,8,8.02,78.59,57.55,11613.74,5952.75,10.32,3.53,3.4
900454,27062.26,2304.91,0.93,5679.39,71794.91,10580.81,53.53,4,470.35,9,14.33,80.6,60.78,8701.61,11446.18,12.17,5.5,3.38
900455,127091.71,10725.54,12.13,29298.43,26992.67,2749.79,14.18,7,740.17,0,0.0,100.0,47.01,22424.84,17937.23,11.41,6.86,10.57
900456,41449.72,3445.52,0.2,10784.94,51243.8,9298.08,36.34,2,636.56,5,5.64,88.09,43.52,2008.52,7342.04,2.68,1.34,4.19
900457,26008.79,2183.73,1.14,500.0,70500.51,12349.16,40.87,4,683.99,5,4.37,100.0,53.05,11103.99,7541.37,6.72,2.43,5.58
900458,27063.35,2230.12,-2.14,2686.44,60362.52,13065.84,51.21,4,424.95,9,10.76,70.94,83.16,17408.26,0.0,8.65,6.46,0.0
900459,115613.78,9718.95,6.1,25033.58,2754.34,1409.64,26.02,5,564.76,8,5.43,76.98,52.45,14987.43,11726.95,9.57,4.9,7.15
900460,70071.76,5860.52,5.31,17767.86,34607.89,6778.59,31.29,8,630.79,4,8.14,94.25,45.42,14001.95,16698.95,16.15,8.5,5.39
900461,67285.04,5641.98,4.04,18237.38,32183.67,5653.27,37.18,6,546.77,4,15.76,75.47,43.11,18687.26,9199.57,17.36,7.83,8.33
900462,80703.81,6691.39,5.68,17596.75,27129.06,6586.34,24.67,4,835.49,0,0.0,100.0,23.14,16825.0,9118.53,6.47,6.38,8.68
900463,61913.34,5219.18,3.37,19646.69,17246.83,5360.01,31.99,5,591.14,5,12.48,84.3,27.83,24971.02,20281.72,14.69,6.04,8.04
900464,105968.55,8710.43,6.43,29887.45,4730.13,1539.37,19.51,6,484.53,9,10.82,76.74,34.82,17110.82,11294.67,7.71,6.79,3.99
900465,66967.5,5578.01,1.29,15872.45,66173.5,5918.94,33.06,6,759.24,2,3.13,96.99,41.27,17470.48,7278.26,4.76,5.03,4.93
900466,81201.07,6757.16,4.1,20158.61,29509.29,4006.0,29.43,7,511.27,7,9.91,64.59,51.09,25176.38,13842.37,12.66,7.79,7.47
900467,80115.12,6647.75,6.68,14356.69,32174.95,8702.66,31.71,5,536.17,7,7.11,78.61,52.23,19487.06,5077.14,7.0,4.52,2.19
900468,42259.62,3560.44,6.58,13561.28,47029.75,8936.62,40.71,6,598.45,8,2.94,83.75,38.29,14414.37,9374.71,11.96,6.71,7.17
900469,66092.67,5431.32,4.06,10241.29,58482.97,9331.33,33.69,7,645.89,2,3.12,92.24,45.78,19919.94,13570.96,15.25,6.92,4.36
900470,68950.87,5627.08,6.94,18385.46,37438.16,3590.9,32.02,4,850.0,0,1.91,100.0,25.66,14177.97,13287.58,9.96,7.59,7.87
900471,56911.81,4721.78,4.05,12794.64,57193.37,7909.93,29.08,6,797.53,1,3.65,99.66,43.79,24805.19,6888.07,21.34,12.36,12.05
900472,100655.05,8327.63,4.2,20990.22,0.0,8051.54,22.66,6,663.96,1,6.29,89.95,29.47,15060.42,15960.08,16.16,10.32,10.34
900473,99367.1,8229.13,7.81,30596.3,14949.75,2256.71,13.52,7,588.83,5,11.13,91.08,26.06,23967.99,14996.66,13.43,8.58,10.5
900474,97072.92,7978.44,4.47,24388.65,31995.19,4385.01,26.72,6,783.14,4,5.67,100.0,34.77,15852.35,19014.28,14.59,7.2,7.3
900475,55341.76,4681.98,3.29,13493.08,37161.26,7094.37,30.56,5,582.18,5,7.24,79.81,47.23,1858.91,1390.23,1.66,2.82,0.03
900476,46738.25,3895.63,4.67,9789.44,62997.79,10120.13,47.23,5,743.62,1,0.0,95.71,49.0,18666.84,10032.7,17.69,8.27,6.64
900477,57507.71,4718.06,2.58,10897.63,43710.25,7019.75,37.43,2,639.83,1,6.72,92.84,58.96,10392.55,2721.07,3.99,3.44,4.74
900478,84151.76,7101.37,5.9,16735.77,37949.51,4881.93,25.31,6,559.45,6,9.69,77.95,28.95,17940.48,10450.61,14.98,6.04,14.01
900479,80532.73,6656.55,6.71,15500.57,23897.44,1994.03,24.31,6,720.46,0,3.92,94.94,31.77,37525.06,19550.64,16.85,9.37,8.06
900480,94228.43,7901.66,6.13,21811.23,19137.06,3460.1,29.07,7,480.03,9,13.25,71.73,43.66,18012.4,12060.51,9.63,7.97,9.19
900481,30197.22,2508.6,2.15,8105.55,53765.82,10728.69,43.51,6,496.37,8,13.68,75.7,51.47,11342.08,9809.95,9.13,7.92,6.29
900482,79833.57,6625.79,0.52,19494.66,42440.09,3281.18,34.23,6,850.0,1,0.0,96.78,31.17,10968.29,16182.01,12.07,8.35,4.62
900483,94829.74,7963.56,9.87,26265.84,9323.11,3940.53,23.62,8,825.64,1,4.83,100.0,26.78,23211.49,18675.46,10.62,7.82,5.12
900484,82819.76,6873.06,4.75,19948.48,36476.25,4102.55,32.54,6,733.33,1,0.0,100.0,39.79,23126.68,13860.6,16.23,8.42,9.13
900485,34679.23,2911.93,4.09,10351.34,60890.26,5959.58,36.23,5,560.17,4,11.61,86.61,50.1,13051.4,4334.85,14.37,3.61,3.82
900486,36310.88,2979.29,1.55,9281.77,42968.0,6146.92,35.16,6,514.21,6,11.54,81.38,64.74,5521.65,0.0,2.99,0.2,2.95
900487,22806.22,1907.11,0.36,500.0,76258.66,12445.15,47.51,7,490.51,3,8.42,76.93,57.05,18897.19,6832.5,12.45,7.31,6.6
900488,42423.79,3526.31,0.31,13871.73,66915.65,6608.13,37.98,5,643.32,4,0.64,89.31,48.92,11544.76,4479.66,9.99,4.87,3.53
900489,88500.9,7399.54,6.68,24571.37,14787.44,2031.1,25.11,5,595.92,5,8.75,87.71,33.62,22111.78,13984.12,7.12,3.84,9.55
900490,38816.13,3224.54,4.21,10257.57,45352.73,8062.88,44.26,4,805.39,5,0.0,92.02,37.4,16580.79,6824.02,10.35,5.1,4.14
900491,108450.66,9141.05,5.33,19046.25,27166.32,5303.88,24.93,5,528.16,6,12.97,75.99,40.62,19977.57,21085.35,15.47,8.27,11.78
900492,78853.26,6597.16,3.69,24529.13,11157.61,2869.23,12.99,3,821.54,3,6.99,89.7,31.71,9827.51,5222.92,2.61,3.75,6.15
900493,79242.88,6645.32,5.44,21265.73,29564.12,6379.57,26.89,5,624.1,3,6.22,92.42,43.31,11748.07,571.52,7.61,5.74,4.23
900494,39027.3,3272.54,5.94,6451.46,54184.74,8864.34,34.9,5,462.84,8,9.79,76.97,41.5,5418.87,5455.83,7.33,2.82,5.38
900495,112366.59,9346.76,7.34,34944.26,7710.73,3348.92,24.88,10,832.21,1,2.19,99.92,36.02,42104.51,27059.92,25.89,11.95,15.85
900496,86820.76,7175.81,-0.05,24987.98,23450.52,7145.48,26.31,4,538.08,8,7.13,75.94,40.36,16592.84,8613.01,5.7,7.8,5.23
900497,85776.87,7043.57,5.69,25341.56,22286.68,6821.99,27.99,7,635.36,5,0.0,84.84,38.1,24807.29,16547.31,14.17,7.49,8.23
900498,59760.9,4950.42,3.35,15214.25,34383.88,8134.82,34.71,6,687.35,2,4.2,86.92,61.19,20497.33,6076.43,9.29,4.78,7.03
900499,40273.43,3366.97,-0.32,2647.48,50712.53,12803.81,46.97,4,486.23,7,11.04,72.12,66.68,19146.47,9029.69,15.07,4.79,6.58
900500,64836.81,5400.34,6.96,23320.79,11642.26,5796.78,21.25,4,703.76,0,2.94,100.0,31.52,16599.35,2388.25,7.85,2.64,5.2
900501,76854.83,6350.01,2.24,21953.14,28423.36,6355.89,32.59,4,652.98,3,0.0,99.58,31.87,24710.66,16176.71,12.53,9.0,9.4
900502,32464.64,2730.07,0.08,5494.73,59904.21,10575.58,50.83,4,304.3,16,14.34,61.96,56.06,19532.99,10429.17,14.72,6.73,4.02
900503,70001.02,5829.83,4.48,17979.9,43308.22,9432.92,22.27,7,724.58,2,6.58,92.59,34.59,32170.63,11595.61,18.85,9.21,9.5
900504,79850.26,6611.33,7.22,12193.93,39243.34,5360.35,25.61,8,795.07,0,4.94,100.0,36.34,20414.87,7589.92,12.61,7.6,12.61
900505,22062.76,1826.1,0.98,4273.87,59262.31,9952.25,44.08,4,625.12,5,1.65,85.45,55.37,4984.26,0.0,3.93,4.25,4.47
900506,60937.49,5113.44,0.33,20127.87,21641.07,4508.72,47.56,5,612.16,8,6.72,85.57,41.77,11934.04,14392.5,15.13,7.72,6.7
900507,65666.27,5417.76,5.04,11743.25,42477.21,7016.27,29.09,3,567.72,3,5.72,84.58,57.55,6464.4,2367.79,7.18,0.74,3.46
900508,56215.85,4651.84,4.91,18966.49,35814.1,7892.09,28.64,6,699.48,2,0.6,97.9,20.96,22852.87,25694.67,17.26,6.57,10.77
900509,65322.22,5411.14,4.81,20998.4,41035.02,6474.55,42.25,7,628.01,1,0.0,84.19,44.49,19651.71,12246.1,13.72,9.05,8.85
900510,48750.28,4041.23,2.34,12296.34,42216.27,8874.39,31.89,5,514.17,7,12.69,71.26,52.13,4918.44,10055.24,8.15,3.62,7.13
900511,55887.82,4634.89,2.15,16615.02,40967.44,10262.91,38.76,6,647.91,5,0.0,86.85,49.44,21202.55,11322.94,10.14,6.88,6.16
900512,38601.75,3223.97,1.88,10916.43,35412.79,8990.49,40.06,2,450.44,8,10.86,72.11,56.31,3623.42,822.86,0.5,3.02,0.0
900513,109410.49,9001.82,7.41,24994.96,5324.08,991.95,16.06,4,850.0,0,0.0,100.0,10.47,20850.12,19137.85,13.93,3.11,9.48
900514,72433.95,6016.84,2.78,21538.02,32608.01,6157.5,25.01,6,642.42,5,3.44,92.71,45.11,20747.74,15564.81,13.52,5.72,10.89
900515,64056.83,5374.79,3.59,9474.11,45884.54,9264.91,38.66,5,503.32,8,7.93,64.53,57.47,13169.29,9288.96,6.63,1.63,5.33
900516,67307.61,5581.49,7.27,17794.72,42230.19,4767.7,42.12,10,785.26,0,0.0,100.0,26.45,31602.84,24592.28,29.11,15.94,15.45
900517,94630.95,7870.83,2.53,24705.81,37595.38,3315.81,26.45,4,585.82,5,10.23,78.6,53.83,20420.66,10887.74,9.14,5.11,8.17
900518,93374.28,7903.06,6.54,20521.12,36936.07,8585.04,23.02,7,403.23,11,19.33,63.86,40.18,23942.1,16703.49,15.77,8.26,10.27
900519,60249.18,5029.73,3.35,1264.92,52363.38,10031.87,37.39,5,754.3,0,0.0,100.0,49.83,18738.42,12221.29,12.0,8.24,6.19
900520,95900.7,8011.93,10.39,32668.7,28490.61,4728.24,20.87,7,850.0,0,0.0,100.0,26.79,29720.27,23607.97,20.18,12.38,12.33
900521,87222.94,7348.88,3.04,16861.36,35071.11,2563.05,39.82,8,638.66,2,9.73,84.53,44.6,30245.59,15213.83,22.77,12.69,11.99
900522,87128.02,7267.66,1.89,22636.18,9003.77,6303.79,26.1,5,540.92,3,8.97,83.75,32.72,15355.33,14130.8,2.19,3.44,5.34
900523,53274.75,4359.11,1.27,7218.66,43295.81,7309.12,32.64,3,701.35,5,4.09,94.08,50.13,11016.35,10090.27,8.05,6.92,2.21
900524,90258.33,7597.29,2.74,22658.14,24497.26,6854.88,30.87,5,453.9,10,18.29,66.89,59.88,15922.84,7383.55,8.84,3.38,4.86
900525,74296.95,6295.1,-0.88,14380.33,61756.01,7086.15,48.28,8,533.0,7,9.58,78.02,62.1,21583.62,18040.66,26.38,11.96,12.07
900526,33477.47,2803.96,-3.56,5227.9,55077.55,10756.53,48.6,4,469.62,6,19.16,75.52,72.05,14585.96,0.0,11.52,7.42,8.24
900527,124095.2,10298.58,8.17,22961.06,0.0,3141.5,9.72,6,675.17,3,10.25,81.27,29.49,30542.52,15866.23,17.47,7.37,12.24
900528,85498.01,7130.84,6.6,22731.47,43089.05,3097.55,23.66,7,772.5,0,0.0,100.0,20.71,23803.13,11473.64,12.46,4.07,6.25
900529,76862.2,6437.04,5.73,16853.08,25502.79,8638.3,19.51,8,645.29,3,2.96,91.19,35.1,32613.0,19042.89,22.54,11.47,10.5
900530,140463.48,11828.08,9.02,39067.93,0.0,0.0,8.88,7,775.52,0,5.84,95.05,9.76,29539.21,19648.26,11.6,7.24,8.12
900531,24409.29,2042.26,1.32,8550.47,62140.67,13526.6,39.26,5,850.0,0,0.0,100.0,51.2,11885.08,8910.83,7.98,3.96,6.77
900532,36059.01,2988.83,6.4,11422.58,40992.69,8836.8,35.51,5,540.48,8,6.23,83.28,52.87,6914.91,5545.69,11.48,3.95,4.34
900533,15000.0,1258.53,0.23,4004.16,58809.16,11435.02,49.72,6,733.37,4,10.38,92.81,64.06,11402.71,2801.83,12.35,7.33,10.11
900534,57579.84,4730.39,2.34,11821.2,34103.02,7527.21,39.51,6,656.72,4,6.2,95.26,45.67,21495.72,10037.97,12.42,7.62,11.84
900535,111597.94,9206.32,3.76,29743.53,0.0,0.0,14.22,4,800.19,0,4.11,100.0,27.84,20603.18,16417.6,9.1,2.55,9.75
900536,69258.46,5896.83,4.57,18539.34,1837.06,3331.99,22.64,6,720.82,3,0.77,95.79,36.54,3084.45,1664.18,5.09,2.64,0.48
900537,100817.33,8345.16,1.97,15326.08,23874.22,7075.89,27.71,6,608.44,7,11.98,83.24,51.37,27517.6,13342.89,12.39,6.0,9.53
900538,47264.14,3980.68,1.71,12864.01,47796.49,6558.46,34.54,5,545.35,5,4.93,82.06,75.13,10014.42,10714.07,9.31,4.2,5.73
900539,34502.22,2873.62,2.78,7711.06,48326.44,9353.3,45.28,4,574.12,8,8.93,86.01,60.15,10063.76,10768.69,4.85,2.75,2.2
900540,40601.56,3435.45,3.59,13856.21,33421.34,9451.06,36.86,5,623.41,6,5.73,90.16,57.48,26471.44,17327.28,14.47,8.04,7.78
900541,111984.23,9517.08,10.77,27456.99,15663.94,980.11,23.38,5,677.03,0,3.06,90.92,19.91,13671.56,16893.43,3.85,2.73,3.69
900542,62465.66,5217.87,7.06,19657.48,33706.87,2933.97,23.79,5,748.96,2,2.5,100.0,45.69,10049.52,722.81,3.72,3.23,7.24
900543,99157.54,8422.99,2.6,19090.1,37606.02,2913.51,28.7,7,606.86,6,12.19,87.26,28.13,35406.77,22158.87,21.75,10.15,6.92
900544,17451.07,1450.32,0.9,500.0,52757.38,10871.38,42.9,4,612.02,6,11.35,82.15,61.38,13792.43,8104.86,11.5,6.48,4.03
900545,96684.84,8119.7,3.84,18976.86,24603.54,7073.23,33.39,6,616.01,5,10.95,77.71,51.43,18786.57,6590.3,12.02,7.39,9.32
900546,39922.86,3342.56,4.24,7685.93,59194.33,7617.0,43.62,6,705.47,2,3.21,94.28,54.0,14877.38,8164.6,12.5,8.22,8.0
900547,56144.87,4647.21,5.21,12640.7,41358.77,6390.08,26.48,5,539.37,8,15.08,72.86,55.8,7670.75,3169.3,0.7,5.66,5.95
900548,91858.04,7633.38,6.52,27036.63,24964.44,4365.55,18.83,5,768.24,2,0.62,98.83,38.78,16886.1,13032.27,7.12,6.78,4.59
900549,75896.02,6460.45,3.44,14617.29,17727.31,1086.91,22.84,6,658.14,5,10.33,84.21,41.88,22010.19,12601.91,9.57,5.56,3.6
900550,86638.03,7243.17,8.03,23061.99,25451.28,7794.28,32.38,5,579.02,8,8.24,81.0,42.33,22735.45,13033.64,11.7,6.18,8.51
900551,58425.95,4930.92,2.95,7882.34,45920.67,5263.03,37.02,2,561.37,5,11.38,78.23,58.38,508.6,8006.07,0.95,0.88,1.05
900552,42660.4,3537.27,4.97,6680.46,26555.84,5549.4,37.32,7,638.03,3,3.27,96.03,37.22,21406.72,5405.13,14.91,8.16,6.56
900553,88734.85,7242.82,3.25,17138.41,39881.49,10001.71,28.76,6,608.75,7,9.42,87.16,29.96,24218.01,19992.57,16.19,8.44,9.55
900554,101706.97,8473.97,7.78,19080.63,2460.54,4534.45,13.57,6,729.94,4,5.43,96.91,34.21,24720.72,18290.51,11.63,8.17,9.29
900555,59367.36,5028.82,2.65,15336.08,40471.17,7129.62,40.14,6,638.07,3,7.02,87.34,40.78,14201.15,12515.33,14.28,7.93,10.69
900556,61104.42,5162.7,4.16,18929.02,22514.6,7149.27,33.02,5,725.56,1,0.0,99.87,30.48,13789.03,6341.38,6.51,5.22,5.4
900557,93624.79,7766.87,8.09,11751.97,32482.88,2314.48,27.66,7,850.0,0,0.27,100.0,23.01,22158.02,17367.72,20.39,12.74,13.82
900558,64919.32,5438.85,2.54,21252.17,45818.44,9007.35,36.87,6,405.51,13,14.52,79.51,45.73,22306.89,14696.02,16.56,8.3,7.32
900559,65420.17,5419.92,6.45,17267.81,35054.42,3372.4,29.52,4,592.16,6,4.5,76.71,61.39,12812.43,5524.17,11.98,2.45,6.42
900560,62471.48,5252.44,2.86,12427.18,41140.91,5579.62,26.91,4,576.87,6,9.07,82.53,65.75,4579.79,3108.0,0.73,4.93,2.5
900561,57003.11,4749.54,7.0,10198.44,45030.95,3659.68,33.14,6,547.81,3,11.0,82.75,43.04,22404.06,17383.78,22.35,9.57,8.72
900562,75946.22,6373.62,5.86,15351.8,41322.99,5231.49,30.93,6,478.78,8,17.19,75.29,49.6,16847.85,14270.13,13.0,7.8,8.12
900563,45432.34,3832.58,2.94,9589.65,48908.55,6971.55,30.93,3,607.38,8,9.06,81.73,57.61,8373.03,5808.91,8.55,7.49,7.18
900564,74775.06,6337.38,2.58,14361.45,30697.57,9258.89,30.81,5,737.27,6,10.67,88.31,40.04,19330.83,11841.58,12.14,6.17,6.72
900565,68308.47,5742.89,6.07,21162.19,26202.88,5888.67,21.05,5,850.0,0,0.0,100.0,26.05,24317.01,13714.98,12.04,5.99,3.81
900566,61052.89,4996.92,4.45,15607.6,28667.15,8105.64,39.22,5,656.83,7,8.62,80.58,53.25,11088.38,8800.84,11.46,7.73,3.46
900567,54515.84,4495.41,5.96,14998.11,25547.07,10673.17,35.91,4,704.26,3,9.81,85.25,40.04,6803.16,3056.99,7.63,3.5,3.75
900568,75256.23,6420.32,9.16,11134.58,31643.49,7884.64,30.34,7,656.43,4,3.26,92.63,33.59,18085.47,14896.48,9.88,5.67,8.23
900569,84840.68,7053.53,7.82,24221.31,31999.15,3519.32,23.62,7,612.14,6,10.34,85.25,52.36,26014.7,12264.64,12.85,9.25,9.49
900570,82225.59,6843.24,3.31,19910.02,19531.98,3797.41,19.13,6,461.97,7,16.15,68.29,45.23,14542.37,8076.9,7.68,4.91,5.9
900571,15000.0,1242.88,-0.8,500.0,60779.75,11646.38,53.93,3,489.09,6,8.74,74.91,79.62,3105.11,0.0,8.19,2.48,8.69
900572,74135.65,6257.35,9.0,17817.71,20351.15,4864.26,24.08,6,799.35,0,0.0,100.0,30.95,17076.04,13170.45,6.78,6.71,6.0
900573,41675.39,3480.71,0.29,11527.68,35674.68,7353.6,35.45,3,806.06,2,2.86,95.04,40.16,9078.42,2153.5,8.4,2.93,3.69
900574,103927.56,8610.86,9.07,23887.65,16407.49,3659.01,27.77,7,685.52,4,1.76,83.02,43.07,31499.5,25796.61,20.05,10.61,14.63
900575,36548.96,3073.37,1.78,4308.43,53114.0,6947.81,44.15,2,654.72,4,4.5,89.26,66.92,6682.9,1101.61,3.61,3.72,2.12
900576,70440.55,5785.29,5.51,12224.75,35075.31,5426.94,44.61,8,751.13,7,5.9,86.79,35.34,18130.8,8655.29,18.82,11.03,7.12
900577,80847.51,6748.92,3.69,17870.96,38831.32,6160.82,36.09,9,805.69,0,2.45,100.0,35.08,25653.7,11807.86,18.29,10.79,10.44
900578,18069.49,1511.07,0.82,2227.85,90954.52,11335.0,51.24,4,510.07,11,14.23,75.62,66.04,10692.16,0.0,7.4,3.51,2.18
900579,108095.4,9057.5,10.94,26833.42,16830.22,4881.36,25.63,11,749.01,2,5.99,93.15,16.95,40421.6,31036.97,25.52,13.69,15.82
900580,89257.6,7547.03,3.65,22924.81,29374.77,4886.18,35.17,7,583.19,7,5.44,78.99,49.84,20613.5,18151.13,13.25,9.81,6.6
900581,40561.3,3431.03,-2.25,10620.78,40714.43,7077.7,36.64,4,553.74,6,6.95,88.03,38.75,19186.39,9038.51,7.6,6.91,8.1
900582,50912.14,4240.27,3.17,9198.5,57713.41,8347.71,39.91,5,769.3,0,0.0,99.56,40.38,14167.69,4131.76,7.9,5.04,8.86
900583,65119.78,5464.0,3.32,16133.54,35551.03,8762.68,29.49,6,541.39,5,8.53,88.11,42.93,17340.46,3983.98,3.87,5.25,2.59
900584,73737.69,6193.87,8.61,15571.23,10282.93,3618.15,29.37,2,491.13,9,9.25,84.76,48.18,11642.26,7656.28,2.53,1.73,0.77
900585,69253.78,5708.28,5.37,16875.3,28184.1,6142.53,29.84,4,514.76,8,15.14,74.84,34.83,15220.09,15146.41,1.9,7.04,4.21
900586,91456.28,7550.59,7.25,18591.91,31810.97,4405.31,33.86,6,577.39,7,7.76,78.91,56.87,24315.38,18275.66,16.31,7.92,8.61
900587,105407.78,8808.39,3.72,18910.78,7876.47,393.26,27.76,5,777.84,0,5.35,95.09,25.65,14820.77,8288.1,10.93,6.47,10.08
900588,86245.57,7274.95,6.32,20032.46,28799.12,4022.23,32.78,5,589.49,8,13.48,88.83,46.01,17508.45,11336.07,12.67,4.29,7.85
900589,15462.8,1294.94,-0.19,500.0,82020.89,17001.98,54.49,6,565.88,4,5.02,87.22,69.42,15432.44,5485.1,18.59,7.19,9.36
900590,112112.45,9262.22,4.51,27229.8,7515.64,4025.77,19.71,6,629.35,3,6.11,84.31,35.54,18516.43,16098.08,10.51,8.79,5.38
900591,106221.52,8827.67,7.61,24486.11,11466.57,5671.68,21.5,7,597.45,1,7.63,87.81,28.2,25940.44,13057.78,11.5,5.59,5.32
900592,34887.34,2881.14,4.44,16223.19,46013.66,9014.67,27.4,2,609.27,4,7.1,91.52,59.86,3395.22,1489.59,3.32,2.54,7.6
900593,64066.57,5378.28,3.67,14802.14,41110.08,1793.79,27.19,4,766.11,1,12.52,79.84,53.98,10895.11,11338.12,6.77,2.8,7.18
900594,80277.29,6704.04,7.18,19654.92,8725.8,3843.27,24.12,4,788.32,2,3.96,100.0,34.38,16522.25,16271.38,9.31,4.59,11.35
900595,37382.0,3047.76,-0.49,8714.52,52675.39,10245.22,37.82,5,720.65,4,6.42,84.96,47.42,20603.71,6433.49,17.74,5.85,9.65
900596,109818.46,9184.57,7.72,31159.65,2252.08,1082.66,20.35,4,634.59,5,14.76,86.37,36.88,17830.51,9900.68,4.27,2.8,6.06
900597,54503.3,4531.38,2.26,12363.81,26992.11,6281.36,37.95,5,767.16,0,1.38,91.5,41.48,16370.93,10966.85,9.41,8.02,8.59
900598,59902.22,4950.94,3.51,14952.0,35863.68,7872.42,32.83,3,511.12,9,10.82,66.62,55.13,12188.22,13730.27,12.08,2.65,5.17
900599,42122.98,3486.28,4.03,2579.86,51846.32,8494.43,43.22,5,644.22,2,6.82,87.21,65.14,9521.82,10894.41,9.69,4.45,2.79
900600,86353.27,7201.73,5.53,15234.31,32795.59,7708.24,20.58,6,704.73,6,5.34,87.25,40.58,16022.69,12603.45,11.98,6.73,9.83
900601,108489.7,9063.42,5.68,32420.74,15552.77,1835.43,17.84,7,749.65,5,8.39,94.61,24.9,29246.98,17896.99,12.14,11.32,10.88
900602,85771.75,7190.2,8.53,19251.8,12966.39,5431.05,13.11,3,581.54,3,7.04,82.29,52.91,12332.28,14508.24,7.74,4.36,6.12
900603,68021.64,5625.23,3.43,14261.33,30841.44,6997.4,38.75,3,704.67,0,2.39,98.96,40.97,8837.96,11834.0,6.59,1.38,4.72
900604,33146.03,2753.18,-0.84,5909.52,73299.02,12825.53,37.91,6,608.41,3,9.1,76.02,63.63,12400.71,0.0,15.83,7.23,6.72
900605,80418.25,6711.59,1.69,14171.26,45975.97,6546.62,43.8,6,649.34,4,7.79,80.6,52.71,24013.08,8303.85,16.56,7.6,10.1
900606,44864.88,3742.86,3.12,12467.78,33632.39,6704.93,29.04,7,805.08,2,1.45,98.19,27.5,14937.56,13152.68,16.69,9.81,6.05
900607,67896.96,5712.91,2.91,23020.87,43967.79,5535.37,28.17,6,736.7,1,2.4,89.82,47.12,15442.58,9949.93,6.75,4.41,8.39
900608,51320.76,4325.67,0.23,4380.82,42357.85,9593.97,42.92,5,561.09,2,3.92,84.57,45.55,11640.78,5464.1,13.6,7.24,8.27
900609,116598.34,9948.71,4.9,27848.26,24872.56,1198.02,24.57,6,643.66,2,3.44,91.26,32.15,27069.9,11787.04,12.9,8.02,9.97
900610,72897.74,6109.45,5.13,10854.97,32386.77,7177.86,33.86,7,544.13,8,12.12,80.19,49.09,27408.02,14405.95,12.44,8.99,8.94
900611,65999.76,5494.03,7.12,15176.2,26317.78,5338.37,33.15,4,617.17,6,9.08,87.28,55.32,14892.29,10704.07,3.9,4.9,6.03
900612,58541.46,4854.46,0.94,6976.79,53313.82,6278.68,31.21,6,444.55,10,20.8,72.11,69.22,18416.28,7564.72,11.92,8.72,7.84
900613,62134.44,5106.07,6.27,11419.06,51180.04,5353.51,32.65,5,610.25,3,3.25,87.09,58.22,13889.36,14763.59,12.54,8.78,7.01
900614,77066.36,6457.67,8.38,24696.27,30017.61,4185.12,29.63,7,773.82,4,6.76,94.1,42.81,27580.3,19244.16,17.0,8.28,8.33
900615,46060.37,3812.23,5.96,9960.03,72318.2,5719.06,44.04,7,660.79,3,4.46,91.97,56.82,30548.27,10154.21,19.69,12.31,12.22
900616,48284.55,4001.31,5.23,15617.78,30794.98,9110.37,32.97,4,793.95,1,9.15,99.39,43.19,9386.45,11302.12,4.26,3.44,5.31
900617,68895.91,5774.97,1.11,8661.06,52318.63,6145.88,35.96,4,393.28,11,13.3,68.02,67.55,13038.1,7734.23,11.41,7.94,3.92
900618,69634.66,5774.54,1.34,14173.95,36201.1,5145.72,33.47,5,752.32,0,0.54,94.61,42.02,17004.54,16617.56,10.42,6.45,8.67
900619,67279.17,5541.99,8.7,20915.41,9519.23,2124.64,25.69,7,805.66,1,3.76,99.45,28.12,12205.05,11874.48,12.17,5.41,6.39
900620,59543.25,4975.91,7.89,18869.78,29315.5,3321.03,36.67,4,726.35,7,4.91,85.02,41.79,15960.88,6994.22,11.97,6.36,8.34
900621,81666.28,6901.48,6.97,20538.28,7516.95,5338.02,29.11,6,584.46,8,4.33,85.04,53.16,18897.91,16170.48,12.04,5.97,6.17
900622,49565.95,4168.4,1.36,11341.42,53305.24,10295.06,42.16,5,580.1,4,7.1,81.68,46.08,23272.23,16761.88,16.9,8.94,11.45
900623,45735.33,3792.74,1.41,6848.42,59265.24,8972.15,40.48,4,617.57,7,4.06,90.08,78.07,6102.83,0.0,7.93,5.61,1.36
900624,56105.05,4632.97,3.84,4319.98,56423.83,6367.36,30.45,4,628.98,8,12.59,86.67,68.1,2985.13,5879.75,2.46,0.63,0.43
900625,15000.0,1257.72,-5.65,500.0,50132.73,9584.4,47.1,3,548.37,1,8.99,83.5,63.11,10360.19,0.0,4.71,3.01,3.37
900626,52214.4,4384.11,3.62,7884.91,49163.15,7625.21,37.64,7,726.18,5,0.0,94.78,34.49,23469.79,15224.42,11.24,10.24,10.82
900627,97146.55,8012.05,4.95,22563.25,32374.77,3357.22,21.36,6,663.72,3,3.32,87.99,40.26,26833.66,17360.22,17.1,8.63,11.57
900628,99897.53,8282.16,7.57,22073.88,12807.27,3716.36,15.94,4,676.53,5,13.78,81.19,34.18,16202.82,15771.6,3.15,5.43,5.13
900629,34909.48,2935.7,-3.02,518.91,72725.79,9602.45,48.34,3,538.46,7,5.43,82.2,65.4,11633.17,0.0,15.99,9.24,5.94
900630,73648.89,6189.67,4.05,13801.15,28401.61,7291.6,31.63,5,654.89,5,6.35,97.06,40.89,7792.46,3628.48,2.29,3.77,5.15
900631,86908.04,7293.25,6.86,21627.8,20642.02,7180.44,35.22,3,612.68,6,9.26,88.43,48.26,9218.51,6782.1,3.53,5.75,4.31
900632,15000.0,1257.66,2.34,538.53,51257.55,12048.22,53.28,5,614.31,4,4.56,87.81,66.36,922.41,0.0,2.11,3.6,3.42
900633,77131.45,6383.99,3.74,15643.54,18513.01,5801.27,29.71,8,544.54,4,15.25,80.84,53.31,10723.58,5883.77,9.95,5.44,9.86
900634,90626.91,7597.63,4.25,15209.9,23040.55,6804.23,19.52,6,591.78,7,9.38,92.11,35.49,30143.93,22970.03,23.29,12.74,16.39
900635,86183.63,7144.69,9.78,21288.67,15902.66,6030.31,23.71,8,687.92,1,9.31,92.96,34.25,23587.08,17768.21,12.93,7.7,10.11
900636,86237.92,7167.39,3.54,27776.48,29484.65,1708.68,18.6,5,623.93,2,0.0,89.35,33.56,23415.47,22482.55,10.35,5.0,7.35
900637,58671.8,4925.22,2.75,9313.53,39755.66,12183.62,36.51,6,614.16,6,5.28,81.89,49.56,21465.83,9362.15,18.59,8.78,9.76
900638,32415.52,2728.67,0.46,4960.25,54950.99,10642.32,43.18,3,641.89,9,8.93,71.19,38.13,9657.3,0.0,9.74,3.37,5.14
900639,49506.47,4071.32,2.85,17168.14,20936.93,5249.43,29.56,4,572.0,9,10.52,82.87,47.45,18407.01,15238.67,7.78,6.01,6.26
900640,85219.6,7028.55,1.97,20206.16,16484.41,6824.51,30.27,6,675.05,4,2.87,94.74,40.14,25548.08,15782.85,14.68,5.12,8.05
900641,152408.84,12771.36,11.22,31653.24,0.0,0.0,17.65,8,650.24,5,12.84,75.95,5.51,31041.44,17812.5,17.39,7.52,9.58
900642,25078.75,2035.71,5.12,8910.88,59047.64,9566.24,42.89,6,657.07,3,5.69,99.97,58.46,13665.28,6381.47,10.7,6.69,4.11
900643,41822.23,3564.17,0.77,9027.11,34499.58,8341.22,39.71,4,773.69,1,7.22,95.56,56.11,8657.98,597.48,6.63,2.92,2.2
900644,80050.02,6630.21,6.25,15820.49,37136.29,6954.12,37.46,6,647.19,5,11.86,90.37,45.41,21958.87,12761.32,16.38,8.88,7.03
900645,76458.26,6152.04,1.42,12278.25,44734.36,6817.24,39.97,7,746.6,0,0.0,91.22,29.47,18229.28,11658.93,16.3,7.51,8.27
900646,15000.0,1265.72,-0.43,3508.36,71134.18,13309.8,44.26,3,310.73,12,14.22,64.61,69.54,609.35,2881.0,3.47,1.68,3.89
900647,44783.76,3718.55,3.49,3574.09,36581.06,10497.2,34.95,3,571.47,2,9.41,87.25,40.78,11554.85,11009.2,8.45,5.09,7.24
900648,93155.79,7689.11,5.0,20710.28,21303.36,4370.6,26.0,3,604.69,4,2.45,89.7,51.56,12275.5,4537.36,3.01,0.23,2.83
900649,60780.52,5010.86,2.05,8533.6,42311.05,8009.46,42.83,7,714.08,8,3.76,83.65,36.64,32586.47,19320.92,19.02,12.14,11.0
900650,87224.73,7207.19,5.09,19712.17,23228.74,3399.93,32.41,7,773.98,3,9.94,86.98,43.14,20296.2,18982.37,14.5,7.23,6.21
900651,56889.51,4694.79,2.01,12193.67,18916.22,6099.06,26.81,2,711.23,3,4.62,89.67,49.82,1795.61,0.0,0.5,0.2,4.53
900652,125323.41,10493.01,7.94,35984.07,0.0,2420.47,14.27,4,577.64,9,12.52,71.24,40.28,20279.31,11473.83,6.26,2.33,4.03
900653,67370.63,5650.4,7.59,11452.19,53191.79,4210.9,39.83,2,548.77,7,13.72,87.26,54.81,15022.18,4802.81,8.62,7.11,4.12
900654,69339.28,5759.81,4.48,25368.8,19225.31,2987.27,34.58,6,642.57,5,4.12,88.68,50.96,25024.67,10041.93,11.04,9.2,7.26
900655,42674.5,3578.71,-0.98,3903.95,65599.34,9180.88,47.06,8,470.93,8,15.55,74.56,67.51,24805.43,11948.68,11.55,7.29,9.75
900656,35994.98,2985.17,-1.04,10232.36,52764.54,11582.68,39.99,7,595.36,5,10.37,79.93,43.83,24609.36,18115.49,23.45,12.47,10.08
900657,31753.91,2657.1,-1.42,4626.57,65870.44,7126.31,40.62,4,520.25,8,7.13,80.81,66.56,7654.38,1096.26,8.89,5.51,7.0
900658,27470.44,2247.7,0.26,11293.47,46983.42,7536.61,41.7,8,671.59,7,5.82,84.39,53.47,19415.6,8418.04,19.18,10.77,10.04
900659,36152.43,3021.25,1.79,13484.9,47734.46,5199.63,30.45,5,626.41,6,10.11,86.34,41.55,10266.59,2395.46,9.38,3.91,0.4
900660,53207.51,4396.01,3.56,7799.97,50872.12,9195.63,34.52,3,567.76,5,9.33,85.62,48.25,9990.27,6500.21,5.93,2.85,1.51
900661,38656.72,3222.22,0.32,2595.13,56467.31,9625.03,40.69,4,616.04,6,9.24,91.53,45.45,9507.33,10482.1,11.25,8.12,6.32
900662,29361.75,2476.77,3.63,18337.18,55809.65,10234.85,32.74,3,737.34,0,1.16,97.27,45.51,14349.15,3365.43,2.64,3.58,0.0
900663,68139.1,5669.0,3.36,13585.62,32940.39,3919.3,28.3,6,566.68,8,5.03,85.38,41.86,19886.26,14893.47,12.17,6.61,12.85
900664,45232.93,3828.02,4.12,9663.66,48029.33,9713.77,26.53,6,788.62,0,0.0,100.0,46.02,6744.95,2331.55,4.63,1.02,1.36
900665,82537.78,6855.8,7.9,20298.43,24922.59,1024.37,20.73,5,598.93,7,10.53,80.9,43.06,19851.3,15139.19,7.4,3.78,5.31
900666,75404.62,6307.44,3.57,16481.37,15654.6,2282.15,18.34,4,659.16,6,10.73,82.15,23.03,17593.39,15140.11,7.47,4.53,7.2
900667,60270.83,5043.48,4.21,14876.67,43534.74,7850.49,34.47,6,503.5,9,6.36,78.32,46.1,24763.32,11537.67,9.17,4.79,4.61
900668,70910.8,6077.38,6.4,14092.8,33762.52,6996.77,36.35,5,567.47,8,10.05,80.99,33.36,13977.11,12905.05,12.0,5.19,0.0
900669,86202.62,7209.71,6.54,28426.34,17024.96,6254.87,20.06,5,676.67,5,15.84,82.11,40.29,38034.78,24038.71,20.44,9.83,13.6
900670,91699.62,7739.88,5.08,28345.53,24300.21,931.31,16.92,5,788.04,1,3.67,100.0,27.34,22087.12,11971.46,11.79,5.5,10.24
900671,129189.79,10668.01,12.07,35520.15,0.0,0.0,4.11,9,850.0,0,0.0,100.0,15.61,42523.55,27678.0,21.75,11.42,16.68
900672,116887.84,9705.25,3.49,27439.19,0.0,1418.43,24.14,6,683.87,1,8.05,83.13,29.99,15379.99,14723.56,8.38,5.35,7.74
900673,61178.12,5098.88,2.79,12227.07,41724.22,7551.81,29.77,3,426.51,9,18.71,72.96,72.75,18454.1,3062.15,7.17,2.76,1.54
900674,37091.71,3092.36,3.72,7093.08,42982.36,9490.37,43.47,5,774.94,6,8.59,84.75,47.69,19656.07,6199.5,12.24,5.81,8.68
900675,75440.65,6351.61,5.46,12751.01,54815.48,10756.7,38.23,8,765.34,0,6.21,100.0,41.33,33237.63,18789.76,23.0,12.48,16.43
900676,29531.34,2482.13,3.89,500.0,65796.75,8605.92,48.8,6,849.19,0,0.0,100.0,33.17,19436.98,13181.21,18.66,9.65,7.08
900677,52904.49,4409.08,1.07,12689.4,46173.14,7042.86,34.74,7,602.58,6,10.6,86.76,57.71,21321.87,9174.28,7.97,4.65,7.55
900678,63732.28,5167.5,-0.36,8422.07,52720.29,6145.88,36.98,4,504.41,3,8.07,80.27,71.76,16591.42,9067.26,11.91,7.66,8.33
900679,78777.06,6587.01,4.56,28508.09,11485.68,4214.09,18.57,6,837.16,3,3.91,96.6,27.67,19590.31,13974.61,4.52,3.91,8.04
900680,43218.38,3572.07,1.04,16791.51,55574.69,6853.63,35.72,4,688.82,0,1.06,89.81,36.74,14543.12,3170.16,9.18,3.98,3.7
900681,76062.16,6352.09,4.21,21311.5,15450.91,5357.52,26.37,4,606.56,9,10.1,82.21,39.66,23052.31,11990.77,5.47,5.99,7.22
900682,88377.85,7350.82,10.02,20508.74,17856.4,0.0,38.57,6,760.24,2,0.0,94.09,25.42,29619.61,12311.53,18.35,9.35,8.6
900683,50709.12,4243.2,-1.96,10592.29,42289.78,8447.72,33.27,8,708.96,3,4.19,91.95,46.99,22375.83,19121.87,19.26,9.12,14.77
900684,58429.94,4912.36,2.4,18246.59,39021.96,5995.49,31.88,7,490.81,4,13.36,83.68,51.7,23478.0,12316.02,21.67,9.2,10.19
900685,69593.04,5869.11,4.5,19476.39,28245.3,6755.36,38.01,7,850.0,0,4.91,100.0,38.54,25167.02,19031.04,18.19,11.22,9.35
900686,81445.29,6755.08,7.77,13298.75,26865.18,3402.27,30.82,6,746.04,2,0.0,95.69,38.16,16741.34,13971.55,11.95,9.15,9.61
900687,55603.85,4564.89,2.55,12469.52,42202.62,7000.69,35.04,4,535.7,5,7.11,84.1,41.35,7289.27,5840.89,5.0,1.34,6.09
900688,56981.79,4591.16,5.81,7487.76,65492.62,8478.84,34.91,5,602.54,4,11.67,84.78,68.89,15220.96,7814.04,11.43,6.62,8.02
900689,48753.01,4121.35,3.65,14487.38,43901.11,9028.64,42.38,6,702.23,1,3.37,92.21,43.0,17390.31,15016.2,12.48,7.64,11.92
900690,86898.69,7306.33,5.74,22354.82,19967.96,2504.53,34.06,6,588.55,4,7.07,85.97,45.08,11621.61,8227.23,6.69,2.05,3.37
900691,45495.61,3754.49,-0.37,7587.61,64267.89,10236.21,48.02,6,616.26,7,9.48,77.86,57.13,23136.41,13377.35,15.71,12.09,10.42
900692,29145.46,2392.98,2.31,5248.62,50868.51,10326.97,40.2,4,585.65,6,11.12,84.05,71.53,13568.78,9244.22,7.65,4.42,0.0
900693,64628.08,5318.72,2.55,13071.65,41592.77,10472.43,33.25,7,507.7,10,13.46,74.51,48.24,16493.6,11150.47,10.95,7.36,6.26
900694,123308.8,10145.94,7.81,23186.35,7864.83,3503.55,21.34,6,762.98,3,1.99,87.91,10.23,28805.98,21467.32,18.31,9.13,8.61
900695,109206.12,9032.61,7.36,16211.16,22256.61,2573.71,27.22,5,769.62,2,0.0,100.0,48.61,22289.59,16249.63,16.7,7.53,9.45
900696,63930.66,5283.42,3.02,10201.23,38378.92,7458.49,39.92,6,533.6,6,7.01,84.89,53.94,15644.29,3880.33,14.53,8.27,4.74
900697,72639.52,6108.97,7.23,25641.8,21178.83,3334.78,24.2,5,609.8,3,7.46,87.52,37.25,19255.68,10668.43,4.76,4.69,10.05
900698,95437.41,7838.96,9.59,24126.0,23571.83,3341.74,36.06,8,737.71,3,1.03,98.86,28.18,23884.93,17766.97,18.18,10.22,13.02
900699,15000.0,1259.22,-1.46,500.0,80569.41,11155.45,51.36,4,779.1,2,2.77,97.11,38.13,11860.05,7649.22,18.4,12.1,10.04
900700,84424.21,6993.22,3.2,8878.37,28350.59,6979.79,35.25,4,467.34,5,13.01,76.36,47.61,14142.42,5489.12,3.24,4.19,5.13
900701,87877.34,7323.92,4.11,12779.62,17074.59,5633.21,25.44,7,615.06,3,13.66,79.17,44.08,16549.74,10817.51,10.26,3.81,7.55
900702,98257.24,8289.22,6.93,19254.96,2130.51,4577.77,18.35,5,417.16,4,9.36,69.79,45.37,16345.19,4914.14,2.18,3.25,7.28
900703,85167.05,7189.94,6.1,23924.64,30564.29,4619.7,27.8,5,555.58,8,13.38,79.07,47.21,16770.48,12690.12,8.02,4.07,8.63
900704,84737.47,7013.65,4.24,24368.74,14696.84,6534.42,15.51,6,773.19,1,0.0,96.14,38.62,18862.72,12713.66,8.87,4.24,6.55
900705,15000.0,1252.43,-1.5,11341.38,70336.58,10746.47,46.24,4,538.11,5,12.32,84.2,54.89,12166.97,6047.18,12.27,5.87,4.14
900706,56660.22,4797.52,3.18,13723.69,33894.84,8657.17,37.35,4,530.48,11,12.77,77.07,66.77,8476.06,5996.3,3.75,7.2,1.94
900707,65541.52,5480.49,1.88,21078.96,30201.35,3755.89,23.9,4,792.15,0,0.0,100.0,38.12,21656.96,14226.73,13.86,5.17,8.24
900708,107321.62,8974.52,10.64,24441.12,2638.42,0.0,12.39,7,794.34,0,3.6,96.84,26.2,22642.45,16678.02,14.16,7.44,9.72
900709,44094.38,3654.88,3.15,10106.07,41411.82,5837.74,36.56,6,666.18,4,9.71,90.5,66.27,7948.32,7488.06,8.13,3.46,3.21
900710,83935.37,6979.46,9.26,22231.49,26567.7,4164.67,14.77,5,828.61,0,2.98,100.0,24.54,25002.89,12838.33,11.12,5.32,11.38
900711,96557.29,8050.38,3.44,20880.73,22447.93,6304.74,29.14,5,519.53,8,14.34,80.45,44.62,16023.61,9974.12,7.74,5.17,7.19
900712,94677.46,7959.84,3.48,26370.49,11718.56,4914.64,19.64,9,615.56,3,9.32,93.96,28.33,29584.09,24111.94,23.32,9.1,15.55
900713,83912.74,6920.67,4.82,23841.81,21698.28,5233.62,21.24,4,655.08,3,8.28,80.77,30.25,22758.98,12563.54,17.31,8.23,7.67
900714,100472.22,8327.24,6.43,26141.85,0.0,5724.2,29.27,8,592.58,6,6.65,90.26,60.96,16887.12,15590.78,9.56,5.91,5.06
900715,70721.28,5824.9,6.22,18788.23,26234.9,4326.02,27.63,5,570.54,4,7.01,77.85,42.2,14127.28,4576.63,9.27,4.35,5.54
900716,66328.39,5504.81,1.83,8713.41,68045.8,10137.31,41.27,7,659.15,2,8.19,78.4,53.52,22574.02,12813.04,25.59,10.32,12.44
900717,32388.66,2694.2,3.26,16916.91,68322.52,10719.49,41.5,5,653.66,9,8.72,87.35,62.17,23078.84,10634.12,15.74,9.54,7.61
900718,77262.66,6529.02,2.81,15520.19,28660.61,4716.45,28.68,6,410.32,8,10.79,76.69,28.28,22889.06,10402.55,10.14,7.45,5.23
900719,39974.95,3348.34,1.83,4138.92,54420.24,7519.42,45.56,5,637.41,0,0.0,94.21,48.53,15453.18,0.0,10.62,2.85,6.06
900720,111005.43,9160.51,6.76,27151.34,0.0,3323.3,13.06,5,700.21,5,0.89,84.75,44.09,16979.19,12482.2,9.39,4.59,6.28
900721,90701.06,7742.31,7.16,20279.74,31077.24,5986.32,17.09,6,605.4,3,7.23,84.97,56.37,25262.06,15577.87,16.66,5.87,8.17
900722,92955.53,7767.47,3.66,20769.35,19530.22,7814.63,25.44,6,715.08,6,1.13,87.13,38.17,20146.96,7797.4,14.03,7.18,8.35
900723,72727.19,6188.91,2.47,18642.42,38981.2,9099.96,39.64,6,564.92,9,10.78,81.43,53.38,23050.17,8900.46,19.06,6.7,7.93
900724,67061.66,5621.47,2.58,10051.15,36731.83,5600.92,36.87,6,642.61,4,7.99,81.17,49.14,21572.72,11332.83,17.25,7.81,8.38
900725,98965.49,8230.9,4.9,27760.2,33304.33,4968.78,20.77,6,850.0,0,0.0,100.0,1.0,22433.3,16250.88,9.97,9.83,14.98
900726,72833.14,6061.97,6.15,16439.2,29447.42,5769.66,29.81,7,674.24,4,9.75,87.22,55.26,31867.3,17778.18,16.09,9.19,9.53
900727,36080.98,2992.8,5.28,6213.25,57622.94,8143.69,28.91,5,497.04,5,11.61,76.53,56.97,12270.69,2299.46,3.77,5.07,4.11
900728,89761.22,7520.26,6.25,27927.28,18324.07,4321.85,21.87,5,659.66,4,4.9,92.89,31.97,9145.85,14540.61,9.66,5.66,7.24
900729,49915.45,4135.98,0.82,14390.22,29327.65,6704.07,38.71,4,692.13,4,2.7,89.8,30.0,20762.93,7007.39,0.5,1.0,4.49
900730,36862.73,3068.75,5.15,6852.92,29023.09,4686.97,31.21,3,599.82,2,11.7,79.18,40.3,8962.52,7620.64,3.77,3.55,2.4
900731,68721.54,5695.22,5.37,16711.1,40734.31,9449.22,38.81,6,568.98,7,8.71,76.12,46.98,27142.8,20491.21,15.94,9.31,10.21
900732,81539.73,6832.39,4.26,16743.9,26854.34,4391.04,31.96,8,850.0,0,0.0,100.0,22.71,27901.27,24512.96,21.81,13.24,12.61
900733,96425.11,7993.02,8.79,21978.46,24815.62,5832.29,15.63,8,803.27,0,3.91,100.0,23.54,27277.95,19990.78,13.47,9.35,13.85
900734,59214.09,4958.84,3.93,14998.67,52495.77,7793.52,28.57,8,721.64,5,0.93,89.54,41.41,24410.13,19789.35,14.07,8.4,9.57
900735,56863.25,4796.37,4.23,10380.14,52988.36,10388.34,35.42,6,603.52,6,8.43,77.76,59.29,18986.89,7029.96,9.26,5.56,2.56
900736,62914.99,5285.08,4.37,16762.16,39628.97,6132.14,34.99,5,755.89,4,0.0,100.0,41.1,21947.37,11152.56,8.28,8.34,9.76
900737,59208.18,4834.3,4.34,22885.34,32674.97,5306.3,23.32,3,668.3,5,6.61,91.72,48.8,10995.79,5237.67,0.5,1.26,2.73
900738,44925.0,3684.93,-1.35,10328.59,38125.09,5374.19,37.41,4,699.62,1,0.47,100.0,58.98,5427.48,2881.36,0.5,0.81,3.72
900739,37008.31,3064.01,-1.7,764.37,45783.15,7883.1,37.48,5,580.77,4,13.87,87.83,56.95,15524.4,908.57,12.93,7.99,9.0
900740,68272.18,5670.99,2.63,15210.33,40738.76,4447.08,38.23,6,517.09,3,10.88,89.21,46.46,18479.44,16505.45,21.08,10.6,8.53
900741,60673.4,5132.16,2.61,16494.32,24993.18,7212.66,33.14,4,665.74,4,9.31,89.63,43.65,13030.27,7074.38,4.75,3.34,8.46
900742,24782.9,2062.14,5.02,4427.4,49866.94,8347.9,37.23,1,702.47,5,8.9,88.18,66.89,9532.04,5914.4,7.35,4.04,3.5
900743,38952.98,3233.31,1.77,500.0,62101.39,9540.06,51.12,5,518.52,7,15.26,72.7,61.23,16925.56,3458.4,14.46,8.13,6.8
900744,46986.29,3886.29,1.8,5814.47,29820.22,7423.04,36.3,3,578.01,7,7.47,79.72,68.78,11443.78,4394.37,5.79,1.82,2.99
900745,59924.57,4947.55,-0.89,14821.62,53438.12,8053.83,33.94,6,353.23,11,12.93,69.2,43.59,9146.89,10348.24,11.13,4.94,6.02
900746,70354.63,5963.84,3.72,10995.73,27549.84,3342.15,27.82,4,820.58,0,3.17,94.0,37.01,13325.63,8276.18,8.84,4.18,3.4
900747,55816.17,4624.09,2.48,9335.33,54089.16,8844.57,49.72,4,534.95,6,13.98,80.49,66.75,15490.77,8262.07,12.14,7.81,5.32
900748,86068.27,7078.37,4.26,24006.81,32025.33,7574.7,33.49,7,535.26,7,19.33,69.02,60.33,27894.09,22919.14,15.87,7.08,10.32
900749,23041.72,1912.63,0.96,3831.88,71663.78,13019.18,50.51,6,494.65,7,12.98,68.2,68.87,18034.42,9812.4,15.56,8.24,10.06
900750,67185.95,5596.2,-1.02,19051.87,45694.97,7960.04,30.02,8,628.28,6,5.69,79.1,43.73,26279.44,16104.46,20.43,10.2,10.41
900751,78288.84,6497.27,6.8,18065.72,43269.75,7338.96,24.0,5,704.08,4,8.67,86.79,44.2,21837.56,13221.91,11.87,4.58,10.54
900752,119213.88,9902.17,4.35,26763.76,7514.73,2072.21,17.16,6,536.84,5,9.76,76.75,41.3,24582.83,14073.55,10.42,5.23,10.46
900753,83189.91,6857.79,7.26,20890.99,3698.52,5698.19,22.39,5,662.56,5,1.43,86.25,43.18,14836.99,13929.24,4.61,4.3,4.93
900754,15000.0,1247.97,2.79,3404.13,61778.73,11515.56,40.31,7,555.34,7,7.72,83.89,67.67,15514.79,6824.95,11.11,5.01,6.05
900755,78452.31,6589.03,6.25,12726.89,21650.56,8711.6,21.74,5,504.06,1,8.75,80.96,34.73,4002.55,9423.13,3.84,1.1,4.39
900756,38375.54,3178.16,2.23,14872.11,30279.57,4224.4,31.87,5,715.17,3,5.59,92.36,56.64,18874.75,10669.15,9.97,4.68,4.66
900757,65458.46,5412.44,3.52,22486.59,16898.53,7346.68,29.39,6,763.88,2,7.16,98.84,21.99,14116.54,6542.87,7.34,4.04,7.63
900758,86888.96,7294.77,4.3,22627.85,21159.14,5815.25,20.22,5,703.99,4,9.78,89.72,39.93,7817.64,14706.33,6.15,3.12,6.23
900759,70707.9,5933.53,0.68,9753.54,45887.44,7431.85,32.13,6,458.42,9,10.24,72.11,59.45,9559.09,4991.18,11.13,3.31,4.25
900760,41156.1,3482.44,-0.55,3905.77,47148.71,10504.9,44.45,7,641.64,4,11.33,81.42,48.82,19587.65,9217.69,15.65,11.03,8.26
900761,59775.58,4951.13,1.93,9913.11,31682.07,7213.55,42.54,7,724.66,5,1.89,97.66,22.89,20430.7,13006.42,14.0,7.61,11.63
900762,68098.93,5697.37,0.63,15492.85,35236.88,7179.04,30.33,5,509.2,5,9.29,77.78,42.14,16673.6,9093.22,13.28,5.55,6.52
900763,58379.67,4839.86,1.21,5107.62,36167.4,7337.99,32.28,2,654.19,1,7.17,85.54,47.95,16139.16,9462.12,8.59,3.26,4.25
900764,49688.29,4131.63,0.07,15493.1,56612.04,9375.14,43.88,5,546.81,5,10.5,77.63,65.23,11762.63,8383.34,10.99,7.88,3.64
900765,65558.81,5411.53,4.91,11909.7,47354.1,4869.59,28.28,6,698.82,1,8.99,96.62,50.97,18616.39,10171.03,16.65,9.37,10.27
900766,64197.26,5369.1,6.12,16063.79,33792.11,7959.95,30.76,5,677.85,1,5.53,100.0,31.08,19174.35,15833.25,11.33,7.49,8.05
900767,49674.75,4127.77,2.81,21699.83,42808.41,5812.5,31.29,7,704.72,6,2.57,96.88,55.65,27753.86,12211.1,12.19,7.0,6.54
900768,106831.69,8839.41,7.91,19204.24,22788.65,7248.39,22.12,3,681.99,3,6.66,93.81,45.17,15048.26,15955.32,4.48,4.73,7.33
900769,108321.01,9059.96,7.62,26315.27,23702.35,4742.53,23.91,6,724.93,7,0.33,90.83,38.05,30594.84,20626.58,14.26,7.87,11.44
900770,55743.43,4625.71,2.38,14439.89,51464.75,6812.28,47.72,5,611.39,7,8.97,80.69,45.96,3250.19,7250.04,9.63,4.41,9.28
900771,31442.57,2628.63,-0.09,7646.1,52309.55,5477.23,45.42,5,571.25,7,0.95,92.66,38.9,13412.56,1942.75,3.97,6.48,3.72
900772,69349.23,5756.91,6.59,14497.09,28552.78,8166.12,30.55,5,649.93,1,4.27,93.88,37.45,18782.48,9277.81,12.04,5.5,8.99
900773,53463.34,4505.49,0.08,13280.34,32638.53,8764.2,43.01,4,710.16,3,1.99,90.54,35.01,20701.26,13482.41,16.92,10.94,7.28
900774,96603.39,8137.34,6.11,21641.77,18793.63,6426.84,21.52,7,606.88,1,4.39,86.18,49.76,29559.18,16356.09,14.42,12.28,6.39
900775,76855.19,6399.26,7.11,12592.55,31651.22,8601.09,38.5,5,697.39,3,4.64,88.17,40.41,16394.74,7050.34,11.82,5.78,8.09
900776,88334.57,7390.43,3.96,17379.3,19520.06,7731.72,32.02,5,610.23,8,9.2,83.29,53.47,15613.21,12716.64,14.23,4.23,6.78
900777,15000.0,1252.02,0.21,500.0,80881.54,11869.88,55.14,3,388.35,8,18.56,58.98,59.75,4576.65,0.0,3.02,3.92,6.22
900778,73201.8,6206.91,1.47,11859.55,36501.41,9385.11,36.32,5,630.9,8,10.85,83.98,40.87,25247.44,4801.4,12.99,4.26,5.74
900779,97599.28,8073.04,2.74,19612.76,20651.16,5235.66,29.74,6,428.38,11,16.09,65.59,65.51,19966.71,10508.35,12.31,7.78,5.3
900780,26930.37,2269.5,3.04,12729.39,59534.3,8276.78,34.97,6,768.93,0,0.0,100.0,48.67,16797.48,8652.46,11.6,8.17,8.42
900781,77159.85,6481.04,4.43,16434.97,32689.15,7662.34,28.02,6,721.05,2,2.35,92.95,45.15,18815.78,14992.19,14.76,8.47,7.98
900782,100263.84,8287.34,8.24,24479.59,19627.93,5489.01,32.92,7,588.48,4,6.84,84.25,35.07,20310.11,10466.03,7.24,3.25,9.38
900783,62534.94,5254.22,1.03,19190.43,31986.65,9216.13,31.03,8,603.7,5,13.53,80.39,45.4,25425.05,14638.58,10.93,10.67,11.59
900784,66418.67,5540.7,-0.79,2782.37,74201.72,12214.32,54.69,8,618.46,7,10.08,75.4,62.07,27629.12,13460.43,25.78,13.79,11.04
900785,74098.8,6198.82,5.93,20833.4,48560.66,4700.07,26.93,6,754.64,3,4.79,93.7,33.47,26951.45,17652.31,12.4,9.6,13.84
900786,90224.47,7595.47,2.83,21510.83,32529.64,4951.02,32.0,7,660.58,3,6.25,90.69,38.24,28961.41,18851.9,15.71,9.13,10.4
900787,105945.8,8821.36,4.26,16222.39,42256.28,10214.09,28.56,8,460.95,12,18.11,67.63,61.96,26047.17,22398.27,18.63,12.34,6.4
900788,68203.05,5765.12,7.09,16592.71,34941.01,3498.28,24.66,4,563.55,3,8.43,78.56,45.45,10794.74,4482.99,4.42,4.12,5.81
900789,65694.26,5517.89,9.72,17281.32,50349.3,4144.42,25.18,6,696.18,4,8.6,90.6,42.06,29261.58,16456.13,14.62,5.49,7.08
900790,48414.09,4070.63,4.89,13683.83,60989.44,7230.54,38.32,5,714.7,5,3.3,89.49,47.15,18132.63,12203.42,13.93,8.14,9.96
900791,36596.6,3068.85,2.15,8429.82,34792.34,8726.32,38.69,5,594.99,6,5.7,80.0,49.67,19841.33,1140.54,10.72,5.9,4.44
900792,24856.88,2143.86,-1.13,7231.47,42371.04,9465.2,44.13,3,850.0,0,2.46,100.0,61.35,4066.53,5840.67,6.49,3.84,5.97
900793,76027.67,6425.8,7.35,13435.48,34148.43,3419.01,26.43,5,790.57,0,2.97,96.79,37.03,16146.44,15169.51,10.04,6.78,9.65
900794,92784.41,7820.99,0.5,14819.08,31305.41,5925.35,32.69,6,594.99,10,17.94,80.91,49.66,25014.49,16848.6,17.1,13.81,9.61
900795,47976.62,4059.69,4.43,16307.12,41881.24,4527.63,25.96,5,717.74,4,3.41,92.26,43.89,14663.66,12662.65,14.77,6.76,9.27
900796,71725.54,5978.02,2.26,19377.56,22082.86,6323.5,23.1,5,717.15,0,5.74,92.08,44.32,15041.29,12778.68,13.36,4.75,8.1
900797,72662.27,6082.94,6.33,15330.17,33437.12,2530.22,33.64,7,652.19,4,5.93,93.54,36.22,24086.42,15694.09,18.55,8.87,7.91
900798,51453.63,4287.55,-1.36,9351.28,54546.09,6356.66,32.83,3,595.43,10,4.84,77.12,64.61,5691.34,5470.21,7.09,3.36,4.5
900799,59185.34,4859.8,1.33,11380.35,45381.74,7896.19,41.42,7,527.36,11,11.73,72.8,53.84,23540.08,4339.85,17.34,9.86,5.78
900800,76794.75,6466.29,4.68,12076.15,36866.98,5707.46,23.67,5,467.82,4,5.65,74.68,48.07,11057.73,6767.38,5.35,5.58,5.26
900801,96929.31,7982.38,6.79,21861.18,1174.72,805.49,17.01,5,845.06,2,3.19,100.0,34.18,20552.99,18900.41,13.93,6.83,13.47
900802,39834.04,3289.46,2.8,13384.67,52130.38,8197.2,23.06,6,770.34,0,0.0,100.0,42.93,20526.49,11261.95,12.95,6.37,9.09
900803,76203.15,6283.38,3.19,7413.92,35049.79,7127.04,38.69,7,429.55,12,12.24,68.16,49.24,20694.92,12310.59,13.04,7.9,8.03
900804,40567.83,3391.62,5.76,5629.55,57670.43,9546.41,40.54,5,526.18,7,10.44,74.78,50.73,21705.7,4342.72,8.98,7.7,3.9
900805,38050.22,3173.99,-0.26,15385.07,21349.37,6257.28,21.61,5,639.89,6,3.42,86.14,58.13,5175.6,2898.03,6.28,3.7,7.22
900806,92183.09,7663.96,4.36,21272.5,25952.99,4252.3,26.59,3,667.91,6,5.61,81.35,28.98,18913.98,11766.36,8.61,5.95,7.71
900807,15000.0,1246.05,-2.43,500.0,79608.45,13083.27,59.42,4,458.73,9,16.01,70.9,83.71,14519.96,5804.67,13.39,6.75,0.58
900808,82277.52,6678.58,3.63,18963.22,26282.18,5710.88,28.81,6,575.63,5,6.97,83.5,44.19,13480.97,10489.82,7.16,6.06,4.93
900809,63163.83,5278.11,1.7,16606.18,44557.99,9430.3,29.4,3,716.71,2,1.25,87.48,49.02,10983.7,12067.76,11.23,6.52,3.21
900810,51613.59,4360.11,3.21,10494.37,45116.17,8837.17,39.21,6,651.95,2,4.51,87.43,50.65,13928.56,10474.32,6.64,7.34,6.2
900811,77887.63,6456.53,3.26,14993.64,20282.19,5720.49,32.1,8,690.94,2,12.28,98.12,37.08,27264.22,15191.09,18.0,8.2,11.16
900812,59252.0,4884.5,4.95,18759.44,33464.26,5395.53,33.18,4,773.89,2,2.14,90.13,40.07,11144.74,8128.15,2.81,3.94,7.66
900813,78688.98,6642.94,4.52,20897.13,36493.82,6634.78,29.9,6,651.08,4,6.29,93.4,34.26,28643.6,16522.79,12.79,9.09,9.2
900814,97879.55,8234.4,0.7,18318.95,16209.6,1585.23,21.86,5,808.84,0,0.0,100.0,36.84,8594.22,7964.21,4.2,2.01,6.06
900815,79897.41,6730.51,3.61,22094.67,39262.15,1799.82,22.99,6,626.21,3,14.01,91.09,46.75,27682.29,11241.17,15.62,7.65,8.34
900816,15000.0,1248.48,-2.66,2295.15,52693.26,13418.21,45.57,5,402.62,8,15.32,68.55,68.32,4243.52,6297.21,9.47,4.05,7.88
900817,58369.12,4937.77,9.38,15367.43,42505.39,6396.76,36.19,5,708.58,1,12.4,89.59,50.47,13714.0,8523.74,5.24,5.49,4.92
900818,63467.07,5319.03,3.71,20188.46,24568.82,4130.22,29.22,5,735.1,3,4.91,87.36,36.8,11450.61,8722.97,8.27,4.88,7.07
900819,80617.19,6760.3,4.44,19931.69,38622.4,6280.98,20.39,6,701.83,0,0.0,100.0,32.92,21505.92,13742.66,14.99,5.76,9.4
900820,38455.85,3219.85,1.25,6539.28,49063.05,11192.6,33.42,5,548.32,5,7.87,83.57,54.02,4565.03,4883.32,11.08,7.38,4.92
900821,97718.15,8206.7,5.58,25449.71,0.0,1830.32,24.74,4,762.68,6,0.0,93.62,38.63,19369.85,8540.57,5.57,2.32,7.61
900822,89778.67,7521.03,6.89,23115.43,1440.51,1480.66,26.46,5,614.18,9,2.56,79.05,55.25,9854.83,8403.0,3.6,2.0,5.37
900823,54708.05,4519.8,1.39,18027.21,38497.81,10561.05,39.29,6,559.75,8,12.17,77.73,58.07,14717.79,8541.46,10.92,7.25,1.34
900824,119843.82,9860.03,13.15,32622.5,0.0,1243.96,4.49,6,763.11,2,11.96,83.02,13.79,20978.2,14378.39,6.73,5.4,9.32
900825,38405.08,3225.78,1.81,500.0,50906.03,9779.05,33.61,8,671.42,2,7.79,91.16,52.51,16707.82,10778.39,12.06,7.74,8.82
900826,68929.45,5810.14,2.01,14861.32,28336.67,6659.1,29.54,6,671.83,5,3.68,90.84,45.91,20893.04,6951.18,9.89,6.46,2.26
900827,57975.32,4949.37,5.23,15986.2,24552.64,2907.86,31.24,3,690.09,3,3.57,92.9,41.45,17783.71,13567.79,9.79,5.0,2.45
900828,95389.51,7801.25,3.31,19868.37,32286.92,9002.97,34.26,8,686.17,5,6.59,86.8,36.79,33987.67,16710.38,25.65,10.22,10.4
900829,56594.29,4629.7,0.72,3825.14,66854.82,10665.34,45.71,9,549.69,9,7.16,83.01,53.55,19103.17,15482.66,19.53,9.65,6.84
900830,48014.86,3992.58,0.02,9042.5,37247.9,6899.06,29.97,5,776.72,3,1.84,94.19,47.6,12496.91,9183.63,8.4,6.56,6.95
900831,107049.01,8867.85,3.95,24641.89,14316.27,4788.59,18.32,5,677.89,3,8.88,83.57,44.62,25915.31,12315.8,11.92,6.65,11.54
900832,63310.07,5305.74,4.98,12297.45,19398.72,5524.07,26.15,4,510.34,7,7.74,83.69,53.85,6412.05,11475.7,5.42,4.96,5.8
900833,113400.88,9408.9,8.61,19103.25,16929.37,3739.5,25.65,7,798.13,1,1.29,92.5,34.02,27375.65,17155.24,16.27,6.92,10.75
900834,80598.9,6675.61,4.94,24741.88,10430.6,816.3,22.88,5,786.87,0,2.7,100.0,38.06,30229.35,14006.16,15.39,6.24,6.39
900835,68418.21,5675.38,1.37,9353.19,66821.3,7753.12,40.15,5,580.65,2,8.56,95.83,35.93,25186.92,12149.97,23.12,11.4,10.39
900836,43325.04,3640.97,-0.36,7986.95,58697.42,7576.08,52.11,4,470.32,10,19.22,66.03,58.65,7700.99,622.56,2.85,2.39,0.0
900837,53327.49,4417.27,1.12,12001.49,39426.37,5043.96,34.46,4,760.76,1,1.22,98.4,46.19,9867.42,14375.04,6.17,4.5,8.44
900838,61709.95,5164.5,5.42,13732.09,22246.91,3723.87,31.3,5,669.52,6,3.98,81.36,43.25,10288.34,12447.4,9.19,5.05,9.44
900839,89392.19,7383.67,2.88,33806.8,10294.29,1018.46,22.31,6,850.0,2,0.0,99.13,36.19,25427.32,19333.85,16.29,9.11,11.72
900840,78670.81,6424.55,4.1,10204.88,37298.95,7938.32,44.95,6,391.16,10,19.07,63.1,72.56,18904.5,9379.42,12.42,5.58,8.62
900841,61223.03,4997.61,5.09,6421.25,51995.24,6668.75,38.08,6,834.01,0,0.0,99.87,41.13,24523.13,10638.76,14.8,9.25,14.02
900842,86833.36,7274.58,8.62,19010.7,20884.85,7164.43,23.67,6,828.24,4,6.08,93.61,25.45,24980.2,16068.67,13.24,8.5,14.39
900843,105081.4,8661.13,4.03,23644.14,6966.51,4293.59,21.26,3,573.9,7,11.69,75.21,45.04,23132.26,15202.37,6.27,5.98,8.65
900844,110993.41,9175.18,6.15,26876.79,0.0,789.28,20.07,6,850.0,0,4.73,100.0,35.45,18945.5,13632.62,14.19,6.04,9.34
900845,55905.4,4687.19,0.04,11246.07,46448.55,7941.42,35.49,4,667.29,4,14.3,96.66,53.46,13630.08,3251.75,10.02,7.19,4.64
900846,86496.87,7270.35,5.96,18434.06,59051.47,6621.35,30.61,8,555.37,6,7.74,82.12,47.85,28334.15,14054.71,22.27,10.87,12.04
900847,104404.08,8736.26,3.52,23477.14,39465.41,6188.02,21.86,9,780.83,0,0.0,99.91,16.1,34941.07,22270.54,28.3,13.61,15.59
900848,19840.68,1658.03,1.15,2565.03,44049.68,7656.89,41.98,4,692.25,0,4.74,100.0,59.4,11350.34,2672.05,5.88,2.44,3.7
900849,65422.9,5503.71,5.4,11294.6,10926.82,4534.93,37.27,5,551.39,5,15.6,82.47,26.87,24272.25,5158.65,9.92,4.5,7.98
900850,20795.97,1753.67,-0.74,500.0,66314.56,11608.5,47.29,3,511.38,6,9.79,81.52,62.99,11197.42,5207.02,12.79,4.51,7.06
900851,18861.57,1569.77,1.31,7658.47,62080.08,9809.44,47.03,4,721.44,4,6.39,90.29,62.97,5974.07,9043.37,11.72,6.97,6.78
900852,67375.64,5655.18,2.59,7784.47,57179.21,6241.68,28.28,6,690.99,4,4.71,87.62,52.59,22721.61,13469.83,20.05,8.45,12.34
900853,34823.91,2923.59,2.06,7106.7,54704.36,8836.87,41.87,5,850.0,0,0.0,100.0,25.9,19182.3,6806.93,11.94,7.37,11.71
900854,68555.11,5639.74,-0.39,13649.93,26640.49,5265.27,30.9,6,838.36,0,4.88,99.79,49.4,20771.9,24047.32,23.67,9.34,12.9
900855,59350.4,4923.37,3.44,15688.82,20007.82,4877.22,20.52,4,623.36,2,3.57,79.57,44.41,12286.84,2831.2,1.94,0.32,5.72
900856,51874.47,4309.11,-2.27,13364.89,41065.8,6327.88,34.8,6,840.43,0,0.0,100.0,29.8,15029.06,17480.06,13.79,7.23,2.71
900857,50968.38,4217.33,0.56,8691.73,52832.27,6237.08,35.8,6,564.48,5,4.95,82.65,43.86,14754.94,14431.5,11.96,7.87,7.16
900858,89089.72,7354.14,6.81,22030.7,29352.8,5568.39,31.3,6,799.47,2,0.0,100.0,26.05,24259.84,24741.59,15.83,8.37,14.3
900859,73046.79,6215.69,1.66,12849.28,32486.54,4755.7,26.29,5,650.02,3,5.0,100.0,35.84,21490.67,6276.21,8.43,3.03,10.17
900860,113198.23,9415.57,6.45,23456.73,0.0,721.52,15.37,4,609.56,7,6.85,78.38,22.93,21842.99,14467.01,9.83,4.19,6.71
900861,79139.62,6570.03,3.65,23453.59,21419.46,5585.71,26.13,6,503.07,8,11.77,71.7,49.76,14773.88,14378.2,6.01,1.86,5.92
900862,15000.0,1255.4,3.08,998.56,69859.02,14511.21,53.52,4,333.4,9,19.29,68.51,77.81,11335.15,0.0,10.96,6.61,5.96
900863,75682.69,6366.5,0.92,10867.62,43235.76,8705.15,38.43,6,693.71,0,2.0,93.7,32.64,31266.82,22368.25,18.54,9.85,13.92
900864,49629.76,4135.78,0.38,4555.77,51782.96,6972.81,43.55,4,679.57,4,4.99,88.66,41.34,8597.75,8008.83,3.41,3.1,1.99
900865,33689.37,2837.31,2.28,5795.24,48775.82,6125.33,41.92,4,850.0,0,0.0,100.0,38.41,6115.46,3536.17,7.54,3.6,5.23
900866,85825.91,7089.31,3.73,21534.85,28235.4,6082.73,23.5,6,565.99,5,8.03,86.44,48.15,25558.87,20040.81,13.55,12.28,10.51
900867,72368.47,6017.37,4.19,17286.73,30360.72,5939.25,31.2,5,630.1,4,9.68,89.49,40.99,24204.77,18688.41,19.68,9.4,9.38
900868,18433.96,1539.57,3.9,4935.88,53614.78,9057.4,29.14,2,645.94,2,2.45,92.53,47.44,10814.75,4494.42,0.68,4.55,5.78
900869,101755.17,8535.49,10.61,23653.12,2611.96,3474.29,33.13,7,680.96,3,5.26,86.59,27.54,32448.33,20641.41,18.58,12.27,15.77
900870,106272.24,8867.37,5.84,28931.82,26480.29,726.99,24.89,10,671.04,3,6.79,88.9,46.32,32337.13,22505.51,20.16,11.72,10.4
900871,52658.96,4326.94,4.78,20355.96,43450.52,5256.48,40.45,3,649.39,2,1.46,84.81,50.61,13077.7,8154.1,9.97,5.38,1.55
900872,70093.59,5837.19,6.88,17622.98,24184.21,5016.9,18.93,4,587.2,2,5.1,85.07,38.74,11840.42,8941.86,0.5,2.51,8.25
900873,66214.49,5520.82,2.92,11506.28,19939.32,9599.52,31.88,6,675.51,4,4.41,82.42,47.91,22786.79,8081.27,19.26,10.92,10.22
900874,76346.32,6321.96,6.63,13669.45,45787.55,6791.63,36.28,4,547.66,5,11.35,87.97,51.87,11223.34,7845.24,5.0,4.48,6.53
900875,38354.23,3184.03,0.13,2496.34,67255.91,10057.05,46.44,5,507.68,11,13.94,77.89,64.09,16306.15,0.0,12.03,3.24,5.66
900876,41109.62,3502.81,1.75,13208.76,39474.35,4958.24,32.74,1,663.81,2,0.0,92.42,56.54,11708.63,2649.17,2.64,3.38,0.0
900877,76662.78,6440.37,1.86,11185.09,33058.8,4821.74,35.89,3,585.64,4,12.39,83.71,54.27,11955.77,3661.76,9.3,2.34,0.11
900878,29226.69,2424.53,5.36,3873.2,56856.91,9516.01,36.51,5,552.9,7,12.63,83.56,65.11,10008.58,4474.8,6.01,3.29,2.49
900879,112504.96,9255.42,7.09,26902.55,10018.15,4133.46,10.11,3,806.79,0,2.87,98.82,15.64,14334.32,16473.84,5.12,2.78,6.82
900880,45691.77,3861.21,2.54,6151.14,44984.0,7627.01,42.84,6,531.27,3,9.88,78.34,76.42,13890.05,3759.45,3.22,7.84,9.64
900881,79914.94,6703.1,4.1,13357.32,40786.45,6476.25,35.9,4,581.82,6,13.72,78.53,41.47,16811.71,8171.89,6.72,2.23,4.9
900882,68322.33,5785.29,3.44,14840.24,43601.44,4485.11,23.7,6,706.54,2,6.47,82.4,33.75,17391.56,6136.7,11.08,7.21,6.58
900883,25612.88,2160.81,-0.69,500.0,63292.21,10798.77,42.29,5,565.69,3,8.26,70.1,66.58,14595.66,8439.11,13.25,9.9,5.22
900884,84746.87,6985.29,6.64,18822.33,13586.33,4194.22,23.24,5,502.94,8,12.25,73.9,38.21,25641.28,9736.97,9.09,6.28,7.7
900885,90038.26,7491.39,5.95,14170.22,45466.2,4554.73,33.31,6,699.79,2,4.72,92.08,35.72,19497.26,13581.35,14.88,6.37,11.82
900886,75764.69,6395.96,5.36,23032.58,12652.8,2614.11,20.76,6,787.38,1,0.0,94.02,33.32,24960.91,11221.64,5.66,4.97,9.37
900887,84530.51,6969.99,2.84,16547.2,46010.85,5216.2,34.13,6,602.3,3,4.35,84.56,48.72,19194.68,11439.71,15.69,8.27,7.88
900888,73208.77,6141.68,3.53,16590.14,31235.81,4122.48,29.25,6,615.27,5,0.0,83.28,56.27,14409.04,13694.49,9.28,8.22,4.0
900889,131827.81,11228.98,5.72,29922.62,0.0,8.45,13.16,4,850.0,0,4.33,100.0,21.2,19082.89,17041.0,5.49,5.19,8.21
900890,87994.67,7245.34,2.45,12923.38,22004.54,6544.47,30.45,4,633.53,3,7.06,87.3,30.53,18592.94,2652.36,6.98,5.18,8.51
900891,70160.17,5873.55,1.61,21327.67,7805.56,7999.74,27.37,4,639.55,2,6.29,86.65,36.94,14167.86,14445.56,7.52,7.04,9.09
900892,76144.67,6230.16,3.27,7969.42,45673.61,6301.27,30.54,4,706.0,3,6.2,91.99,39.85,12175.23,4517.37,8.72,5.46,3.99
900893,45889.16,3847.68,3.44,18304.62,12941.91,4405.65,29.26,3,614.66,6,5.28,88.91,49.11,10247.91,9191.8,6.28,5.1,6.89
900894,57236.36,4869.81,3.51,12072.69,40409.2,9504.49,38.74,4,380.76,12,15.49,70.19,65.96,5957.96,0.0,0.5,1.47,1.99
900895,52661.57,4362.98,7.77,7345.03,37183.27,9011.5,24.88,4,533.08,10,10.53,76.27,31.07,8435.55,160.29,5.49,4.3,4.35
900896,89210.0,7482.24,8.55,24454.18,7174.17,702.85,22.44,4,816.05,0,0.0,100.0,15.07,20544.01,10258.01,3.14,5.23,5.55
900897,71147.66,5880.78,5.54,11124.44,45948.88,5041.06,19.38,8,586.03,1,7.75,90.71,43.2,25792.86,12974.53,21.11,10.22,13.8
900898,76073.55,6456.63,4.08,17917.52,26108.05,8535.83,28.52,5,616.65,5,7.53,85.86,37.24,17100.61,11641.81,9.44,7.92,7.74
900899,74254.48,6216.75,1.1,16544.3,6278.22,6912.68,28.21,5,844.8,0,0.0,100.0,35.16,11086.73,10915.0,9.61,4.84,8.23
900900,141207.89,11588.33,7.6,36520.7,0.0,0.0,12.68,7,848.5,0,1.37,100.0,15.87,17152.2,24874.33,12.67,6.96,13.11
900901,55516.19,4602.63,5.77,11509.29,25751.09,5967.63,35.89,6,587.62,5,6.33,86.8,45.95,23713.93,9800.6,13.15,6.34,8.4
900902,67944.66,5784.12,3.83,9898.91,25868.5,7441.08,27.36,7,790.18,2,4.19,95.73,36.33,29122.08,16898.79,21.65,12.01,10.08
900903,59890.35,4993.61,3.17,16451.41,28692.02,3533.93,31.65,5,677.58,2,6.92,87.23,51.33,16802.02,9608.89,10.96,7.33,9.27
900904,42928.6,3597.85,2.3,5082.96,56185.17,8000.03,40.46,7,717.19,3,0.0,92.51,42.72,20161.05,9518.59,11.33,6.62,8.81
900905,117513.21,9723.03,3.82,23782.35,7646.85,1289.85,31.47,7,559.76,4,6.89,84.72,59.45,26282.06,11604.89,13.38,5.68,5.03
900906,45728.18,3909.89,-0.33,9068.96,64030.85,8450.26,52.77,6,369.22,9,12.96,66.93,64.8,16972.17,8421.54,14.25,8.08,10.84
900907,31232.92,2562.67,3.23,6360.44,46133.24,10968.84,41.79,3,460.19,8,16.09,75.7,53.88,14748.6,8386.03,7.69,4.83,8.72
900908,77927.89,6413.55,8.09,22623.26,29121.91,7401.44,31.83,6,413.57,12,12.79,79.55,56.7,18378.08,11827.84,11.2,7.69,8.65
900909,38127.06,3122.43,3.63,8839.51,53935.76,11895.13,40.27,4,493.97,6,11.41,88.51,55.24,17063.41,3182.45,11.17,6.27,6.31
900910,103290.65,8604.43,9.8,23268.76,16288.87,6114.39,33.48,7,519.51,5,8.08,73.47,38.3,15020.15,17632.79,12.64,6.06,11.6
900911,77217.85,6392.61,2.72,22026.71,33985.08,3493.83,32.47,4,542.32,7,12.97,74.55,40.24,17545.31,9715.75,10.32,6.54,7.54
900912,108825.26,9221.41,3.95,19671.72,15628.69,4538.43,16.38,5,712.77,4,5.44,91.42,28.97,10402.46,7882.75,5.12,2.81,0.57
900913,23048.66,1906.61,0.59,500.0,61632.43,10569.05,39.75,5,686.29,0,1.33,93.15,62.69,17534.78,8574.45,13.9,4.83,5.62
900914,48465.15,4038.47,1.91,15213.69,45343.01,6227.57,32.4,5,584.46,3,11.87,89.13,40.49,19408.47,2298.01,16.99,7.77,5.85
900915,71365.81,5900.19,5.79,14820.24,28170.02,7728.52,32.08,6,545.05,8,9.21,74.09,50.64,23035.69,11489.32,10.57,6.07,7.97
900916,38471.89,3177.07,0.41,14574.84,35851.25,9254.68,34.47,6,850.0,0,0.0,100.0,38.46,10748.46,13226.26,11.23,5.46,3.9
900917,121350.46,10033.97,4.76,34103.32,10861.28,2914.55,21.17,5,608.03,2,4.85,81.85,25.36,19020.68,11667.49,4.98,5.79,6.83
900918,63031.73,5257.4,3.97,15124.61,22549.75,4648.7,30.86,5,584.0,4,8.26,79.77,32.0,18986.31,13640.44,11.23,5.82,6.35
900919,69556.92,5844.24,7.7,14800.68,50796.4,9396.69,33.19,9,562.88,6,15.36,71.77,44.08,24990.12,20221.18,24.04,12.38,12.4
900920,87066.16,7259.85,4.85,12703.21,31894.85,4234.62,22.23,7,715.56,5,3.13,92.66,40.53,27410.9,9631.93,17.8,8.58,10.91
900921,84831.78,7011.33,4.13,21034.13,41103.49,6336.33,28.56,7,557.49,8,14.49,73.21,50.35,24756.98,12241.06,10.88,5.02,10.54
900922,65545.0,5474.58,2.71,22130.22,48067.24,5046.59,32.01,7,638.08,5,6.69,89.25,31.29,27547.66,15670.09,19.72,9.84,12.15
900923,76427.06,6340.1,7.0,22297.46,29880.21,5597.97,21.02,4,776.4,3,4.48,93.83,34.78,18166.62,17248.29,11.46,6.69,7.2
900924,56063.27,4705.06,2.56,12129.51,34805.18,6608.55,38.6,6,531.26,11,7.57,79.12,49.23,13235.95,10951.24,4.74,3.0,6.51
900925,99196.45,8191.17,1.84,8859.27,54491.42,5265.88,22.5,5,491.26,9,10.8,67.47,57.55,13793.79,9790.56,11.87,6.79,4.09
900926,77118.32,6470.26,0.41,15937.02,26507.59,4683.94,30.64,6,686.32,3,1.66,96.26,36.98,17093.27,16999.13,16.4,5.8,10.2
900927,73520.05,6079.09,7.75,13218.94,44493.88,5560.19,30.8,7,825.49,3,1.95,100.0,30.93,20076.42,23873.31,16.97,8.21,9.63
900928,87854.09,7278.47,2.95,16897.77,19114.04,8108.48,33.9,8,570.93,9,13.82,73.06,38.66,31007.23,22782.89,13.03,9.01,5.71
900929,36829.79,3097.59,0.93,12114.18,39035.52,4741.39,30.13,4,711.74,2,0.56,96.4,51.01,6075.73,0.0,0.69,2.3,2.96
900930,49391.75,4147.32,0.43,5596.12,64379.99,7784.93,43.65,6,571.09,5,11.7,78.8,58.71,19168.95,10726.59,19.41,8.69,7.13
900931,53486.94,4435.13,4.16,16693.99,30198.8,11098.51,32.98,4,540.84,7,12.99,77.27,53.86,9649.56,1095.89,2.28,0.75,1.93
900932,47043.97,3952.33,2.93,8894.36,56879.15,7604.71,39.24,5,532.48,6,13.73,69.45,57.35,15480.77,6043.6,16.62,5.01,10.41
900933,41735.44,3456.26,5.41,4496.14,47739.85,5072.96,30.02,6,850.0,0,2.1,98.52,35.12,23811.68,9131.8,12.31,6.69,10.29
900934,67081.14,5612.63,8.85,17225.99,21986.03,3472.37,25.38,5,733.36,4,4.66,88.48,44.66,13206.17,9069.6,2.59,1.05,2.9
900935,80851.35,6657.64,2.64,9803.79,42831.59,9634.16,35.89,5,471.39,11,16.27,75.55,65.31,24040.21,18822.43,12.31,10.17,10.2
900936,56359.79,4739.6,2.91,15550.47,36538.95,6597.2,31.18,6,608.04,7,11.13,87.61,36.02,29897.34,11209.2,12.75,13.08,10.65
900937,90058.89,7415.31,5.45,20871.03,4895.28,5139.94,15.68,5,638.78,6,10.3,81.58,36.61,18607.34,12232.99,7.9,3.27,6.51
900938,83762.79,7004.95,4.65,14613.68,15314.86,2833.57,30.76,4,767.81,1,1.44,98.51,34.53,16763.12,9444.57,6.84,6.15,3.79
900939,75378.35,6193.72,5.76,16176.16,25672.6,4880.13,27.78,5,697.11,3,8.15,84.31,52.65,10953.19,8563.1,5.29,3.67,4.16
900940,58038.7,4897.77,2.69,16175.63,25874.76,5073.86,34.04,5,762.24,0,0.02,100.0,36.95,13920.03,8848.07,17.14,6.83,9.86
900941,72109.57,5924.16,6.03,18672.43,19762.43,2726.46,27.65,6,650.03,4,2.18,90.72,30.59,25701.53,12764.01,17.49,7.41,9.84
900942,65666.87,5439.2,0.83,8290.53,39095.94,5605.33,39.71,5,763.9,3,2.81,97.98,44.35,21752.18,9665.68,18.81,8.29,11.06
900943,93782.45,7794.79,7.69,29878.91,17017.45,3374.94,9.6,5,816.95,0,3.38,100.0,14.6,22391.77,12579.86,10.8,5.13,9.66
900944,89855.92,7601.91,7.74,21468.62,21309.98,6209.23,25.34,7,658.17,8,6.04,80.0,46.75,26207.94,15706.9,9.84,8.49,9.63
900945,67806.87,5671.52,4.31,12466.48,26917.5,3298.18,24.22,6,707.14,0,4.53,95.6,52.39,20991.69,10812.04,9.99,7.08,6.98
900946,64771.11,5368.99,9.86,14889.93,40282.04,5729.08,29.95,7,636.07,4,2.63,81.52,45.69,14566.12,7840.95,6.99,5.34,9.18
900947,79268.06,6676.46,-1.06,20300.93,21975.2,6346.25,28.76,4,559.63,10,9.95,81.24,51.58,15473.82,8776.39,8.83,5.59,6.48
900948,82348.74,6909.76,0.97,14742.24,38909.64,9319.91,34.48,5,674.83,3,4.69,88.98,32.57,18613.66,14061.61,14.54,6.83,11.09
900949,87274.73,7216.18,3.15,19756.99,45145.27,3062.44,34.54,7,759.19,1,0.95,93.42,28.12,24269.26,17671.81,15.98,9.89,9.67
900950,110181.01,9259.71,7.83,30498.39,11648.79,2807.11,16.79,5,785.11,0,4.86,97.53,45.5,16742.27,11890.54,12.91,6.35,11.85
900951,19458.38,1630.36,-0.76,500.0,71291.93,9909.41,50.03,5,629.29,6,14.11,83.75,53.48,10213.91,6217.04,10.87,5.46,5.16
900952,93376.81,7769.19,5.45,16641.01,21391.76,9219.89,28.52,5,505.16,6,11.15,71.09,60.58,22849.23,14543.65,12.52,6.65,6.79
900953,79563.56,6701.27,2.13,20253.02,22743.19,4799.5,21.76,4,651.59,1,4.48,97.59,38.77,11046.49,9044.34,6.48,6.34,7.9
900954,93421.56,7754.65,5.25,10594.38,8849.05,6936.32,34.31,4,555.08,6,16.23,76.61,49.78,14351.67,8802.07,4.48,2.92,3.6
900955,58015.84,4754.55,6.32,11724.24,49307.68,9397.56,36.06,5,699.42,0,6.75,86.51,53.9,20146.31,15708.94,20.24,8.79,10.27
900956,61773.15,5074.56,7.66,12459.39,17031.98,9039.04,38.25,1,439.28,8,5.74,74.22,53.48,500.0,0.0,0.5,1.86,2.65
900957,56430.86,4714.24,2.02,19140.76,39039.77,6780.6,28.87,6,757.38,4,6.23,96.74,33.98,22707.43,11242.99,13.54,8.65,10.91
900958,105712.94,8831.55,7.92,31899.12,3532.99,490.45,10.14,8,813.93,4,3.36,94.02,24.22,23779.62,17240.35,9.67,8.49,11.35
900959,51763.96,4314.71,0.78,7397.79,46979.66,7110.98,43.21,6,586.41,6,11.44,79.56,60.67,12932.57,1132.7,6.88,5.29,2.67
900960,96434.1,8068.28,4.58,22519.96,13717.6,6259.69,22.4,8,624.5,3,5.47,91.93,32.51,29716.11,14513.33,10.66,5.8,7.55
900961,85246.53,7056.2,9.04,22280.91,15380.29,3301.36,25.16,6,714.15,4,4.6,87.82,42.27,24059.93,15343.79,11.32,6.51,8.13
900962,75370.68,6264.28,3.16,20423.12,35555.91,6077.16,25.31,6,685.76,3,4.88,90.9,44.92,20384.79,15320.88,11.49,6.84,9.52
900963,109202.3,9092.58,10.71,24819.36,2854.04,2372.82,18.26,6,622.68,4,6.18,81.93,27.33,36941.44,18741.01,12.92,7.89,9.97
900964,74658.91,6286.29,3.01,15484.27,22916.55,3507.3,34.42,6,767.08,7,8.71,99.04,40.75,14465.49,12669.17,9.96,6.91,9.79
900965,49122.27,4056.05,6.44,10241.22,58502.57,10739.0,38.17,7,680.9,6,6.0,86.12,47.08,15928.32,13101.5,15.13,7.25,6.64
900966,46959.6,3890.39,5.28,14631.97,50831.96,8592.38,33.2,6,378.99,7,16.73,63.57,65.82,11628.91,9954.62,7.44,5.44,8.6
900967,67198.25,5478.08,4.69,16140.02,28209.98,7192.95,32.52,5,367.2,8,11.1,70.83,60.42,7562.09,1592.02,0.8,2.75,2.6
900968,87723.0,7330.12,7.1,25100.45,14832.75,4927.84,30.29,7,850.0,2,0.0,97.58,32.63,27880.9,18186.79,13.64,7.26,8.66
900969,41574.26,3379.19,-3.54,9799.42,48024.25,8816.59,38.81,4,405.01,11,12.84,73.8,69.35,13157.79,2136.18,11.08,5.26,5.12
900970,37437.73,3157.77,1.48,793.12,38106.76,9742.54,34.08,2,430.83,7,12.45,71.43,70.6,500.0,0.0,0.5,0.2,1.94
900971,117558.48,9702.41,7.89,26937.5,16493.4,719.05,9.75,8,850.0,0,0.0,100.0,29.4,27091.34,21638.08,20.28,13.09,11.69
900972,89753.67,7447.53,3.31,19381.17,14276.51,3518.18,21.21,6,820.08,0,0.0,99.11,23.83,16733.05,14379.64,15.5,5.11,9.53
900973,73520.0,6127.32,3.42,12646.53,59107.04,7329.23,39.18,9,850.0,0,0.0,100.0,21.11,39692.16,22923.21,30.43,14.32,12.73
900974,24655.25,2048.1,-2.94,9840.85,58859.12,10444.67,39.27,4,447.75,11,18.55,66.0,62.4,9460.46,1906.38,6.95,5.4,5.74
900975,28864.13,2395.33,2.21,8482.78,66753.7,9248.1,44.15,7,702.79,0,4.6,96.05,51.34,18626.66,1647.01,11.6,6.48,7.47
900976,32415.68,2673.49,4.73,9094.95,53042.9,5964.98,38.66,7,624.75,4,4.43,97.59,55.63,11437.75,7632.35,4.36,6.25,2.98
900977,80687.72,6600.67,6.86,24500.17,9955.0,6016.61,21.05,7,850.0,2,0.0,93.68,22.34,12199.13,14995.42,9.1,6.37,8.2
900978,52581.18,4395.59,3.87,14942.81,41639.62,8864.26,42.64,6,669.99,5,11.14,87.22,53.32,15074.76,15999.26,13.85,8.52,8.59
900979,113081.61,9488.18,6.89,21885.91,40802.32,2657.23,25.34,9,561.17,0,16.43,85.88,34.91,28480.57,16065.76,18.8,10.2,13.39
900980,61948.9,5155.8,4.46,16326.97,44959.47,4224.04,32.12,8,568.33,4,10.28,86.09,24.35,20496.68,20794.65,19.19,10.55,10.02
900981,43439.9,3594.55,1.0,5794.93,56874.88,10000.59,36.51,5,817.15,0,0.0,100.0,49.88,11243.21,6508.74,10.54,7.75,12.37
900982,100006.42,8092.55,4.59,26683.72,17401.74,4752.74,20.56,8,850.0,0,0.0,100.0,26.66,39481.81,22231.42,14.15,12.54,15.75
900983,71047.6,5940.29,2.38,12012.5,31076.47,7569.87,37.78,6,714.24,1,0.36,80.27,48.03,10333.57,3891.42,6.16,4.52,6.24
900984,64064.33,5336.9,3.74,21905.32,37462.18,7520.06,38.4,8,710.45,1,0.0,100.0,26.74,24542.24,9936.63,16.63,8.12,11.48
900985,74405.02,6154.57,7.53,23645.75,29251.98,4219.18,18.39,5,716.74,2,0.35,97.56,32.8,25110.02,17253.33,11.07,7.99,11.13
900986,70908.19,5830.5,2.27,13650.66,41466.58,7651.19,27.37,5,849.68,0,0.0,98.37,52.15,15666.42,13752.6,14.54,5.68,7.97
900987,141127.68,11704.3,11.23,31653.59,0.0,0.0,1.0,5,850.0,0,0.0,100.0,11.49,11137.42,13862.12,6.23,0.54,10.48
900988,64749.75,5397.74,-0.07,10534.89,53945.21,10215.2,34.49,6,629.04,9,4.97,88.06,43.03,14882.19,11223.41,11.29,6.8,7.11
900989,77505.31,6529.62,3.41,15679.97,25404.13,9132.29,29.85,7,733.69,5,7.46,97.37,35.2,24907.37,14828.29,14.36,10.43,10.55
900990,59198.21,4928.39,5.64,16903.42,24677.84,6664.26,37.96,8,682.64,2,6.88,94.71,51.87,24776.16,19288.31,13.43,8.32,9.99
900991,90153.75,7663.89,3.29,23135.09,0.0,178.2,12.7,3,665.26,8,5.64,86.36,33.69,13912.94,15822.82,4.6,4.65,5.95
900992,71617.21,5865.33,5.29,19192.41,31214.05,3930.69,24.0,7,645.99,3,8.14,88.08,42.07,21453.35,19774.74,18.15,7.83,15.87
900993,38285.9,3196.48,3.22,7303.96,64265.33,8747.25,35.5,4,660.2,2,7.07,90.82,35.86,16278.66,12815.24,12.55,9.64,9.61
900994,87344.81,7181.56,7.61,21946.66,11938.29,5566.84,21.81,5,571.6,8,11.35,77.78,51.64,27136.17,11440.39,5.73,4.15,7.92
900995,78652.0,6669.8,4.6,13345.76,45780.59,6292.48,40.33,8,663.5,6,3.9,90.49,53.91,21976.83,12143.27,15.63,10.77,11.19
900996,71245.55,5909.12,6.27,12735.16,37946.17,5993.15,30.73,7,621.9,7,9.23,81.81,60.75,13760.11,12516.49,10.9,3.21,4.52
900997,67633.45,5734.2,-0.9,11928.18,45182.09,8839.74,35.46,5,564.98,3,6.87,91.0,56.01,12120.96,10932.1,16.21,7.16,8.48
900998,87207.16,7163.06,5.04,25768.41,11383.06,4653.36,20.39,6,535.85,9,17.03,73.05,46.38,20641.8,19457.68,15.09,7.78,11.66
900999,83225.2,6845.59,8.67,19602.93,24399.93,2194.28,22.29,7,800.24,0,5.04,93.5,23.56,20293.53,19467.24,10.83,7.28,9.78
901000,63541.61,5384.5,4.27,12448.27,55722.48,5718.27,38.11,7,638.34,1,3.0,99.46,35.69,25563.84,16868.18,21.49,10.7,11.24
901001,54179.29,4484.69,4.66,10016.51,22056.76,5050.3,33.76,6,750.73,2,3.92,90.97,39.03,22225.27,7295.49,15.98,9.9,11.07
901002,84694.49,7023.34,6.6,19940.81,34983.98,2488.72,23.88,7,657.1,5,9.84,81.99,44.3,23400.5,11335.54,10.18,3.28,2.01
901003,44362.86,3699.63,-0.01,3734.6,48039.5,8119.9,34.04,5,664.82,4,11.74,100.0,61.19,12467.18,8025.01,14.46,3.85,8.14
901004,88440.22,7332.1,6.55,29547.94,27695.45,2702.13,23.29,5,685.4,4,10.37,81.89,51.34,25847.3,15627.56,14.38,7.82,10.64
901005,27999.78,2344.62,1.41,2985.46,70255.98,13224.46,46.38,5,639.84,4,2.26,90.61,53.92,4844.51,0.0,11.04,5.85,3.97
901006,71524.24,5946.87,7.2,25417.4,34141.54,3112.7,31.89,7,770.01,2,0.93,94.79,35.8,23062.13,22407.36,12.38,9.36,13.57
901007,77835.63,6487.72,3.92,10768.33,62974.81,2675.42,27.49,5,462.47,6,12.91,76.55,59.54,17996.18,7574.58,14.4,8.83,7.68
901008,66685.96,5538.14,7.25,24002.41,17613.55,3417.03,20.9,3,850.0,0,0.0,96.09,27.54,18229.49,10785.72,8.18,3.94,6.29
901009,69441.24,5737.29,2.67,10804.34,25128.35,5772.97,31.37,5,781.97,4,6.89,88.92,43.72,17118.62,11715.73,4.17,3.36,10.56
901010,116845.96,9820.64,7.31,32617.23,0.0,106.39,20.72,4,624.37,4,10.43,89.72,21.73,19870.46,14226.94,13.06,6.76,8.37
901011,74640.22,6209.28,2.52,13274.54,38781.92,8183.28,29.88,3,662.12,3,3.18,92.61,43.31,16226.98,6306.56,5.96,4.7,5.52
901012,45965.75,3860.65,5.32,15262.47,30096.63,5546.51,28.31,3,636.13,6,11.89,89.4,61.23,5309.5,3212.91,1.41,2.79,0.67
901013,64466.25,5488.18,4.88,7658.1,23151.59,5728.7,31.85,5,519.15,6,12.41,76.25,49.55,10050.57,11276.03,12.97,4.13,3.81
901014,57465.84,4841.83,4.95,7604.38,47702.09,5176.99,41.52,4,650.53,4,10.99,85.39,59.8,14331.71,7361.3,6.96,5.45,5.02
901015,44781.93,3681.85,2.25,629.28,72427.8,10337.49,39.72,8,648.19,4,2.08,90.73,38.19,25907.91,14055.52,26.16,12.34,12.91
901016,60963.72,5077.51,3.33,11564.41,55595.3,6607.59,29.77,6,728.13,2,5.55,95.23,42.61,21513.69,13449.22,20.58,12.14,7.62
901017,72289.99,6152.58,7.41,14678.08,37928.35,5453.82,35.95,5,753.85,4,3.76,97.07,34.76,19635.09,13948.75,13.15,8.63,9.93
901018,48966.75,4134.25,4.76,2481.1,46523.6,9976.81,45.23,2,539.21,4,6.91,80.17,66.72,14943.8,1895.29,8.01,4.65,3.95
901019,68659.5,5797.54,9.13,19612.59,15310.01,5991.76,18.7,5,821.42,0,0.0,98.39,40.33,12820.01,11347.38,6.9,3.29,9.22
901020,34589.89,2877.76,3.37,14367.25,50349.24,6545.22,29.07,5,601.01,7,8.72,81.34,57.42,7203.66,7747.36,9.07,4.48,8.99
901021,87350.75,7237.13,5.7,21612.02,19022.97,2883.18,19.65,5,470.8,5,15.04,80.91,35.48,25471.55,15258.04,17.19,6.81,9.79
901022,76294.58,6416.44,5.9,12634.87,24980.47,8541.47,33.4,7,403.9,11,11.71,72.11,43.75,24740.75,16292.6,14.85,8.63,6.5
901023,17469.77,1446.61,-0.08,500.0,79621.17,13064.6,62.08,6,478.45,8,10.42,71.39,65.02,23169.08,3240.05,17.39,7.92,7.94
901024,59737.75,4968.07,4.32,16232.38,27083.84,4164.14,26.24,4,743.36,2,0.43,90.31,47.39,16540.95,9122.57,11.52,4.91,5.99
901025,64047.69,5363.0,4.77,14881.07,19585.65,6178.61,27.12,4,600.65,7,7.37,87.91,49.99,15040.47,10469.13,8.14,7.61,6.12
901026,31829.17,2633.11,0.42,4183.67,58487.77,12839.87,50.32,5,634.17,4,3.14,88.43,50.63,8725.62,5225.24,11.35,4.96,3.1
901027,71271.34,5950.58,2.46,19692.95,12250.63,6480.25,19.82,5,571.53,6,5.96,84.99,47.59,6796.28,6973.24,1.09,1.35,3.01
901028,21036.12,1731.04,2.12,5940.66,75304.04,10878.72,44.89,6,531.76,7,9.49,72.87,67.68,15289.99,7359.96,10.94,5.94,4.6
901029,69008.84,5720.0,6.45,12441.96,44457.71,6094.95,34.23,6,784.67,0,0.0,94.65,43.53,21829.71,15378.85,21.8,5.28,8.34
901030,67512.64,5560.96,1.8,8481.26,36393.17,8726.15,37.3,7,553.11,5,8.87,77.39,40.77,20629.1,13622.76,11.85,8.52,7.77
901031,109478.81,9034.34,7.3,20712.16,15777.12,2195.07,24.07,6,671.35,7,9.96,87.75,29.54,14169.36,18133.39,8.71,3.51,8.34
901032,45167.88,3775.29,3.11,7070.47,46317.57,5098.99,29.0,3,728.5,0,2.84,93.76,67.69,12123.51,5537.13,1.25,2.01,3.53
901033,86582.55,7309.16,4.94,22754.1,28459.54,9700.76,31.57,8,503.16,12,19.47,76.72,24.19,25707.82,21325.88,21.47,10.7,12.87
901034,48580.49,4023.14,3.13,12964.79,42401.33,5547.66,43.42,7,546.8,7,8.57,70.59,63.53,22323.42,11974.97,14.89,9.2,11.07
901035,65836.73,5517.42,4.84,11564.58,46995.75,5151.39,30.26,5,620.32,6,5.16,89.87,60.81,20611.64,11529.45,9.7,7.83,7.82
901036,22672.37,1906.9,-0.03,7519.92,74585.02,11237.4,41.99,6,580.63,1,6.13,90.54,47.89,18986.94,8197.7,14.13,10.42,10.61
901037,130812.7,10875.19,14.11,36485.4,0.0,0.0,1.0,7,744.47,1,7.2,92.79,6.09,23018.9,17770.01,10.52,5.52,6.74
901038,27821.85,2323.56,2.94,6344.64,59840.61,8302.16,50.75,6,839.34,6,5.82,100.0,60.71,8409.38,9631.66,14.03,4.91,10.61
901039,64651.19,5403.41,2.36,11840.65,35034.92,6568.95,34.48,3,686.38,0,0.24,92.8,46.25,11181.91,9528.71,11.68,5.31,5.35
901040,99946.92,8500.32,6.52,28460.38,18003.72,3382.73,29.01,8,705.99,1,5.68,94.31,26.12,22489.21,14740.99,10.97,4.66,10.47
901041,46422.2,3822.26,4.53,13661.88,31484.0,8673.48,39.48,5,748.18,3,0.0,94.8,49.32,12599.99,7658.13,7.61,6.72,5.48
901042,85451.41,7201.13,5.28,15835.46,18905.3,7393.5,28.4,5,700.82,2,0.0,100.0,36.37,22042.13,17045.14,16.42,9.47,10.02
901043,49860.41,4180.91,-0.86,10241.27,58357.02,5931.9,40.65,8,787.57,0,0.0,88.91,32.3,34226.64,14499.44,27.14,13.47,13.44
901044,73641.87,6126.9,5.84,20207.41,9686.72,6207.33,37.82,7,419.04,7,10.35,76.25,44.64,12683.25,11290.84,3.05,2.52,6.92
901045,80444.6,6709.31,5.09,19473.19,42970.03,7129.58,23.88,9,730.96,2,6.41,90.65,34.47,28645.94,16438.8,22.87,11.26,11.29
901046,66580.2,5515.41,1.58,13554.68,18637.84,6174.6,32.48,5,664.86,4,6.27,73.53,45.36,15565.39,6825.73,7.84,4.03,3.68
901047,44418.56,3704.82,5.1,13047.26,49269.93,7789.95,39.22,5,550.34,6,8.06,83.83,66.52,13947.24,4920.4,13.48,7.64,4.78
901048,61962.53,5099.19,5.16,9958.01,36610.83,7799.35,35.6,6,776.31,1,0.0,100.0,57.22,24106.99,12625.66,15.95,9.2,10.08
901049,53730.69,4504.85,3.15,12219.89,39997.81,9384.08,29.25,7,769.84,1,0.0,96.98,29.87,22304.14,8803.29,10.63,5.31,4.84
901050,15000.0,1223.12,-0.97,500.0,64802.64,11645.25,50.33,4,776.47,2,7.37,97.52,60.18,4657.91,0.0,4.52,5.24,3.03
901051,65270.02,5482.97,2.08,5555.94,48420.25,5115.68,29.05,8,769.71,1,0.0,91.48,58.0,24306.17,16443.15,19.41,10.8,10.72
901052,90443.9,7534.46,7.27,21754.45,16766.94,3708.85,15.49,6,697.14,5,14.75,88.98,23.18,20301.58,16751.85,13.7,6.89,9.63
901053,38348.43,3226.13,0.66,2397.44,48716.43,9303.2,45.05,3,618.9,8,8.86,78.55,63.79,7040.69,6059.76,7.3,3.9,6.14
901054,83496.05,6833.98,5.37,22595.67,26027.64,7448.01,26.8,8,793.0,0,0.0,100.0,24.65,27024.48,27028.12,20.41,9.0,8.62
901055,85541.92,7079.05,3.13,15198.97,49835.64,5388.0,27.05,5,850.0,2,0.0,100.0,40.56,19888.63,10777.13,18.55,7.58,7.48
901056,65185.88,5405.15,1.14,19826.26,26427.25,8542.44,32.36,6,684.2,2,1.35,94.7,62.06,16967.72,9980.71,3.61,5.34,6.22
901057,15000.0,1237.33,-0.73,5195.46,47127.83,9939.98,38.29,2,593.86,6,9.73,75.59,58.56,3103.04,443.91,5.27,4.56,7.45
901058,118283.89,9974.78,4.87,23917.32,41697.31,5493.19,16.15,6,737.25,1,2.32,92.47,23.41,31847.09,23856.28,24.72,11.84,11.6
901059,52284.02,4363.65,3.11,11760.51,58155.94,7666.93,31.68,5,718.87,5,0.0,100.0,54.44,11399.25,9947.06,10.42,6.44,4.35
901060,67428.33,5608.36,2.57,17341.24,39104.44,6811.02,36.71,6,678.59,5,2.99,89.47,50.34,16335.46,9080.41,5.96,8.02,9.06
901061,85379.62,7118.07,7.56,24835.97,21749.04,8008.41,30.03,7,681.8,4,5.67,88.73,35.04,18772.57,16216.8,15.1,7.03,9.54
901062,78293.75,6537.11,9.57,15436.64,15224.04,5551.23,23.62,4,577.25,11,5.17,75.39,50.25,17707.17,381.7,1.62,0.2,3.33
901063,75726.56,6309.38,4.5,23860.55,17393.51,5156.74,36.12,5,656.71,1,2.52,88.16,41.08,23589.57,12090.95,15.15,9.11,6.65
901064,77069.13,6354.06,2.2,13991.95,36111.29,2560.56,36.09,6,850.0,0,0.0,100.0,37.52,18511.32,17328.06,16.29,7.8,10.14
901065,65917.2,5454.64,3.39,7758.5,44294.7,12808.67,29.78,6,390.75,10,15.17,72.33,66.01,16419.91,8698.81,8.44,6.98,6.49
901066,93728.19,7948.27,5.13,22621.61,25536.13,4816.15,23.04,7,631.41,5,8.73,80.36,31.89,21749.41,21308.22,8.36,7.85,8.72
901067,36927.22,3087.54,-1.48,7315.48,54458.73,11689.82,43.13,4,634.95,1,5.99,93.57,48.95,17500.57,6869.76,8.94,6.44,6.22
901068,80322.76,6730.76,3.85,13741.18,37527.77,10889.51,43.45,7,668.11,4,3.72,84.6,36.58,25866.79,16834.16,14.16,9.72,7.1
901069,53736.06,4461.1,2.91,17142.3,42902.47,9569.02,43.76,5,498.96,9,0.22,82.35,47.98,12228.73,13297.31,10.94,8.86,7.4
901070,58159.08,4868.32,3.19,15593.45,30315.2,8679.4,35.77,5,448.48,8,15.68,72.86,41.26,23625.71,11104.01,14.14,9.11,4.93
901071,65473.72,5381.02,8.34,13489.97,53015.3,10502.03,31.85,8,545.74,9,18.17,72.18,52.9,27015.36,14671.65,18.94,10.41,10.34
901072,85622.67,7157.46,-0.38,21414.19,26342.87,6207.64,32.74,6,741.99,2,0.53,100.0,30.72,19404.21,16236.54,12.83,8.04,11.66
901073,49877.48,4154.06,-1.71,8361.09,54674.64,7468.25,40.54,7,587.08,5,10.84,91.62,46.91,18408.39,7679.28,15.99,6.9,6.17
901074,45889.4,3781.89,-0.17,14618.74,39584.26,4834.68,33.42,4,538.42,2,1.4,75.76,46.96,8686.35,3257.74,3.1,3.03,1.66
901075,87428.65,7332.98,3.9,21050.57,20415.47,5430.8,38.01,5,539.94,7,10.95,72.29,36.08,18180.63,8755.94,7.96,2.68,6.29
901076,109009.14,9004.56,8.66,24406.56,9995.84,1214.65,18.5,7,582.83,5,10.94,90.41,36.5,31783.35,18549.46,14.5,8.84,11.2
901077,61118.15,5173.37,2.6,14202.63,50222.46,8431.0,31.38,6,692.41,5,10.43,92.21,52.36,21784.07,13629.02,16.71,11.26,7.44
901078,46376.93,3911.75,6.36,8102.42,49424.19,7311.26,36.75,7,625.61,5,6.62,99.36,49.22,18073.23,17606.29,14.58,6.75,9.8
901079,75966.17,6315.98,9.09,17008.55,40280.86,3492.11,26.3,8,701.78,4,6.48,88.46,34.07,33014.06,13683.74,14.19,9.02,11.37
901080,52006.42,4289.63,5.75,19581.85,40777.25,836.37,33.92,5,694.64,0,3.58,86.58,41.08,16701.85,4253.87,12.7,6.72,4.82
901081,21566.3,1805.13,-2.08,3034.7,49913.77,10544.17,40.44,6,637.97,3,2.21,94.72,48.84,4686.93,1594.75,4.8,4.53,3.66
901082,98314.6,8168.3,9.09,22638.62,28014.44,5589.48,27.11,6,541.97,5,14.71,78.0,42.69,18489.94,10599.74,18.73,10.63,11.2
901083,62026.44,5159.1,2.11,12897.06,38032.46,8090.78,40.99,6,475.48,6,12.23,73.66,57.23,10403.89,11372.8,9.45,7.27,7.64
901084,101305.62,8382.96,6.46,22375.83,37158.14,3285.71,27.81,6,665.98,2,0.0,96.32,42.74,20071.08,11483.11,13.22,7.74,9.49
901085,53415.9,4479.66,5.66,7569.82,36659.44,8677.19,39.51,5,644.31,4,12.37,79.56,62.08,16045.88,4363.2,10.54,4.61,4.7
901086,15000.0,1248.77,0.38,3244.09,61085.37,9597.91,52.55,6,681.67,5,6.37,87.92,53.64,16411.87,11407.33,16.35,10.39,9.01
901087,84443.86,7057.67,4.12,26129.44,34834.08,2550.99,20.4,8,850.0,0,0.0,99.25,30.22,23020.79,9461.28,13.48,10.13,7.9
901088,64220.48,5309.18,4.24,18036.32,34428.8,2090.63,32.19,5,481.88,8,8.26,75.29,59.47,6600.02,8705.64,4.93,2.77,3.16
901089,88139.88,7442.54,3.14,15130.95,37518.35,5314.28,28.44,5,662.73,6,4.86,97.44,32.38,15459.43,7654.24,10.77,6.54,5.27
901090,77160.55,6464.47,3.44,22512.34,41130.49,1426.65,26.9,5,617.24,6,6.15,69.76,51.58,9620.31,11719.16,7.16,7.29,5.79
901091,105747.22,8737.28,10.23,33343.51,10333.57,0.0,19.69,6,678.7,4,0.58,89.59,33.89,21519.18,17669.13,12.54,6.74,9.26
901092,79753.4,6725.84,6.1,22860.39,8032.64,2927.46,21.43,4,707.22,6,6.35,92.95,37.17,16515.46,10297.65,10.36,5.18,6.43
901093,86257.18,7214.85,9.35,17565.67,33366.67,5773.47,28.59,9,645.53,3,4.22,90.45,31.12,29093.09,15257.63,20.43,11.69,10.49
901094,49919.77,4169.33,2.82,16293.55,53561.37,8853.36,38.74,6,674.28,6,6.52,81.51,54.69,14194.98,12549.19,7.92,8.0,8.93
901095,46679.81,3916.41,4.14,13815.21,61054.38,8914.45,35.48,7,504.62,7,13.31,71.03,64.27,17901.52,5757.57,5.88,4.41,5.63
901096,83078.49,6925.12,7.56,17514.39,17307.63,5011.21,24.66,5,696.38,1,3.34,100.0,28.02,16574.13,12495.6,6.47,4.38,2.52
901097,74975.44,6162.2,2.92,13190.59,57950.2,8876.27,43.01,8,651.16,5,6.54,81.73,43.49,26336.8,16114.19,21.24,11.33,13.06
901098,67277.93,5567.63,9.43,18113.52,45520.79,7860.03,34.54,6,682.33,3,8.77,96.52,35.6,28292.33,19873.85,27.65,11.49,14.5
901099,49900.29,4152.41,0.52,7613.64,33335.93,8389.91,33.46,6,642.72,6,10.45,78.85,60.59,12766.49,15063.76,13.68,5.96,5.9
901100,62778.82,5256.35,7.36,18394.58,28299.99,6297.0,22.14,4,675.13,3,5.09,85.94,42.92,16261.65,11594.27,5.23,3.03,4.29
901101,61471.44,5025.6,5.18,10689.47,46529.23,6090.28,23.72,5,691.79,4,6.09,90.33,42.1,17660.13,17879.03,12.01,4.6,3.17
901102,58985.17,4910.04,0.87,23449.1,38577.13,8782.55,35.23,6,737.35,0,3.89,92.16,52.11,20477.08,10778.94,19.62,8.53,9.07
901103,91146.72,7564.7,3.72,19128.0,51104.43,6024.44,30.84,7,850.0,0,0.0,98.75,40.59,27542.83,16732.11,23.05,12.34,19.59
901104,43970.54,3642.21,4.09,7974.79,63122.97,11435.25,41.61,5,591.05,8,7.55,77.46,46.52,17180.5,10737.2,13.54,9.35,10.21
901105,78005.61,6648.81,9.43,21223.8,15515.77,2349.67,32.19,7,726.01,2,1.99,100.0,32.36,20909.86,10587.29,10.54,7.65,9.71
901106,60459.45,4923.8,1.36,10098.6,26211.84,5300.22,35.67,4,465.9,9,4.62,71.46,60.86,7760.55,4855.25,2.67,3.39,0.45
901107,41763.38,3462.87,-2.62,12859.8,51559.46,8856.8,44.02,4,634.56,2,8.84,90.51,66.84,8449.48,7097.36,9.33,6.06,4.38
901108,46997.07,3926.36,1.1,10338.23,55743.32,7880.05,35.73,5,647.17,4,0.21,92.89,53.49,21076.88,6753.09,18.51,9.53,7.78
901109,49330.56,4095.29,1.04,5555.06,47224.32,6534.33,27.01,5,797.61,0,2.05,100.0,43.27,11831.33,8480.28,6.05,5.67,2.57
901110,54942.18,4603.28,3.67,624.04,58528.95,7829.67,41.03,4,532.14,8,6.46,79.9,61.18,10454.33,2749.07,4.47,2.33,1.97
901111,60774.98,5015.19,3.93,5485.95,25359.36,7029.06,37.46,7,732.88,1,4.76,99.28,52.16,25739.97,17740.75,15.16,9.58,9.3
901112,32775.26,2713.94,0.45,11112.98,39143.93,10023.88,27.57,5,617.87,9,11.05,75.6,50.92,12287.99,3357.04,8.24,2.31,4.48
901113,38039.24,3134.05,2.3,4747.98,47217.58,5802.9,38.72,5,757.97,0,0.0,94.73,37.39,17636.5,7955.25,10.23,4.66,3.74
901114,113438.72,9431.13,4.64,30988.44,20856.69,3369.99,26.74,7,850.0,0,0.0,100.0,30.41,23668.63,24836.0,20.72,10.29,11.2
901115,44715.14,3744.51,1.6,3736.07,46026.67,8817.1,29.54,3,606.78,7,6.52,84.97,56.22,1117.04,3347.81,7.24,2.86,2.72
901116,69426.74,5897.87,-0.3,10846.02,44130.78,6964.49,36.84,6,551.17,6,8.75,87.35,54.1,18847.06,8554.98,13.32,7.38,9.62
901117,110037.91,9284.7,3.69,26265.9,11550.81,6491.36,20.93,8,850.0,0,0.0,100.0,34.85,30226.13,21265.43,16.46,9.27,11.12
901118,86768.79,7156.54,4.62,14957.77,34000.46,5760.13,32.63,7,757.53,3,3.24,96.9,30.67,32268.88,16701.69,23.87,10.67,16.87
901119,88576.65,7300.96,5.78,29754.07,6875.39,1732.76,22.66,6,721.37,0,0.0,100.0,18.1,19902.38,15496.18,10.68,4.76,7.18
901120,58717.44,4921.76,0.57,5687.2,47386.88,7430.13,44.66,6,648.59,5,8.0,80.94,57.61,17009.15,13529.61,16.32,9.62,8.85
901121,68416.89,5687.21,4.48,16469.19,42536.61,6833.94,41.49,6,372.9,10,16.4,63.63,43.9,13185.25,6517.57,9.98,6.25,7.87
901122,100531.32,8292.81,6.44,20756.99,25657.86,3997.66,25.28,7,665.57,4,10.44,84.36,30.3,21107.76,11429.03,10.07,6.43,7.25
901123,44507.73,3691.92,5.36,10548.55,30647.4,4269.31,25.85,4,820.63,1,0.0,95.66,35.07,12572.47,8086.75,7.84,3.47,6.02
901124,34904.69,2891.49,0.74,15692.61,38437.79,9892.83,33.26,3,547.69,7,8.49,81.32,66.54,500.0,0.0,0.5,0.2,0.0
901125,82530.78,6938.63,6.9,17235.18,44931.29,3932.0,34.76,6,651.59,5,11.51,94.67,43.81,22637.88,14894.4,9.16,5.88,7.49
901126,100641.82,8369.35,5.02,21466.04,12966.48,3083.5,15.65,5,654.94,3,5.88,90.68,30.01,11737.19,13501.37,7.93,5.78,4.7
901127,32845.26,2737.81,1.2,2562.75,64276.7,12711.38,45.11,4,449.9,8,12.41,77.92,52.3,12578.97,2133.34,13.44,4.85,5.68
901128,79991.79,6736.51,5.98,26568.94,10457.48,6001.86,20.18,8,760.9,0,6.41,99.93,37.34,21396.01,13750.77,15.13,6.1,12.52
901129,88305.33,7520.4,3.16,15509.02,25889.18,7790.36,25.56,3,708.49,6,8.81,84.3,34.3,25115.36,21226.11,10.48,5.17,7.35
901130,22839.46,1909.31,2.61,4435.06,50710.57,11006.77,46.44,5,581.75,3,5.79,84.18,49.43,8707.6,7384.4,8.76,6.9,9.72
901131,70365.09,5869.99,0.23,12399.69,51359.44,4699.36,37.64,6,506.6,6,10.18,87.96,56.02,22961.48,10706.98,18.02,8.76,11.37
901132,69924.41,5765.46,5.74,13415.63,24907.24,6016.62,20.23,4,775.2,1,4.61,81.78,28.05,15387.05,10510.06,8.2,3.04,6.35
901133,26290.71,2212.32,1.86,3191.37,71318.64,10326.01,45.75,3,590.7,5,4.85,92.16,73.07,2167.88,0.0,7.79,3.71,7.52
901134,80025.94,6604.24,6.7,20089.12,65365.41,8325.9,36.87,7,850.0,0,0.0,100.0,26.81,28598.33,23181.55,32.1,12.72,18.9
901135,73714.24,6091.41,5.33,21025.08,39614.39,1819.98,20.24,5,824.78,2,0.0,100.0,29.42,21084.94,15751.69,10.21,3.89,6.25
901136,57976.72,4826.95,2.75,5939.23,46900.01,9159.86,36.41,6,512.8,10,1.12,80.88,57.82,24022.22,13061.48,9.3,7.67,6.76
901137,47302.54,3911.81,5.97,7841.31,40748.78,10234.32,35.57,4,527.64,5,14.74,77.07,50.6,7292.67,9471.24,3.07,1.02,4.55
901138,23039.59,1915.76,3.22,500.0,66212.49,15049.47,47.08,5,599.2,3,5.14,76.53,50.2,14416.91,17080.24,17.79,8.39,6.8
901139,53754.38,4513.73,-0.93,6708.44,69083.29,9525.02,41.46,6,600.5,3,10.16,87.58,63.19,24944.08,11865.14,16.19,9.91,7.56
901140,65683.17,5474.27,3.94,15776.37,35314.31,7795.63,35.38,6,727.15,0,3.86,96.37,30.08,30621.17,17558.8,18.07,9.52,9.66
901141,125733.83,10308.37,8.48,28875.54,0.0,2034.74,10.73,3,634.42,3,8.08,82.43,25.05,18575.56,16164.55,7.9,1.99,3.85
901142,65395.04,5390.34,-0.05,14950.4,41255.49,6214.19,39.62,8,491.04,6,12.79,83.19,48.04,18814.0,5784.79,12.91,6.89,8.02
901143,81383.97,6705.42,4.38,23270.4,23321.06,2156.03,22.45,5,788.6,5,2.89,91.54,35.5,13412.69,12868.02,1.87,2.97,3.28
901144,72972.99,6069.12,7.24,23696.55,30270.9,4792.14,21.56,7,734.62,4,12.46,92.34,33.71,19598.67,11491.13,13.09,8.94,9.54
901145,91519.49,7571.51,3.49,16881.38,39497.38,3814.13,31.27,8,607.32,0,10.07,88.56,35.68,27889.93,23392.62,22.44,9.89,11.18
901146,40379.37,3352.97,4.21,13705.72,60886.61,6874.82,42.62,7,762.25,1,1.27,100.0,52.63,25586.12,12347.64,18.3,10.86,9.03
901147,127632.14,10848.74,8.9,25405.91,12530.91,1715.5,17.13,8,789.75,1,0.0,94.6,12.44,42009.59,25681.7,26.72,13.52,17.21
901148,31175.65,2582.66,1.75,14836.27,54916.48,7042.22,35.6,5,754.33,3,10.06,84.08,41.63,7196.04,2943.16,5.85,3.6,7.99
901149,40251.15,3349.79,1.91,9814.15,73076.25,9892.94,45.76,7,644.78,7,6.81,88.01,50.47,27182.32,12824.62,18.29,12.78,6.29
901150,72225.09,5991.07,3.96,16248.48,47825.26,4641.68,36.91,7,803.15,0,0.0,99.97,29.47,24388.92,17501.97,18.81,12.25,9.83
901151,73119.27,6194.13,1.97,15397.33,44698.34,5563.09,39.26,7,492.5,9,11.29,71.81,56.68,18065.91,16638.92,19.21,11.16,11.4
901152,63382.42,5330.14,1.24,16690.82,17323.14,7269.09,28.05,4,477.7,7,12.52,74.99,53.91,15051.43,4952.87,3.05,1.8,2.85
901153,44443.51,3694.9,2.23,10407.6,59288.73,6610.67,41.13,7,846.74,0,0.76,100.0,39.57,26371.17,17603.31,18.62,12.36,9.91
901154,62078.48,5229.01,6.83,21556.0,46034.06,5472.84,21.72,7,646.24,4,7.36,91.42,44.79,26358.8,14568.11,15.37,11.14,11.93
901155,63979.74,5269.8,3.95,8229.36,36420.59,11771.75,43.18,4,570.73,8,7.33,78.37,60.95,16003.62,6720.11,6.94,4.27,2.38
901156,101989.6,8593.02,8.39,30800.3,21429.48,2259.17,28.07,7,670.8,3,4.06,84.07,34.42,24192.76,18524.26,16.39,8.05,9.38
901157,57809.26,4796.23,4.92,20618.95,48229.6,7862.17,33.48,7,628.96,3,7.8,83.3,43.56,23902.31,15498.58,14.62,9.53,6.6
901158,99779.67,8364.11,5.86,32749.41,14387.08,1913.22,19.81,7,850.0,1,1.38,100.0,15.36,30630.1,20364.07,19.86,10.61,13.03
901159,15596.16,1290.56,-3.9,6892.62,67763.6,8200.72,46.99,5,596.1,6,10.57,85.49,50.37,7351.98,8745.08,9.54,5.05,1.59
901160,84265.88,7026.49,3.8,12007.39,32536.24,7077.87,24.3,7,633.63,4,7.39,81.84,46.88,9133.23,5098.7,7.0,4.71,6.86
901161,118597.11,9889.45,8.03,26877.57,8071.93,4159.63,14.3,7,667.47,4,10.7,82.1,39.3,32838.18,19575.12,20.99,8.35,9.32
901162,103185.5,8526.39,2.2,22408.61,2210.96,4521.7,25.05,6,632.63,7,2.34,80.71,35.24,23041.87,15832.26,14.28,6.37,7.28
901163,83565.08,6903.51,6.59,16756.63,26910.37,4319.61,28.44,5,572.9,6,12.99,73.35,33.0,18717.28,7748.45,6.22,3.67,6.87
901164,70792.66,5875.96,9.38,15813.53,33823.73,4802.3,28.18,5,636.06,6,15.43,84.28,47.61,11712.85,4789.99,7.93,4.03,3.95
901165,71596.74,5886.49,7.33,15486.67,19072.33,4405.85,20.29,8,801.15,1,4.88,97.99,30.51,21823.5,14894.64,19.22,8.72,8.55
901166,91433.65,7793.3,3.0,19534.75,10221.89,4920.41,23.35,5,526.77,6,12.66,80.07,39.7,11611.07,9856.75,4.2,2.64,3.46
901167,31922.25,2687.6,0.21,6833.02,67320.57,11549.52,44.35,6,379.61,10,13.04,76.12,69.38,3506.07,4492.15,4.08,2.81,7.81
901168,110378.36,9265.48,5.21,20676.59,31373.81,5339.18,25.63,7,531.57,5,6.43,82.24,42.85,37559.3,20023.79,18.66,8.68,9.75
901169,92771.15,7714.7,4.17,25604.17,8484.78,7301.32,15.49,4,711.26,1,11.2,85.37,30.54,20904.22,13206.38,3.89,2.9,3.47
901170,71924.3,5998.33,4.1,16577.48,40415.12,7830.67,36.16,6,701.94,0,0.0,100.0,32.76,23986.73,22264.7,19.52,9.19,7.62
901171,95110.83,7947.4,5.32,28636.84,9855.5,0.0,18.78,6,836.73,0,0.0,97.93,15.63,19725.59,19063.34,9.49,7.49,12.09
901172,39776.59,3289.01,3.36,5903.01,45440.45,8228.42,33.44,4,686.22,4,14.79,90.83,39.26,12292.19,6759.24,6.78,2.93,3.51
901173,27598.51,2325.77,0.2,10573.15,42032.63,10896.8,34.77,1,438.34,5,19.04,72.39,57.88,662.55,0.0,0.5,0.2,0.0
901174,71355.77,5977.29,7.38,16663.5,23800.71,4327.23,24.6,4,608.13,4,18.01,77.95,45.99,7931.14,12655.9,6.15,6.08,8.46
901175,22851.19,1861.45,-1.76,500.0,91795.14,14460.95,53.71,7,472.86,9,14.26,83.1,76.5,18808.0,9680.94,22.74,8.62,5.92
901176,30446.74,2536.11,3.2,886.65,47294.96,9245.47,35.82,5,444.1,9,17.08,72.48,78.53,7095.07,4897.19,5.54,5.94,7.8
901177,16606.03,1395.13,3.67,13015.25,56208.82,8523.83,39.04,5,634.47,3,0.14,86.19,52.15,13750.0,8183.58,8.89,5.38,4.58
901178,62219.02,5195.59,1.75,10419.71,49008.34,7477.6,34.76,4,395.32,12,16.9,66.3,67.03,11353.63,7735.82,8.68,6.76,3.45
901179,37559.87,3143.04,2.99,8486.13,64062.98,11028.84,46.84,4,534.6,5,9.14,74.65,55.52,15401.83,10726.89,12.89,4.57,3.07
901180,53075.74,4398.13,3.15,12832.93,69638.36,8687.11,38.11,5,608.31,5,2.9,94.31,46.83,19595.91,12726.53,11.97,6.1,8.1
901181,71266.95,5956.76,4.79,11344.98,29550.52,11721.55,24.08,5,628.62,3,0.09,88.66,40.97,19315.24,11175.47,11.08,5.23,4.94
901182,59346.59,4966.87,5.73,16237.47,28936.52,4564.49,25.1,8,625.44,5,3.79,93.65,45.94,18561.4,18957.15,12.6,9.52,10.84
901183,77179.37,6341.88,7.18,15379.36,32571.5,4631.81,20.4,5,528.44,7,8.51,75.97,60.64,15798.8,6756.66,5.75,3.03,5.01
901184,97189.5,8100.87,6.64,22625.82,27487.63,6040.18,26.6,8,508.47,8,13.11,79.03,37.93,32466.55,19185.24,17.35,9.13,11.09
901185,74672.69,6201.21,5.5,19139.95,20375.22,4171.08,22.07,5,572.73,6,13.41,81.7,32.04,20785.94,13460.09,6.81,2.78,5.05
901186,85158.34,7038.08,2.03,22295.4,18770.17,1516.5,20.79,2,606.99,7,6.55,86.13,48.49,16226.13,4337.56,0.5,0.2,0.44
901187,66486.53,5601.22,4.37,13428.7,51354.91,6923.54,38.61,7,842.25,2,5.13,100.0,47.73,30478.31,18454.37,23.37,13.02,13.89
901188,70016.73,5849.73,3.59,17091.6,27812.44,1421.8,29.03,7,779.61,0,0.0,100.0,39.65,11133.45,11218.79,14.11,7.17,8.03
901189,87354.31,7249.19,5.85,17896.4,25152.64,5650.75,20.52,4,543.03,3,11.64,77.83,42.62,12752.86,6744.27,5.65,4.24,3.94
901190,23023.09,1909.93,0.47,500.0,56080.77,13500.22,55.45,5,365.79,11,18.3,78.35,68.37,9434.4,2784.21,5.97,6.25,3.12
901191,47964.26,4008.47,1.53,11970.84,43720.38,9629.82,29.17,4,458.39,8,11.41,67.84,68.96,10903.08,5701.16,9.15,6.12,6.07
901192,73208.68,6134.64,2.39,13435.61,28229.66,6755.6,26.44,3,635.58,2,6.29,91.75,27.71,15382.8,7512.33,8.16,5.17,1.64
901193,54836.08,4537.04,3.86,11392.09,44537.4,8419.62,35.72,6,552.71,5,5.69,80.15,53.72,12309.58,0.0,5.4,4.05,0.58
901194,69888.3,5919.91,7.28,13154.38,44436.33,8066.26,32.59,5,649.83,4,5.92,91.33,32.37,19702.21,7368.95,11.45,6.86,10.26
901195,77879.81,6505.74,5.46,18032.3,39747.3,3404.11,40.38,6,398.03,11,17.9,70.26,76.11,14554.14,10316.07,8.67,6.15,3.8
901196,113206.28,9471.44,4.48,22018.62,23679.56,5939.75,23.87,5,439.65,8,10.38,68.28,51.05,19105.58,8723.02,4.66,1.57,3.59
901197,46408.42,3903.2,3.11,9766.92,41492.87,8796.55,37.79,3,400.35,9,6.98,63.73,62.38,7201.03,1891.78,4.72,4.52,5.18
901198,42927.83,3604.87,3.51,6650.4,52891.45,9904.02,49.79,4,736.2,3,6.62,89.7,60.08,9282.28,8496.17,12.26,8.06,6.14
901199,19397.43,1633.97,-0.21,5717.4,47333.79,9389.7,44.82,4,572.39,2,12.39,90.1,58.36,17501.16,7785.74,11.83,6.51,4.91
901200,29382.17,2442.71,3.01,7350.17,51627.84,16105.04,50.48,4,410.37,13,19.3,62.22,64.51,17216.43,10789.56,9.15,7.62,5.53
901201,75850.85,6364.33,7.14,15140.79,32404.34,5940.72,37.11,7,634.37,5,4.56,73.95,48.31,18640.61,14491.76,13.77,8.58,7.51
901202,94735.45,7954.46,4.42,19828.81,31356.85,3976.14,24.27,6,559.82,4,5.77,84.14,38.89,20211.35,11334.36,7.22,5.32,5.77
901203,85463.33,7152.01,1.37,18175.02,20615.28,2954.12,28.14,9,797.83,0,8.79,100.0,49.36,21873.65,18388.1,14.48,8.53,10.98
901204,52692.75,4370.4,4.85,13904.94,58310.31,6476.13,42.35,6,666.37,0,0.0,100.0,24.79,22865.63,17750.33,26.24,11.76,13.08
901205,60161.0,5093.2,3.86,15449.77,25645.1,7634.27,22.35,3,686.22,6,2.4,96.05,32.19,11839.23,5634.84,3.46,3.19,4.3
901206,101389.72,8309.76,7.25,33159.53,1290.64,833.94,23.91,6,850.0,0,0.0,100.0,20.12,24473.41,17697.44,12.89,8.7,11.73
901207,59248.09,4931.02,3.22,7407.84,45074.21,10006.33,42.04,4,514.75,6,16.25,66.65,51.44,14228.45,5815.06,9.57,5.28,3.17
901208,52414.02,4359.37,1.99,13003.61,38030.92,8092.78,30.03,5,569.48,9,7.08,81.26,59.56,7200.54,12286.75,9.77,7.21,3.74
901209,74197.57,6099.1,5.56,13385.87,24016.58,5678.13,28.92,4,501.65,7,13.42,71.59,31.09,22937.04,8910.79,6.2,5.09,6.12
901210,85939.85,7259.34,4.57,17895.66,17093.14,4539.15,33.8,7,764.63,2,5.5,93.99,38.95,16508.57,9942.31,10.04,4.92,8.35
901211,57728.2,4759.81,2.87,5165.84,48273.7,10514.16,39.66,7,583.82,7,8.68,82.63,63.35,19928.84,14926.0,11.53,7.97,9.14
901212,15000.0,1242.45,1.5,500.0,64930.12,13933.14,52.83,3,624.64,7,3.63,83.04,56.82,5352.52,1523.12,1.76,3.58,6.1
901213,25702.66,2154.17,-0.64,8868.86,69778.21,10251.54,44.47,7,516.03,9,8.38,78.79,59.03,27308.57,17613.0,22.47,9.55,12.68
901214,89277.77,7530.28,12.32,20968.53,332.9,1217.07,18.79,3,666.26,1,1.26,92.26,27.78,14588.18,10774.9,0.5,1.34,4.35
901215,37678.39,3108.9,3.26,500.0,44995.16,10051.33,36.37,1,556.7,6,5.87,83.82,57.08,500.0,0.0,0.78,0.2,0.0
901216,101459.7,8439.22,2.58,18021.5,36860.34,3341.72,31.73,7,611.1,5,10.29,81.96,48.12,15846.26,9449.75,10.64,7.64,7.85
901217,78153.94,6428.61,5.41,15513.62,45220.11,9034.14,18.83,6,708.72,2,0.46,95.58,50.95,18082.7,10319.5,14.98,6.93,13.88
901218,59774.92,4955.89,5.19,13781.76,61821.9,6823.6,36.85,6,727.88,1,2.33,96.26,44.99,24249.15,15869.33,12.59,8.31,10.7
901219,51219.41,4223.24,5.6,9275.99,41853.86,7521.35,32.8,6,850.0,0,0.0,100.0,41.58,18185.54,10798.42,13.12,9.61,5.96
901220,64484.76,5344.69,0.65,9468.02,56147.27,10772.89,40.12,7,520.98,8,5.17,83.12,51.87,16622.39,11917.26,10.36,8.29,6.59
901221,54216.37,4538.35,6.54,10438.82,45883.09,7681.51,25.42,10,850.0,0,0.0,100.0,37.44,35421.81,32589.44,32.54,16.37,14.97
901222,102951.04,8538.3,6.79,20334.79,13303.84,4816.18,20.82,4,678.24,2,5.0,92.51,42.83,12349.2,10658.48,9.48,4.65,6.85
901223,90399.98,7602.82,5.12,21436.05,16596.38,5298.81,36.0,5,621.94,5,7.88,76.79,38.34,14482.81,11067.0,11.05,8.31,6.18
901224,124200.03,10275.4,9.31,30841.14,0.0,1924.87,13.01,4,535.23,6,11.26,76.65,39.11,17840.28,16405.11,5.52,0.56,6.48
901225,101190.45,8166.04,6.18,17299.35,30576.03,4460.87,21.26,4,726.09,2,9.09,84.72,34.96,14205.09,13687.99,8.47,5.6,7.54
901226,71979.76,6076.25,4.97,18893.55,19211.51,3627.65,25.54,7,660.92,7,9.59,86.8,41.41,6265.87,6759.91,5.42,4.36,5.38
901227,33147.67,2747.49,-3.66,10449.6,69920.51,7246.84,47.47,10,662.82,5,10.81,81.64,47.77,27036.09,10465.3,18.73,11.91,7.56
901228,62410.91,5145.88,5.83,10442.89,34443.51,3131.23,35.39,8,822.09,0,0.0,100.0,25.94,24467.31,12879.78,14.63,8.56,10.34
901229,45291.33,3762.38,2.62,14010.34,43118.08,8545.45,40.54,5,470.71,7,12.82,73.76,64.11,14102.97,4632.81,10.45,8.04,5.82
901230,68539.18,5675.53,5.05,12312.21,36187.95,5545.16,35.02,6,598.48,5,5.36,87.48,50.72,28534.04,15396.65,15.66,9.96,9.93
901231,36957.11,3085.61,1.41,8889.81,36349.77,8167.8,41.22,4,730.88,5,0.65,98.03,52.31,18553.64,1082.3,12.99,7.07,6.31
901232,63602.12,5321.26,3.14,14480.1,36072.38,5823.35,36.96,4,679.91,6,7.7,99.21,50.72,19283.66,3755.93,17.49,7.87,8.69
901233,113414.91,9512.49,5.04,23624.61,30913.48,1070.57,21.45,8,845.53,1,0.06,100.0,17.38,24034.83,19805.35,14.36,10.45,12.09
901234,52391.22,4389.76,2.75,10280.64,50737.15,11309.32,41.81,5,451.81,10,13.5,64.35,64.19,21166.01,13989.69,9.25,6.77,7.76
901235,67323.78,5624.04,5.76,22578.38,15117.39,6211.51,33.23,7,625.04,5,8.14,89.75,45.26,18655.2,10349.96,12.35,5.66,8.53
901236,59496.99,4948.16,4.09,16016.77,36043.39,6622.29,28.38,6,819.13,0,0.0,100.0,47.82,7928.94,7825.81,6.82,3.51,5.08
901237,64292.76,5293.95,2.89,17977.01,11914.33,5880.14,34.02,5,724.4,5,7.41,87.15,53.15,10887.7,7040.87,8.46,5.63,7.96
901238,96217.59,7934.94,6.66,17431.25,20950.14,3307.1,14.4,6,485.48,10,13.03,70.66,53.49,8912.27,10227.86,1.78,2.43,2.15
901239,32027.02,2672.48,3.79,9295.81,48484.62,7910.13,38.57,3,510.77,4,10.8,81.41,67.61,9208.43,1445.5,0.5,3.28,2.65
901240,64899.86,5408.07,1.5,13230.97,45197.41,6423.13,23.32,6,544.05,6,4.83,77.42,47.28,18894.11,9014.75,13.69,7.12,3.95
901241,66815.65,5528.5,1.02,10999.02,43607.45,5438.53,36.97,5,494.5,6,3.57,76.45,58.4,18498.91,12706.95,12.54,5.75,8.76
901242,83413.16,6949.37,5.17,22707.91,35690.62,5192.73,27.56,7,636.33,5,11.04,84.13,35.06,22182.87,10809.99,8.64,6.81,7.85
901243,32006.32,2689.27,0.75,6865.2,60245.45,8383.15,38.63,6,619.28,8,10.06,81.44,59.47,12912.81,6475.79,5.14,6.72,7.2
901244,119418.25,10064.39,3.87,25909.38,7664.1,2387.3,12.63,7,750.47,0,1.23,95.07,38.14,17852.69,16268.13,15.31,7.83,8.32
901245,85518.41,7076.19,6.29,18406.89,29354.6,3531.53,24.72,7,850.0,1,2.87,98.02,25.79,22212.1,18405.29,11.11,7.02,10.23
901246,70364.54,5883.65,-3.75,17742.85,30740.68,6729.79,34.92,3,401.12,6,6.67,75.74,54.4,5329.32,915.65,0.5,0.2,0.0
901247,37378.8,3108.21,-1.3,1428.97,59993.05,11431.79,44.57,4,585.35,11,11.77,91.31,46.59,11223.27,1736.26,5.8,3.9,5.35
901248,78207.46,6552.21,4.39,20553.12,23914.74,6395.68,25.9,6,601.85,2,4.25,88.48,48.5,17807.23,17109.94,11.35,7.33,10.99
901249,123257.9,10335.16,4.33,25697.65,14285.18,3480.82,30.77,10,791.66,3,4.93,100.0,21.42,39893.71,23673.27,26.92,13.88,16.93
901250,89493.95,7526.24,6.29,25088.39,18501.05,3516.26,35.45,7,776.25,1,2.3,94.19,26.65,28090.88,20896.11,18.81,10.79,13.35
901251,42746.45,3554.66,0.07,9607.54,63816.17,7238.26,38.76,5,517.61,8,6.35,77.53,68.32,12024.66,7433.97,14.76,5.89,6.36
901252,50898.46,4226.62,4.74,3869.22,54592.08,12430.41,52.25,3,504.45,7,11.96,77.67,53.26,11447.51,250.99,8.03,3.62,7.13
901253,53671.83,4490.54,1.67,9479.0,45014.07,8064.69,37.41,5,841.16,0,0.0,100.0,52.11,23071.39,7933.61,15.19,9.34,3.45
901254,98554.19,8252.85,5.27,22987.59,0.0,2407.36,14.32,2,741.96,3,0.0,93.76,45.6,12168.52,8561.26,0.5,1.96,3.94
901255,45521.78,3839.1,7.15,11187.74,45770.25,7665.21,42.2,6,642.15,4,11.58,88.6,63.19,11247.08,8487.18,12.83,6.43,7.29
901256,58446.07,4994.95,5.49,18151.16,53974.99,3844.25,36.36,7,769.37,2,2.25,100.0,34.15,32067.16,16811.39,24.64,12.72,12.71
901257,57744.84,4799.7,6.94,15872.51,28073.1,4637.77,23.84,5,659.96,5,3.52,85.07,33.36,19863.24,14805.19,15.37,11.47,10.45
901258,37145.61,3019.3,-0.1,500.0,56099.67,11207.66,42.03,4,740.92,5,15.51,90.89,52.48,8442.08,2276.28,7.62,4.7,8.12
901259,64725.7,5429.85,3.75,12329.53,45598.8,6487.37,29.84,3,653.35,2,6.61,96.45,52.74,10023.48,12866.68,9.37,5.65,7.45
901260,83708.34,6938.98,8.05,15784.29,17762.18,4241.07,29.19,8,370.81,8,14.58,67.93,64.14,22040.65,14395.86,12.42,7.31,8.87
901261,81916.79,6732.75,10.69,28453.92,14265.01,681.13,18.63,8,764.72,0,0.0,90.36,48.26,23160.14,18879.26,13.01,6.36,7.99
901262,72203.89,6032.32,6.47,23819.19,18073.99,3659.13,27.65,5,827.85,0,0.0,100.0,29.33,25657.97,12101.5,7.57,6.88,10.92
901263,48583.58,4024.22,4.05,11451.0,38263.47,9168.11,33.42,5,679.22,4,3.15,93.03,51.93,18391.24,13061.49,11.71,5.44,8.64
901264,94510.26,8013.41,6.21,15646.11,29417.2,6527.1,27.0,5,691.1,2,10.32,88.72,38.45,15755.96,6801.68,12.28,7.5,9.24
901265,54827.12,4506.85,5.09,14241.31,34198.89,8211.35,37.58,6,737.63,1,5.58,86.48,43.92,24779.28,13650.12,12.63,10.15,10.67
901266,70839.35,5858.87,0.14,17957.48,24233.32,6948.59,29.36,7,829.19,0,0.0,95.07,29.95,22669.7,17824.36,9.6,6.43,7.41
901267,87528.2,7279.01,6.35,19089.5,3953.79,3426.25,19.5,5,850.0,0,0.0,100.0,11.63,23764.56,18262.93,7.07,5.16,11.08
901268,33196.93,2778.97,1.78,3852.89,65879.14,11693.09,41.42,5,676.34,1,5.75,91.95,48.26,20465.66,9255.57,15.2,8.59,6.34
901269,27183.28,2269.59,-2.1,10760.2,50484.24,8051.05,38.92,5,681.27,2,3.94,87.14,63.67,18505.41,0.0,6.14,5.81,6.56
901270,116540.18,9775.22,8.3,25157.23,10357.82,1244.29,10.64,4,649.68,3,6.37,89.62,20.17,19388.35,13526.1,2.03,4.36,6.18
901271,47593.78,3908.55,1.81,8282.06,40122.68,12157.48,45.43,5,628.45,7,9.8,91.39,57.33,20711.03,10430.29,16.27,4.36,4.86
901272,62300.45,5086.09,4.16,17616.0,38943.19,5606.43,32.92,5,538.63,7,1.05,73.95,59.5,13567.14,12383.58,12.04,6.81,6.4
901273,32243.45,2709.03,4.26,4398.3,78955.21,9656.34,39.63,7,647.3,1,7.14,88.65,55.11,23970.71,9881.14,18.9,11.4,8.91
901274,71904.05,5959.52,0.81,18071.39,37976.0,4158.37,33.08,5,606.75,5,1.39,88.45,38.67,15188.41,12310.76,9.97,6.45,9.99
901275,101912.76,8522.21,5.65,22721.9,28343.43,2234.78,28.46,7,734.06,2,7.37,100.0,36.11,27497.6,20466.12,17.94,9.73,11.54
901276,35123.68,2943.84,1.94,3507.96,60459.04,10453.49,48.73,6,681.19,2,3.91,98.19,53.51,16655.66,4748.44,9.95,7.83,5.31
901277,101319.37,8427.59,3.91,24728.84,30096.25,2906.0,11.8,6,615.84,5,10.09,86.77,44.96,14283.68,13585.03,7.63,6.49,7.51
901278,84488.03,6933.13,2.76,16309.69,34436.67,7098.51,39.81,5,729.78,2,3.74,84.28,39.08,20121.11,12546.48,12.57,8.68,8.28
901279,108597.84,9003.41,5.06,22599.44,6353.35,3172.89,10.92,7,638.76,7,6.32,82.45,31.43,20960.99,16794.12,10.23,5.22,11.33
901280,35397.32,2954.89,4.83,12626.71,49609.53,7609.73,36.82,7,850.0,0,0.0,100.0,35.01,21663.25,19250.83,19.68,11.78,11.57
901281,73873.43,6043.63,4.65,22985.75,14133.54,7950.06,33.48,5,732.78,4,3.88,94.17,36.86,23561.23,12981.42,15.57,9.17,9.11
901282,108357.45,8814.14,5.76,24750.18,14845.11,3204.34,28.51,7,611.18,4,7.99,85.95,35.28,25685.08,18755.06,17.48,12.11,8.78
901283,94230.55,7671.45,8.45,15404.87,12841.82,5489.71,22.38,6,575.63,2,6.25,91.65,45.66,23444.73,12641.45,9.02,8.74,11.98
901284,114907.94,9339.4,9.29,30478.08,8048.87,3847.42,15.64,6,757.22,3,0.0,88.9,29.5,14633.56,12205.49,8.4,4.26,5.36
901285,82477.42,6841.6,4.33,24899.72,19220.11,2163.27,31.28,6,598.15,6,8.58,83.1,36.63,20619.89,11542.87,14.95,9.26,12.23
901286,56740.34,4744.53,1.69,14419.21,42280.76,2019.9,31.84,6,744.4,4,11.46,88.17,40.11,16496.33,9117.59,10.44,2.78,6.57
901287,99306.91,8186.53,4.44,20640.16,23490.59,4280.35,28.93,5,716.25,4,5.03,81.84,51.62,20348.22,14434.09,10.67,6.23,8.32
901288,94899.21,7772.72,1.36,21058.88,20010.8,5326.16,25.46,8,801.83,2,9.31,95.66,48.09,18480.89,6884.78,9.54,7.48,7.51
901289,53495.75,4489.52,1.26,12692.7,44939.52,8098.3,38.62,5,603.48,6,5.72,85.27,58.34,16477.14,9933.88,14.95,6.3,9.58
901290,74637.96,6169.83,7.57,15156.11,24135.31,9854.79,34.97,8,645.03,5,4.77,87.68,52.15,31750.53,12823.12,9.4,7.06,9.46
901291,113450.15,9223.82,8.12,33015.43,12592.59,4018.38,14.4,8,850.0,0,0.0,100.0,21.84,26257.79,24138.26,16.19,11.27,13.18
901292,99418.19,8360.1,5.51,16604.91,18030.9,5842.37,23.29,6,457.61,8,16.04,82.44,49.81,17381.4,17347.02,8.62,5.36,11.33
901293,15000.0,1267.61,0.02,500.0,79221.03,11293.35,54.54,4,430.5,7,11.27,70.78,76.39,8013.36,0.0,9.37,4.67,4.56
901294,78057.46,6476.77,-1.68,8664.65,56209.17,8107.3,34.71,6,426.16,8,12.79,65.39,58.98,20706.87,8649.77,11.5,5.67,4.16
901295,61707.67,5102.2,6.14,24454.76,17956.97,354.04,30.37,5,701.64,3,0.18,100.0,55.55,15932.19,16013.25,15.45,8.77,9.66
901296,81267.39,6793.55,3.04,12973.33,28724.23,7133.43,27.73,4,583.7,6,11.78,78.49,41.37,9187.12,6882.19,7.37,5.46,3.96
901297,81406.6,6786.23,5.06,20952.07,29175.83,2925.6,17.23,5,736.98,2,0.0,100.0,30.03,24816.73,13880.4,12.23,6.11,10.53
901298,97028.5,8012.79,4.28,23580.07,9674.73,6057.47,23.79,3,615.24,6,11.13,79.55,51.77,17944.98,5858.95,8.55,3.26,3.92
901299,99142.87,8222.61,5.6,20016.33,26184.46,6105.35,25.64,8,602.5,6,10.41,85.26,30.4,28079.25,15414.95,20.02,12.57,11.72
901300,76388.31,6278.73,8.56,23872.94,24481.12,335.45,24.3,6,714.47,2,5.13,94.44,36.04,29545.27,16227.93,17.74,6.68,15.23
901301,101279.39,8443.87,6.16,26773.09,14258.77,3070.54,23.07,7,667.18,1,5.97,100.0,17.99,23443.83,17448.48,11.84,5.99,8.91
901302,44992.23,3749.77,4.37,11839.81,65448.63,6857.4,31.66,4,680.23,1,2.39,87.43,51.75,16849.97,4516.98,12.2,6.32,6.35
901303,81879.37,6913.18,-0.93,17566.34,31873.79,7246.55,42.07,8,583.83,6,12.56,79.45,27.48,25884.05,11409.96,11.78,7.35,7.4
901304,114229.63,9426.27,9.62,31689.12,7371.59,0.0,14.41,6,850.0,0,3.37,100.0,9.34,28511.4,20697.36,14.68,8.22,10.82
901305,82850.36,6835.52,7.55,18764.96,10278.48,3147.55,24.14,6,567.72,6,6.23,88.82,49.83,21872.59,12450.93,6.67,4.09,4.17
901306,52199.98,4324.16,1.26,4904.03,58894.97,6816.13,48.79,4,598.63,5,10.89,72.79,57.52,7646.03,0.0,5.82,6.23,4.45
901307,49817.61,4253.07,2.86,17495.87,19538.94,6418.66,28.1,5,828.77,0,0.0,100.0,34.13,16263.1,9342.05,12.51,5.63,5.26
901308,65261.09,5436.77,4.35,17808.42,19774.94,5614.29,21.84,7,850.0,3,5.77,100.0,30.34,18010.36,9325.18,13.1,7.49,4.87
901309,44751.94,3733.96,-1.9,10241.45,49223.97,8361.99,43.08,7,636.58,4,8.26,90.47,40.17,20565.18,14021.86,17.28,6.79,5.34
901310,84658.13,6986.5,-0.4,10020.53,25044.64,6686.3,36.91,5,482.58,5,11.01,96.13,36.51,19293.25,8537.68,7.76,5.04,7.21
901311,79205.44,6592.37,3.85,26264.98,22420.71,5434.29,24.7,8,850.0,0,0.0,100.0,25.55,32717.8,24222.77,21.2,10.19,8.27
901312,41507.47,3444.92,2.78,11667.22,45220.01,6460.09,36.13,4,761.28,7,5.88,93.93,50.72,6115.41,3683.69,2.06,1.45,0.53
901313,80659.75,6740.19,3.75,12277.95,26372.28,5080.22,24.81,7,596.4,8,10.3,84.71,45.84,14445.48,6310.77,7.15,5.06,7.36
901314,17528.63,1439.64,2.4,500.0,52837.26,12218.22,52.74,1,661.2,0,4.49,97.06,65.33,6384.08,0.0,5.45,2.79,1.16
901315,76973.86,6495.3,2.99,20818.54,49060.54,6426.92,43.23,8,774.43,0,0.0,100.0,44.22,18479.86,11000.23,15.89,7.92,7.97
901316,93296.64,7690.73,3.64,14455.84,35187.71,8697.37,39.56,3,505.43,5,10.83,89.18,37.09,15185.39,5138.29,2.38,3.77,5.94
901317,82359.31,6883.31,8.71,17244.62,34762.09,5767.96,37.68,5,734.42,2,1.86,99.62,29.5,27090.25,17553.94,14.18,7.46,7.96
901318,92766.14,7522.83,9.92,24967.44,18091.64,2238.86,22.52,6,848.83,0,0.0,100.0,17.81,28754.0,23763.51,21.82,9.86,11.77
901319,59150.67,4973.85,1.93,9786.47,47451.16,8686.13,36.87,6,619.36,5,11.76,81.03,53.01,17320.19,7194.34,9.8,4.94,1.55
901320,58086.28,4865.83,5.22,6938.1,41191.02,6454.36,38.78,3,414.47,7,13.9,65.34,79.12,500.0,3312.16,0.5,0.45,1.85
901321,15000.0,1260.28,1.14,500.0,61373.29,12047.32,44.87,7,629.97,6,9.34,85.3,53.02,18920.87,7429.75,20.46,8.29,6.6
901322,61683.83,5202.36,3.64,17999.02,30676.04,3347.12,34.61,5,850.0,0,0.0,100.0,35.31,15704.91,9035.66,15.91,7.36,11.12
901323,38296.6,3235.88,1.64,684.16,45665.49,9749.27,41.64,5,603.45,5,14.46,76.1,66.4,13840.69,2399.01,8.6,7.22,3.07
901324,116140.34,9522.19,6.82,22034.5,17005.51,3592.49,32.33,7,770.02,0,2.35,98.12,35.54,28530.0,13912.56,18.05,9.07,9.7
901325,84363.13,7078.52,7.85,20881.02,6080.16,3973.3,19.53,6,661.99,3,5.35,84.66,50.97,13832.49,6671.45,5.25,3.72,3.02
901326,80037.59,6578.31,8.27,20927.05,41875.36,5997.61,28.2,6,721.69,2,4.42,90.78,33.32,19493.06,15674.69,10.64,6.67,6.17
901327,108825.1,9118.68,9.56,16255.08,14221.6,3292.65,17.29,5,785.72,1,2.49,100.0,12.0,13837.73,12013.62,3.07,1.92,4.59
901328,124983.55,10485.15,5.79,26796.31,14110.91,3709.49,18.33,9,812.24,1,3.33,93.19,24.71,37472.88,28808.32,19.17,13.04,17.28
901329,94433.65,7934.23,8.38,16738.95,17099.78,2479.9,32.83,8,789.4,1,2.68,92.67,42.79,28984.65,24803.85,24.68,12.97,13.51
901330,69118.44,5729.75,2.87,19794.94,40577.21,2883.65,33.77,7,850.0,0,0.0,100.0,31.81,20782.26,18675.46,19.33,11.44,14.53
901331,65406.52,5409.18,2.58,8011.46,54562.15,5805.55,37.98,6,715.85,3,11.63,91.45,55.39,10989.73,9217.64,10.8,7.41,8.96
901332,94810.19,7858.56,1.57,19498.26,29899.99,7457.38,26.85,5,572.9,5,9.24,81.26,37.6,15305.73,15583.06,9.73,8.11,9.81
901333,118229.01,9844.55,5.83,28914.78,0.0,4294.53,10.76,6,713.09,4,6.23,93.27,30.54,21008.69,14395.29,11.52,4.25,7.23
901334,75229.34,6268.66,6.86,18260.93,33634.22,6667.67,33.6,5,565.59,8,7.7,70.72,43.87,24370.34,14869.68,15.02,4.47,12.19
901335,63103.77,5242.2,2.49,10531.5,31703.44,8714.3,30.0,9,677.31,0,4.73,100.0,39.76,20178.46,15978.81,23.93,10.59,13.88
901336,77675.7,6355.07,2.49,18085.42,16387.19,3611.72,32.32,4,528.11,8,9.09,66.53,42.61,16259.83,4689.31,4.17,2.08,2.55
901337,46461.1,3952.42,2.52,10658.76,44944.15,10098.66,46.9,6,524.61,9,12.23,74.14,56.56,19273.43,10645.85,12.91,7.36,6.78
901338,15003.31,1254.78,-3.49,7240.59,62883.22,9672.58,40.28,4,610.9,8,8.74,81.04,46.72,500.0,0.0,2.53,4.05,2.41
901339,62592.54,5314.41,3.06,23048.44,43568.43,2702.33,31.06,5,728.38,1,4.61,97.55,49.82,15122.59,9184.64,12.71,5.37,7.43
901340,58130.18,4887.06,3.39,14386.0,38442.18,4325.59,31.74,6,656.04,6,0.0,88.53,36.05,10826.43,14210.38,17.55,6.74,4.05
901341,101333.62,8400.88,13.26,25816.94,26243.76,5093.07,32.99,7,565.59,9,5.82,90.49,43.29,34596.95,20568.94,27.9,11.55,13.37
901342,15000.0,1245.4,-4.66,500.0,79668.34,11819.18,50.8,5,632.89,7,7.67,81.32,72.0,500.0,4534.92,9.34,5.66,7.94
901343,59325.8,4984.19,1.61,9650.68,53028.86,5045.29,33.57,7,685.47,2,12.53,85.24,46.1,13372.58,16390.15,17.8,8.39,9.23
901344,73454.96,6099.25,5.94,18369.03,52453.23,6263.12,25.77,6,577.73,7,13.14,84.15,55.37,8265.73,11078.13,8.61,5.23,4.68
901345,53454.38,4398.64,5.84,13193.59,39663.66,6666.96,32.81,3,651.63,3,4.61,87.78,39.27,3533.23,8074.7,6.42,2.72,4.32
901346,74221.43,6151.77,5.06,15315.2,34720.02,3887.38,39.41,6,505.38,8,9.28,79.25,50.8,13448.42,10692.06,3.75,5.53,3.28
901347,108164.43,9014.2,9.06,20781.73,21101.57,810.42,17.82,10,813.41,0,0.0,100.0,17.87,34388.63,25664.84,24.4,16.07,17.23
901348,42798.81,3559.01,2.82,500.0,70883.2,12797.63,44.96,6,552.69,6,7.52,82.76,54.75,16034.14,916.26,12.5,5.87,9.8
901349,45044.28,3752.56,4.06,4604.73,61155.44,8361.3,51.49,6,751.26,0,8.08,96.08,40.05,14084.65,11854.45,17.1,7.77,10.34
901350,49075.1,4098.88,1.57,1002.86,66836.48,11656.51,45.83,4,510.84,6,15.58,70.08,83.55,23684.77,13054.68,12.24,7.42,9.44
901351,105312.04,8854.11,6.6,25089.34,12772.74,4711.15,19.15,7,773.67,5,0.0,96.6,35.56,17751.98,12943.65,14.81,8.77,10.73
901352,70456.22,6104.2,0.17,9660.09,46237.26,7208.66,39.92,4,631.59,2,0.0,97.21,48.88,12421.06,9235.72,8.0,2.92,6.53
901353,63049.22,5296.57,3.04,7053.84,34746.09,6102.54,33.03,3,531.47,4,5.35,82.71,66.37,5973.28,0.0,0.5,0.2,0.26
901354,34353.38,2873.32,-4.28,5536.35,53414.12,10236.78,43.23,4,638.94,2,8.21,87.25,50.15,4729.04,2010.84,3.46,4.5,0.0
901355,42919.5,3623.31,0.42,2790.19,50599.38,9668.25,36.0,5,626.92,2,6.67,87.04,59.95,20182.58,9303.8,16.63,12.39,14.48
901356,61349.97,5153.45,2.53,12713.04,46538.16,10202.68,37.78,8,591.13,8,13.32,72.3,64.55,17214.71,9481.33,7.74,4.95,8.27
901357,138576.58,11502.25,13.07,29206.78,0.0,0.0,1.0,8,850.0,1,0.0,100.0,2.77,30028.45,23198.95,15.78,8.54,12.11
901358,51039.97,4251.59,6.98,5461.16,35420.26,9665.77,41.03,6,561.42,5,10.33,73.65,61.16,23848.04,8421.15,20.53,8.84,8.01
901359,47872.74,3918.97,4.88,2751.66,53423.69,8273.71,39.49,7,672.21,2,8.81,89.94,65.9,19718.04,6702.36,16.95,9.28,8.05
901360,86762.28,7178.26,8.96,12355.62,7403.23,4380.22,13.35,5,743.02,4,4.28,100.0,33.76,15488.47,15867.32,6.23,7.01,9.02
901361,76845.88,6423.38,1.37,17431.89,40996.12,6456.15,36.61,7,635.13,4,3.4,92.85,22.47,23827.89,11111.84,21.99,9.41,10.72
901362,15000.0,1246.07,-1.45,500.0,82875.87,11093.71,64.88,3,463.32,10,16.84,75.32,78.85,500.0,0.0,6.07,6.68,4.05
901363,91909.66,7619.52,6.43,14906.66,40389.04,6505.01,31.92,7,677.69,3,6.94,82.68,48.49,30594.43,15244.47,13.96,7.63,10.51
901364,58110.34,4789.03,1.65,500.0,29734.27,7011.49,36.51,3,658.64,6,11.12,85.31,42.45,10117.67,8346.61,4.1,4.32,0.04
901365,76223.05,6233.72,4.69,16086.17,50978.39,5826.63,34.26,8,588.24,8,13.09,87.23,47.48,27127.87,19009.85,18.11,11.28,7.9
901366,86817.14,7236.08,1.03,16515.44,26183.44,3418.68,37.52,7,818.86,2,6.64,100.0,39.13,20242.63,13597.37,10.53,5.97,9.79
901367,106593.08,8762.17,7.68,24542.15,7184.27,2776.43,23.25,3,673.83,2,8.0,85.81,31.21,22196.01,6413.23,6.03,2.8,7.25
901368,70594.22,5813.35,2.16,16443.97,25476.07,6277.23,22.32,7,678.62,0,1.08,88.6,43.01,21737.18,8410.64,11.43,5.79,6.46
901369,37479.0,3071.4,2.81,8756.23,48011.11,9427.95,39.56,6,498.75,10,13.23,77.98,50.4,17836.24,9984.13,19.05,7.14,8.05
901370,84749.95,6994.46,5.18,17991.47,28512.16,3142.52,25.41,8,771.07,0,1.14,100.0,37.34,23973.38,17645.44,14.11,9.44,10.25
901371,30760.21,2512.88,-2.09,12467.38,52485.71,11014.99,38.88,5,681.5,3,3.31,100.0,57.52,20172.5,13640.6,13.1,7.41,8.13
901372,29419.47,2498.33,1.33,500.0,54071.68,8542.52,43.77,3,700.7,6,11.7,89.21,52.39,19695.87,16323.45,13.75,7.96,8.99
901373,69948.42,5801.4,5.3,17281.21,32357.94,5229.06,30.17,6,632.53,2,3.92,93.69,37.88,25711.98,13410.87,19.25,8.89,8.01
901374,23046.3,1927.56,3.34,6636.18,49391.02,7762.1,35.27,4,752.11,2,4.76,100.0,54.24,20532.6,7530.31,6.74,5.95,6.12
901375,92154.53,7710.32,5.01,25147.06,34771.19,1181.0,24.74,10,850.0,0,0.0,100.0,6.85,36644.31,26288.54,24.33,14.77,13.82
901376,74125.43,6197.08,5.13,16144.83,16816.04,6281.16,24.33,7,594.72,6,9.39,77.36,53.61,26164.82,13933.76,17.2,9.35,13.94
901377,66126.8,5446.42,1.36,11185.48,21960.39,8324.46,27.26,4,529.19,7,8.76,83.07,54.05,16880.59,13888.91,10.39,7.97,6.67
901378,92225.17,7664.95,3.68,20081.54,14591.57,5099.79,18.33,5,640.04,5,9.2,86.84,39.67,13840.62,14658.6,16.68,7.18,10.2
901379,84266.07,6980.52,4.25,16706.22,17518.63,6404.24,29.29,5,397.27,12,9.02,73.68,34.61,25796.43,13128.53,10.55,4.09,6.9
901380,82966.33,6901.65,7.0,25456.88,19938.07,5048.88,24.63,6,717.94,3,3.37,95.78,33.4,23722.21,18067.22,18.58,6.41,10.0
901381,85569.9,7142.89,7.85,12319.43,39941.06,2490.45,25.81,5,625.25,3,0.0,89.5,46.22,25468.72,14291.16,20.54,8.03,8.42
901382,74014.37,6077.21,1.08,11088.18,19227.22,4154.56,28.82,3,606.88,4,7.86,91.3,33.93,10628.8,12940.34,8.28,3.63,6.67
901383,72765.72,6035.02,4.62,16096.2,47501.74,4057.8,32.24,9,671.33,2,2.5,93.22,21.0,32994.9,19610.05,29.58,16.57,15.32
901384,48313.25,4074.97,2.04,10644.21,44843.31,8216.61,40.22,5,549.91,2,9.92,88.21,53.34,12478.77,8077.15,9.35,7.36,4.06
901385,15000.0,1249.91,-1.51,500.0,71803.59,14468.4,66.51,3,412.27,11,16.68,75.8,83.83,1326.88,0.0,10.72,6.17,4.76
901386,15000.0,1249.59,-1.63,500.0,58919.85,10293.85,41.66,3,716.03,3,2.75,91.94,56.83,6029.03,2192.58,0.5,1.56,6.53
901387,38232.16,3166.17,-3.42,12969.56,56782.55,8621.77,45.87,5,679.23,3,0.74,85.55,42.83,4622.98,3037.62,10.87,4.89,1.77
901388,85930.23,7052.71,4.11,13436.42,20177.94,4190.12,22.69,3,818.1,3,0.0,98.67,40.17,11018.88,10400.46,8.28,1.8,7.1
901389,26930.49,2253.76,3.43,500.0,63995.75,11900.26,57.16,3,650.51,3,9.16,83.84,78.25,11106.78,6002.46,7.75,2.11,3.63
901390,52487.98,4395.41,1.58,12295.03,49019.36,11172.95,25.15,6,767.29,1,0.0,96.55,36.1,14823.83,5175.42,6.23,5.3,5.12
901391,76989.8,6305.68,3.49,13087.69,48309.72,10769.3,34.6,6,555.87,7,5.29,85.84,48.09,14539.12,8836.31,11.28,5.09,4.73
901392,78328.5,6479.04,7.39,18193.26,25815.13,6120.58,24.16,6,787.58,1,3.19,100.0,28.99,22905.2,20403.35,20.37,9.6,10.74
901393,83750.0,6864.01,6.89,19196.49,27570.77,7369.13,31.94,5,581.63,4,8.57,86.85,30.53,17908.39,10184.82,10.1,9.71,12.23
901394,58236.32,4816.73,5.48,14753.65,19061.76,3670.47,31.71,3,607.13,5,12.05,83.39,44.93,555.56,0.0,0.5,1.51,4.67
901395,63882.39,5486.88,5.51,12100.36,34849.12,7442.72,40.19,4,472.37,7,9.22,75.61,53.2,10300.23,9466.58,10.43,4.18,0.0
901396,15000.0,1252.73,1.09,3534.5,72932.61,11691.8,51.08,5,512.98,9,12.94,79.61,65.0,20682.75,1624.25,11.33,7.34,5.74
901397,47160.41,3964.28,4.11,9981.66,49242.99,5984.03,40.04,4,521.97,9,14.09,79.77,60.37,12931.01,10978.96,10.8,2.88,5.65
901398,62419.04,5230.52,7.29,11880.64,43997.29,6841.63,39.05,6,547.15,7,6.33,78.06,47.28,14146.85,13584.23,11.39,7.74,8.67
901399,104751.67,8793.15,6.73,28983.74,13999.92,2323.75,19.46,8,776.42,1,3.61,100.0,29.14,26003.01,16894.24,12.23,5.48,13.61
901400,104375.14,8789.12,6.78,32097.56,22010.01,2363.35,28.87,5,631.67,2,7.19,90.47,29.89,15406.17,13531.99,6.31,5.97,3.67
901401,108994.43,9208.85,5.4,18601.08,28304.33,1345.5,18.01,8,774.67,4,1.51,95.55,41.73,26123.91,22185.12,14.25,7.84,13.93
901402,59518.55,4931.56,5.24,13706.33,45801.58,5876.06,27.76,8,669.79,7,7.78,86.85,23.13,14749.28,12191.43,11.75,6.71,8.08
901403,59209.04,4922.55,2.27,14048.57,23360.65,4602.45,30.79,5,624.9,6,7.48,83.7,42.87,15057.53,6323.79,6.53,5.29,8.75
901404,59836.66,4994.2,0.56,10471.3,58186.67,9253.43,34.6,7,584.5,8,8.4,74.62,46.5,24869.98,17283.47,13.86,12.05,9.53
901405,73757.92,6226.88,4.94,17419.85,36176.36,5651.23,36.48,6,621.9,1,5.53,88.07,63.16,24050.66,11639.42,11.87,5.9,6.06
901406,15000.0,1258.25,0.49,1213.12,62595.6,10751.89,36.91,6,509.85,7,10.41,78.24,64.81,12239.38,4390.07,15.47,7.55,5.02
901407,68109.97,5672.98,5.41,12722.04,47629.54,4792.74,38.95,6,788.55,0,2.0,100.0,42.52,28670.98,13901.48,20.07,10.73,9.31
901408,56845.25,4721.83,2.77,13591.23,41023.51,9943.6,31.88,6,694.84,0,3.31,97.0,41.09,17623.25,18753.79,14.69,10.25,7.7
901409,61977.95,5042.84,-1.23,17051.8,44237.59,5756.27,34.34,7,516.53,1,8.75,87.69,52.32,18978.15,12927.99,17.51,10.48,9.55
901410,167663.51,13823.24,9.75,41642.12,0.0,0.0,4.16,9,549.46,6,11.47,79.63,14.73,37436.58,25633.76,15.54,8.37,11.43
901411,109998.52,9148.37,5.57,31649.54,17243.56,4220.33,22.2,9,850.0,2,0.0,97.11,30.2,27268.52,19345.32,19.39,11.83,12.86
901412,45601.46,3798.13,0.97,4862.18,56237.54,11930.95,42.6,6,398.29,8,19.11,70.85,56.73,8452.14,7076.29,11.84,7.33,0.27
901413,108552.06,9061.73,6.0,27191.31,2877.02,4683.65,16.62,7,657.88,3,0.0,81.01,48.74,37003.43,21440.5,18.42,11.02,14.09
901414,48284.68,3980.19,3.79,5934.86,39590.39,8538.82,43.32,6,442.44,6,18.69,77.1,56.12,19822.27,5975.46,19.4,8.9,9.87
901415,41395.64,3413.54,0.79,5506.07,45512.52,11647.39,42.32,7,791.9,0,3.48,84.46,34.29,21075.81,13678.73,19.46,10.79,9.88
901416,77573.04,6579.37,4.18,10831.65,35997.95,6299.37,33.24,7,514.57,8,8.29,85.0,50.63,25810.78,19540.41,18.22,10.41,13.46
901417,43091.02,3562.31,4.57,13629.47,43768.64,8329.47,33.32,6,780.91,3,0.0,96.23,39.58,22164.6,15105.92,17.25,9.06,12.02
901418,41179.97,3457.28,1.34,8573.32,60754.16,11194.55,51.18,5,568.38,9,5.31,84.43,49.39,14698.64,6359.61,13.2,6.64,10.04
901419,57507.59,4784.64,2.69,14227.85,39337.71,7064.83,43.39,6,659.38,7,2.73,90.91,51.97,16302.63,8987.92,11.86,7.44,8.05
901420,79270.29,6619.85,8.57,14493.64,33370.28,6997.13,30.35,4,683.77,3,9.28,89.38,45.6,16411.61,4460.05,7.93,7.49,5.83
901421,109108.49,9166.91,11.66,30093.37,0.0,463.1,17.75,10,850.0,0,0.0,100.0,5.93,34401.58,19021.72,13.22,10.15,10.98
901422,70229.69,5779.97,0.0,559.63,70697.29,10819.94,45.66,8,433.43,9,11.03,64.73,55.34,22336.41,15280.27,26.36,9.83,6.86
901423,65432.17,5437.32,4.5,13863.46,40202.13,7919.79,38.3,7,788.82,0,0.0,94.86,36.17,19971.63,12786.66,12.01,5.36,11.78
901424,101512.08,8458.13,3.37,14523.05,27807.14,4675.06,19.19,7,618.67,6,15.58,72.87,43.42,25068.57,13987.64,13.62,6.72,15.11
901425,48448.04,4020.65,-1.56,10043.74,46645.09,8078.88,38.6,5,652.19,3,8.08,88.84,62.15,21742.34,6382.46,6.69,6.04,9.39
901426,57733.45,4810.64,1.83,7826.32,34845.27,6467.42,38.03,6,667.59,4,9.3,98.35,29.05,10727.87,8391.31,8.37,5.27,7.82
901427,51205.12,4240.9,4.76,1586.41,60059.1,10870.52,45.8,5,435.81,8,9.08,73.17,65.9,20689.27,7180.56,13.05,9.97,9.03
901428,53863.59,4478.53,3.32,17077.06,40410.84,6736.25,47.62,7,572.73,4,9.31,83.02,36.76,32731.26,12795.59,18.83,9.45,10.52
901429,56485.59,4755.76,2.53,16020.16,34594.71,8698.05,37.05,5,498.24,8,7.82,69.89,57.66,15186.18,5530.45,6.22,5.36,5.11
901430,64548.22,5301.84,2.09,15502.74,49483.45,9251.54,34.9,6,815.29,1,0.0,100.0,47.8,22462.95,8873.75,16.49,8.54,11.05
901431,119274.24,9788.21,5.5,20863.98,24532.17,2295.46,23.41,7,684.63,1,5.89,93.44,8.8,31003.17,20910.91,18.05,8.09,10.85
901432,36609.96,3081.15,1.77,2518.94,55211.42,12619.64,47.43,7,451.26,9,18.7,80.89,72.25,15549.86,4040.19,14.71,10.3,7.42
901433,54535.43,4520.69,-2.93,12388.49,26770.24,9636.61,29.29,5,712.37,6,13.33,87.3,50.74,11924.91,1697.24,11.27,6.32,11.29
901434,50311.59,4186.31,4.44,18429.62,57971.77,5574.96,37.11,5,782.33,0,5.48,94.49,46.37,25816.03,12147.44,13.52,5.83,5.15
901435,66297.89,5551.1,0.93,8822.77,48517.09,2560.28,34.48,5,577.52,4,13.0,81.96,51.78,22287.3,16742.41,11.37,4.49,6.66
901436,25813.54,2166.07,1.14,2578.79,65806.68,7915.51,39.3,6,729.78,2,1.92,85.74,52.85,12924.02,9824.52,15.33,8.92,8.9
901437,23837.04,2009.99,3.31,4665.77,67061.42,9296.98,37.33,6,572.32,7,13.16,78.48,60.01,14517.65,14847.77,12.77,8.39,9.06
901438,38682.37,3243.27,2.75,4064.05,53811.95,6742.85,35.02,3,376.55,8,19.73,75.27,86.53,2300.25,2337.94,0.5,0.2,1.85
901439,84712.77,7116.92,7.15,13520.74,24663.28,2742.42,30.32,8,654.74,0,7.29,94.29,32.36,27648.56,19772.12,15.25,8.48,9.28
901440,81899.66,6735.74,6.17,25179.08,6435.76,2540.17,23.75,3,850.0,0,0.0,100.0,24.63,20474.84,14179.97,8.11,5.17,6.69
901441,66607.06,5540.73,3.37,13988.75,29928.53,6587.56,32.4,4,616.65,8,7.54,81.26,50.92,29123.9,5650.79,14.06,5.56,4.22
901442,61217.77,5183.35,5.58,500.0,29280.31,6543.31,39.05,7,411.02,9,14.13,69.97,72.39,19908.76,2544.3,10.62,6.08,4.65
901443,97985.49,8224.42,4.01,33010.81,17584.81,6213.47,15.14,6,850.0,0,0.0,100.0,26.15,26160.03,18814.42,20.42,9.5,14.61
901444,38637.99,3221.93,1.82,19466.07,57518.29,6413.17,29.99,5,735.72,0,0.0,100.0,46.34,21206.84,17243.1,14.54,6.87,5.42
901445,91337.08,7609.08,5.19,12704.64,39582.48,5326.71,31.93,8,678.89,6,5.34,90.85,43.64,23317.55,14590.6,13.64,9.24,10.39
901446,65732.43,5529.96,7.04,19733.92,35274.31,8257.31,27.71,3,610.79,4,13.24,89.3,38.65,4932.71,5784.2,7.23,5.26,2.39
901447,77838.62,6473.97,4.46,18711.88,36405.24,7197.78,32.91,6,850.0,0,0.0,100.0,17.99,30482.5,15824.36,22.41,12.97,6.21
901448,84441.06,7030.87,4.11,16176.81,28943.1,4355.09,30.17,8,789.67,4,1.52,100.0,36.47,33770.88,15716.01,18.69,12.58,13.42
901449,69236.19,5821.03,1.75,6574.36,35323.78,8857.11,39.97,6,478.36,9,10.08,81.12,53.33,10309.76,10809.68,4.95,2.58,3.6
901450,80682.89,6751.27,5.68,22052.42,14782.79,4612.25,18.89,3,686.48,0,8.22,86.43,40.23,10887.27,5692.81,0.5,2.31,0.0
901451,72173.2,5929.98,8.74,15947.95,23883.11,2883.89,24.47,6,679.68,5,9.72,88.08,52.3,16679.36,7951.89,5.07,0.69,7.02
901452,66681.59,5580.5,2.21,11011.06,30209.83,7412.64,44.03,6,623.74,8,14.82,73.41,51.93,20082.73,15908.63,16.49,9.38,14.33
901453,124532.38,10427.11,7.69,34041.83,7800.75,1747.81,17.78,5,850.0,0,0.0,100.0,15.08,31953.98,21500.97,14.92,8.48,8.08
901454,57913.19,4762.88,-0.61,10022.37,56938.73,8843.14,46.27,3,668.32,5,6.06,85.85,62.68,13831.25,5149.87,10.78,4.17,4.84
901455,56598.09,4699.13,-0.63,11500.91,44835.54,8490.94,45.71,4,546.1,9,20.78,68.88,58.78,20414.33,10516.38,10.76,4.27,7.93
901456,82520.47,6774.55,6.8,20404.6,16835.9,1961.61,29.98,4,665.9,2,8.41,80.13,42.67,12272.68,5814.14,3.01,3.22,2.02
901457,43623.99,3650.54,2.56,11300.47,47134.89,9207.1,34.6,6,841.71,1,2.21,100.0,43.81,8097.89,5827.66,11.98,7.14,10.03
901458,64013.42,5389.09,6.11,15144.25,23100.67,5413.4,22.8,7,718.58,4,6.5,95.91,46.94,11583.93,14977.45,11.18,7.08,10.21
901459,71862.06,5941.73,1.42,11026.5,37039.6,5775.97,30.06,3,622.28,5,9.02,90.89,50.32,8675.53,6216.36,3.6,3.27,2.85
901460,44691.01,3676.81,0.0,9051.02,29143.49,8574.47,45.97,5,615.2,6,5.31,88.44,63.82,11214.84,5506.27,4.15,3.0,7.31
901461,77433.6,6273.06,6.78,18227.98,41652.15,5214.4,22.73,4,464.31,5,6.65,64.47,43.42,18747.01,5935.87,6.69,4.86,1.3
901462,44075.51,3671.89,4.22,11145.51,52530.1,12641.51,46.43,6,682.23,6,10.22,91.85,48.59,20730.4,13523.85,14.39,6.76,10.37
901463,78474.19,6566.18,3.04,13669.06,46648.26,8938.97,25.41,6,569.01,5,0.6,83.68,50.81,26796.05,15690.89,15.76,9.74,9.36
901464,72652.07,6070.24,2.72,11157.83,25964.78,6545.15,30.2,4,715.84,3,1.59,97.59,40.5,9389.35,5333.75,5.9,2.4,6.5
901465,45505.17,3835.08,0.41,5617.92,51366.0,9558.52,39.86,4,449.85,10,13.33,67.02,60.85,12345.3,8769.6,11.41,3.64,8.13
901466,44908.52,3740.41,5.82,9091.13,22554.02,6723.91,33.61,4,836.91,3,4.42,94.97,42.56,12082.73,7730.69,6.88,4.75,4.19
901467,63609.33,5301.03,2.94,4056.17,39727.37,9519.0,32.68,7,603.37,3,6.3,81.03,34.49,26654.66,13810.85,15.1,8.8,11.41
901468,73039.6,6092.16,6.56,12803.23,41199.0,6712.38,33.02,6,648.39,3,3.24,95.3,51.4,17831.01,12201.04,18.88,8.32,11.19
901469,84452.48,6982.73,2.28,19656.05,12639.43,6433.52,24.92,3,662.72,6,9.87,86.17,45.08,14108.62,6790.83,2.03,3.68,0.77
901470,71842.13,5982.64,3.3,20944.76,52018.76,5368.94,33.1,7,605.64,3,6.7,92.83,43.26,23929.55,17714.41,24.27,11.94,13.74
901471,107570.83,9142.43,7.67,23303.62,4800.81,3768.44,24.41,5,589.57,5,9.01,78.47,33.62,24063.47,20122.23,12.72,5.6,10.07
901472,72008.15,5906.58,1.36,9020.09,39188.79,10391.81,37.68,5,786.17,4,14.92,94.56,33.92,15097.38,11821.09,12.63,3.89,7.01
901473,91967.47,7680.22,6.49,20077.79,34916.21,3134.68,26.2,8,564.85,7,12.26,76.07,48.01,30293.99,22128.49,19.42,12.04,11.13
901474,34591.75,2866.65,2.18,841.53,58300.95,7578.69,32.75,6,628.12,3,11.73,84.11,52.31,15914.82,7426.57,10.98,6.84,9.18
901475,15000.0,1243.51,-1.72,1424.13,50015.27,9468.36,50.84,2,522.54,8,9.16,72.61,50.99,2497.43,759.79,0.5,2.59,1.41
901476,74138.27,6142.37,5.08,14698.93,43159.41,8100.73,30.76,8,597.97,5,1.37,88.73,33.92,17188.38,14084.71,15.01,7.66,7.67
901477,29108.04,2421.55,-1.67,3608.64,74515.93,10999.94,48.77,7,658.98,4,7.99,95.1,58.29,8106.15,13494.14,12.46,9.51,10.6
901478,87375.37,7298.55,8.09,22277.49,3933.12,2405.11,21.28,3,748.65,0,2.58,97.86,31.18,22645.76,14357.89,4.78,4.67,4.52
901479,83210.84,6828.5,8.18,16870.65,30057.17,6686.62,29.44,6,731.36,1,5.65,82.23,52.99,17915.72,17879.79,15.49,7.97,5.75
901480,75747.25,6393.85,6.09,9119.44,7115.25,5185.94,29.11,6,626.56,4,11.28,84.23,34.75,17277.28,12856.37,10.09,5.31,4.67
901481,46635.53,3860.4,2.56,12066.49,30622.2,7083.06,35.1,6,737.75,3,0.89,85.04,48.82,24568.85,6916.55,11.33,7.2,9.35
901482,65555.76,5424.64,3.41,11419.58,27535.24,5520.74,32.84,6,603.22,4,2.3,92.48,47.83,17522.66,7796.96,8.85,8.54,13.36
901483,63608.73,5309.78,4.45,14091.15,50780.12,8884.8,35.01,4,693.89,6,4.85,92.34,56.84,10329.11,2965.27,5.95,3.85,4.54
901484,109084.51,9179.4,8.61,23774.1,0.0,2854.89,16.72,7,850.0,0,0.0,100.0,5.65,23603.88,16308.69,14.61,11.05,10.51
901485,91054.56,7518.61,2.19,18081.8,15978.16,5422.36,27.65,2,583.83,2,7.97,89.25,50.53,3810.74,8377.8,0.65,1.64,1.48
901486,59341.57,4858.51,1.15,11763.06,53317.95,7644.67,35.87,6,811.51,2,0.0,100.0,38.47,8770.79,8926.04,6.47,4.59,2.12
901487,60423.23,5013.11,2.42,11882.39,49446.25,7905.14,33.46,6,833.19,2,0.0,100.0,46.93,10507.02,7637.8,9.87,6.31,5.61
901488,86588.25,7287.31,5.06,21790.27,39784.7,4187.79,24.24,6,646.91,6,7.01,89.24,30.92,28365.1,16702.48,18.01,8.15,11.94
901489,70485.21,5894.72,4.11,13753.38,38836.49,7886.13,35.11,4,547.29,10,14.5,78.14,62.01,8217.0,1991.43,0.5,0.63,3.83
901490,75764.21,6289.79,4.23,23110.92,28353.86,7322.18,23.19,7,726.29,3,5.71,92.65,40.91,28015.84,14199.95,14.95,7.47,10.57
901491,65348.67,5503.44,5.57,14743.49,32941.56,8293.46,38.64,6,630.72,6,10.12,79.48,40.75,19439.01,9634.14,11.53,8.87,8.75
901492,88316.29,7345.19,7.48,18623.37,35953.44,3709.1,36.41,5,386.71,12,15.27,69.78,41.91,29385.69,11364.68,7.92,6.71,10.98
901493,15000.0,1264.0,-0.87,1410.44,75412.02,14035.62,62.02,5,827.44,2,2.91,100.0,57.07,13384.79,10529.35,17.69,7.78,8.33
901494,70029.44,5694.69,7.36,13603.39,21864.84,5825.97,24.34,4,640.85,6,3.91,85.02,40.57,14120.57,7849.07,10.57,4.78,8.02
901495,41707.4,3412.21,4.61,15254.18,48426.59,5550.72,39.07,6,764.4,0,3.6,97.4,45.91,13278.08,11292.46,8.62,6.6,6.91
901496,81669.77,6810.85,1.9,26999.86,34318.61,7735.19,24.59,6,731.99,4,2.35,88.28,53.88,21803.02,16918.86,12.36,7.96,10.33
901497,99358.48,8404.83,6.82,26948.26,14386.04,5639.56,33.34,5,721.44,4,5.5,100.0,29.57,23819.19,14533.88,17.34,9.26,8.34
901498,76981.22,6523.2,5.74,21222.95,36452.17,9152.82,30.6,8,623.97,3,7.07,76.96,52.28,24503.96,11775.55,14.12,8.21,9.46
901499,64053.61,5291.55,1.67,18571.13,28323.03,7728.84,32.39,5,507.75,5,5.98,87.94,64.77,14608.99,6427.21,16.54,7.17,6.67
901500,62304.2,5166.13,2.09,23258.2,29176.2,5466.03,27.84,3,776.49,5,2.66,98.43,40.46,12218.41,3380.41,6.67,5.4,6.94
901501,85344.12,7003.9,1.67,15736.35,35655.82,7400.67,29.96,6,665.29,7,0.43,90.34,39.64,23412.05,19565.59,16.61,9.15,7.37
901502,75863.01,6313.43,7.19,19393.66,37842.58,3406.33,28.48,7,850.0,0,0.0,100.0,28.44,30115.59,10126.53,14.75,9.57,13.64
901503,51908.76,4259.48,0.57,5399.16,50693.51,8619.33,46.22,6,598.1,8,2.0,89.01,57.62,13558.84,8039.88,12.06,7.74,8.43
901504,75995.38,6342.45,6.67,19974.66,26370.87,5105.11,23.47,8,595.4,3,4.04,81.79,47.53,20504.17,12712.98,15.34,7.5,6.2
901505,82585.36,7066.41,4.1,15949.46,42209.51,5646.84,30.7,6,512.96,7,3.79,81.65,43.28,18299.03,12035.34,14.6,7.93,6.53
901506,51575.92,4323.52,4.97,4080.16,45409.31,7221.18,36.0,5,557.7,4,6.31,89.3,48.22,20211.46,13496.54,14.47,10.33,8.57
901507,98981.66,8304.95,1.54,16390.79,22792.77,5041.34,21.24,6,603.31,5,10.27,77.7,46.7,13719.05,6254.66,7.04,6.23,9.46
901508,77740.64,6427.24,5.67,19604.12,24245.2,5333.56,32.58,5,787.0,0,1.95,100.0,27.18,22130.2,12070.83,16.47,9.51,13.63
901509,81083.7,6775.46,2.4,23464.89,17733.06,4626.58,37.02,7,597.03,4,11.47,89.27,42.75,19049.49,12009.03,7.45,5.64,8.94
901510,74998.05,6313.74,3.87,22453.99,21442.9,3607.89,24.41,8,623.56,6,5.97,92.44,44.96,28011.77,11682.08,12.1,5.86,6.48
901511,116519.63,9705.7,10.77,32100.6,0.0,0.0,10.56,6,850.0,0,0.0,98.69,15.24,24364.95,17109.14,11.09,6.73,13.22
901512,62781.84,5213.53,6.41,15153.99,38011.06,5552.74,37.14,5,656.7,4,2.91,88.45,43.93,18293.2,7128.59,4.96,3.55,3.24
901513,79902.33,6649.9,7.1,22422.97,15026.48,4120.32,34.36,8,754.52,1,0.0,100.0,29.32,27463.24,10697.29,17.35,10.6,12.0
901514,42188.24,3481.95,2.87,4402.2,71134.5,9524.05,45.46,7,726.23,0,1.88,100.0,44.12,20367.04,11701.81,17.88,10.32,10.09
901515,48373.12,4050.86,6.96,13160.38,34317.98,5126.15,30.74,7,667.52,2,6.08,91.46,34.86,22198.01,14376.22,13.6,9.66,8.88
901516,60657.09,5077.87,1.57,10205.94,28025.26,6516.11,32.36,6,768.1,1,1.15,100.0,34.64,20191.62,8673.76,15.16,7.12,12.0
901517,77263.2,6394.39,3.94,12351.41,27103.79,4450.73,28.9,7,724.04,3,3.73,100.0,38.86,25576.4,7842.32,12.74,6.31,4.65
901518,37068.4,3096.81,2.76,500.0,70115.04,10007.38,40.15,5,499.47,10,9.3,75.77,68.58,5952.77,4256.1,9.41,7.49,4.19
901519,77825.48,6469.21,3.49,19990.78,11960.86,4867.19,19.52,7,559.35,9,4.78,83.28,27.55,11112.42,12311.29,8.91,3.05,5.7
901520,64936.75,5411.64,8.07,18092.79,21254.86,2919.65,31.21,5,583.5,7,14.78,82.76,40.97,13490.26,13689.23,10.64,5.35,8.22
901521,89727.98,7590.0,2.36,17332.16,15584.2,2601.62,15.57,9,670.28,2,10.23,96.83,33.88,21138.55,19252.71,15.97,9.14,11.75
901522,66672.05,5591.97,5.44,15246.04,24699.88,8131.33,28.89,7,678.48,6,10.46,85.81,41.07,12477.34,7980.6,15.47,7.76,7.2
901523,52180.88,4384.1,3.73,16948.8,49521.43,8116.84,31.37,7,667.87,8,13.62,92.89,39.41,21869.37,11353.61,17.56,7.54,7.83
901524,74140.25,6115.88,3.38,15350.44,39713.88,7788.6,35.16,6,538.43,7,11.38,86.92,59.27,18362.47,2036.5,8.31,5.43,8.51
901525,93249.94,7877.81,11.02,27360.78,8941.61,6660.33,21.99,5,850.0,0,0.87,100.0,32.55,20582.86,20124.21,17.22,7.1,8.51
901526,40748.66,3452.32,1.82,12436.65,57808.72,10624.7,41.08,7,574.81,6,9.33,78.88,55.3,21537.28,13763.35,18.97,11.52,12.67
901527,89158.4,7439.52,6.13,34517.68,20569.74,0.0,16.69,6,850.0,0,0.0,100.0,26.18,22295.73,18130.84,18.4,7.61,10.94
901528,62700.01,5246.53,2.81,7314.61,42534.65,8340.64,33.55,5,605.65,8,3.6,79.43,58.71,11329.5,3438.4,6.81,2.76,5.6
901529,41006.67,3470.07,0.26,500.0,55030.26,10072.99,49.54,6,406.43,6,9.25,78.62,83.01,11546.84,4411.64,4.72,5.86,2.95
901530,52023.2,4345.51,1.15,20754.28,26272.71,6191.31,29.76,3,613.57,0,3.34,89.22,31.67,500.0,5816.07,2.49,3.25,5.41
901531,140614.89,11732.28,9.35,28801.05,18700.93,1957.66,8.24,6,817.52,0,0.85,92.1,13.36,24062.38,17907.34,11.77,4.67,8.53
901532,44880.11,3744.38,3.46,10646.52,41214.03,7015.1,38.05,3,685.92,1,6.88,86.99,58.64,11405.84,3113.34,7.36,2.09,10.02
901533,28389.15,2409.12,-3.55,6424.44,55948.62,6675.84,39.6,6,684.54,4,9.02,79.49,48.04,11090.04,8882.62,11.02,11.33,9.97
901534,15000.0,1238.66,-0.57,500.0,72624.97,12797.92,49.08,5,720.6,1,0.79,100.0,69.79,628.56,5244.8,11.67,5.01,4.07
901535,28236.08,2331.51,0.49,2650.61,64818.53,12250.25,36.86,4,565.16,7,11.83,75.16,56.91,16750.33,9604.9,11.97,5.45,1.79
901536,58177.69,4808.61,7.92,11431.67,24386.45,4136.87,27.86,4,601.14,6,18.56,83.04,42.99,17337.96,6903.12,14.11,5.84,5.24
901537,57790.24,4879.96,0.64,4064.77,35416.0,7004.08,35.55,8,788.5,0,2.63,89.83,45.58,19988.45,5555.17,15.98,6.73,7.75
901538,77398.71,6403.17,5.76,14482.67,16713.88,2792.02,22.68,5,672.51,4,1.98,87.79,35.32,10344.31,4946.54,2.96,2.38,2.85
901539,37228.99,3048.75,6.21,6064.85,61096.13,10328.62,47.23,5,451.24,10,13.22,63.8,66.19,20421.23,9307.6,12.13,8.6,7.01
901540,81930.26,6876.37,3.54,15741.44,19724.24,5505.48,26.07,5,579.37,10,10.21,77.18,29.41,13809.97,13578.55,19.02,8.66,8.03
901541,57222.5,4765.69,8.58,3891.52,50470.68,9161.23,42.7,6,504.01,8,11.84,76.79,49.0,9902.33,8031.28,10.26,8.53,7.19
901542,96005.18,7825.44,8.2,23441.81,23730.84,2523.38,16.26,5,747.19,2,0.82,90.58,30.55,19948.22,7900.0,11.17,3.95,7.39
901543,71345.99,5916.67,2.84,11423.27,36205.83,7064.9,31.75,7,693.65,1,5.14,100.0,47.5,23030.32,12015.37,14.11,7.04,12.3
901544,119654.81,9881.03,9.99,27595.6,1053.88,3370.0,23.71,8,625.07,7,5.9,89.26,23.02,36508.12,20506.03,15.79,10.62,11.67
901545,65037.1,5377.88,4.21,14165.25,41496.44,7468.75,39.34,5,649.47,4,6.86,81.64,47.29,12551.41,9152.17,8.12,5.63,8.78
901546,70313.86,5912.66,1.63,14539.13,40050.9,5948.45,42.53,6,537.14,9,8.87,85.96,44.83,11512.46,9913.08,2.59,2.59,5.98
901547,111031.04,9206.65,5.77,24006.54,1498.6,4412.26,22.92,6,638.98,0,2.76,85.41,43.86,21504.98,21297.03,19.14,10.4,12.39
901548,112408.3,9398.16,6.31,30910.22,23594.93,4819.98,19.71,7,697.97,4,2.45,96.13,44.36,22347.11,20229.78,12.13,6.72,13.13
901549,30865.36,2552.7,-0.93,8753.03,49494.92,8021.58,45.03,5,578.64,4,11.4,76.3,60.21,10287.3,0.0,3.85,3.75,5.11
901550,37914.57,3185.69,2.48,695.08,44576.51,4978.25,35.14,4,720.45,1,0.05,94.59,51.84,11230.36,5259.32,14.1,8.38,7.52
901551,99200.54,8431.9,4.05,23244.97,27386.5,7450.17,26.69,5,549.38,7,8.38,74.19,57.35,16234.12,7651.22,9.86,2.75,8.22
901552,58848.43,4819.93,1.54,9649.95,30248.97,5698.37,27.77,5,554.33,6,6.31,90.5,50.14,9935.94,835.77,4.89,1.85,3.76
901553,49664.23,4139.98,0.16,14340.0,44252.41,7082.56,34.59,4,850.0,0,0.0,98.53,33.07,10194.72,6802.07,8.04,4.28,4.43
901554,88413.15,7329.83,7.5,29021.62,9676.45,3500.29,17.18,7,585.27,5,10.35,77.25,33.28,17402.93,11790.36,9.1,2.57,4.65
901555,34192.81,2809.68,-1.36,748.73,69823.89,10066.27,39.31,5,678.24,5,15.7,90.14,60.41,15641.62,11039.2,9.45,8.86,8.83
901556,82329.77,6808.53,2.66,12933.55,25304.91,3895.77,25.26,6,848.79,0,2.37,93.67,33.64,17021.18,11840.57,13.21,6.93,9.25
901557,87987.43,7373.21,3.76,16316.94,23000.09,5737.82,20.26,5,729.21,4,1.96,95.31,36.17,16466.11,14399.18,9.01,5.93,4.8
901558,84424.48,7095.7,5.84,26598.13,25968.49,2033.39,21.8,6,707.11,3,2.77,97.39,45.72,23353.71,17773.54,18.97,11.15,10.42
901559,103491.64,8630.22,5.51,20473.49,33944.52,3494.5,21.89,3,582.96,4,8.28,83.51,44.86,12962.21,12284.2,5.09,4.29,2.78
901560,32800.75,2731.13,-0.78,7193.62,67245.59,9313.23,35.45,5,530.56,7,5.94,80.65,38.98,13137.62,6991.52,6.02,2.68,7.88
901561,82096.61,6817.8,6.16,19653.67,35661.63,6143.33,23.22,4,703.18,6,12.85,87.59,40.19,15751.79,8991.56,10.68,4.58,8.45
901562,65747.3,5590.83,5.29,13483.3,45051.13,7563.67,33.26,6,459.35,8,14.78,72.09,54.35,18119.76,10510.71,11.59,6.4,6.79
901563,103528.84,8692.1,7.0,14418.41,5143.15,3085.56,20.13,4,695.51,2,3.52,88.96,38.57,15115.81,11110.88,12.57,5.85,11.19
901564,89780.33,7577.33,3.9,26400.56,8425.37,2980.68,21.59,5,617.13,2,6.97,85.11,41.58,16868.02,10498.82,0.5,3.06,5.33
901565,49172.28,4105.64,3.42,9149.82,59067.03,8821.34,36.06,6,580.63,6,0.43,81.12,46.19,21435.83,10898.41,14.01,8.07,7.67
901566,49586.12,4136.13,0.5,12402.64,59193.34,10847.46,44.8,8,679.67,0,5.81,98.22,44.59,33365.25,19047.27,29.42,14.27,13.5
901567,57998.27,4825.81,8.64,15850.75,44944.21,5160.33,36.54,6,844.12,0,1.81,100.0,37.81,24795.43,15914.76,28.03,13.39,11.03
901568,128341.25,10639.69,8.11,34187.49,0.0,299.8,10.26,6,615.88,0,3.29,91.16,28.88,21210.05,21790.22,11.71,7.44,7.51
901569,56598.29,4751.6,5.5,15547.06,16092.04,6302.51,29.59,5,706.66,5,7.7,92.39,36.69,12487.18,7590.62,6.05,2.94,3.37
901570,56801.92,4699.67,1.77,3010.75,48084.72,8771.72,41.52,5,654.0,7,11.51,81.84,59.02,14696.79,0.0,7.25,4.51,4.31
901571,76089.63,6379.23,4.09,17809.93,45329.69,5825.71,33.09,7,557.34,5,13.08,82.97,39.77,22684.72,11314.01,6.46,7.69,7.15
901572,98617.36,8309.61,7.41,26395.84,11488.48,3619.56,25.18,7,651.98,2,10.01,84.0,35.57,28655.22,17271.32,17.2,9.65,10.4
901573,69901.75,5827.12,6.3,19992.82,8189.91,5833.28,27.08,4,750.29,1,3.97,87.74,27.61,7103.72,9066.82,5.67,3.03,4.19
901574,69980.79,5874.85,2.56,15352.5,42263.52,5990.72,30.25,4,589.12,5,2.94,81.59,52.58,12264.34,9837.13,0.5,3.56,2.84
901575,116078.41,9824.12,9.46,34676.79,9984.22,2485.03,17.37,6,709.08,6,4.64,94.19,23.11,21662.32,16746.84,9.76,7.23,7.87
901576,105910.1,8815.35,5.63,25965.03,33537.05,5651.85,36.79,7,660.11,4,13.46,83.02,23.99,36680.04,16034.79,23.93,12.04,14.59
901577,85427.57,6928.42,6.55,22522.92,43584.91,5176.81,22.64,5,524.42,8,21.73,76.38,44.32,21311.66,15834.88,11.35,6.81,3.82
901578,53093.54,4427.65,6.17,8772.82,63501.77,8476.25,32.79,6,526.42,4,9.68,82.18,57.82,8213.31,7216.73,8.75,8.92,7.81
901579,43814.18,3664.72,3.15,10319.93,55058.86,9669.95,30.87,6,708.53,4,1.54,99.81,53.67,16533.2,12691.68,18.23,8.06,7.77
901580,57102.48,4829.25,4.21,10504.74,44606.28,9728.57,36.87,4,440.39,7,8.88,77.14,62.21,18504.11,6492.55,11.82,5.56,5.37
901581,72568.96,5976.67,1.56,18027.29,48199.74,12368.88,36.17,5,399.56,9,9.84,71.51,57.82,19384.99,6884.01,14.11,5.09,4.87
901582,89305.94,7330.06,3.31,20746.81,35430.2,3639.34,37.12,6,850.0,0,0.0,100.0,29.01,28855.91,18420.82,22.0,11.11,16.01
901583,26437.32,2184.49,-0.31,10559.71,76183.95,9762.73,45.7,6,597.7,8,10.6,82.68,69.88,17021.72,9273.63,15.17,7.86,4.08
901584,50432.33,4197.0,1.27,1262.97,68617.82,7979.07,50.24,7,536.83,10,7.07,81.96,72.38,29831.31,13962.44,20.71,11.24,7.5
901585,80163.96,6599.28,6.0,11391.47,18387.43,5185.82,26.55,6,630.5,6,8.86,87.64,42.45,16828.18,13653.36,10.68,4.37,8.08
901586,72088.69,6007.84,5.74,23019.16,18332.69,3599.56,30.27,3,524.67,5,11.77,94.74,66.14,16520.46,4828.37,6.9,2.52,2.35
901587,114086.69,9400.98,7.06,28965.08,356.2,1964.45,25.68,7,617.77,6,6.86,83.73,22.02,27434.54,19502.24,20.89,10.82,15.33
901588,77664.32,6380.28,-3.31,17672.53,33078.14,7314.61,32.13,5,640.17,3,1.23,76.97,41.53,20380.76,21180.52,13.03,5.28,8.25
901589,91154.77,7562.12,8.86,26141.91,15800.53,3995.43,12.18,7,676.39,5,8.28,91.0,30.87,16698.29,15245.95,14.86,4.05,7.68
901590,15615.07,1295.47,0.51,3457.05,73751.65,11691.51,47.62,5,471.6,7,10.32,70.06,76.6,500.0,0.0,4.64,2.94,1.13
901591,83839.05,6940.57,2.62,18005.39,47894.25,5818.66,29.86,6,559.42,5,9.9,78.65,45.04,20272.07,17666.74,21.29,8.93,10.02
901592,30912.01,2525.95,2.87,1251.51,57267.42,9780.28,37.23,4,635.31,5,8.9,87.11,55.56,9959.09,0.0,7.0,4.04,6.9
901593,50070.43,4198.62,-1.34,6815.22,55936.34,8214.16,42.54,5,481.55,9,17.41,64.89,59.34,14733.32,2823.56,11.37,4.44,3.96
901594,80890.02,6743.62,2.43,13092.88,47746.16,5765.96,25.13,6,648.17,3,0.0,92.8,34.66,26707.38,8653.51,12.7,9.27,8.55
901595,88072.02,7346.25,6.58,16015.02,24218.77,5377.52,39.63,3,579.52,3,10.04,83.91,41.45,19235.88,8319.15,4.18,4.73,3.75
901596,43103.81,3600.48,5.92,16567.85,55943.02,9586.73,35.43,7,670.16,4,7.26,92.66,32.26,27055.11,11860.17,14.0,10.39,11.45
901597,89334.06,7450.07,7.28,22680.14,30419.01,5508.53,27.25,7,753.72,3,0.83,94.82,34.66,21466.28,22326.04,11.93,7.89,6.43
901598,34921.85,2906.89,1.08,9021.93,50263.82,13541.76,40.75,5,577.3,4,5.68,90.55,66.3,7699.04,0.0,7.93,3.17,0.0
901599,65359.45,5391.47,2.54,11000.47,63243.61,7079.4,33.85,7,655.7,2,7.19,86.0,48.57,22841.42,13201.13,17.14,9.81,12.5
901600,76075.51,6266.84,3.45,7242.63,29723.15,4602.35,34.83,6,582.82,6,12.76,83.03,39.8,18332.08,11686.27,7.72,5.47,3.84
901601,58440.96,4914.17,8.15,10068.8,67570.57,8134.44,30.34,8,664.07,6,10.63,91.74,49.16,23490.69,13367.14,18.26,11.15,10.85
901602,72200.66,6016.34,3.54,10475.28,48105.3,5839.21,35.31,6,695.56,6,2.68,88.77,50.59,28685.55,17616.8,15.97,11.49,12.35
901603,132264.91,10981.88,8.24,26494.93,2116.91,2615.44,9.8,5,806.34,2,1.21,92.65,27.25,15992.06,17558.25,2.64,3.73,3.97
901604,40466.0,3373.07,2.86,6877.81,25495.38,7959.11,31.74,4,446.26,7,18.88,71.59,70.5,5725.9,9578.53,11.75,4.09,4.4
901605,58724.51,4849.41,6.64,15357.83,29222.99,8661.71,34.14,7,741.0,3,8.19,89.58,45.46,28978.13,12532.74,14.38,7.43,6.47
901606,56393.97,4661.48,4.82,6497.85,71036.25,10776.73,47.55,5,645.4,8,8.33,77.59,59.48,23876.95,9994.61,15.09,7.4,10.06
901607,45636.29,3814.54,-2.14,2285.88,42187.39,5933.85,43.46,3,751.8,6,3.87,92.49,44.2,12130.99,5815.31,13.64,4.93,10.35
901608,71440.02,5997.04,2.39,6005.0,46596.85,9600.14,41.8,7,519.2,4,8.11,77.57,63.59,14766.15,13896.21,15.06,7.44,7.15
901609,85921.98,7324.78,8.36,22883.39,0.0,278.92,21.96,5,834.56,0,0.0,100.0,29.23,16989.04,12812.91,4.24,4.59,5.23
901610,42071.79,3491.54,3.86,12825.0,54267.71,7913.54,29.96,5,610.1,0,1.84,84.41,40.78,14773.16,217.74,8.91,2.76,1.75
901611,93951.03,7894.94,6.69,23415.53,24373.29,4248.55,26.05,5,653.41,6,6.79,91.84,29.54,18089.19,12127.64,5.39,5.86,7.96
901612,67244.03,5493.93,7.01,21977.19,30813.58,4849.79,25.45,4,793.15,0,0.0,100.0,24.67,8802.81,7872.14,1.07,4.06,4.23
901613,31125.17,2645.21,7.89,2529.04,47809.85,8360.37,44.92,6,505.36,7,14.54,74.39,46.69,10783.61,5646.46,17.37,5.66,11.03
901614,33939.95,2816.24,2.0,500.0,45243.5,10985.73,48.98,6,660.48,3,5.9,92.27,38.9,17129.87,10582.22,16.83,10.95,4.39
901615,56007.08,4739.89,0.35,9983.54,50571.0,10031.89,38.31,8,677.85,3,2.2,88.34,44.62,21237.31,13043.32,14.69,8.2,9.22
901616,68449.34,5768.74,5.75,20201.93,25781.8,6965.95,25.99,5,557.45,6,6.97,89.43,49.74,13597.71,10145.03,8.4,5.83,11.13
901617,76946.39,6478.36,4.39,9500.89,36594.16,6140.5,32.82,8,850.0,1,10.47,100.0,46.41,30248.11,18966.07,24.09,12.98,13.62
901618,90548.32,7610.27,4.09,20485.27,19180.53,5864.62,27.04,6,496.74,8,17.04,78.23,38.63,26711.71,6192.49,11.89,4.05,3.09
901619,72443.82,6081.85,2.38,14392.59,34981.22,5008.46,35.29,6,577.94,5,6.6,84.24,45.13,19825.75,15787.65,13.42,6.46,9.96
901620,59794.93,5019.54,5.03,18901.54,46475.11,7934.08,35.73,5,483.8,3,9.62,77.71,41.49,18974.42,14008.93,8.23,5.17,3.0
901621,88197.61,7400.29,7.38,20812.5,29572.51,5593.34,23.9,7,682.32,3,10.71,84.92,34.77,19898.65,11600.68,9.3,6.83,9.24
901622,120516.95,10118.33,7.17,30430.26,23043.83,224.79,24.96,9,698.98,2,7.56,92.46,31.55,28564.03,26871.38,22.52,10.14,17.62
901623,23925.59,1977.18,-0.84,6004.82,73361.38,9039.31,40.56,6,625.0,3,5.96,83.66,61.25,20143.72,13437.35,15.11,8.91,6.65
901624,86644.4,7151.93,4.63,22260.29,15834.6,5300.56,27.04,5,551.77,9,12.94,70.2,58.72,19714.41,6580.57,8.0,1.21,5.81
901625,50187.84,4267.73,2.42,3236.21,41373.07,6013.45,33.24,3,491.65,1,11.23,75.56,49.33,10911.99,0.0,0.5,1.21,6.26
901626,85146.5,7088.99,6.64,17793.07,19985.72,5170.58,17.55,7,833.16,2,0.09,100.0,36.67,22452.74,13651.46,11.15,7.8,10.24
901627,67751.09,5675.15,4.07,10060.38,29436.21,8478.51,31.04,4,668.42,2,8.95,90.25,60.38,15419.77,5161.31,9.78,4.94,5.76
901628,99830.21,8167.47,5.79,26271.47,18695.13,2851.58,18.6,8,812.06,0,0.63,98.99,24.88,20995.57,13920.82,14.23,6.95,9.81
901629,38897.29,3231.4,-0.73,674.61,54782.35,6965.84,33.77,3,740.18,3,4.32,98.55,58.73,14720.02,4267.75,3.34,2.05,3.67
901630,79033.1,6565.78,5.25,11895.26,25019.12,7743.96,27.39,2,540.82,6,10.39,80.56,36.33,11979.06,1129.15,0.5,0.25,2.85
901631,80217.36,6673.42,8.18,12949.35,22556.73,5376.25,28.15,6,692.68,1,7.13,99.16,26.9,26284.72,21796.97,15.76,6.63,9.27
901632,92153.79,7642.73,9.95,21640.69,20106.96,4718.17,29.47,5,487.38,7,10.33,76.56,34.59,16338.97,8753.43,8.29,2.41,4.51
901633,35260.08,2904.6,3.48,3499.23,38810.14,9907.5,48.68,4,557.1,3,3.12,90.41,58.95,2544.5,1240.52,2.38,1.71,4.08
901634,22940.37,1914.77,-2.35,4784.62,54667.18,8282.61,37.95,5,633.11,5,0.61,93.24,48.95,9086.94,16594.06,17.69,7.09,13.45
901635,119305.35,9928.59,6.15,29898.68,0.0,2790.05,17.45,8,811.2,0,2.03,100.0,15.49,29549.98,21619.09,13.27,7.45,16.35
901636,81625.06,6868.91,6.6,16074.0,15196.07,6353.82,13.85,4,649.71,3,4.34,88.85,45.11,19424.82,6497.8,4.21,2.62,5.28
901637,68814.11,5704.77,4.86,12129.38,41168.78,8708.62,39.0,4,452.82,10,16.71,76.44,67.85,24240.71,10509.23,15.01,8.82,5.19
901638,76418.97,6296.94,6.66,6321.24,41112.29,3821.79,31.68,6,526.23,6,8.42,86.26,43.41,16599.32,11131.11,9.37,5.98,8.69
901639,38869.52,3280.85,2.37,6522.92,65618.76,12256.51,34.4,4,603.52,4,8.28,87.5,60.17,23092.9,5162.4,12.57,8.68,9.01
901640,110385.57,9261.49,7.32,30315.7,2587.03,3373.37,27.12,8,682.81,3,4.75,90.03,34.22,22880.47,15392.24,12.25,8.53,9.03
901641,39228.31,3256.75,1.28,1125.03,67199.39,12304.75,50.28,4,569.95,4,12.28,75.24,60.62,13739.09,5349.66,11.76,7.59,6.42
901642,95901.0,7976.62,8.96,15095.79,31281.05,6559.88,25.71,6,686.69,6,10.41,86.94,58.96,10870.53,9448.67,8.04,5.17,8.54
901643,67793.79,5648.78,7.35,15999.48,33703.14,6907.02,34.89,6,596.34,2,11.92,83.6,46.48,8863.0,11642.29,12.2,6.23,8.5
901644,97205.22,8044.39,2.1,19472.23,11439.03,4224.34,29.2,5,570.74,0,4.27,86.06,37.96,18100.42,16452.61,9.93,2.61,7.24
901645,104012.4,8634.99,7.68,19189.52,19715.03,5824.22,36.58,7,546.96,9,17.04,74.17,42.67,23484.44,20924.17,17.87,9.67,8.48
901646,42261.82,3482.58,4.05,12333.92,40270.38,6265.86,34.46,5,756.1,2,5.19,94.05,45.99,13655.2,5002.04,8.62,5.18,7.7
901647,36910.03,3085.17,0.05,14086.46,55195.0,8042.14,34.58,5,539.11,6,16.11,82.61,69.64,8940.84,5244.91,6.06,6.65,6.06
901648,77314.47,6521.75,4.75,24454.29,25749.08,3574.88,32.35,9,850.0,0,0.0,100.0,26.37,29260.94,18245.62,15.19,9.42,9.74
901649,37991.81,3152.68,3.68,8340.77,57837.43,12058.43,47.87,5,405.86,9,11.21,65.71,69.4,6424.5,1342.32,9.84,4.1,1.84
901650,90189.99,7559.96,8.77,18536.62,15193.35,2952.17,24.42,5,659.61,7,6.82,86.66,35.47,15644.37,18068.25,11.01,3.75,9.14
901651,85426.62,7083.72,0.99,19004.49,29360.22,9873.67,40.33,2,524.64,2,10.31,75.96,36.85,15961.6,6148.26,2.71,4.69,0.53
901652,18776.3,1559.5,2.7,500.0,59443.21,10357.39,48.4,5,587.84,9,5.06,78.17,59.12,13201.8,6138.62,15.21,7.73,7.05
901653,121216.0,10144.32,12.56,29894.18,21459.21,1667.9,12.84,7,737.78,2,12.62,89.87,19.58,24535.99,27073.14,15.05,9.89,8.92
901654,22111.88,1825.93,3.15,5884.72,55684.8,9308.55,30.45,3,476.12,7,12.75,74.9,59.82,4378.74,6097.33,1.86,4.09,7.61
901655,92540.13,7643.05,8.05,11328.49,42427.66,6671.55,38.07,9,427.62,11,14.23,65.28,39.94,26803.57,12937.25,18.62,7.22,8.78
901656,51797.53,4364.95,3.92,3457.91,51534.95,10064.28,43.23,7,630.91,5,8.16,85.15,37.79,21064.52,15898.23,11.36,7.82,8.17
901657,111250.44,9201.18,9.9,21192.54,0.0,5112.11,17.43,8,654.06,4,4.81,88.74,48.22,26039.92,18913.84,7.96,8.49,8.28
901658,65728.57,5525.88,8.96,11918.89,55131.33,11009.44,44.57,7,300.0,11,23.08,57.47,38.35,21601.0,9645.44,15.61,5.89,9.72
901659,56862.04,4663.92,5.67,10193.13,49393.17,10500.24,50.24,5,458.26,9,9.32,81.77,55.53,16383.47,4657.97,7.65,3.08,1.96
901660,102673.43,8644.09,7.03,18931.64,36474.88,6449.54,23.34,6,495.6,10,16.21,74.38,50.38,25649.77,16257.17,19.92,9.3,8.15
901661,46681.25,3949.02,3.88,11912.07,48696.33,5814.22,28.51,6,644.45,5,9.35,85.12,51.99,20864.64,12140.22,13.01,9.22,5.08
901662,61397.33,5043.51,1.79,9775.53,52132.04,8632.75,36.43,6,604.8,4,10.28,84.36,59.9,24456.42,11661.43,13.23,8.11,7.98
901663,39254.74,3286.09,6.57,6514.39,53248.86,9264.54,43.45,6,634.48,7,5.41,76.62,55.03,13064.26,7114.14,12.52,8.03,7.21
901664,91203.64,7542.55,0.93,14875.85,19549.62,2884.42,32.88,6,734.04,3,9.61,90.36,36.11,18279.11,10414.66,7.24,3.92,8.23
901665,87130.23,7036.53,6.15,20780.78,35523.9,4631.07,33.83,6,734.94,1,6.38,90.48,30.72,25324.51,15532.41,14.52,8.33,9.48
901666,69156.12,5728.26,1.33,8903.77,47940.9,7566.91,38.68,7,554.87,5,13.95,83.79,45.64,15004.24,9931.34,15.6,6.33,9.83
901667,77728.36,6605.16,4.81,5627.52,48127.37,11194.89,33.49,6,678.75,2,5.46,94.83,32.53,18881.78,16857.44,12.86,7.05,10.61
901668,49527.95,4182.08,4.1,11632.0,45161.99,5335.19,36.85,6,614.72,7,5.83,85.68,34.89,16427.65,10275.5,9.81,7.41,3.54
901669,47369.48,3984.1,0.66,12812.41,38688.96,8882.48,43.64,6,602.01,7,6.46,81.82,64.32,11731.67,10519.66,15.83,9.06,5.17
901670,111408.66,9220.37,5.64,18050.98,31214.94,5464.5,25.14,4,569.15,8,14.24,74.45,55.34,20918.72,3787.38,5.02,3.84,8.28
901671,106141.2,8907.96,2.8,22476.3,5746.99,4651.65,20.33,5,641.85,6,0.0,89.32,33.05,17007.65,12333.68,6.07,5.26,8.95
901672,54003.51,4460.64,4.46,16373.99,50621.53,5536.58,43.18,8,758.02,1,3.42,97.43,48.46,23078.48,14113.34,17.68,9.46,5.47
901673,39082.53,3270.34,3.98,5193.43,43156.81,7893.14,35.36,6,407.21,11,11.89,71.24,76.66,14914.08,7386.34,12.27,6.12,6.91
901674,110593.33,9256.54,9.4,31214.95,0.0,1316.47,7.94,7,689.0,3,5.58,85.19,18.71,22090.48,19182.11,7.19,7.64,13.69
901675,70627.95,5722.58,7.88,16468.4,23653.46,5601.63,24.47,2,640.3,7,1.79,78.26,38.62,9440.1,11830.07,6.77,1.67,4.54
901676,33630.73,2781.48,3.0,8919.04,41071.9,5229.6,43.06,3,618.93,4,8.04,89.44,55.21,8580.76,3990.69,8.59,2.59,6.16
901677,93260.65,7761.63,-0.31,18200.09,30630.82,7318.61,28.3,7,665.67,3,11.55,85.13,33.87,26189.19,16509.78,20.47,11.46,7.73
901678,48659.36,4094.64,3.77,9813.06,58179.54,6763.55,36.0,6,739.33,0,1.6,98.24,31.3,21373.31,12336.53,17.59,11.42,8.37
901679,61071.94,5141.29,5.02,15615.05,29565.67,9076.24,34.96,5,801.89,0,1.79,100.0,59.25,21266.04,9393.97,11.34,6.73,8.04
901680,97122.02,8091.7,8.79,23504.61,15242.0,5741.06,30.78,5,825.68,3,2.03,87.47,27.73,22196.74,15637.39,10.18,5.86,11.9
901681,63226.95,5186.17,-0.0,10387.4,49190.35,7266.58,36.85,5,634.38,7,13.67,90.83,70.84,14715.6,9132.84,10.44,5.63,2.33
901682,57310.05,4856.65,-1.53,12742.68,42375.13,8432.74,32.11,4,772.21,3,4.42,89.46,43.64,15456.93,11566.9,13.15,5.33,4.26
901683,71165.05,5869.95,3.07,14676.92,27713.65,5779.36,33.24,4,722.24,2,5.05,96.69,45.97,13993.2,7909.08,5.73,3.19,5.0
901684,67745.09,5600.47,4.86,18908.97,27650.43,3482.69,35.9,7,826.95,0,0.0,100.0,36.59,22673.73,20042.58,15.44,7.82,8.83
901685,59329.77,4900.22,5.08,17829.34,44377.55,8885.35,32.31,10,701.0,5,0.38,95.9,41.64,24263.01,18562.84,23.9,13.48,15.44
901686,105352.45,8701.43,9.17,33772.1,4672.25,1640.43,18.9,4,652.21,6,0.44,79.13,36.99,16724.98,16130.79,10.43,5.46,11.5
901687,62642.38,5247.59,0.78,12332.13,37709.7,6107.52,28.51,3,549.21,5,10.94,85.49,66.7,2008.96,3595.79,0.5,3.05,1.24
901688,96673.8,8082.28,7.5,24549.52,3648.94,1061.97,23.37,9,644.41,4,8.43,97.63,28.29,27672.54,18582.33,15.31,8.78,8.2
901689,34263.03,2855.66,3.51,10931.4,35352.08,7740.18,30.2,3,546.39,3,11.77,79.67,60.4,20762.69,611.74,9.11,2.87,5.98
901690,37298.13,3075.15,2.41,12338.88,49273.07,11544.41,44.78,5,552.71,4,4.39,79.48,57.22,9493.45,4062.8,6.79,4.6,4.95
901691,73595.71,6113.34,3.72,12794.18,47067.05,4674.24,32.86,5,597.8,4,6.38,83.56,47.12,24934.03,10957.97,9.65,7.32,6.99
901692,70373.63,5848.51,3.89,11642.61,30498.76,11261.97,41.04,6,565.12,7,8.8,76.21,66.44,18462.9,10161.69,13.15,6.37,7.66
901693,36820.66,3056.35,-1.68,1953.12,81335.87,13041.03,48.95,7,543.6,8,10.46,73.43,70.22,20285.43,8138.22,20.09,10.57,9.24
901694,33480.17,2777.22,-0.92,3862.47,49855.44,8885.64,49.55,4,376.02,8,16.28,75.86,68.85,3736.78,4193.6,6.68,3.94,3.07
901695,94397.61,7880.97,5.29,17626.34,13487.97,3873.32,27.49,5,814.2,0,2.82,100.0,31.79,22612.63,7950.99,10.98,4.19,13.35
901696,90709.41,7558.02,7.0,24570.17,18290.43,4971.63,23.48,5,489.82,5,13.01,87.75,40.01,16540.07,13936.12,5.2,4.57,7.98
901697,127042.02,10535.1,5.09,24248.31,0.0,5829.29,21.88,4,745.63,1,4.32,94.02,43.51,11848.4,6260.91,5.03,2.05,1.96
901698,115867.96,9702.27,2.39,23343.96,16204.17,4320.19,21.95,9,569.84,3,13.72,89.71,29.32,35961.85,24796.75,26.16,13.94,16.76
901699,37775.89,3198.37,3.29,5124.95,40790.24,9335.48,45.32,2,546.6,6,7.33,83.76,52.15,6019.33,0.0,0.5,0.2,0.0
901700,84991.91,6984.12,8.24,15782.44,24339.86,3974.77,26.66,4,616.69,2,19.34,86.15,45.16,19583.27,8239.17,9.99,4.74,6.4
901701,68083.85,5623.87,4.99,15042.16,13064.85,3143.62,31.33,5,727.79,1,0.0,99.87,38.25,12105.14,9297.02,11.81,3.71,6.2
901702,38947.08,3224.26,3.56,10216.77,48616.67,7142.85,42.33,5,667.42,1,12.8,81.12,48.51,24286.32,11245.8,13.71,3.79,4.13
901703,78600.23,6598.79,3.55,24393.88,12061.46,3563.7,25.38,6,703.35,6,6.69,88.4,43.57,22118.38,12628.15,6.32,9.25,5.9
901704,74441.27,6160.28,0.98,12080.45,35155.68,7404.53,33.39,8,570.14,8,7.68,72.09,52.28,23736.24,20136.29,18.13,10.67,6.88
901705,103443.64,8599.11,4.18,24608.75,36034.14,4251.96,14.7,7,572.7,7,10.79,85.74,36.82,23179.37,11901.03,11.62,7.38,9.18
901706,86370.67,7088.14,7.91,23170.94,26434.25,4179.6,15.96,5,615.16,8,9.72,80.39,53.71,13778.58,12747.91,8.74,4.17,5.91
901707,88638.12,7385.8,4.13,23243.07,6859.36,1870.32,18.96,3,850.0,1,2.73,100.0,28.37,4377.27,8641.82,0.5,0.39,2.46
901708,79461.0,6719.81,5.04,24245.28,13690.58,3896.24,18.95,6,686.17,0,0.0,100.0,34.57,16410.13,10876.46,6.82,2.0,0.0
901709,52624.45,4379.58,4.23,8233.89,61770.58,9994.45,34.18,6,672.59,2,12.01,81.09,47.07,18925.72,9967.07,16.62,7.47,4.12
901710,50627.15,4237.69,1.02,4968.34,35548.84,8945.76,46.56,8,555.15,7,4.84,80.55,47.92,17095.12,13980.75,11.09,8.76,10.44
901711,90045.02,7490.19,5.54,13849.19,25112.17,6746.28,36.49,5,725.75,0,0.0,100.0,44.34,15259.75,9287.86,4.46,5.35,7.53
901712,54473.52,4535.2,2.61,15758.67,23597.1,5194.46,29.03,6,615.38,6,8.48,76.4,52.41,27207.17,16653.86,15.44,9.41,15.47
901713,109787.42,9162.44,1.29,18533.21,13936.41,6936.69,28.98,6,455.41,9,15.21,60.11,55.56,16585.14,12225.43,10.48,4.13,8.58
901714,26236.48,2195.27,2.25,12849.25,48562.1,8651.74,40.54,5,808.36,0,11.33,97.97,56.42,15828.29,5370.21,13.18,7.27,3.65
901715,91468.13,7625.69,5.62,24722.13,23144.74,3078.76,14.18,6,823.47,0,2.72,100.0,37.39,11172.17,15441.67,9.97,5.16,7.12
901716,66184.06,5497.24,7.18,25515.34,35814.78,2576.91,42.42,7,850.0,1,0.0,100.0,32.23,20930.55,17754.74,14.82,11.12,10.92
901717,26419.62,2201.32,-0.61,6943.42,53590.48,9303.73,42.27,3,619.13,5,8.44,82.91,66.41,16483.8,1651.18,7.17,4.35,5.32
901718,102493.31,8589.41,5.56,15243.01,26851.74,5812.15,31.56,5,627.76,2,5.87,82.0,51.48,18775.63,14553.99,15.64,3.59,10.7
901719,78337.97,6448.51,2.67,17313.76,22384.07,4594.37,31.66,6,694.37,6,4.9,79.86,34.57,21681.51,8741.73,10.6,6.51,5.48
901720,55493.66,4660.87,5.63,12000.42,48463.8,5408.23,37.57,6,571.42,5,11.61,82.86,39.56,20431.31,0.0,6.85,4.34,6.73
901721,62840.76,5210.0,0.13,6381.98,46400.28,7847.41,40.47,7,511.06,9,11.9,71.75,72.13,13560.52,10597.81,9.72,7.16,6.47
901722,108516.91,9133.5,8.43,28369.43,14562.24,4305.11,12.66,10,850.0,1,0.0,100.0,13.76,41779.62,30715.93,29.17,15.58,20.31
901723,48234.6,4088.59,-0.31,9582.78,48046.51,9243.31,31.52,3,613.7,6,8.28,89.43,57.08,13792.36,16251.77,11.53,7.55,5.68
901724,87790.37,7229.05,7.23,24399.77,17573.86,5642.61,18.56,5,560.82,6,5.82,77.56,36.71,16060.87,11106.6,6.49,5.93,11.27
901725,63413.93,5210.69,0.15,15717.88,34201.73,7950.19,36.94,6,432.23,9,20.63,68.29,66.48,23159.46,10500.16,6.81,7.45,4.23
901726,70022.85,5868.3,5.47,12572.39,12516.11,3696.59,21.22,3,696.48,0,0.0,92.58,45.24,18188.64,11407.92,4.86,5.0,3.37
901727,73989.85,6113.38,5.77,15765.06,43271.77,10693.92,37.96,7,484.4,8,17.87,67.01,55.52,20070.46,13728.17,12.72,9.29,2.94
901728,75346.54,6362.64,7.69,23600.99,40665.76,3810.38,30.39,5,732.49,0,6.46,95.21,39.89,21616.96,7710.4,10.45,3.89,7.67
901729,85353.07,7024.94,5.67,13961.09,39040.64,6456.6,28.01,6,638.24,3,2.97,86.73,33.92,32184.43,12004.29,19.59,8.42,6.67
901730,57503.17,4823.72,3.36,6405.72,59517.03,11354.09,34.94,7,594.95,5,7.65,83.95,54.85,15445.79,6284.47,11.92,4.33,7.76
901731,103078.81,8759.33,6.87,30199.87,0.0,4045.97,20.06,6,769.68,4,6.81,92.99,32.63,24703.65,14405.93,17.04,10.76,12.81
901732,88347.29,7408.42,4.25,18315.48,23084.76,2928.49,27.51,6,739.96,3,7.41,90.79,28.33,20015.75,17639.28,16.71,8.79,6.62
901733,75679.07,6288.53,6.65,23909.61,18668.16,1504.44,15.35,6,850.0,0,4.62,100.0,30.21,22488.62,13311.61,12.62,6.62,8.37
901734,84343.07,6996.28,4.29,17142.29,35786.68,5370.39,24.03,7,850.0,0,3.06,100.0,38.63,25865.97,19871.09,17.48,10.85,11.3
901735,80318.09,6726.99,4.07,16907.11,31464.58,7916.34,28.45,5,714.46,5,5.43,93.28,31.23,14865.07,9911.37,17.09,5.55,6.87
901736,113000.55,9299.23,9.32,29732.12,13911.73,3441.79,18.36,9,812.3,0,0.0,99.37,1.0,32360.34,24590.85,23.73,13.41,11.37
901737,59504.07,4966.05,3.39,13644.29,24080.07,7207.1,30.41,5,618.36,4,1.17,87.74,34.75,16813.45,10632.98,9.46,8.23,9.92
901738,61319.73,5063.14,6.0,14177.57,31004.33,4211.18,26.18,7,845.13,1,0.0,100.0,47.08,19323.37,9011.23,17.4,9.74,11.76
901739,49931.27,4095.21,1.64,5532.53,41840.47,8054.31,38.79,5,616.9,2,7.88,89.66,49.9,11782.33,9465.8,11.73,5.89,5.88
901740,39969.46,3292.96,1.69,2360.0,61746.58,6861.27,40.57,7,806.29,0,2.24,100.0,29.12,24466.04,9275.26,12.62,8.45,7.18
901741,74471.02,6226.94,1.99,20078.43,14529.12,4840.87,22.42,3,730.3,2,3.23,92.47,32.62,27711.97,10747.9,8.96,6.65,8.98
901742,59283.55,4901.23,4.12,15759.8,28097.46,6257.93,29.43,6,729.64,1,0.0,91.76,48.19,17253.07,17264.09,11.34,10.04,7.76
901743,21965.69,1835.94,1.22,3347.54,46026.38,9391.64,47.72,5,573.44,3,4.01,80.27,55.62,7693.59,0.0,10.27,3.61,3.2
901744,76943.34,6433.16,6.23,14353.52,47935.21,4856.19,32.96,9,791.3,3,1.15,99.54,25.87,27122.96,16912.13,19.46,10.58,12.06
901745,70389.64,5888.68,3.71,23419.99,15460.35,4115.77,37.38,5,674.87,1,0.0,98.68,43.92,18571.24,8418.93,7.38,6.29,5.17
901746,114734.42,9384.07,4.94,27449.0,8870.54,2938.35,29.44,6,668.21,4,13.39,92.55,28.36,26591.58,15697.52,8.37,6.44,9.06
901747,52084.56,4300.24,5.88,17899.55,20282.98,5404.89,28.17,5,802.31,5,1.99,95.74,46.21,18659.15,15052.8,13.31,7.26,8.15
901748,85615.45,7273.17,10.19,24600.77,12780.75,4476.85,22.38,6,749.42,4,4.08,92.37,47.49,13973.08,12114.31,11.7,6.69,4.48
901749,129347.23,10865.59,11.11,39054.36,0.0,0.0,6.18,6,850.0,0,0.0,100.0,11.31,24953.8,22439.43,11.52,8.88,8.88
901750,19018.62,1573.64,-3.05,13377.74,54822.54,11580.22,46.93,6,545.25,6,10.67,73.52,63.69,15924.86,7121.24,15.91,7.12,6.54
901751,103597.63,8779.01,6.61,26978.3,19115.78,5680.3,20.18,7,585.11,4,14.79,91.33,33.54,30543.28,14490.25,14.72,7.65,10.49
901752,77145.04,6461.55,4.4,22487.73,26743.51,5314.29,21.72,4,688.25,2,5.14,90.64,34.19,12163.24,10543.26,8.08,4.59,6.44
901753,91118.25,7516.83,0.71,21098.08,31008.27,6873.51,35.42,6,718.34,1,8.87,88.21,45.07,21205.39,16434.95,11.03,7.04,8.79
901754,40127.09,3326.76,9.56,14713.72,55322.48,12639.49,43.65,9,727.8,9,5.16,90.54,57.11,14863.49,16303.54,17.65,8.35,9.88
901755,75993.92,6385.62,1.52,11017.51,44135.04,7574.38,33.31,6,611.79,1,7.93,97.72,23.83,15832.73,16808.97,14.9,10.31,6.81
901756,106410.16,8761.01,8.51,24514.85,28178.61,3130.82,19.08,7,674.55,1,0.84,94.5,20.25,22828.47,13229.65,14.61,5.98,5.71
901757,52820.88,4444.34,3.77,6133.07,51571.99,8362.47,43.13,5,624.75,6,9.62,83.65,53.06,13816.14,8933.34,11.88,6.95,10.95
901758,60538.78,5000.21,3.21,11823.17,59836.54,10117.63,44.34,9,659.26,5,8.72,81.8,46.3,30219.6,23543.13,34.23,13.85,15.25
901759,94661.62,7939.46,6.19,26115.34,21346.59,2241.59,22.93,5,725.15,3,5.74,100.0,37.45,24648.0,18879.02,17.65,8.26,12.62
901760,71752.48,5912.25,5.3,15803.74,32533.27,5115.55,30.02,6,639.75,5,3.31,89.94,34.59,12326.48,7696.42,4.32,5.11,6.87
901761,59550.72,5095.58,4.53,7469.2,46568.65,9602.57,43.15,3,381.93,10,17.49,65.54,66.94,7519.27,3808.02,5.52,1.97,4.7
901762,38660.04,3228.33,-0.14,6841.2,60349.32,11250.45,43.15,7,636.66,3,7.16,84.05,50.74,27499.42,12476.4,23.25,14.38,14.7
901763,65772.89,5495.0,6.79,14053.47,42527.64,4579.12,31.59,4,678.44,2,7.19,94.24,55.63,8948.33,7259.03,5.5,3.72,4.39
901764,68362.5,5728.43,5.63,15070.29,34215.75,5479.87,29.68,4,802.62,0,0.0,99.31,28.68,10576.7,6330.62,7.2,4.93,5.71
901765,69381.17,5689.19,4.81,23266.74,41004.39,6899.1,41.45,8,694.88,5,1.6,82.53,49.85,34962.65,13721.0,19.21,14.0,13.46
901766,63386.26,5283.59,1.93,12862.86,47778.01,10330.63,34.5,4,486.41,10,16.94,66.42,47.18,15854.99,8179.84,11.9,5.78,3.46
901767,62500.34,5137.97,4.47,22567.3,51608.86,8622.09,35.86,6,583.9,2,8.03,91.63,59.95,26642.75,9411.71,17.55,7.43,7.84
901768,86335.54,7360.14,3.28,19988.62,30183.52,4235.04,23.93,7,603.18,4,3.31,93.25,38.3,17941.75,11945.06,6.02,4.23,7.2
901769,50348.83,4120.3,5.68,3129.23,46839.74,10379.43,39.56,5,652.33,1,2.13,88.77,58.75,15571.3,10597.66,9.45,7.46,7.96
901770,66382.21,5545.08,2.61,19818.58,22525.17,5426.87,40.19,4,781.73,0,4.99,98.82,39.98,17897.16,9707.79,12.16,8.45,7.13
901771,54659.93,4525.31,7.22,14322.99,16491.41,5118.67,39.26,6,751.37,0,8.13,86.61,53.0,22087.24,14687.92,12.9,7.69,7.81
901772,48018.93,3991.2,6.45,11115.93,39432.85,7014.46,46.3,7,548.6,7,10.12,77.13,60.98,18618.61,6565.12,16.68,3.36,5.74
901773,40634.63,3410.84,1.94,11000.29,30284.66,7155.17,38.72,5,595.39,3,7.77,85.25,52.14,18746.47,10777.39,11.21,7.27,4.63
901774,15000.0,1233.24,0.39,4257.78,51836.94,9877.93,46.09,3,443.47,9,11.35,73.07,51.64,7827.35,9483.08,5.04,6.9,7.19
901775,35397.19,2926.59,1.27,4762.67,56301.12,9129.24,42.55,5,836.52,3,2.3,94.87,51.23,20592.75,16370.43,24.43,7.91,7.0
901776,57244.11,4784.45,5.16,6962.23,73948.63,7923.31,40.03,4,707.73,3,3.97,95.24,43.55,14845.6,10969.81,19.0,6.67,4.49
901777,47961.52,4006.41,-0.0,15997.25,29504.05,9524.88,34.2,6,588.85,7,2.15,90.31,37.94,11753.34,5785.03,6.52,7.89,8.05
901778,85321.07,7109.06,6.2,25272.1,9422.43,5918.81,29.36,5,848.11,0,0.31,100.0,30.5,20353.07,14614.54,14.84,7.69,9.44
901779,108228.24,9197.62,8.36,31359.82,30975.86,3468.12,15.28,7,771.6,3,4.08,78.94,28.49,28396.03,20682.8,12.36,9.75,13.67
901780,78298.14,6576.89,4.06,17331.51,47890.45,6749.36,31.72,8,672.59,6,7.23,85.2,46.81,17944.51,15861.17,16.41,7.4,9.83
901781,88044.66,7395.04,2.94,18828.8,11594.02,3831.14,21.28,5,575.95,7,7.21,70.71,25.16,16934.57,12864.61,13.49,5.43,5.36
901782,62854.75,5230.69,2.4,12608.29,63848.86,7282.15,27.07,5,579.47,6,4.59,82.86,55.96,11156.25,8550.45,9.01,6.54,4.17
901783,63522.74,5189.41,-2.17,17513.8,37847.46,7660.95,37.76,6,554.05,8,4.72,87.59,50.01,22961.28,10917.94,9.36,5.21,3.2
901784,55629.03,4668.26,3.47,12762.32,52474.63,6037.7,42.1,8,549.79,5,7.36,85.23,62.77,30009.24,15583.35,21.74,10.31,13.78
901785,47925.05,4064.4,3.72,500.0,41237.88,8566.0,34.68,4,817.54,2,2.34,92.52,56.73,3882.07,5163.74,0.84,3.68,3.03
901786,93176.08,7937.18,6.34,27852.0,0.0,2458.06,9.76,7,850.0,0,0.0,100.0,24.13,19213.88,12321.44,7.04,4.3,7.89
901787,63380.51,5409.6,3.61,16906.41,55544.58,7957.76,39.78,6,468.74,10,15.15,83.94,63.82,18492.55,5926.88,17.03,7.8,6.44
901788,80032.85,6629.7,2.99,8093.33,27929.22,7398.75,31.54,7,693.35,2,0.0,96.65,48.85,20867.72,23632.49,24.56,11.3,12.22
901789,91973.01,7681.59,7.27,27329.8,14549.32,4625.79,11.2,5,571.17,5,10.19,90.29,35.1,27538.85,12199.91,10.64,7.09,7.9
901790,56063.56,4649.3,4.14,10915.49,32628.87,6314.47,29.31,1,668.45,3,9.21,100.0,47.3,5663.31,1446.93,0.5,0.2,2.19
901791,83099.28,6910.15,8.0,19799.39,26696.25,3837.54,29.83,6,850.0,1,3.85,100.0,23.85,15704.14,12125.19,13.4,6.91,9.62
901792,83034.62,6868.89,5.23,19700.36,29011.71,5593.8,25.75,7,605.35,5,3.91,92.56,35.65,28570.15,21705.63,13.74,8.49,14.87
901793,90356.08,7530.06,8.36,25964.93,12574.9,1838.83,26.09,7,850.0,0,0.0,100.0,5.11,23737.9,24454.67,12.35,8.54,8.2
901794,68003.7,5764.64,7.14,11013.73,27654.85,2585.96,28.14,8,605.08,2,1.55,100.0,44.23,30777.91,13826.12,19.91,10.83,10.84
901795,58224.34,4821.81,2.45,10517.87,40655.18,9520.84,36.9,5,601.23,7,6.91,83.81,55.08,16286.23,9744.39,10.62,4.28,6.28
901796,55119.28,4596.26,1.75,13904.82,35159.89,8179.76,35.61,3,637.56,3,6.75,89.49,41.9,18085.23,0.0,12.74,5.23,11.21
901797,77154.3,6409.29,3.89,14001.72,30255.86,8291.39,38.61,5,502.73,5,11.34,70.52,56.74,18413.22,12123.46,12.61,7.44,10.09
901798,69171.56,5758.49,3.61,17004.44,45543.14,7587.57,33.43,6,774.67,2,0.0,100.0,37.11,16574.29,14280.89,13.98,9.66,10.55
901799,46205.61,3826.09,3.62,13493.65,54694.78,14042.51,41.88,6,466.96,9,17.44,66.56,72.88,18170.78,4345.85,19.43,8.14,10.68
901800,80219.68,6703.31,9.89,23816.45,9247.76,96.23,23.5,5,665.15,0,5.1,91.92,37.38,15293.42,6345.99,5.56,4.02,6.33
901801,127081.64,10585.34,2.58,31537.91,12779.42,2134.55,18.52,8,602.48,2,8.55,83.19,27.88,29922.25,21889.42,14.16,11.02,6.31
901802,61767.04,5113.56,9.39,17811.29,22875.43,2806.24,24.04,5,806.35,1,6.26,100.0,32.3,17435.73,15824.51,8.41,6.4,3.77
901803,24551.2,2035.79,2.92,4468.15,70208.87,11222.63,47.33,6,689.37,3,10.46,76.85,54.44,17717.75,11827.36,15.69,7.01,7.44
901804,122135.95,10028.82,3.72,26227.96,1288.33,1930.61,17.23,6,489.99,8,8.56,71.39,36.93,21829.95,13207.52,11.91,4.2,9.52
901805,62056.27,5164.06,3.42,11943.67,24138.71,9934.8,34.01,6,682.79,6,9.06,90.8,33.89,23856.99,13248.73,24.1,10.5,11.36
901806,70812.82,5904.59,7.45,9882.02,36154.83,7084.97,42.23,7,588.67,6,8.09,84.0,44.3,17095.08,9516.29,19.25,10.92,8.85
901807,75514.36,6169.94,3.16,17127.24,27807.18,4599.68,25.04,7,733.21,3,0.9,98.19,32.41,16809.63,19453.73,14.76,7.67,5.78
901808,69336.99,5820.62,2.43,12876.24,37590.74,6484.78,37.14,6,699.85,6,4.77,96.02,31.29,17388.52,9169.97,13.16,7.88,4.13
901809,106006.17,8743.44,2.52,17399.27,6155.58,4199.26,25.2,7,528.29,10,16.41,78.45,51.72,32377.35,22652.15,11.42,5.66,4.84
901810,90009.64,7549.19,7.94,22115.07,2271.43,4757.46,27.98,5,850.0,1,0.0,100.0,29.96,28208.04,13743.74,13.29,6.39,9.8
901811,84926.82,7119.04,9.85,27768.12,20035.77,580.72,24.94,7,729.77,2,0.91,92.23,33.39,22926.99,24073.88,20.4,11.13,12.66
901812,81728.21,6759.85,4.73,17053.65,24579.81,6186.18,28.1,6,769.34,3,0.0,100.0,43.17,20883.14,9115.43,12.98,6.83,9.89
901813,77336.02,6422.06,0.46,17005.33,28279.28,9535.6,27.69,5,708.49,0,0.0,95.77,47.73,20243.75,8613.63,8.16,5.33,1.42
901814,88238.58,7326.63,5.77,19606.39,32329.63,5560.86,27.14,8,564.23,5,5.89,77.96,29.65,28160.47,7175.39,14.56,10.56,7.81
901815,37135.46,3069.63,2.65,8718.82,64635.85,9869.63,44.3,6,688.82,3,10.44,86.1,57.84,16287.4,7119.37,17.15,9.55,9.93
901816,44959.15,3708.23,3.59,8811.41,66791.79,6974.27,31.58,7,850.0,0,0.0,100.0,39.78,19379.22,9779.11,12.23,7.18,10.04
901817,66510.64,5552.29,7.45,23151.79,47380.03,4909.5,31.38,8,619.65,0,3.26,93.91,32.12,25930.44,21428.86,20.64,10.35,13.59
901818,80541.56,6761.52,1.1,13472.74,43197.68,5646.09,27.89,4,850.0,0,2.55,99.88,38.47,29727.35,18915.52,17.93,10.83,12.32
901819,32126.67,2684.77,0.37,7067.66,57557.53,8388.48,39.48,4,627.33,4,9.62,80.74,52.48,9287.23,0.0,0.5,0.2,0.21
901820,36295.76,2990.24,1.03,5580.91,52925.45,9948.61,47.65,6,678.25,2,2.73,88.65,46.35,14544.81,10879.09,14.65,7.87,8.86
901821,54020.75,4438.88,1.17,16322.89,55837.32,12880.22,41.45,3,720.47,2,6.42,100.0,69.15,13957.2,0.0,9.43,3.18,5.3
901822,96687.45,7865.94,6.35,25038.88,21005.56,4631.08,21.17,8,696.28,1,3.57,93.39,32.88,37063.09,16010.36,22.01,11.65,14.18
901823,54452.58,4518.51,4.6,14633.29,50306.46,6825.51,30.93,3,777.79,4,2.07,90.42,50.56,10693.92,7909.9,8.84,5.35,4.51
901824,40048.54,3373.46,1.44,13549.56,38871.53,10526.1,44.11,4,850.0,2,2.91,100.0,33.7,18077.84,11651.83,6.49,6.88,6.35
901825,30971.51,2545.16,-2.57,5716.56,68873.25,6607.87,48.93,6,516.95,10,11.78,71.75,55.99,12127.93,5962.87,19.61,9.45,11.02
901826,59598.02,4888.13,2.97,10698.27,35060.94,5748.31,32.43,5,449.19,9,17.53,69.14,62.55,16276.19,8098.62,13.05,6.91,5.55
901827,35822.58,3009.5,0.63,10517.28,51765.85,7050.44,39.49,6,640.39,3,5.89,85.49,37.64,11600.3,4012.87,7.42,3.63,6.9
901828,63051.1,5266.33,-1.69,18946.69,49231.16,8163.51,40.71,5,704.95,2,0.17,87.14,40.09,27025.2,12091.49,15.78,7.22,9.2
901829,111374.23,9336.15,6.13,17170.8,18979.57,3426.68,14.79,5,708.42,2,7.3,87.14,40.16,14671.98,12216.5,12.0,5.5,5.61
901830,63276.17,5297.07,5.26,12474.84,31576.95,5830.08,32.95,4,657.89,3,12.8,91.66,38.5,16706.52,7255.42,8.61,3.92,4.08
901831,23773.43,1956.71,0.83,1135.32,53503.52,13063.43,45.01,5,598.13,5,5.76,86.01,70.06,7049.35,1033.71,6.12,4.77,2.67
901832,87707.08,7316.15,7.45,21537.59,16059.89,3150.97,29.48,7,810.41,0,0.0,100.0,26.38,23891.42,13197.82,12.34,9.87,10.66
901833,15000.0,1248.87,1.88,2213.72,57732.46,10510.75,42.67,6,682.57,2,9.41,87.5,63.69,18473.2,7264.33,15.87,5.02,9.66
901834,25780.9,2164.82,6.23,11896.25,32174.12,7405.78,27.82,3,548.63,2,7.41,85.5,45.61,21398.91,8199.58,9.36,4.09,2.21
901835,69081.76,5751.29,3.1,22245.37,22767.94,5351.66,31.61,5,705.7,1,7.44,93.4,37.15,22147.82,10771.46,13.19,6.43,8.42
901836,29818.89,2448.23,2.35,500.0,43406.51,6517.94,34.98,4,567.88,7,7.15,77.43,65.69,5936.47,0.0,0.5,2.06,1.24
901837,28177.99,2364.51,1.36,3399.09,46685.71,11167.73,42.54,4,549.86,8,10.31,83.9,52.01,13368.37,3497.28,7.88,6.42,3.48
901838,83789.94,6896.19,4.44,9125.72,34269.75,5044.43,27.56,7,573.69,4,12.28,88.97,49.95,24860.47,16297.37,15.4,11.13,9.05
901839,15000.0,1262.11,-3.04,500.0,87460.32,11887.81,48.44,2,570.53,2,1.7,82.57,67.79,500.0,0.0,1.94,1.75,1.22
901840,30697.74,2565.84,1.78,500.0,56005.36,8456.69,34.28,6,485.58,6,15.36,70.92,64.42,13107.5,6646.43,8.19,7.08,5.84
901841,51054.87,4311.51,5.34,15134.78,43219.2,6780.5,39.75,8,485.35,5,9.16,80.77,61.3,23753.83,7734.94,19.34,9.51,10.03
901842,56261.91,4567.22,3.69,10110.86,30610.2,7484.37,39.89,5,568.38,10,8.02,77.79,50.52,9611.64,4743.54,0.5,2.57,3.08
901843,15000.0,1222.59,-0.41,500.0,64525.62,14563.58,45.94,4,409.19,11,17.96,69.09,78.21,7112.2,6183.13,8.19,2.34,8.36
901844,48352.47,4070.89,3.64,15097.77,50492.54,8670.06,33.82,4,573.4,6,12.35,73.17,43.75,7737.18,3603.35,10.84,5.38,4.32
901845,69785.2,5767.43,6.71,27843.89,39663.02,5875.4,21.48,6,628.86,3,6.8,86.59,41.51,21164.02,17093.17,15.15,8.92,7.19
901846,15000.0,1280.95,1.9,6927.41,80503.1,10580.44,56.69,4,609.35,5,4.84,86.19,56.53,9506.31,7731.7,11.69,4.18,5.2
901847,46115.66,3853.11,-1.23,6440.38,50614.96,8652.73,36.65,7,456.22,11,18.92,70.01,56.09,16110.45,20207.62,12.16,9.11,6.3
901848,32429.26,2754.7,4.37,10075.23,26084.41,2935.88,37.29,3,596.52,6,14.78,83.64,63.51,10398.79,6966.49,5.44,5.92,8.06
901849,82324.89,6737.17,5.12,17947.58,27658.29,2497.88,31.0,6,575.87,7,7.54,79.45,38.64,26188.94,15181.22,15.82,8.77,8.56
901850,74851.24,6285.17,5.0,15116.95,17545.28,385.68,19.37,8,850.0,0,0.0,100.0,35.52,17075.68,16327.59,10.29,4.28,6.93
901851,35677.78,2990.9,1.29,9791.26,50947.87,9390.27,38.89,7,692.61,1,1.77,91.44,31.62,14862.86,15767.42,12.91,6.58,8.35
901852,27408.13,2259.11,0.76,1650.24,43018.94,6989.51,41.0,6,580.72,3,8.31,89.84,59.47,15930.65,7388.38,10.83,5.52,7.93
901853,66026.63,5602.5,7.35,17471.4,28465.53,5022.73,25.62,7,666.93,5,6.73,94.59,51.15,17000.31,10712.24,5.48,3.95,6.93
901854,15000.0,1246.87,1.36,1212.65,71322.57,15160.24,52.9,4,344.55,10,19.6,68.97,67.01,12613.87,6203.26,12.94,6.63,7.0
901855,86215.78,7168.12,8.05,22609.71,22458.74,2643.05,26.04,5,645.42,8,9.45,80.6,44.39,20441.35,15370.42,11.06,8.07,8.32
901856,99191.31,8297.05,7.12,12688.37,6267.56,3553.06,25.26,6,700.1,6,8.19,81.25,40.97,28939.29,12536.8,15.97,8.53,8.45
901857,101870.05,8432.49,6.29,21529.75,34431.11,5068.1,30.2,6,463.76,10,9.26,74.03,56.08,27882.93,18463.57,19.12,8.23,7.88
901858,56500.13,4703.02,2.98,7622.97,37283.29,8025.13,31.66,5,844.74,0,0.0,100.0,29.53,14664.47,7039.12,11.6,6.93,4.29
901859,53720.75,4499.11,2.39,8829.94,36210.52,7454.84,39.6,7,727.97,2,2.04,100.0,55.68,23738.69,11396.36,18.97,9.14,12.74
901860,27066.45,2252.38,-4.06,500.0,49874.02,7846.52,43.6,3,630.85,3,11.9,80.97,45.23,8858.37,4868.0,8.26,3.59,5.76
901861,53025.44,4444.73,1.82,21365.15,37105.42,9513.36,24.05,4,544.68,6,4.09,77.3,62.84,10073.58,0.0,4.23,2.64,5.39
901862,68968.93,5727.3,6.71,19863.13,31411.47,3762.5,27.83,9,718.39,3,8.67,96.34,43.47,32335.17,19644.23,18.66,9.27,10.12
901863,54176.8,4500.94,1.4,12977.6,18421.1,8466.4,38.56,4,629.33,1,0.0,91.65,52.62,6783.37,3896.77,5.1,2.66,5.81
901864,58376.24,4841.38,3.98,9181.09,56459.44,7618.68,42.1,4,661.66,2,9.52,87.31,60.21,18339.94,9429.48,11.82,7.27,5.1
901865,85442.83,7153.3,4.89,18735.74,32827.14,5893.84,17.02,5,718.34,4,0.0,83.66,44.32,22790.32,19181.78,12.9,8.44,6.48
901866,67729.01,5638.54,4.15,13155.19,28231.09,3907.36,17.83,3,755.36,0,0.0,100.0,47.28,7133.07,1617.5,5.34,3.76,2.24
901867,70279.21,5953.89,9.21,14264.19,34961.64,6328.4,24.07,6,711.68,8,6.03,91.12,46.74,10034.16,8481.54,7.76,5.53,6.07
901868,55433.09,4653.65,5.57,12402.58,58896.56,7515.8,35.09,4,709.4,1,4.37,89.48,57.75,4651.27,6179.75,4.53,3.05,4.71
901869,72509.23,6020.92,9.53,25221.95,27149.83,1527.89,15.99,5,816.79,0,1.56,95.74,28.99,24970.26,21363.92,13.74,10.76,9.29
901870,86503.26,7239.75,7.91,9193.95,32929.72,7222.72,31.83,5,502.67,9,14.6,76.83,39.2,25171.76,17322.48,11.44,5.85,7.86
901871,24463.5,2023.31,3.86,500.0,71399.23,9767.3,41.26,6,443.42,6,8.96,76.2,66.77,16179.52,7894.8,18.9,6.66,7.5
901872,83582.15,7017.16,8.8,18408.7,34105.52,6750.98,26.95,5,426.63,9,16.58,60.77,51.49,19812.67,8762.47,6.01,6.11,8.09
901873,47736.49,4002.02,6.93,17232.55,48209.2,11983.26,36.48,8,727.09,3,11.85,91.61,42.16,32068.5,15227.13,25.27,13.92,9.79
901874,102717.43,8618.83,4.3,21349.91,52511.26,4301.6,27.27,11,764.57,4,0.0,92.17,25.48,32295.75,25778.76,32.66,15.43,14.61
901875,56108.63,4705.81,5.21,18585.53,29036.63,9124.63,27.11,6,561.27,6,7.93,80.59,37.76,14380.66,6325.93,13.27,7.96,5.86
901876,27782.46,2314.66,-0.42,5924.43,53676.19,8066.0,44.82,4,615.19,5,6.1,87.43,53.31,8268.56,359.55,6.74,4.08,7.28
901877,38467.49,3184.41,-1.18,20329.88,40661.18,4503.38,37.03,6,790.23,2,0.59,91.67,43.39,11702.43,11656.77,5.5,3.36,6.54
901878,97014.51,8130.94,11.14,31059.1,6923.94,5211.11,24.8,5,447.33,6,10.82,77.9,36.75,24561.71,14174.47,4.76,2.83,8.4
901879,57379.75,4788.55,5.19,15297.97,40495.18,4898.91,36.92,4,409.53,8,15.6,72.59,49.97,19947.74,12216.85,16.19,5.8,7.2
901880,32562.59,2687.65,2.84,3075.48,41889.87,8382.45,45.83,5,469.3,7,9.59,74.69,77.96,8778.54,3593.05,5.73,3.1,3.48
901881,48442.54,4093.23,3.33,7661.62,54637.99,8427.79,32.13,6,708.62,0,7.02,85.49,42.7,24705.13,8267.34,18.69,9.85,11.32
901882,38503.08,3173.53,6.97,5822.44,41507.79,9041.41,37.46,3,618.21,5,5.46,85.99,52.47,6904.24,3332.51,0.5,0.85,6.63
901883,73298.91,6211.07,3.12,13719.25,35141.25,7666.65,29.17,6,672.33,3,0.0,88.46,52.71,16325.97,15207.58,13.01,7.19,8.95
901884,96167.48,7972.29,6.76,19834.52,10552.28,4448.45,23.63,5,539.65,6,10.26,73.37,39.0,27161.16,14820.68,8.01,4.58,7.61
901885,47964.48,4010.79,4.36,17187.6,50301.11,4181.94,36.32,7,618.34,5,12.91,81.6,35.38,21042.79,15119.07,19.19,8.27,8.91
901886,40867.61,3373.95,3.52,7852.74,59422.16,9031.11,49.8,8,570.96,7,8.4,84.35,50.5,26257.01,15837.77,20.28,10.97,9.27
901887,63175.9,5388.59,4.52,16234.37,41696.23,8969.14,33.46,6,550.03,2,10.69,88.26,34.51,20102.62,7638.71,11.47,4.18,6.22
901888,28420.74,2338.34,7.46,4164.96,62211.89,12515.01,45.35,8,577.27,4,11.47,81.23,53.77,25266.03,8617.98,20.91,13.35,13.66
901889,53541.35,4418.09,3.44,19501.62,47402.79,6324.19,26.72,8,676.19,2,8.68,87.16,43.43,22358.48,10574.75,20.02,9.41,11.81
901890,123813.48,10233.91,5.5,38600.61,0.0,3049.66,14.37,6,850.0,0,1.87,100.0,23.79,22882.94,17129.53,9.81,7.27,11.57
901891,89405.11,7365.95,9.72,21741.72,23395.83,1931.61,18.48,5,735.89,4,7.34,96.93,38.76,25114.55,15451.62,18.08,6.97,12.24
901892,44238.91,3640.84,5.84,9444.76,57069.87,10516.06,37.59,9,774.09,4,5.09,87.06,44.69,24723.43,6981.71,20.8,11.81,12.39
901893,152430.25,12678.63,10.04,31648.29,0.0,847.3,12.39,6,628.12,3,14.36,84.35,38.1,31032.88,17903.44,14.63,7.52,10.73
901894,51027.58,4257.35,2.58,21008.76,48151.08,6153.65,39.87,7,681.84,3,7.11,91.65,39.36,21775.44,10543.67,16.78,7.47,9.96
901895,82185.49,6907.77,8.11,19533.39,20281.75,6593.09,19.13,3,510.72,9,17.24,75.67,28.8,17207.41,13929.1,9.44,7.35,10.73
901896,66116.26,5488.95,7.34,8032.3,44653.36,7039.02,34.89,6,719.56,3,1.03,87.76,45.65,12351.81,10138.18,14.47,8.5,7.4
901897,42672.06,3538.43,-1.06,6870.92,33703.59,10742.55,35.61,4,563.11,3,5.8,86.29,49.12,12515.99,5490.17,10.49,4.85,12.17
901898,72330.38,6180.22,8.21,14441.73,42750.08,7737.06,32.27,6,796.2,1,1.36,100.0,40.04,19196.59,10514.04,18.35,8.09,10.29
901899,55720.1,4610.1,3.81,12210.26,51253.11,5639.52,32.64,5,679.16,2,0.0,100.0,49.72,21338.22,9836.9,7.65,5.63,7.06
901900,85537.5,6970.92,7.69,29222.45,13255.4,3198.34,21.49,9,782.26,0,0.0,100.0,35.53,29554.63,20806.57,22.68,12.97,10.4
901901,66369.64,5486.52,1.01,13345.55,17404.75,7170.33,32.56,8,535.36,5,9.92,81.61,40.14,26936.51,11750.69,16.01,6.28,5.8
901902,83073.5,7009.41,5.23,16134.17,18336.74,7629.68,19.39,6,533.17,8,10.17,84.33,38.11,14071.34,10712.65,7.73,5.74,6.11
901903,54483.38,4560.11,2.29,12687.81,62889.8,8282.45,40.23,5,590.29,3,10.17,72.25,48.38,23241.98,9144.14,13.27,6.91,6.54
901904,130423.07,11284.91,6.39,25023.98,5129.24,2329.89,24.86,5,478.36,9,18.0,68.38,13.08,20157.9,14215.34,13.27,7.05,8.93
901905,113763.91,9522.25,4.97,24797.93,4675.53,2237.58,15.3,6,687.75,3,6.65,90.15,31.75,12671.89,19736.96,10.93,6.75,8.73
901906,74811.56,6177.1,1.29,15424.67,35190.27,5826.55,35.46,8,529.86,6,12.02,81.53,57.78,26677.7,19517.24,22.54,10.89,6.83
901907,56634.69,4733.83,1.07,14956.14,36373.14,6487.77,28.78,4,654.72,0,3.14,95.64,38.76,20891.36,5856.05,12.42,7.02,3.27
901908,60152.91,5056.04,5.78,14502.88,51302.14,5618.49,30.41,5,649.33,0,7.32,96.7,33.49,4283.59,6047.83,4.94,5.54,6.69
901909,22104.49,1830.79,3.08,7614.09,63561.45,7156.51,25.55,2,849.36,0,0.0,100.0,42.34,2255.74,1107.83,2.98,3.66,7.06
901910,15000.0,1251.29,0.1,500.0,76255.39,14623.17,47.04,5,524.41,8,8.04,80.27,77.25,5556.53,0.0,8.8,5.11,1.38
901911,53959.08,4481.52,5.11,14499.5,29111.07,7070.49,36.1,5,644.81,2,7.14,90.93,45.42,16848.38,10617.27,9.97,4.28,5.6
901912,55567.59,4594.22,2.05,9227.95,57430.27,9765.82,45.02,7,538.89,8,12.18,86.7,61.99,24314.42,8620.5,15.99,9.38,8.09
901913,86702.8,7163.15,4.73,24425.67,0.0,2063.36,12.77,7,711.15,8,1.03,91.74,28.92,15503.64,12305.28,4.66,3.35,9.2
901914,78267.09,6610.68,5.58,6375.06,35249.75,1949.17,35.22,7,473.86,11,15.68,71.29,30.84,23533.68,15732.05,16.53,7.9,5.96
901915,118912.75,9965.62,6.0,19300.89,27969.17,3118.94,27.09,8,618.98,4,4.59,76.03,24.97,33378.37,17969.96,13.59,9.95,6.6
901916,72752.79,5961.87,3.24,26818.67,24422.73,3184.71,30.92,8,701.25,6,0.0,95.76,27.41,22083.95,10340.5,13.6,5.95,4.77
901917,32531.4,2695.45,3.86,10061.96,43259.25,6613.55,36.27,4,699.64,5,12.36,84.45,59.02,12666.52,12175.92,9.74,5.2,7.14
901918,126999.65,10581.39,8.09,25574.97,4307.21,3033.1,18.01,7,626.95,8,12.71,79.32,37.41,21883.65,22725.2,15.18,9.03,11.36
901919,103589.84,8555.78,5.29,15887.86,28481.42,6696.51,33.07,8,614.44,6,11.03,77.33,41.54,28405.98,21431.1,17.22,11.13,13.4
901920,68782.67,5797.55,5.3,23056.43,30307.3,8306.19,31.36,7,665.76,3,9.4,82.98,52.59,24962.12,13430.31,12.35,8.19,4.8
901921,109669.46,9013.0,7.64,26436.23,19859.0,101.7,17.77,6,465.69,8,10.94,72.29,22.81,20726.41,16348.86,9.68,3.17,10.45
901922,39578.3,3243.58,4.22,5867.54,56834.71,11114.67,36.95,5,684.94,1,8.69,100.0,52.6,14825.91,9697.93,13.55,9.09,10.65
901923,94219.49,7845.51,6.25,24820.36,12207.11,4287.37,20.64,8,850.0,1,4.03,100.0,27.65,28555.91,15795.28,17.32,6.21,9.99
901924,110625.4,9130.08,5.32,21324.1,23989.99,4162.87,23.99,7,576.27,5,8.54,79.07,29.07,31696.12,18491.36,22.28,9.49,11.08
901925,79206.04,6582.74,5.4,16697.83,10465.26,5665.84,36.86,7,561.26,8,7.87,79.67,49.66,29261.39,11755.94,9.33,8.77,12.45
901926,97100.3,7967.86,3.06,26823.73,9162.7,4966.75,21.38,5,656.54,5,0.0,93.45,38.08,22802.11,9989.64,8.78,6.2,8.53
901927,41742.49,3456.99,5.31,10788.29,53847.28,9370.57,44.03,5,571.81,4,7.57,89.08,61.76,27071.03,7160.73,19.83,8.27,10.23
901928,79250.39,6550.86,4.12,23237.98,31865.93,6664.42,30.54,5,751.87,1,5.22,86.01,50.07,20604.48,12076.53,12.72,6.25,4.33
901929,67597.69,5616.69,2.82,26170.3,37010.41,6233.65,22.3,7,553.81,4,13.09,79.42,62.97,29926.53,14566.84,20.25,8.52,8.26
901930,72943.06,6054.84,5.45,18536.5,40897.59,9657.72,28.42,6,630.64,4,1.05,89.91,59.29,17960.09,1960.67,8.38,6.77,4.98
901931,125633.14,10374.63,9.65,28253.43,9714.05,2796.67,11.25,8,560.19,3,10.38,89.72,28.11,22249.29,25229.34,13.69,8.94,11.22
901932,46384.17,3827.64,1.57,6125.02,57351.75,9537.14,38.99,6,641.04,3,1.36,92.41,47.54,13125.07,8149.25,8.02,6.79,6.56
901933,93998.69,7841.78,3.3,22008.11,17972.57,3254.07,28.21,5,707.66,5,1.5,87.51,35.03,13924.24,8414.38,8.81,4.17,7.64
901934,71395.12,5915.53,3.61,10161.44,38706.0,3750.47,31.07,4,529.93,10,12.36,70.24,68.36,1885.09,0.0,1.27,0.2,1.62
901935,90578.15,7629.52,4.8,15219.86,32427.79,4573.74,22.09,8,711.53,5,0.0,89.65,25.02,16914.72,14101.13,18.23,10.03,9.22
901936,63344.37,5242.75,5.83,12428.66,33823.85,5747.18,30.4,6,652.67,6,10.19,80.13,54.84,11867.54,5179.66,5.73,5.74,7.21
901937,50050.91,4177.26,1.94,8856.01,56657.98,8161.6,32.12,6,701.52,1,0.0,89.76,51.18,18167.05,5704.69,8.35,5.76,8.7
901938,113945.97,9413.25,6.05,25626.76,7061.84,1817.01,14.29,6,834.21,3,0.0,100.0,29.11,19567.04,21546.45,12.05,8.59,8.32
901939,21591.35,1785.97,0.16,3795.01,57893.63,9769.56,40.28,6,698.26,4,4.08,91.56,48.37,21535.79,9469.55,16.18,8.02,10.77
901940,71419.95,5955.87,5.2,14878.59,22818.96,7323.56,28.63,5,695.58,6,2.91,100.0,49.12,18502.82,10136.1,13.91,6.59,11.0
901941,88566.06,7433.05,2.82,19976.6,33850.36,2818.98,26.79,5,584.11,10,6.26,87.85,50.65,15743.61,15202.2,7.37,5.38,4.62
901942,42882.76,3550.23,1.95,10438.4,58746.84,9011.17,30.93,7,455.74,7,9.35,72.63,52.97,16837.34,9185.99,11.17,6.51,6.28
901943,66537.86,5466.81,3.85,22701.67,21898.36,6821.31,27.45,7,802.27,2,6.57,97.5,35.78,21853.92,13951.25,11.37,6.08,7.93
901944,65926.01,5581.62,2.56,12603.2,31568.73,7070.29,35.09,6,409.49,7,12.66,68.17,56.76,13329.31,10097.14,8.39,4.59,1.22
901945,15000.0,1254.26,-2.52,500.0,53667.6,10506.35,40.28,4,547.75,7,13.23,66.99,59.68,7455.04,5175.76,12.86,4.78,1.97
901946,72445.03,5949.27,3.82,13685.92,29205.9,5332.22,24.43,5,580.12,4,7.52,83.33,55.97,21108.9,9000.81,17.0,7.71,5.53
901947,86444.91,7159.67,4.71,19068.09,12117.9,6798.18,26.48,5,618.53,7,14.74,81.6,38.27,8871.83,7400.48,4.42,5.07,5.79
901948,69301.44,5702.48,4.42,15045.33,35791.39,8428.27,22.84,7,632.95,0,0.0,100.0,44.98,24700.56,13304.61,16.29,10.59,10.82
901949,94947.9,7903.11,5.98,24208.22,2316.53,2782.93,14.88,4,639.45,5,8.32,82.84,49.0,17882.72,13398.21,9.23,5.6,7.26
901950,15345.62,1290.23,-0.13,7143.51,75424.2,9701.14,43.68,5,514.39,5,14.22,76.72,70.33,17145.49,5752.7,14.74,7.34,12.39
901951,76989.15,6333.73,3.78,10914.91,42853.98,7053.3,31.04,9,763.0,1,6.05,93.23,45.08,31995.12,24902.94,21.01,10.37,15.61
901952,78766.33,6612.1,1.71,13854.97,22150.67,5212.43,35.97,8,300.0,13,16.69,59.33,59.75,22644.94,12952.91,13.21,7.05,6.71
901953,89994.87,7402.22,3.88,21839.07,40725.35,7944.49,26.87,5,673.93,5,12.24,80.45,61.14,16764.73,6254.53,5.26,6.49,12.51
901954,67157.77,5580.13,2.58,16416.94,48628.34,7640.4,36.59,8,458.44,9,19.65,68.14,75.98,20800.56,13023.38,14.36,8.53,8.46
901955,61791.11,5038.68,0.31,6472.51,39912.01,7805.08,29.69,6,554.76,7,10.47,83.52,50.26,19097.47,9522.18,14.91,6.86,9.39
901956,26722.14,2234.75,6.68,7870.64,28522.02,8812.99,28.89,4,626.53,5,7.59,93.58,48.22,10596.65,3103.91,6.41,2.37,2.44
901957,83997.6,6981.84,6.91,14271.02,35482.85,4482.06,27.17,5,726.29,0,7.09,97.11,27.78,26906.92,13831.06,16.41,10.63,12.21
901958,126435.5,10447.26,9.59,31157.91,0.0,0.0,10.54,8,728.4,3,3.79,89.35,29.51,24368.76,14656.39,6.75,3.72,7.59
901959,48775.84,4052.03,2.64,14052.79,35269.26,6040.07,31.12,5,850.0,0,0.0,100.0,36.66,11826.18,9904.68,8.63,3.47,6.83
901960,53479.81,4404.45,7.28,14906.82,20923.88,11287.44,36.66,6,467.16,6,13.97,74.8,48.36,16280.18,10629.02,3.31,4.23,2.0
901961,83556.43,6947.97,5.02,17806.24,29162.53,5912.67,32.76,5,626.82,6,4.17,87.35,30.6,15362.72,13874.78,12.05,5.76,7.87
901962,31003.13,2536.08,1.89,11760.66,52204.2,10250.97,33.83,6,585.53,6,10.91,84.03,69.67,17824.69,1488.65,7.87,6.4,6.96
901963,94848.28,7947.83,2.11,15567.67,12864.89,4893.28,20.84,5,632.64,3,7.58,97.36,24.23,13264.42,8477.64,5.62,6.34,6.76
901964,87339.26,7400.9,4.47,19765.56,33164.01,6856.83,24.28,9,775.04,1,0.0,100.0,40.78,18589.28,17140.83,15.99,11.18,9.71
901965,108042.36,8970.01,8.21,27970.19,0.0,3825.59,20.41,7,597.19,5,7.73,82.54,40.15,28130.12,16501.6,15.17,9.23,10.92
901966,77970.54,6422.21,5.85,17720.83,41437.0,3531.46,28.78,5,609.78,4,1.69,88.49,51.18,11015.37,6180.84,10.62,5.94,6.86
901967,44143.04,3588.55,4.55,14352.33,37104.99,6277.44,35.47,8,850.0,0,0.0,100.0,31.02,22576.63,11217.42,17.05,9.98,9.42
901968,91395.16,7644.57,11.31,21072.33,22839.86,4697.61,23.57,7,575.65,6,4.59,89.63,45.3,24278.28,12258.07,13.73,6.59,6.48
901969,55159.45,4609.62,1.04,3912.13,48751.17,10938.94,49.35,4,515.86,10,11.99,82.82,81.56,3103.12,936.92,8.74,7.05,3.64
901970,96490.83,8139.58,10.45,26739.74,10301.75,5052.97,20.05,7,717.74,3,0.0,96.33,34.71,26634.63,16633.39,18.1,10.81,12.71
901971,45571.05,3817.02,5.8,11130.64,54481.84,6187.22,43.48,4,643.83,2,2.87,88.19,49.11,17109.81,10216.68,11.72,5.99,10.76
901972,42540.08,3529.64,-0.29,500.0,44658.74,7864.59,38.13,5,735.84,4,12.59,95.03,43.77,8342.66,10404.98,10.02,6.58,5.9
901973,43846.61,3634.66,2.55,6885.03,33797.19,10039.0,34.83,4,591.86,4,8.03,82.55,56.97,14091.54,14093.47,12.65,5.22,4.89
901974,85118.29,7034.71,6.72,22208.72,13310.15,5472.11,25.73,7,655.83,5,8.72,82.07,51.66,19049.89,13434.75,11.36,7.86,11.74
901975,70639.37,5879.03,2.08,20754.0,44977.31,5554.9,35.59,7,712.48,2,5.28,99.61,47.58,21083.24,10078.07,15.07,5.6,5.78
901976,86360.11,7077.85,9.09,25472.3,2181.27,1750.62,15.76,7,678.53,4,10.37,78.53,24.33,18460.74,14764.08,10.46,5.15,11.7
901977,93981.0,7779.3,1.24,16572.52,27679.12,6374.4,24.69,6,472.31,10,16.39,64.3,52.22,27011.22,11292.42,16.14,8.58,9.84
901978,68885.1,5701.88,7.74,19685.2,20619.13,5800.68,26.21,4,674.68,4,7.72,88.62,43.14,18687.97,13056.97,9.13,3.18,4.75
901979,67905.87,5531.42,1.47,20209.28,37674.08,4955.35,37.8,7,797.15,3,7.56,99.62,34.17,24738.07,14429.59,14.15,8.51,8.52
901980,58162.56,4813.55,2.15,9006.22,32723.7,7708.38,36.6,6,571.03,6,7.81,77.37,36.72,13510.64,8866.67,11.93,5.72,5.7
901981,74771.8,6267.55,5.04,25563.22,32786.39,4796.33,29.57,5,850.0,0,0.0,100.0,17.74,14789.06,11835.18,12.06,4.33,7.88
901982,49839.8,4193.06,5.52,9482.94,35175.34,7241.61,37.18,5,850.0,0,0.0,100.0,37.95,12451.28,1967.19,13.3,7.79,4.79
901983,87601.52,7323.21,4.64,24739.77,23606.49,8160.4,36.4,6,817.3,0,0.0,100.0,19.47,16225.33,12773.2,14.19,10.72,10.21
901984,52913.66,4519.35,-0.1,8884.06,52370.28,10326.94,32.97,5,504.71,6,5.32,84.43,58.15,17952.64,12150.81,14.43,9.48,11.48
901985,84193.79,6773.84,4.87,25584.58,13166.34,5615.08,12.84,6,712.12,2,4.41,91.12,42.24,29152.92,18538.45,15.94,6.86,8.67
901986,69130.85,5830.98,7.67,10326.5,37477.92,7602.33,22.62,6,583.63,5,12.4,85.47,43.84,9681.09,2940.23,4.03,3.91,2.04
901987,68452.03,5690.02,2.49,9562.65,40665.34,7624.48,38.77,5,587.21,9,12.31,75.12,63.82,16607.98,8732.15,3.21,4.34,0.0
901988,93603.25,7835.62,6.44,22355.5,19754.74,3487.15,31.14,7,725.43,2,6.35,87.27,37.84,28447.53,16454.89,14.16,7.91,5.17
901989,61926.66,5098.15,1.21,7662.92,58725.96,8667.12,33.6,6,557.57,7,5.51,77.68,47.74,11294.92,8193.72,12.09,5.82,7.27
901990,94404.73,7788.11,9.63,25974.97,16768.63,5390.65,17.42,7,684.52,4,5.76,77.17,37.19,28995.2,20914.83,19.17,10.44,12.82
901991,91929.81,7635.65,4.04,18276.0,41292.09,6489.22,29.41,8,757.26,4,0.0,98.41,33.18,25082.24,17245.22,17.84,10.81,17.65
901992,36066.84,2994.98,1.52,500.0,51623.75,10789.45,50.02,5,677.29,4,10.92,86.1,64.68,9810.76,8140.77,15.52,8.12,9.26
901993,70050.25,5858.52,3.2,9470.25,38849.17,7333.02,24.06,7,521.52,6,6.84,79.58,54.29,13829.96,4172.96,9.58,6.56,5.48
901994,66753.89,5571.59,6.92,21265.84,35903.31,5128.25,25.78,7,757.48,0,1.7,100.0,35.16,26050.95,18835.47,16.63,8.87,7.57
901995,47557.12,3961.24,2.73,7547.23,42791.72,8779.34,40.17,7,522.22,8,14.55,79.68,51.58,25644.65,11625.36,19.81,10.81,10.31
901996,105173.97,8866.54,7.83,16393.49,27539.15,3106.63,24.09,5,673.45,2,7.81,100.0,29.32,21027.69,14464.37,6.77,5.18,4.56
901997,48902.25,4063.87,0.48,9166.11,76878.02,9781.85,49.18,4,641.75,2,3.21,82.01,36.14,13635.68,10850.29,15.7,8.72,9.48
901998,61489.0,5063.58,1.94,8636.82,46196.33,10010.55,47.14,4,642.17,6,9.27,77.01,70.29,10507.6,10521.82,5.99,4.83,1.22
901999,49350.29,4117.52,-1.3,8204.29,34875.12,8265.6,41.79,6,504.49,7,10.47,80.72,42.03,27352.11,17808.26,17.03,8.65,9.93
902000,92334.7,7659.15,5.04,15592.09,16728.02,4737.87,30.56,4,307.78,9,22.84,61.19,57.35,20805.64,9807.88,3.17,3.34,6.25
902001,80783.8,6836.78,3.88,11684.44,37983.45,7476.32,21.94,7,475.7,5,12.41,88.72,38.82,28930.0,17733.07,18.34,6.66,9.7
902002,37224.98,3108.71,-0.46,5893.15,69019.13,11089.02,39.73,6,627.84,4,5.75,88.87,52.87,12839.21,6790.37,7.78,7.16,4.23
902003,109051.85,9231.85,6.33,26925.22,2791.54,2270.29,13.91,8,837.77,3,5.49,98.03,38.54,33285.17,20412.74,14.84,9.85,16.39
902004,113514.29,9437.05,5.65,26832.87,11892.56,5216.05,15.46,8,531.5,7,12.44,80.99,26.16,31152.55,19433.66,17.6,9.4,12.29
902005,93190.39,7768.81,8.79,26192.8,19469.95,3703.67,13.21,7,804.7,0,1.54,99.68,28.35,22818.69,23942.51,15.43,9.29,8.0
902006,33038.19,2745.96,-0.64,3754.35,50660.92,10037.02,46.73,6,667.18,0,5.62,89.34,48.82,11504.95,4846.64,11.38,6.98,6.32
902007,53982.55,4507.67,-0.18,10850.02,37719.49,8011.73,33.28,5,665.54,5,10.22,82.2,55.36,11974.2,6550.95,15.41,8.4,9.87
902008,76862.82,6399.47,3.95,22670.77,28946.09,8670.65,30.67,5,713.28,0,5.18,92.89,52.51,9045.03,9592.85,4.13,4.47,0.55
902009,77243.76,6472.25,4.65,19325.39,20978.62,3200.07,27.37,6,734.07,3,1.97,88.58,30.75,25268.17,13600.85,14.8,7.89,10.42
902010,87756.01,7333.21,4.56,18186.51,22771.25,3524.28,34.43,7,675.3,7,7.85,81.54,30.21,26833.78,10194.64,15.99,8.95,7.42
902011,77155.91,6483.69,7.67,23135.19,36585.12,5874.89,30.76,7,768.55,3,0.0,98.64,48.76,26447.65,17772.71,14.04,7.21,16.75
902012,97493.19,8011.78,6.64,24525.87,24062.04,3454.34,29.7,8,803.77,5,0.0,98.88,33.8,20786.87,21384.58,22.78,8.12,11.35
902013,68593.88,5811.11,7.92,16128.24,44357.7,5223.28,36.59,8,546.75,10,7.46,78.11,51.98,23169.86,15403.75,22.51,12.52,11.6
902014,21985.84,1845.15,-1.34,5270.67,52262.66,9496.82,44.15,7,567.01,10,8.26,81.91,61.69,12385.72,7409.36,15.97,9.19,5.5
902015,56611.53,4787.5,6.41,11617.23,24960.32,8001.37,36.35,8,653.1,2,2.94,90.75,45.57,24465.72,13271.1,20.53,10.44,15.29
902016,58169.18,4965.81,1.91,2442.59,48595.15,8265.41,47.96,5,589.39,4,2.72,96.72,31.44,18294.32,9006.94,14.63,8.49,8.48
902017,54358.69,4558.44,8.41,11930.11,50281.31,5071.9,37.41,7,731.12,0,3.79,98.72,48.16,16972.54,15425.4,12.21,8.78,9.11
902018,83011.01,6831.52,6.57,14434.91,17802.41,3177.77,19.4,3,627.05,7,6.67,78.06,51.99,19601.67,12476.3,1.64,3.57,5.9
902019,103621.17,8845.47,5.09,26924.36,16860.3,4738.52,24.17,7,609.88,6,9.44,74.35,33.76,17219.95,16317.74,12.86,6.86,8.12
902020,84188.1,7093.34,6.01,21335.98,19050.33,6206.43,28.01,7,850.0,0,0.0,100.0,30.25,23510.53,21094.0,18.58,10.82,13.53
902021,20261.89,1664.04,0.26,4950.09,51869.73,10118.95,51.8,6,581.29,6,11.58,79.06,48.15,11635.67,6533.09,7.65,4.4,3.28
902022,56045.68,4651.11,2.12,13996.29,70685.76,9282.99,43.22,4,678.45,3,3.62,87.31,37.2,16839.43,10440.67,12.49,9.65,10.07
902023,89621.77,7478.21,9.55,23795.22,33909.79,4617.51,27.75,6,724.21,3,0.0,97.07,21.14,16167.8,5706.97,12.36,5.93,5.52
902024,82937.22,6701.75,5.61,27545.62,4768.16,1941.44,25.82,7,565.31,5,9.13,80.88,45.89,24794.44,13240.13,16.37,8.23,6.83
902025,32808.47,2762.24,-1.86,500.0,57076.53,10248.47,37.0,4,437.42,7,13.24,72.73,64.03,8879.79,578.52,3.9,5.22,1.41
902026,27840.66,2358.69,4.49,6794.86,43857.62,7053.92,43.82,1,405.99,6,12.99,71.86,75.28,500.0,0.0,0.5,0.2,0.0
902027,61135.87,5104.45,3.75,12059.04,26769.3,5253.9,25.78,4,850.0,0,0.0,100.0,29.53,11171.78,13670.93,12.25,5.15,8.08
902028,62249.26,5170.91,5.2,17670.71,37362.69,2561.06,19.09,6,776.91,0,5.25,100.0,50.45,21165.83,17410.08,16.07,6.75,6.2
902029,77240.12,6451.38,1.96,21352.26,32222.58,6649.95,26.79,7,685.46,3,6.47,87.65,34.63,12216.29,14864.05,16.2,5.04,7.01
902030,61856.58,5132.83,2.7,10242.85,31009.05,5817.68,35.71,3,683.53,3,6.37,96.58,45.44,8135.92,11585.93,1.34,2.33,5.56
902031,99078.32,8197.28,2.52,27845.09,10210.68,5902.01,26.69,5,776.49,2,3.24,99.79,36.75,27412.69,17332.65,6.33,6.52,10.07
902032,42044.55,3521.15,3.71,8262.31,62860.1,12675.2,44.71,4,576.72,8,9.71,77.15,66.16,18349.1,14485.13,19.28,10.16,10.05
902033,78590.86,6519.78,6.95,12355.3,52653.51,7247.54,30.11,4,656.67,2,7.03,90.8,51.85,21064.91,8716.69,6.85,4.53,2.1
902034,66634.28,5496.52,5.0,12361.79,17132.36,6051.41,25.43,4,606.82,3,7.49,95.25,54.64,13240.83,9024.63,4.65,5.7,3.85
902035,78994.62,6479.19,6.99,19560.7,19815.67,3795.78,25.65,5,636.92,1,7.33,88.39,42.43,21251.04,7480.29,8.15,3.41,5.37
902036,65404.85,5514.06,2.39,19631.59,41077.91,8268.4,31.16,5,660.83,4,10.86,86.43,53.87,15741.84,15465.14,12.18,6.06,9.27
902037,94380.17,7836.04,4.05,16289.17,20354.9,1474.63,13.74,3,581.83,2,9.4,83.51,41.61,16092.92,6420.32,2.97,1.01,5.09
902038,52851.92,4396.18,3.95,15245.33,32955.66,7397.58,32.17,3,567.62,3,14.27,90.02,45.29,8280.02,9346.5,3.32,2.91,6.14
902039,15000.0,1266.67,2.18,5212.24,41416.35,7778.05,34.6,4,780.62,3,3.4,100.0,45.11,5905.41,1633.48,7.05,3.75,3.57
902040,57122.41,4748.32,2.3,10530.18,28293.15,6572.83,33.69,3,424.23,7,12.91,67.0,50.88,2411.29,2369.42,6.99,0.2,4.83
902041,74285.34,6128.68,2.19,13930.4,45743.9,6097.76,29.41,5,586.77,6,6.9,89.22,46.7,19075.48,16395.45,12.4,7.51,9.58
902042,35864.54,3003.75,1.37,13149.0,69951.77,7219.43,45.52,6,838.59,0,0.0,100.0,47.23,14589.97,15798.63,16.84,7.86,7.52
902043,135675.5,11253.41,8.94,28501.09,899.08,2479.58,15.23,6,797.92,0,7.41,97.61,33.65,21391.98,16311.06,8.15,8.19,7.6
902044,15000.0,1238.2,2.29,9563.59,61964.11,12041.67,54.02,2,622.11,7,8.02,87.64,63.18,500.0,0.0,0.5,0.2,0.0
902045,75656.82,6311.85,4.76,16746.56,28546.36,6704.9,31.25,6,746.37,5,2.02,95.75,56.31,24238.06,8282.91,13.66,6.72,8.55
902046,86906.66,7269.85,3.76,30764.52,8116.42,2318.21,22.92,7,597.43,6,7.31,84.32,42.69,26417.72,16215.86,19.27,9.25,8.8
902047,46474.22,3835.63,2.36,9211.71,51860.45,10476.99,37.84,7,680.86,5,8.1,92.15,55.36,13069.68,7080.78,13.28,5.28,9.06
902048,100551.6,8272.68,6.67,14859.66,21968.74,6265.56,28.42,7,554.48,8,13.71,78.12,49.89,29880.38,13337.27,14.54,7.89,4.56
902049,38097.77,3151.01,-3.01,2888.54,42372.42,8371.27,38.03,4,743.09,3,1.99,96.05,56.35,9533.58,2556.63,7.79,4.96,8.84
902050,27393.88,2284.56,-1.16,6364.28,64055.41,10236.53,51.4,5,613.3,4,8.5,83.85,59.2,16826.47,8955.99,14.9,8.3,7.35
902051,63701.36,5286.94,4.28,10381.36,39117.96,4470.35,35.32,5,562.15,2,9.19,78.35,55.06,19907.84,5848.61,16.81,7.25,11.28
902052,71122.41,6012.74,8.34,20810.32,44050.58,6221.72,30.28,7,611.45,1,5.91,91.46,53.46,16913.15,11036.1,9.28,5.75,4.21
902053,84112.38,6897.08,7.67,22290.44,24996.24,9363.12,33.5,5,549.9,6,8.29,68.24,57.56,15233.0,11348.98,4.27,5.58,2.33
902054,90927.45,7590.46,4.83,18713.32,16512.69,2513.33,22.5,7,531.58,2,9.17,76.63,57.0,34999.04,16518.52,14.46,7.09,11.61
902055,91657.6,7575.63,7.14,17163.93,22039.63,7058.51,23.62,7,696.35,9,15.5,81.83,22.29,22578.94,10192.68,11.82,7.21,9.15
902056,108112.31,9067.57,7.45,18962.16,20338.62,0.0,21.4,5,664.67,5,6.34,89.99,41.41,27221.63,18876.15,14.65,7.8,10.64
902057,86147.75,7279.4,4.84,16174.79,25979.96,6284.49,35.48,5,517.82,9,16.57,76.08,51.5,14185.16,17112.91,8.89,10.09,7.18
902058,76837.19,6435.57,2.34,20744.37,19687.43,7591.65,26.41,4,850.0,0,0.0,100.0,31.48,23378.49,11790.2,4.89,3.53,12.38
902059,47206.14,3946.6,4.64,7127.3,50145.61,6017.61,43.35,4,588.04,4,10.11,84.05,51.37,12509.53,8357.83,6.82,5.52,8.33
902060,42076.0,3511.41,-1.46,6526.48,52690.08,7931.08,43.13,6,606.2,4,7.62,81.88,52.83,3723.93,0.0,7.93,4.74,6.85
902061,71460.96,5959.08,6.95,24362.19,26960.64,6054.6,30.57,5,516.47,10,17.14,71.0,49.3,17242.67,13169.27,8.96,6.09,3.94
902062,98606.43,8180.68,10.39,26824.98,13597.32,3999.05,2.12,5,678.41,7,5.89,83.37,40.58,10673.5,14499.26,8.77,6.35,6.95
902063,59613.09,4993.56,3.41,16417.75,43276.11,7476.05,23.26,6,752.26,0,0.0,95.63,48.06,11966.85,9696.68,11.85,8.67,9.35
902064,55069.67,4521.76,6.16,10723.25,52046.68,4590.41,32.91,7,733.49,2,7.53,97.6,46.78,22539.67,7468.17,16.2,11.15,6.24
902065,56375.37,4690.55,3.08,12316.41,29399.85,4111.08,24.1,4,726.45,2,3.41,97.2,33.62,9472.74,4439.92,4.29,3.63,0.0
902066,50469.82,4191.08,5.1,4231.57,58322.88,10733.68,41.63,7,578.71,7,5.41,87.04,60.13,18942.49,3573.96,17.93,9.89,9.38
902067,30173.43,2524.27,-0.19,9873.81,52453.86,7703.64,47.44,7,555.67,5,8.21,81.69,59.35,11341.21,10117.43,15.96,8.33,10.46
902068,63861.51,5351.21,2.89,12816.61,48770.86,6040.59,28.35,4,716.34,3,5.44,91.84,47.33,9650.42,5601.0,5.05,3.74,5.72
902069,17736.61,1471.51,-0.21,500.0,70827.32,11656.59,41.97,5,360.69,10,14.37,68.95,67.52,15616.57,8578.18,11.17,9.95,5.25
902070,86399.28,7363.13,4.59,21313.29,10249.76,2422.5,26.61,5,850.0,0,0.95,100.0,33.93,26597.41,11946.8,10.42,8.97,14.4
902071,39126.54,3277.19,0.65,9257.3,39487.61,5838.2,45.49,5,649.95,10,12.05,82.41,53.8,19649.51,10973.13,9.54,4.95,8.94
902072,75096.0,6295.21,4.28,12461.27,28434.6,4779.94,32.19,5,693.89,4,5.89,94.35,35.22,18150.24,6523.5,13.59,8.41,9.08
902073,25945.59,2182.0,5.48,10022.9,50526.27,7068.15,47.01,6,701.97,0,3.27,98.87,38.54,11551.9,1980.34,11.36,5.58,8.49
902074,15000.0,1235.23,2.44,2740.75,71743.32,10701.58,47.32,6,742.26,0,0.0,97.22,54.18,14205.63,298.39,11.5,4.69,5.6
902075,54829.71,4543.83,0.72,8838.62,45600.4,7664.75,41.01,4,737.43,4,2.35,92.72,54.37,12679.58,16074.45,12.83,7.23,5.73
902076,62601.38,5268.36,2.77,15829.97,46890.78,9390.45,30.32,6,575.11,6,14.79,74.79,58.99,15923.0,12695.62,13.17,9.47,7.68
902077,71213.29,5840.67,6.1,12790.74,56702.31,9163.3,36.58,7,573.93,6,10.42,82.36,67.68,12149.66,4481.28,16.72,7.07,9.65
902078,57557.05,4785.31,7.06,14805.21,42351.55,4038.52,37.51,6,680.06,4,6.49,98.21,33.83,25640.19,13313.45,16.4,10.86,11.1
902079,54350.28,4596.66,4.19,13396.95,31606.37,4816.43,32.03,6,792.72,3,4.08,92.11,45.47,14329.37,11863.84,10.69,4.44,8.12
902080,15000.0,1249.55,0.82,3999.24,43160.49,10555.21,35.83,4,517.81,5,15.38,76.75,70.45,8403.06,4785.59,10.84,6.65,8.29
902081,58389.88,4852.09,6.85,15308.6,54478.63,5061.4,33.23,8,823.91,0,0.0,100.0,29.82,28584.9,21894.8,21.32,14.38,10.56
902082,83282.12,6865.8,5.53,21634.0,20540.76,5436.53,18.58,4,685.31,4,8.64,88.91,42.14,18630.82,3826.19,5.6,1.77,5.13
902083,113810.67,9523.88,8.68,21174.87,21406.54,2940.97,30.61,7,425.82,7,10.99,74.37,52.2,27371.49,15384.11,9.55,8.1,7.14
902084,99424.07,8426.4,4.04,20703.99,11096.79,1975.21,20.23,5,615.1,7,16.76,78.56,53.51,24972.65,11144.91,5.34,3.1,3.04
902085,54663.58,4562.74,-1.47,4350.4,49407.35,11282.91,47.67,6,473.14,9,18.77,67.91,73.07,18264.06,14311.21,13.1,6.05,7.22
902086,81186.13,6675.39,3.91,18198.83,33433.77,9085.76,38.28,6,598.96,5,14.25,90.39,45.5,20480.62,17066.29,13.7,6.26,8.72
902087,53874.16,4466.77,0.88,13073.0,37976.14,6348.0,41.16,7,830.59,0,0.0,100.0,35.07,19244.07,15701.55,16.19,6.08,10.27
902088,55633.54,4603.27,2.3,11631.41,34003.91,11391.82,40.29,6,420.92,11,20.92,66.22,69.82,4785.85,4321.26,10.41,0.2,1.56
902089,87188.5,7334.21,11.95,27856.27,1797.19,1988.75,16.72,6,616.99,6,1.14,95.09,33.37,23763.19,14913.16,11.1,4.94,7.06
902090,66853.56,5549.13,1.31,5506.57,44520.44,10374.63,42.17,8,416.2,8,11.79,71.66,45.28,27700.17,19092.8,19.71,9.79,9.23
902091,50545.74,4126.74,4.84,7137.64,53847.57,8804.19,40.44,4,483.09,5,9.99,75.52,66.46,11251.55,9730.51,5.44,5.58,3.19
902092,55619.52,4700.46,-0.56,14092.3,46045.19,11806.25,35.33,4,782.46,2,3.05,88.55,48.31,10416.19,7349.11,9.48,6.68,10.62
902093,55979.83,4710.93,4.0,8077.28,43995.04,6521.71,32.28,6,633.18,6,12.77,81.68,56.51,15255.48,12633.59,15.1,6.18,4.94
902094,40866.78,3441.54,-0.32,7544.28,39631.18,5099.11,36.19,5,701.39,0,4.83,94.63,38.86,2822.88,0.0,0.81,1.81,1.76
902095,49663.04,4215.22,5.75,20918.1,35353.75,8125.4,23.69,7,836.74,5,1.2,98.24,35.55,28672.27,17124.96,17.22,8.91,11.24
902096,57693.51,4826.67,-2.04,6230.71,32529.34,7766.86,32.66,6,550.08,8,20.13,78.03,60.38,16597.68,14089.88,8.82,6.11,7.93
902097,93649.11,7739.29,7.38,29572.73,0.0,733.77,14.45,4,800.69,0,2.28,100.0,10.68,16454.54,9565.11,0.5,0.28,8.84
902098,86023.54,7103.28,4.99,17344.37,12327.01,6015.27,21.87,6,707.47,0,3.67,90.48,35.12,17129.23,13868.45,12.3,6.2,8.95
902099,46964.2,3871.32,2.64,6383.48,58188.48,10273.77,52.7,4,673.91,4,7.13,97.27,51.22,6443.54,5632.53,6.7,5.07,4.3
902100,74720.36,6213.57,1.71,10930.14,50035.62,5369.2,27.31,8,618.69,4,12.0,83.75,55.66,28596.56,11847.9,16.64,9.03,12.57
902101,76258.84,6406.52,5.2,20644.47,38142.34,7065.85,30.89,8,704.3,1,0.46,84.99,35.52,26888.66,21104.21,21.44,9.52,9.27
902102,89835.18,7515.62,5.0,17451.92,31816.93,4946.64,21.68,7,680.82,4,10.22,90.82,45.58,19766.48,13691.93,15.97,8.15,7.03
902103,41243.39,3413.19,-1.04,1071.96,73945.5,7602.95,38.49,3,482.54,6,11.95,78.98,59.9,6271.82,3441.06,5.53,2.91,2.03
902104,52456.27,4371.8,3.61,5468.31,69722.72,12066.98,37.76,7,479.91,10,9.55,70.75,63.1,22684.04,8681.63,16.28,6.8,9.12
902105,59149.76,4993.04,0.9,17196.24,46807.7,9147.04,37.3,7,738.51,0,8.37,91.61,47.51,26787.19,10625.86,16.72,11.4,10.99
902106,73274.33,6042.25,4.92,19362.61,28263.1,4583.72,20.1,7,675.4,5,7.84,85.29,41.69,25519.03,12237.89,5.83,5.07,6.62
902107,51800.43,4388.53,6.76,23148.18,35995.34,4972.12,22.56,7,826.36,0,1.55,100.0,27.24,18911.53,16258.31,12.37,9.73,8.26
902108,86155.62,7176.74,5.51,19078.21,36238.04,5801.47,35.41,5,588.35,4,7.06,82.91,40.01,14227.71,11166.93,8.73,6.32,6.65
902109,15000.0,1257.31,0.27,500.0,70718.6,11581.32,56.07,4,565.53,7,9.33,73.56,75.1,4730.66,0.0,8.98,6.3,1.12
902110,15000.0,1265.12,-3.66,500.0,66724.24,14783.71,62.15,2,365.09,9,15.9,65.91,91.42,500.0,0.0,4.19,2.86,3.35
902111,53213.17,4439.96,0.3,7234.31,68359.78,8930.53,30.69,7,641.83,4,3.36,85.67,44.88,19318.11,9128.47,11.8,7.0,9.19
902112,68259.36,5679.38,-0.66,17054.03,38644.74,7253.19,29.18,6,798.39,3,0.0,99.39,28.17,17510.56,13167.68,12.5,7.89,5.14
902113,57580.45,4817.42,1.5,9535.43,46971.9,8332.76,28.74,8,677.35,3,5.75,81.53,48.5,14322.65,15341.44,15.38,5.96,6.74
902114,82422.41,6795.16,2.93,16554.49,27571.38,5442.5,28.19,6,850.0,0,0.0,100.0,27.14,22361.15,14338.04,14.75,9.87,12.83
902115,33746.01,2783.79,2.92,3882.42,73810.68,9815.4,40.07,5,555.15,9,8.05,76.1,69.67,20707.77,12036.66,16.76,7.46,4.51
902116,131485.92,10783.35,8.06,36277.62,0.0,558.54,8.68,7,633.15,2,0.0,97.26,24.93,20071.06,14110.41,5.31,2.18,2.45
902117,49642.1,4147.95,6.72,3942.19,39787.45,8721.84,41.81,2,625.5,4,7.59,82.98,49.11,5964.99,0.0,0.5,0.2,0.0
902118,73712.39,6184.49,2.57,15198.36,33625.4,5562.36,27.58,8,614.4,6,13.12,84.35,26.65,32425.34,16904.6,16.44,8.87,13.62
902119,94884.96,7837.81,5.84,29253.66,17137.24,4757.51,21.62,5,638.44,4,3.85,92.28,31.08,19954.89,19460.01,12.57,5.53,7.81
902120,25369.66,2094.06,0.54,7602.17,74039.21,9421.18,44.58,4,645.03,6,12.87,88.25,67.73,6107.52,5624.46,13.06,6.82,1.74
902121,46823.15,3885.06,4.57,7209.59,61772.77,10571.62,32.73,7,662.04,5,9.65,89.7,53.04,20785.41,13323.86,23.98,9.02,11.95
902122,64361.15,5314.21,3.23,11180.56,40907.17,5813.36,38.06,4,626.65,6,11.11,76.41,44.23,23034.19,10129.27,11.3,8.34,12.24
902123,74866.03,6143.42,-1.08,18968.59,52072.22,11248.54,38.98,6,627.95,8,9.04,84.33,55.54,12866.31,8378.3,12.82,5.6,11.89
902124,19067.48,1583.32,1.73,3646.28,68260.61,10008.14,56.7,6,637.02,4,12.3,80.41,70.02,7923.58,9646.25,14.13,4.61,4.39
902125,73319.53,6097.18,5.12,18509.28,17225.91,4497.47,27.65,4,850.0,3,0.0,97.85,40.05,10959.18,7479.68,8.85,6.31,5.01
902126,59127.07,4967.04,-0.05,12224.84,41380.07,9477.65,39.31,9,801.97,1,0.09,100.0,32.89,26790.2,16268.23,22.59,10.77,11.14
902127,56128.95,4742.4,-2.48,14978.49,37043.27,9885.39,32.3,5,850.0,0,0.0,100.0,47.42,12276.78,8576.04,10.78,7.1,6.88
902128,51003.44,4234.33,4.15,9515.59,14023.13,6588.44,39.23,5,498.2,6,9.03,83.65,48.38,10312.53,10351.76,6.84,0.98,0.58
902129,76576.39,6413.13,3.8,12313.33,45869.5,8087.66,40.25,7,441.57,8,7.34,75.79,61.18,19207.11,6091.85,13.98,6.87,5.99
902130,56849.19,4697.84,3.35,13751.1,46724.52,6152.63,36.79,6,592.36,3,3.48,84.37,50.13,16684.05,14447.6,12.85,8.01,7.01
902131,43335.21,3583.82,3.84,10596.87,32995.88,8680.15,37.58,3,725.32,3,2.0,91.55,49.0,4013.03,2301.3,1.28,3.15,0.0
902132,63396.28,5276.57,1.81,15516.01,43071.91,8434.34,20.63,5,695.55,5,0.0,88.15,48.86,16640.09,5043.13,10.74,6.71,1.37
902133,21025.33,1755.97,0.6,10484.48,54251.16,10613.05,46.48,5,663.26,4,1.28,91.53,54.19,1246.17,0.0,2.65,3.1,4.96
902134,38235.86,3160.48,1.93,7770.65,60922.88,10053.09,33.99,3,731.84,3,2.65,96.42,56.72,9855.06,6174.48,3.9,4.25,0.0
902135,85731.55,7030.31,-2.67,13139.96,34786.36,7540.44,30.14,6,850.0,0,0.0,100.0,26.7,26010.27,22827.58,22.94,12.85,11.23
902136,43883.47,3662.12,2.55,14247.96,35805.77,1529.52,32.88,5,619.66,5,7.64,100.0,43.58,14690.6,14061.15,12.09,8.52,6.77
902137,57818.15,4798.01,5.82,15936.51,28316.08,3948.68,34.34,7,613.11,4,15.14,82.73,21.27,19736.35,16167.87,13.31,7.32,10.43
902138,39172.42,3252.49,-1.57,6008.29,55043.22,8684.34,39.84,5,637.39,10,2.24,80.5,45.75,16579.85,764.05,10.84,6.37,7.81
902139,57569.55,4762.29,6.58,13655.1,31319.26,8601.94,34.26,5,410.34,7,16.33,80.07,63.2,20975.31,8195.56,9.0,5.04,7.97
902140,46646.16,3968.64,2.84,8417.31,59820.04,10999.75,38.72,3,545.33,2,17.65,84.23,56.34,8305.04,0.0,4.61,2.77,1.54
902141,54031.33,4458.41,1.68,14619.05,48337.24,6756.88,26.02,4,506.07,10,7.0,83.93,44.62,20343.22,11568.25,11.93,6.88,8.64
902142,73190.25,6083.17,5.42,14511.02,22555.51,4933.91,26.08,6,731.28,3,3.12,100.0,39.5,12683.96,7785.35,3.58,4.38,7.63
902143,31872.59,2649.96,1.39,527.49,61238.14,10664.8,48.39,4,442.93,7,10.19,76.98,63.73,10697.45,5078.88,4.76,3.16,7.3
902144,72593.9,6148.2,3.16,7004.66,36829.75,3402.09,31.73,4,600.22,2,11.94,83.31,66.05,6482.65,5898.37,0.5,2.46,3.68
902145,27714.42,2296.5,1.75,5614.92,55496.21,12056.8,38.05,2,596.19,5,5.97,79.22,51.49,11806.05,3995.62,8.41,1.12,1.6
902146,56662.7,4695.35,4.26,7765.66,10574.57,5731.74,34.28,7,656.9,4,5.69,87.61,59.29,13771.93,17417.15,12.36,5.97,7.55
902147,87270.29,7219.95,7.05,21105.91,14371.09,3280.2,20.54,4,714.85,0,3.64,100.0,9.98,18407.43,11204.52,11.46,5.18,11.13
902148,38428.56,3143.2,2.33,500.0,38031.25,5937.88,37.72,4,581.7,3,5.08,84.37,52.88,8975.36,6243.36,3.15,3.9,7.88
902149,78470.47,6522.17,7.13,21004.04,35962.26,3195.47,32.2,7,634.12,4,10.65,81.38,36.38,32406.35,13691.13,21.46,13.36,12.15
902150,102041.38,8653.2,6.73,15924.35,15806.74,4846.47,24.58,4,675.91,3,12.18,84.65,37.15,9771.31,6515.25,3.0,4.49,4.72
902151,43556.33,3661.14,1.23,2199.43,62633.62,7783.7,38.52,5,713.28,6,0.0,92.05,39.34,12421.08,5874.18,3.16,6.08,7.83
902152,58874.07,4887.01,6.33,13197.79,55440.12,12555.07,41.89,6,691.71,4,11.98,79.68,35.2,15860.17,14486.55,18.02,9.72,11.96
902153,65723.99,5494.05,3.87,15310.43,29793.9,4139.18,29.77,5,850.0,2,1.65,100.0,33.04,21235.4,13196.77,18.99,9.27,8.12
902154,64566.27,5339.15,1.68,18474.31,43595.39,8066.32,36.63,4,711.42,6,8.99,85.99,44.29,17930.59,13442.35,13.66,7.03,7.81
902155,58783.64,4907.96,4.17,19230.72,41898.07,2757.83,31.03,6,660.11,7,9.75,87.64,52.41,17345.77,16458.97,16.03,7.58,7.97
902156,68880.45,5815.85,4.95,12496.3,34738.02,6142.93,24.41,5,700.43,7,8.85,91.77,34.96,22722.66,19402.43,11.07,8.24,11.05
902157,39724.37,3347.2,-2.58,10085.71,40334.89,7335.55,39.06,4,517.85,3,5.75,87.64,46.6,6435.57,4905.35,3.92,1.84,0.49
902158,21305.98,1802.32,0.65,8407.86,58743.69,11144.53,45.21,6,776.71,0,0.0,100.0,48.3,23709.21,11660.01,14.34,6.46,15.37
902159,37306.96,3095.45,-2.17,4466.59,52028.15,9669.22,50.28,6,850.0,0,0.0,100.0,43.83,12493.6,10724.73,12.92,7.22,6.12
902160,27522.67,2297.36,-0.94,6275.57,58806.5,10442.89,40.23,6,409.01,8,22.29,66.48,66.51,17710.42,1115.67,8.85,6.86,4.58
902161,67796.77,5633.81,0.39,15764.09,28191.36,6129.94,28.58,6,407.79,6,12.76,69.13,61.78,15799.47,9361.3,10.05,4.98,6.75
902162,79691.42,6607.53,5.14,18489.78,15636.32,2395.55,17.06,3,738.67,4,5.56,91.44,45.15,6809.94,8711.95,1.09,1.65,3.63
902163,37067.01,3105.65,4.23,14437.32,63444.07,6447.61,43.09,5,718.02,4,6.5,92.78,46.46,16742.93,13049.65,10.76,4.92,9.11
902164,27503.18,2310.39,1.89,4770.85,53475.92,10787.49,42.02,4,587.13,8,4.43,85.27,63.16,8145.9,3824.87,2.5,2.01,4.05
902165,51273.78,4276.07,1.77,11942.96,65165.25,11997.82,44.13,5,668.52,3,5.55,83.77,53.65,28589.88,8977.71,13.92,9.22,12.97
902166,80434.69,6663.28,-0.57,12901.34,23309.73,11103.77,44.7,6,668.16,4,7.05,77.14,51.16,10082.71,9834.58,12.52,5.75,4.16
902167,38313.11,3158.72,5.13,6667.9,48264.44,9999.06,34.03,3,691.11,2,5.45,88.97,49.57,8148.29,0.0,4.66,3.33,7.6
902168,69635.72,5784.99,2.3,17830.23,41327.82,9523.2,40.08,5,754.46,0,0.0,98.61,42.32,15963.17,10065.56,13.16,8.12,7.56
902169,84728.74,7091.71,6.8,16482.01,45099.96,5888.89,36.35,6,850.0,0,0.0,100.0,30.0,21353.65,13091.19,17.04,8.05,14.25
902170,92920.43,7791.14,6.78,22367.51,18553.23,3880.84,25.97,6,631.89,7,5.62,78.2,52.71,10836.47,8179.71,3.57,2.18,5.48
902171,91392.19,7648.81,5.75,21715.44,25659.34,5312.92,23.05,6,502.3,7,11.11,69.61,31.23,27080.64,15462.12,14.25,8.96,10.82
902172,48528.73,4111.72,2.24,4599.31,69533.61,14248.57,41.42,6,803.83,0,0.11,100.0,42.4,22521.38,6058.38,17.95,10.89,6.9
902173,36678.75,3086.3,5.37,12146.03,30959.68,3581.76,23.41,2,834.52,0,0.21,100.0,40.83,500.0,0.0,0.5,0.2,2.38
902174,41571.4,3461.79,1.04,7318.76,58495.45,8674.51,45.65,9,675.47,3,5.55,91.2,40.85,33024.92,20622.3,30.45,16.45,14.7
902175,85759.72,7080.17,7.92,28003.56,27979.27,0.0,13.87,7,850.0,0,3.19,100.0,18.08,18979.09,17082.93,11.27,6.62,9.56
902176,92066.38,7634.37,4.91,11365.73,20482.93,4697.45,28.44,5,807.95,0,4.09,98.59,35.77,19207.59,17907.66,14.87,8.99,12.35
902177,28483.82,2396.71,2.37,2975.67,65696.08,9694.33,48.05,4,659.73,5,6.34,77.7,61.15,1911.44,1780.84,1.75,3.6,0.6
902178,77211.06,6402.23,3.24,23044.83,39836.04,1693.87,22.35,7,841.03,0,0.0,100.0,26.31,29089.86,22753.36,16.78,7.04,13.75
902179,64743.78,5410.03,2.28,22059.22,33914.0,4875.99,31.49,7,749.83,1,2.3,93.94,29.34,30774.62,17079.85,20.98,11.52,9.83
902180,81894.75,6776.53,3.65,20661.18,38161.11,9635.83,28.13,4,409.24,12,18.85,65.56,53.79,11897.71,8161.68,5.07,4.73,7.78
902181,114742.64,9570.53,6.97,20976.95,0.0,0.0,8.23,5,778.02,3,0.53,97.94,25.23,18758.59,20773.07,7.96,2.98,9.77
902182,75018.37,6175.62,6.02,18082.21,15904.62,3799.27,30.21,4,766.27,0,0.0,95.41,38.2,7520.19,11385.55,6.15,2.39,5.83
902183,78522.62,6641.93,3.49,15142.33,45726.45,3549.34,33.55,5,645.19,3,4.47,100.0,44.49,19850.49,11349.77,11.3,6.85,10.42
902184,32413.14,2696.18,-2.43,4217.28,64594.73,9906.04,31.64,3,464.38,12,11.5,63.97,75.24,500.0,10527.77,2.73,1.09,7.32
902185,59710.33,4873.08,1.42,15592.32,36054.92,9623.59,40.98,7,611.38,6,11.38,79.66,43.32,22123.87,12593.83,15.02,6.14,5.15
902186,72166.8,5948.98,7.53,13326.41,26305.11,6256.77,31.17,5,788.07,1,4.58,95.06,41.0,13632.12,10175.36,12.49,6.09,6.99
902187,90172.46,7563.15,4.86,19450.61,25620.74,6070.57,20.91,3,438.56,9,16.25,76.93,48.34,12428.54,6425.68,0.5,1.62,0.0
902188,30480.74,2543.31,1.21,7040.18,52888.76,10564.75,49.58,5,681.33,4,3.81,79.53,63.13,19867.98,13271.7,16.14,5.97,5.02
902189,38240.69,3172.06,-1.5,4587.49,83738.02,13369.98,53.54,7,503.18,10,5.69,66.09,68.96,9834.05,2965.78,11.19,6.14,6.35
902190,83137.08,7167.22,1.52,21831.69,13901.59,4951.41,13.96,7,473.93,5,10.67,88.64,37.47,31103.6,16359.98,15.12,10.65,11.14
902191,88713.98,7432.17,9.0,21404.8,9827.79,1804.36,21.53,5,673.13,3,6.85,93.72,35.39,20158.79,11778.55,8.47,5.72,5.45
902192,33273.23,2776.22,3.26,5201.35,50915.79,5819.32,39.41,5,722.77,0,1.79,100.0,49.46,10831.27,8822.94,13.92,7.57,3.06
902193,99850.37,8379.04,5.72,23444.27,0.0,989.11,18.24,6,681.04,1,3.23,96.08,34.66,16622.76,13770.51,6.32,4.07,4.5
902194,57389.68,4790.96,5.24,13934.87,10092.72,4836.46,22.64,4,679.86,6,9.98,97.44,47.93,500.0,444.86,0.5,0.2,0.0
902195,98027.26,8209.61,6.79,11720.61,34400.34,5473.17,25.66,6,601.16,1,6.08,98.5,35.54,14085.53,9261.46,12.5,4.63,7.1
902196,44733.64,3707.43,1.19,6417.59,58591.85,8683.37,40.86,4,460.16,5,10.69,85.45,56.27,14047.23,9419.71,10.69,4.21,5.19
902197,84345.18,7030.26,6.66,13393.3,37088.19,4868.21,31.13,7,522.8,10,13.76,77.89,23.23,26407.55,9311.99,9.59,5.46,10.42
902198,53036.61,4381.22,2.72,16866.68,50227.17,7433.69,34.09,6,850.0,0,0.0,100.0,23.41,20174.05,14779.5,12.87,5.66,9.64
902199,49196.26,4050.43,-3.29,5888.97,51983.6,7569.41,32.04,5,660.15,1,2.2,90.31,52.05,8354.35,3156.71,5.3,5.06,1.57
902200,68488.99,5790.3,5.91,10203.86,30265.51,4486.05,30.42,1,650.14,0,0.0,91.89,37.9,3413.38,5503.03,0.5,0.32,0.0
902201,95150.0,7892.1,4.55,26050.45,10570.77,5338.35,23.63,5,695.29,4,0.23,87.72,43.93,27988.28,12536.08,8.4,4.01,10.14
902202,79412.1,6636.85,2.48,18835.34,16151.35,1984.93,19.58,7,661.5,3,13.63,91.51,39.38,24633.54,20758.96,14.54,7.51,8.82
902203,98948.42,8306.83,7.8,27313.98,18638.57,7067.7,36.89,9,651.95,5,9.0,86.16,29.74,32526.43,26709.93,27.58,15.24,15.28
902204,60139.06,5005.08,3.31,8875.06,53575.73,10641.43,43.57,7,544.15,9,6.13,75.53,44.86,24476.77,8998.43,15.79,4.37,6.3
902205,83377.77,7024.53,1.36,23754.0,20247.02,2129.45,19.73,3,592.85,5,4.81,78.48,47.39,5090.6,4422.97,2.05,2.23,2.32
902206,80109.21,6726.65,0.99,11570.51,52210.42,6896.57,37.35,7,667.58,4,8.68,97.02,49.97,29221.03,18404.1,17.06,10.65,12.81
902207,92338.37,7663.15,4.16,22567.33,30049.41,3537.13,41.01,9,817.43,1,0.0,100.0,21.95,34892.23,18130.45,22.72,11.49,11.71
902208,53479.28,4472.65,-0.5,4554.86,34946.1,12029.18,39.19,4,317.13,8,15.43,67.63,67.89,10380.55,0.0,6.94,3.87,5.96
902209,42546.71,3560.41,2.16,11068.04,57229.46,10538.88,46.99,6,780.31,2,1.34,95.14,54.89,15803.98,6353.08,9.75,12.46,8.45
902210,43816.7,3613.6,2.48,12528.57,50017.93,6988.28,34.49,5,846.21,3,1.04,93.33,42.24,24738.43,6880.24,9.87,5.47,7.71
902211,51863.02,4319.99,3.47,19337.91,40236.05,5907.78,33.92,4,728.87,1,6.75,95.14,35.78,24149.64,7490.99,12.26,5.13,3.45
902212,50493.51,4241.46,2.43,8181.42,66390.59,7553.61,35.36,5,584.49,7,13.96,76.37,70.05,13756.6,8809.16,12.58,8.38,10.68
902213,54565.65,4508.25,3.12,13979.71,34231.45,6724.11,23.74,4,603.5,4,10.26,80.41,31.82,17357.32,12295.33,8.18,3.07,8.99
902214,77750.41,6461.25,7.44,9669.95,54732.65,10295.12,40.12,8,637.83,4,4.07,88.43,48.11,22659.18,14990.07,17.09,9.6,11.82
902215,42814.77,3607.02,0.76,10312.72,63670.2,7949.11,46.91,4,479.9,11,14.72,69.95,56.62,5477.11,827.27,6.64,4.61,1.39
902216,82810.65,7004.97,3.14,16666.49,19077.29,8872.71,26.43,8,634.29,4,12.41,82.66,44.74,26783.25,16049.17,19.76,8.41,7.08
902217,58101.21,4786.81,1.67,4355.09,41234.52,8111.51,28.09,4,766.69,6,2.6,88.16,37.2,12902.8,12023.72,9.41,4.47,2.23
902218,57158.37,4766.09,0.4,15515.44,49014.56,5535.2,33.69,8,777.94,2,3.54,91.36,40.34,16767.2,8743.36,11.12,7.7,8.26
902219,37599.77,3128.34,2.79,6728.49,66358.13,6598.09,43.47,4,590.59,4,4.57,80.18,60.65,15448.18,8752.12,6.26,4.76,2.03
902220,99490.59,8285.83,6.23,18542.03,25418.72,3193.73,24.33,8,688.3,5,7.03,96.91,34.91,22849.7,22178.27,10.68,8.83,9.31
902221,75580.08,6239.19,7.69,16377.96,43638.22,6221.46,32.15,6,850.0,0,0.0,99.22,29.38,30032.01,19950.06,18.26,10.77,10.94
902222,43348.01,3597.64,5.01,4699.78,54185.08,10464.08,34.14,4,728.98,6,6.15,97.02,44.32,13200.26,5015.34,7.77,5.28,7.27
902223,81317.61,6670.05,0.79,13780.24,24948.8,5844.39,25.05,5,512.24,8,10.48,75.74,64.13,18623.53,12785.53,12.25,7.01,9.0
902224,85198.35,7137.65,5.26,10513.48,20214.66,5130.7,31.43,4,595.54,8,14.14,74.9,57.45,13124.21,5947.98,4.46,5.81,3.79
902225,53816.66,4541.98,1.94,9908.41,22532.79,8695.56,31.99,7,721.81,3,2.72,94.08,48.44,22606.62,10388.9,17.71,7.77,11.3
902226,60785.59,5031.87,4.28,7468.14,57168.14,8169.4,33.55,7,677.01,1,0.0,87.89,33.82,19273.78,12516.11,10.43,9.03,11.22
902227,63431.27,5207.36,1.92,12959.95,42215.87,9927.6,37.4,4,606.18,8,8.04,82.43,66.75,19886.03,9621.96,12.24,6.58,7.29
902228,93874.94,7819.69,7.88,19864.57,40220.96,5764.72,23.29,8,666.58,2,2.56,95.71,39.85,33674.14,16228.22,17.59,11.41,10.86
902229,57824.91,4822.55,6.65,21150.92,40346.96,5406.39,30.08,4,609.98,2,0.98,89.99,41.89,14487.63,5230.37,6.47,3.4,6.7
902230,97885.06,8206.19,5.64,30118.09,25961.07,2409.22,15.57,6,749.98,0,0.0,100.0,45.25,25158.25,19637.62,10.62,6.29,8.61
902231,75121.89,6342.19,6.45,11572.11,15452.64,7730.98,21.8,5,639.66,4,7.28,95.34,33.54,8887.13,15312.45,3.74,4.77,3.85
902232,67584.13,5573.19,5.76,13869.58,47347.17,7389.18,33.89,6,660.73,3,9.0,90.8,39.88,29347.41,14143.2,17.86,13.48,12.43
902233,47684.85,3973.53,3.23,15342.4,59675.87,10973.55,32.72,7,577.93,2,3.81,82.83,50.49,23802.11,13646.14,14.18,10.34,8.0
902234,57131.56,4767.11,6.06,18809.61,44273.51,4389.66,18.45,4,752.4,1,5.59,96.36,37.7,12909.5,16356.57,5.7,3.42,6.49
902235,37717.13,3163.61,0.21,500.0,58605.7,9210.45,53.04,7,641.71,9,13.56,84.45,54.51,29191.6,15405.16,17.65,11.64,8.96
902236,63577.54,5285.65,4.5,14382.82,42769.68,5612.37,33.0,9,673.66,4,3.37,87.34,20.3,27836.88,17889.18,22.4,12.32,12.52
902237,68146.53,5594.11,2.44,18103.11,33153.41,7068.78,38.3,6,630.35,3,7.2,78.82,50.59,20949.26,15511.01,19.02,11.67,9.48
902238,93059.93,7776.4,7.16,24956.35,11591.92,4936.39,20.74,8,800.75,2,1.56,99.83,30.73,23545.08,14572.43,12.78,9.51,12.65
902239,81105.05,6764.96,5.54,12864.25,45949.69,4608.14,27.72,6,759.58,0,2.28,96.41,37.04,25737.07,16194.86,20.34,9.16,12.07
902240,56486.43,4677.45,3.78,12367.43,43816.51,6386.35,43.34,3,530.7,8,9.76,87.68,70.8,11413.52,7291.76,8.49,3.09,3.52
902241,127811.44,10692.04,6.26,32802.29,4934.27,1599.75,8.27,6,850.0,1,0.0,100.0,31.75,23957.2,19773.61,14.54,11.28,9.82
902242,95164.3,7851.57,5.68,20229.69,23464.47,3098.36,25.56,5,507.62,5,13.77,77.89,62.83,23095.81,8484.26,13.17,8.69,7.73
902243,92869.03,7656.36,5.53,22204.35,16330.32,4588.58,23.98,6,714.01,6,10.31,87.19,35.11,17042.46,14305.36,10.14,8.37,6.39
902244,117536.06,9825.93,9.09,28980.16,140.46,0.0,20.22,5,701.89,6,6.93,84.69,46.98,24163.91,16548.46,15.09,6.25,4.59
902245,78501.55,6558.88,0.65,14895.31,28526.05,672.66,27.87,3,608.83,6,2.32,100.0,44.08,11301.42,6093.22,0.51,3.14,8.57
902246,47339.28,3946.95,4.62,6637.87,24417.66,7485.15,31.62,4,585.8,7,0.0,85.9,37.72,12080.4,7316.92,9.17,3.84,9.98
902247,129207.84,10781.68,4.18,27894.88,492.56,59.39,20.79,10,850.0,0,0.0,100.0,23.5,27942.35,21922.41,16.12,8.38,15.38
902248,61820.04,5153.46,6.49,18337.35,41051.94,6884.52,39.46,8,560.96,4,6.22,87.71,43.95,14473.64,13909.49,13.22,7.63,13.4
902249,53635.16,4445.77,2.44,8619.79,46889.29,6819.14,37.2,6,592.7,7,9.67,87.01,34.23,21486.62,11103.36,6.84,6.53,9.95
902250,39072.82,3222.02,-0.38,9719.44,47101.08,8771.12,36.32,4,596.88,4,4.47,79.45,54.54,10665.83,4811.37,4.3,2.21,5.09
902251,98980.21,8223.42,7.72,18028.93,31226.6,3237.52,29.92,6,759.23,0,0.0,93.21,35.41,22785.87,15517.48,11.44,6.86,12.36
902252,85949.45,7162.96,5.09,21978.31,39235.7,5692.87,23.92,6,850.0,0,0.0,100.0,30.43,19244.91,11004.84,13.03,8.67,9.43
902253,95910.28,8067.78,7.3,21240.59,35829.51,3692.71,13.6,8,816.22,0,3.17,97.56,26.69,34190.06,16584.76,16.9,10.24,18.88
902254,61007.38,5126.7,3.33,15983.39,28253.05,8900.67,27.6,6,778.99,1,4.37,96.22,52.48,16050.4,7386.07,6.2,4.43,2.34
902255,68603.73,5741.56,1.73,13060.96,29471.01,7644.27,38.97,5,582.41,7,9.97,75.96,51.06,9554.48,8168.68,9.19,5.29,2.73
902256,40229.9,3301.24,5.04,10039.75,48011.33,7022.05,48.08,6,612.83,6,5.23,90.87,48.78,21516.3,11682.83,14.32,7.75,9.32
902257,38633.28,3130.73,3.54,2952.18,51621.85,14563.8,50.92,6,424.27,8,13.5,70.13,63.66,14011.37,7361.75,14.08,6.22,9.25
902258,83165.18,6924.0,10.22,19293.6,17310.73,3876.61,24.64,4,788.65,0,0.0,92.78,50.8,16522.68,11830.61,8.32,4.26,5.67
902259,51577.25,4277.19,0.99,5381.36,58323.28,11158.1,42.03,6,583.89,5,9.99,86.1,58.15,15251.96,16294.47,15.29,8.93,9.38
902260,60151.86,5020.31,2.12,14874.86,38884.29,6535.26,38.15,6,536.63,5,11.21,88.14,46.17,20389.37,14649.12,10.68,7.31,6.72
902261,73153.86,6140.03,2.97,9842.49,33235.52,5839.94,31.76,5,481.43,9,9.27,72.12,58.68,16908.29,11978.41,9.82,5.97,6.47
902262,64787.95,5319.39,5.47,14313.03,30623.78,4110.12,37.15,5,646.72,5,12.73,83.59,48.3,11947.28,11843.96,7.28,6.36,3.57
902263,99734.32,8385.63,1.76,19498.69,11218.02,2352.11,23.42,4,766.67,0,3.59,100.0,37.07,18628.41,15589.72,10.17,6.08,6.35
902264,57764.87,4876.54,4.67,13658.23,55542.03,6704.41,26.12,4,602.57,2,7.84,84.21,62.8,17449.49,5217.79,5.71,3.98,2.46
902265,62167.55,5162.62,2.28,15191.56,24623.23,4872.13,26.93,2,620.08,4,12.49,87.01,35.89,7114.88,90.15,0.5,0.2,0.2
902266,65629.02,5430.25,2.12,18605.0,35436.06,4083.1,31.8,6,680.84,0,3.86,94.87,29.79,9043.64,12636.52,13.24,7.19,12.23
902267,42650.48,3505.9,-1.65,7900.31,37426.69,9404.21,40.97,6,706.53,3,2.65,94.99,47.45,14460.52,11715.11,8.51,4.54,8.7
902268,105531.2,8732.02,6.38,14625.69,32662.18,2470.35,20.82,7,615.49,6,12.97,86.73,51.77,22367.08,13857.06,10.82,7.29,7.62
902269,59497.38,4990.71,4.03,12390.94,29972.53,7318.13,27.93,4,633.2,7,9.68,87.19,53.32,9778.23,5674.69,0.5,0.68,3.22
902270,56260.28,4697.33,4.63,9557.01,24001.4,6933.11,36.59,7,633.66,5,14.76,92.9,44.4,21749.94,8132.71,10.88,7.71,8.8
902271,70721.89,5818.66,1.96,18973.65,41047.16,8811.88,34.96,8,541.33,9,15.51,80.65,49.85,15901.34,4795.04,11.0,6.04,5.93
902272,76830.7,6454.42,4.91,16677.7,43586.44,9281.18,35.7,5,488.31,9,21.87,70.29,44.93,10772.95,7410.85,7.25,6.29,4.44
902273,85492.05,7158.09,3.16,25043.44,27285.17,7222.71,34.47,7,678.33,9,13.51,75.09,52.31,23762.6,20310.39,15.09,9.12,14.11
902274,47728.71,3999.75,1.76,9866.23,62959.82,12153.93,47.23,5,554.43,4,8.47,80.41,53.08,12809.04,7404.65,14.11,7.92,2.37
902275,85234.0,7106.57,4.04,16727.65,25141.54,8233.83,21.14,6,713.27,4,3.76,95.5,26.41,17785.56,18560.62,9.96,6.72,6.61
902276,38874.86,3204.98,0.29,5182.49,63776.19,8351.19,47.24,7,542.9,8,4.93,66.6,40.64,15921.0,8011.25,12.03,9.68,8.14
902277,60687.99,5034.04,6.22,19222.44,12069.23,4090.86,27.2,3,850.0,0,0.0,100.0,24.68,2047.22,4915.44,0.5,0.2,0.34
902278,76758.92,6413.92,5.99,15749.51,43067.28,9635.22,34.69,9,678.8,7,6.02,76.21,54.33,24865.37,22995.38,23.86,10.0,13.05
902279,68075.78,5671.35,0.99,21292.43,40425.46,6043.62,36.22,8,577.9,10,9.4,65.95,54.78,18748.11,9729.93,12.83,9.97,7.47
902280,117636.39,9807.85,2.9,24084.64,20835.61,3061.31,28.96,5,609.16,8,3.33,78.57,48.4,20177.52,7675.02,11.59,4.35,7.68
902281,45912.03,3790.77,0.14,10215.12,41480.32,6820.81,36.94,4,463.85,7,13.56,74.85,66.81,7403.13,1207.62,4.89,3.64,0.39
902282,88563.53,7349.49,9.99,22417.05,28275.07,4733.98,29.45,8,710.96,3,10.97,93.57,28.97,31395.7,19575.28,18.48,10.05,13.72
902283,45047.88,3746.95,0.32,11413.22,36619.58,7189.06,39.06,3,554.25,3,12.16,81.26,51.54,8110.97,2766.64,6.14,3.72,0.72
902284,29186.07,2388.3,-1.46,3752.07,56759.72,10672.49,49.2,2,621.43,2,13.9,79.86,65.24,2768.42,2265.5,2.06,0.2,2.73
902285,35589.23,3000.87,-0.48,2593.32,72312.3,12894.24,53.77,5,517.29,6,15.69,73.78,55.25,20946.57,11295.04,16.71,11.72,5.11
902286,66015.93,5610.39,5.12,10418.72,33808.18,6643.32,29.02,7,620.68,8,5.75,83.74,50.84,30712.93,13406.0,19.78,10.79,13.1
902287,56628.59,4723.91,5.75,12452.59,45379.24,10773.35,37.84,6,644.02,4,4.73,81.86,40.76,28296.0,7084.43,14.25,7.7,11.72
902288,101689.32,8419.73,5.9,21878.88,30517.37,5693.32,6.86,6,632.48,7,4.85,81.77,36.4,27968.37,21018.92,16.68,6.65,7.82
902289,104024.59,8842.25,8.64,24732.49,35348.36,4049.83,25.71,8,539.29,8,16.01,77.19,51.45,24180.84,11591.29,17.93,11.0,8.31
902290,45008.18,3729.32,0.88,12019.37,51895.2,9752.95,43.47,5,687.37,1,0.49,93.48,52.82,14645.68,9379.52,11.51,6.4,10.23
902291,66021.84,5475.5,7.1,13309.83,14418.14,6113.08,36.72,7,516.71,8,14.22,75.36,37.84,19658.38,14075.24,8.6,4.25,5.18
902292,79991.0,6604.21,4.93,10896.5,44667.78,5316.61,33.61,5,601.38,3,2.66,80.54,52.12,17439.94,8641.23,12.91,3.91,7.61
902293,79732.51,6773.75,2.16,21230.7,27786.65,4874.16,22.77,8,653.44,4,8.25,89.2,47.95,17347.85,6113.81,12.92,9.59,12.15
902294,115075.08,9546.62,9.02,34138.06,3355.68,171.11,19.52,9,850.0,0,1.92,100.0,5.3,36293.9,28334.42,22.83,12.73,14.81
902295,67005.28,5646.95,5.94,16889.41,26868.82,7872.24,32.05,6,726.82,5,8.65,82.94,54.36,12901.62,7311.01,5.54,4.51,5.19
902296,67592.13,5666.51,3.78,10220.68,44846.77,6109.98,36.06,5,568.2,3,12.99,83.92,51.63,7730.04,8036.77,11.1,8.36,5.42
902297,55403.99,4595.28,2.27,7992.81,40375.33,7752.48,36.5,6,656.52,7,8.14,83.7,47.89,17212.01,5573.12,10.96,3.6,6.41
902298,73136.76,6183.55,2.52,8349.79,49858.7,9655.79,31.05,6,484.3,5,12.34,72.82,46.81,13880.99,12786.08,16.64,8.68,7.97
902299,53256.84,4480.69,3.52,13524.39,47403.81,7391.13,26.35,2,564.19,6,13.8,81.93,47.18,11367.52,7176.29,4.24,2.8,4.55
902300,85238.62,7016.67,4.02,15910.87,21310.12,4382.69,31.23,6,654.63,2,0.0,88.9,35.14,10529.89,8476.18,9.62,4.35,12.8
902301,67906.17,5681.93,7.45,19827.05,28542.24,1839.78,29.43,5,583.93,5,4.73,85.31,39.3,11539.11,9104.2,8.92,4.82,5.73
902302,120707.33,9921.17,9.54,28650.65,0.0,0.0,10.67,7,800.34,0,6.04,100.0,28.68,26747.88,16701.31,9.44,5.38,6.65
902303,25032.7,2119.16,2.22,7604.37,46708.72,13212.49,41.89,6,764.5,5,0.0,100.0,45.72,6101.74,1625.36,4.21,2.28,4.14
902304,44236.39,3682.97,2.11,9643.71,57694.76,7948.17,41.45,6,687.75,3,2.6,93.22,52.66,17557.57,13407.77,20.09,11.52,13.91
902305,71621.59,5981.09,6.01,13156.87,39588.21,3374.16,26.8,4,775.3,4,0.69,94.93,36.04,17406.84,9854.04,8.19,5.79,7.45
902306,73375.18,6090.62,2.38,23384.36,29327.3,9103.98,24.96,3,640.29,0,9.59,90.93,40.18,17969.07,12321.74,9.26,7.24,3.56
902307,76948.8,6329.79,5.19,13961.74,33481.03,4676.1,28.41,7,700.45,4,2.94,96.79,34.17,16142.79,10249.17,18.24,7.19,9.0
902308,72003.56,6082.17,4.81,15131.49,31100.8,8561.8,32.03,4,423.53,12,17.01,66.72,52.06,16539.07,13152.15,6.03,3.78,7.74
902309,82161.71,6761.37,5.72,19565.74,29489.96,2483.0,27.66,5,716.78,0,0.16,95.72,32.36,18435.7,11172.29,8.52,6.3,7.45
902310,101548.91,8472.03,7.68,31300.36,2437.36,2974.51,21.17,9,850.0,0,0.0,97.65,28.1,28162.06,20475.27,13.45,8.42,12.26
902311,86914.44,7265.47,0.4,12229.65,47073.98,6607.8,31.59,7,622.29,0,6.59,89.43,45.74,25225.37,13758.41,21.34,8.53,8.67
902312,78408.45,6389.98,2.73,11224.77,38299.45,11021.82,38.47,6,523.53,9,12.58,74.05,55.09,18914.67,18987.3,12.12,6.61,9.72
902313,22220.82,1826.52,0.97,1625.03,63828.85,11176.85,53.63,4,496.28,4,15.66,81.21,56.82,14375.86,3445.22,9.98,5.34,3.11
902314,24464.31,2016.09,5.04,3538.92,61304.21,6072.66,35.72,5,764.03,2,1.93,100.0,58.38,18427.61,10889.45,14.32,8.08,8.93
902315,39665.21,3380.11,-1.94,5572.11,53350.4,9761.89,45.4,6,676.31,4,5.81,83.07,59.97,8462.0,5328.21,11.09,7.38,5.37
902316,68989.34,5843.0,5.15,13222.99,20763.83,4086.36,26.53,4,706.07,2,7.51,94.27,41.38,10256.91,8717.45,10.58,4.08,2.08
902317,18129.55,1503.73,-1.62,5584.02,43376.86,11696.0,51.64,6,565.73,6,8.03,83.09,53.51,18322.67,11377.83,16.06,9.13,8.85
902318,75362.54,6306.09,8.47,19785.88,16971.78,5763.83,28.22,5,757.11,0,3.49,100.0,42.58,26092.26,16494.25,12.51,6.95,9.4
902319,71297.21,6014.87,3.76,16844.45,41807.81,5321.06,31.23,3,558.42,8,8.83,90.75,59.6,7160.67,12195.28,0.94,4.29,5.01
902320,107710.07,8989.14,5.16,19989.78,20874.06,5682.91,29.65,7,574.88,7,11.0,79.35,50.87,22821.61,16268.8,22.95,9.89,12.15
902321,35747.86,2957.81,-1.43,6230.48,64129.6,10741.25,44.95,5,559.02,9,10.02,78.55,50.62,15749.61,13451.23,11.16,8.61,12.88
902322,79830.12,6579.59,1.72,16107.55,36510.42,4872.6,35.7,7,666.07,3,4.94,86.12,39.66,23665.92,18866.57,14.42,8.27,11.52
902323,74482.64,6176.09,5.77,27194.56,23603.33,3686.71,20.55,3,825.35,0,0.0,100.0,44.31,7788.08,3576.3,5.45,0.2,5.29
902324,21994.36,1841.6,-0.4,500.0,68367.88,10155.88,47.54,4,570.31,5,8.57,82.66,67.09,4176.05,0.0,2.53,3.59,0.0
902325,62289.99,5172.39,2.65,12237.17,53510.04,9600.15,27.89,7,707.33,1,0.0,93.08,41.06,22127.45,10430.69,14.34,6.7,13.18
902326,64866.57,5398.37,4.63,14481.7,24834.88,5309.42,27.8,5,644.92,4,6.08,94.2,52.48,21292.12,11568.0,11.13,5.77,6.68
902327,58645.84,4952.37,1.28,7000.64,44310.35,7365.76,33.03,7,638.16,5,3.21,86.54,49.57,9573.83,7125.0,3.94,4.6,5.44
902328,68370.05,5692.68,3.84,14447.79,28857.52,6468.66,33.05,3,446.51,8,15.43,73.89,42.27,5781.45,5616.1,5.32,1.76,3.62
902329,82612.21,6941.08,4.15,17393.44,23637.61,8339.22,24.13,6,659.31,4,5.7,83.48,56.37,17124.54,11631.48,14.1,8.35,6.58
902330,136590.37,11411.68,9.32,30719.44,0.0,1756.28,16.05,5,726.92,1,3.15,84.93,24.48,27291.39,21408.29,11.77,6.86,9.65
902331,34460.66,2914.37,2.38,2243.67,54763.0,11442.68,51.47,6,409.84,11,19.9,57.67,64.19,15083.5,4563.09,15.55,4.42,5.03
902332,78440.96,6707.81,3.13,19400.27,33481.23,5530.06,29.65,6,625.48,4,0.0,86.76,44.84,24420.55,8924.85,7.45,5.91,10.39
902333,56685.63,4696.54,5.38,9260.94,14847.84,4426.4,24.77,4,682.2,4,4.02,94.64,43.67,14414.04,5787.15,8.52,2.75,3.47
902334,29624.89,2451.76,-1.53,6385.32,53673.63,6499.72,42.3,5,739.43,2,0.0,95.08,62.87,6089.67,3515.47,6.48,3.55,0.03
902335,66160.24,5549.56,1.22,18413.71,35332.26,8061.28,40.84,6,732.88,1,7.17,86.85,50.71,20649.55,12044.63,17.74,8.93,10.11
902336,108043.39,9068.78,6.74,26225.6,17558.14,3547.04,17.12,8,716.53,5,13.23,90.53,30.27,30004.7,15508.6,18.99,11.24,11.79
902337,28125.06,2357.33,1.15,13829.2,51465.34,5847.52,48.47,4,672.86,0,6.18,98.07,30.08,17556.49,0.0,4.03,2.22,4.59
902338,114981.86,9574.05,7.15,25773.72,0.0,0.0,13.49,1,800.87,1,0.0,93.84,29.35,8259.05,16833.08,0.5,0.2,0.0
902339,55426.15,4620.32,2.3,10112.13,43741.43,5176.81,32.93,3,464.66,4,13.19,72.44,70.47,10108.06,2295.94,6.14,5.1,1.65
902340,42517.57,3485.93,-0.32,5621.18,52624.27,8427.52,33.06,6,663.01,1,3.18,94.71,51.11,22704.01,13861.79,16.09,9.21,7.28
902341,67467.11,5498.93,4.32,10874.31,50257.57,10264.48,36.74,7,696.79,4,7.31,92.63,69.45,19388.12,15324.59,14.53,10.64,13.03
902342,63569.11,5288.23,0.1,8989.81,64568.43,7768.63,39.33,6,564.22,3,10.34,74.8,49.15,14041.77,10398.11,8.73,4.75,3.16
902343,52116.92,4356.8,0.62,9801.78,47552.7,7333.05,44.24,3,509.68,7,11.7,87.66,45.07,13611.22,6481.45,8.12,4.88,8.79
902344,42392.17,3531.29,3.55,11811.25,27783.62,6006.25,37.11,6,694.42,6,9.44,93.2,64.08,12837.32,2727.94,3.49,5.01,7.09
902345,87044.9,7214.68,2.64,16665.44,41860.68,6696.57,26.3,7,577.65,4,7.79,86.69,48.95,20557.81,12219.71,11.51,7.0,13.44
902346,72788.45,5934.08,5.33,8390.8,30087.34,8886.33,33.92,7,558.96,8,12.04,81.68,43.21,18755.75,11864.23,17.64,4.89,4.32
902347,88929.13,7403.89,4.51,18547.87,24167.37,3408.24,21.11,7,618.85,4,5.64,90.24,57.28,9483.44,9155.69,5.14,3.52,3.13
902348,69935.1,5845.04,2.02,11707.16,14922.12,9049.98,36.53,5,507.06,4,5.47,80.58,50.08,13765.07,15362.1,8.92,5.99,5.86
902349,81298.98,6757.44,8.17,21267.4,6931.2,3540.02,15.28,5,699.69,1,0.0,97.66,36.72,11851.2,10850.24,6.42,6.38,6.51
902350,61657.79,5146.94,4.85,12334.56,31307.87,6470.41,41.28,6,575.24,5,4.07,85.33,55.04,19744.91,7893.82,7.64,4.52,8.3
902351,40134.38,3323.47,-1.09,10156.35,42179.99,13187.74,43.04,7,660.75,2,7.32,96.95,48.27,15056.85,7217.96,20.33,9.08,6.6
902352,52265.07,4379.69,0.38,14960.51,39701.95,8105.22,32.3,4,630.46,2,0.96,89.17,35.85,6283.86,11866.8,3.73,2.8,5.43
902353,99783.06,8167.27,1.29,18726.22,29603.72,5211.55,24.67,6,633.24,4,8.2,87.27,34.47,24201.49,16445.02,15.23,8.36,12.05
902354,106404.95,8854.1,3.48,31359.23,1693.68,2991.07,12.29,6,722.49,3,4.41,95.11,30.63,20926.77,13077.34,8.28,5.05,7.42
902355,41103.58,3417.21,2.14,9212.51,69322.39,6934.72,34.73,8,817.11,0,0.0,97.82,50.93,26462.25,21424.52,23.18,12.9,16.44
902356,75495.87,6117.66,5.61,11726.89,35850.43,7609.1,31.6,6,447.47,8,13.72,71.26,54.91,12823.52,16481.57,18.0,6.87,10.76
902357,110226.87,9280.94,7.86,28194.89,0.0,6637.83,23.78,4,547.92,7,11.47,82.96,41.49,13262.59,12048.55,6.53,3.14,4.0
902358,96242.58,7981.32,4.04,21565.35,31376.59,5575.04,24.81,7,671.46,2,3.77,82.92,45.71,16158.33,17228.78,10.04,5.3,10.83
902359,51157.43,4280.83,1.87,12461.25,51985.07,8137.83,45.6,6,791.22,7,4.05,94.62,41.49,22505.02,9026.87,13.37,7.53,4.45
902360,67919.7,5663.62,5.49,24933.06,34507.98,9542.95,32.54,4,700.39,4,1.87,86.79,38.55,9040.51,5807.22,7.5,0.72,8.69
902361,41554.41,3454.27,4.42,9102.9,42195.22,6426.49,40.74,6,666.0,3,10.11,94.92,50.22,7287.21,10510.32,6.81,4.86,7.91
902362,62181.93,5107.25,3.54,9090.16,34391.55,7361.47,33.44,4,529.97,5,10.48,82.44,66.2,15396.57,2358.55,8.57,4.71,11.52
902363,78377.2,6425.41,4.75,25959.33,11593.56,4676.55,26.38,5,606.17,6,7.33,92.1,31.54,23854.86,15418.85,15.61,7.34,8.14
902364,79081.06,6607.26,3.97,21663.55,22791.16,2273.99,20.43,6,850.0,0,0.0,100.0,29.63,25186.7,18002.46,11.91,9.31,9.91
902365,71768.24,5894.1,4.67,13618.05,40800.59,8610.39,35.23,6,446.34,8,14.78,73.51,51.9,17663.41,7615.26,14.18,7.72,12.19
902366,69179.45,5768.41,1.45,14184.17,28656.26,5316.96,33.55,5,645.91,3,5.02,84.48,35.69,15415.12,14344.87,10.29,7.22,0.61
902367,65556.79,5353.93,6.44,16681.73,31034.5,6167.42,28.92,3,677.84,2,7.44,95.68,53.94,10405.34,1758.54,1.92,3.18,2.13
902368,47663.89,4029.86,1.99,12912.63,50277.76,10617.41,37.41,4,707.91,0,0.63,93.08,62.27,4567.39,629.35,4.94,3.98,6.48
902369,19476.48,1613.59,-0.13,15610.03,49308.47,6778.19,40.99,4,596.91,2,10.09,86.39,58.27,655.55,2902.93,9.04,4.14,6.05
902370,53052.2,4388.82,5.71,11298.69,40241.26,7725.21,33.44,6,830.68,1,4.47,97.97,43.77,17464.94,6147.96,11.72,6.99,10.0
902371,93937.32,7784.12,4.08,24050.3,28808.17,3944.13,25.43,6,718.64,4,2.42,97.28,17.94,26075.36,20833.33,14.84,7.28,9.52
902372,122232.67,10279.73,8.27,22517.95,14042.17,437.04,26.31,8,850.0,0,0.0,100.0,18.08,31475.83,26430.7,22.34,12.39,13.14
902373,80651.92,6658.54,8.7,18424.56,32528.38,6666.41,30.07,8,723.72,0,6.44,80.88,41.53,21757.3,17102.42,19.64,10.24,7.91
902374,60521.13,5103.94,6.06,10661.92,40072.88,7828.28,33.56,6,518.89,8,15.41,72.94,57.94,13824.24,7903.31,10.88,7.7,7.86
902375,71199.58,5945.79,3.2,16889.78,14975.72,4680.27,21.45,3,512.44,8,8.09,78.79,45.0,6482.71,5298.61,0.5,0.2,2.63
902376,69259.18,5773.64,2.16,19771.48,26717.36,5621.43,30.41,6,508.55,7,12.94,86.35,47.76,17372.18,5358.53,6.45,3.36,4.94
902377,77001.77,6410.16,6.72,25801.38,11804.17,3668.52,32.92,5,708.94,1,4.14,84.42,40.46,26131.34,16685.83,19.78,11.01,12.4
902378,58528.14,4876.33,1.17,10222.37,56818.88,9714.0,42.65,8,745.28,3,2.1,95.46,51.41,23794.92,13418.26,20.97,9.8,13.4
902379,104511.74,8622.12,5.07,26001.4,17660.96,4354.05,27.51,6,662.48,6,2.24,88.25,26.33,21358.96,18185.83,18.08,9.85,11.65
902380,90847.49,7564.57,7.23,28333.11,2417.82,0.0,21.54,4,709.28,3,8.46,87.79,20.96,21474.04,11292.9,6.96,3.16,0.0
902381,44968.62,3781.52,3.27,5502.32,52888.26,9726.43,42.71,7,718.23,4,13.27,89.45,57.8,20209.27,12722.6,20.5,7.95,11.71
902382,40084.68,3292.6,3.86,17077.58,42491.43,11128.6,39.72,6,631.05,4,4.93,100.0,44.84,20868.63,11648.93,11.74,6.4,7.85
902383,107700.3,9109.02,3.57,24017.52,14533.65,3140.82,17.08,8,608.75,6,12.77,81.73,28.18,24662.11,23221.53,14.76,9.1,18.27
902384,78479.62,6505.49,9.1,16484.54,24024.98,6918.76,21.7,6,626.07,3,6.17,80.73,50.63,21935.99,14099.56,12.72,4.69,10.02
902385,82917.5,6884.41,6.08,15701.74,34948.23,4810.3,28.83,6,696.03,1,3.69,87.96,49.76,24782.6,7622.67,9.58,5.87,3.82
902386,82148.48,6865.95,6.68,27145.04,20781.24,3961.92,33.26,6,712.2,2,6.55,86.81,46.21,14634.9,12465.53,7.28,3.28,3.87
902387,34625.14,2817.76,0.67,11339.49,46908.84,6189.27,35.69,5,694.11,6,10.25,93.63,46.62,7978.38,7262.33,3.4,4.36,6.88
902388,84182.5,7089.32,8.69,25705.42,39756.76,7000.35,36.07,8,833.7,0,0.0,100.0,44.95,33063.81,17085.27,19.96,9.69,11.54
902389,41677.76,3408.61,2.08,500.0,53184.25,7503.5,48.7,7,493.28,7,14.92,74.44,67.71,11934.32,2967.36,11.41,4.85,4.1
902390,121177.59,10103.58,9.97,29424.39,16070.4,5667.25,18.18,6,625.36,6,9.41,79.85,35.12,28474.13,23386.13,18.45,8.18,10.11
902391,51363.87,4296.76,2.99,7824.05,67614.31,10318.04,34.31,6,731.98,2,5.67,100.0,39.47,25007.66,14666.3,18.57,11.93,7.05
902392,58904.15,4932.06,3.49,10934.42,42317.65,7745.51,30.5,4,848.0,1,0.0,94.57,42.89,11058.44,11830.28,8.31,4.92,6.78
902393,55391.42,4652.64,2.79,11579.32,41027.36,5888.14,37.79,4,850.0,0,0.0,100.0,22.08,10733.64,4747.92,6.55,5.23,3.56
902394,30579.41,2523.52,2.14,982.37,37005.17,11497.81,47.45,5,611.68,6,7.66,80.5,57.61,13130.81,13052.41,9.14,4.55,6.29
902395,77125.23,6414.08,3.98,17738.4,39377.06,4166.9,26.36,7,694.36,3,0.58,100.0,37.47,28530.79,21546.36,15.4,6.97,12.06
902396,50074.41,4093.67,1.4,10269.27,57084.22,9061.99,38.51,2,711.19,2,0.0,98.96,42.68,5347.82,4110.59,0.63,0.2,3.4
902397,158803.97,13304.78,6.75,32549.52,3277.87,115.03,12.64,8,629.46,5,8.62,84.18,41.0,34798.38,22597.9,16.05,9.17,13.64
902398,52150.23,4388.92,3.85,10815.86,40778.59,10515.68,41.36,6,698.43,0,0.0,93.08,44.77,17629.99,9862.27,14.93,9.05,8.62
902399,49220.38,4100.63,6.88,17795.29,58329.03,6080.68,40.9,5,785.31,4,2.4,85.56,39.39,14543.27,14141.02,15.16,8.54,7.04
902400,116669.69,9808.16,8.95,25775.87,12592.58,1757.45,21.78,5,660.4,0,1.15,82.69,30.27,28137.52,19049.99,11.09,5.43,8.48
902401,137097.2,11309.16,7.61,28171.95,7949.14,0.0,22.1,3,660.44,4,5.54,76.63,44.3,22549.39,13277.06,5.28,4.96,8.16
902402,85189.64,7045.26,4.65,18537.98,23583.95,3574.13,28.02,4,784.77,1,0.0,92.5,45.1,16046.95,5885.62,8.66,3.67,10.77
902403,48872.44,4109.32,-0.86,1421.38,55313.78,11222.28,43.59,4,544.69,4,7.17,77.66,65.25,6909.78,6743.93,11.64,5.35,3.83
902404,60090.35,5028.46,5.99,17208.54,19747.76,4527.76,32.29,3,850.0,0,0.0,100.0,38.78,9850.37,6295.59,0.5,1.77,4.26
902405,97618.84,8082.57,6.74,21993.43,30132.22,6010.0,25.43,6,518.19,6,12.08,86.7,33.48,25796.1,11968.67,8.85,6.2,9.54
902406,61628.46,5121.65,5.31,10964.87,40379.01,8165.16,41.02,5,558.06,6,13.93,83.33,58.85,12141.51,8521.34,10.27,3.16,4.59
902407,63473.27,5209.57,2.13,19662.63,24609.41,4970.56,24.78,6,850.0,0,0.0,100.0,26.12,15426.13,9238.45,6.59,5.31,7.38
902408,93584.49,7656.47,4.18,30874.92,26431.61,3973.47,20.62,6,698.24,2,7.09,95.54,41.29,23279.78,15373.52,11.85,6.02,6.97
902409,71246.28,5892.9,4.0,11064.87,33695.84,4244.26,39.97,8,662.91,5,7.95,98.45,40.02,32719.34,16854.7,16.03,9.2,6.18
902410,129307.96,10807.32,10.31,21881.21,0.0,2395.74,15.26,5,586.02,5,9.35,81.72,29.82,22311.98,13123.41,8.43,5.36,8.1
902411,88909.55,7339.02,2.33,21809.19,38610.3,859.72,33.14,4,578.07,6,13.34,81.72,52.96,6721.12,6000.55,1.2,3.08,2.44
902412,56875.05,4819.12,2.3,9608.28,27733.72,8891.2,23.98,5,549.17,4,4.08,82.97,64.82,15020.58,3265.1,9.32,3.18,7.67
902413,89853.57,7402.73,4.06,26299.56,46948.08,5742.18,35.04,6,610.43,7,9.89,87.95,52.38,25777.6,13205.15,15.54,7.74,9.1
902414,56075.66,4667.12,1.53,17948.84,42774.87,8900.23,39.27,3,697.23,3,4.44,97.31,50.71,14967.45,5799.39,4.66,6.2,6.69
902415,66426.57,5525.94,0.22,15555.21,35370.21,7512.52,32.98,3,516.09,9,7.43,80.75,58.08,13861.09,7262.08,3.27,1.9,3.29
902416,88404.98,7344.18,6.16,21629.33,32730.22,5746.72,35.59,7,615.46,6,12.73,79.76,33.78,23036.27,22517.39,17.47,8.67,10.97
902417,86448.77,7223.24,6.88,27445.89,9232.58,4162.14,19.39,6,538.0,4,6.28,85.54,37.51,21671.04,10980.03,7.24,5.72,8.48
902418,66233.56,5554.72,3.29,7257.19,32712.01,5803.09,33.43,6,596.23,6,9.0,86.73,42.02,15627.37,11146.71,7.05,6.01,5.69
902419,84164.07,7032.84,3.15,18962.99,44867.13,7754.83,33.34,6,494.1,9,9.07,72.58,42.5,20387.67,11741.04,16.57,10.34,8.72
902420,66599.63,5500.33,2.77,19741.07,42363.26,7192.43,29.5,6,772.7,1,4.08,92.13,42.42,23839.65,11883.87,9.17,7.51,9.89
902421,72988.51,6144.67,6.34,7614.45,26530.67,5876.24,33.51,5,575.57,2,10.26,83.34,38.44,22583.61,12050.13,14.85,8.83,7.77
902422,73788.15,6164.14,5.62,21057.49,36479.39,7205.77,27.67,6,740.59,5,5.09,94.67,28.24,21185.66,16651.52,13.93,6.4,6.5
902423,51061.66,4148.24,5.29,14965.22,28393.26,7645.68,34.57,5,797.05,0,0.0,100.0,39.44,15785.43,10204.94,16.25,5.75,2.67
902424,90834.13,7579.26,5.82,22626.13,19367.3,4650.78,31.65,7,545.21,8,12.94,73.75,30.93,16154.89,10499.16,10.39,4.44,8.07
902425,45838.94,3840.94,1.22,8200.95,38464.82,7040.41,30.37,6,686.8,0,2.41,100.0,57.6,20215.83,17990.9,15.86,5.93,10.25
902426,31539.76,2616.1,0.69,5795.5,61719.39,9675.56,34.09,4,742.15,2,6.13,92.41,58.8,15158.09,2329.79,7.81,5.75,3.93
902427,85620.59,7153.7,0.42,19834.19,37938.04,8672.17,30.15,6,623.57,5,6.71,88.78,42.5,20853.03,11622.93,15.46,7.96,9.17
902428,84950.96,7114.96,7.08,17800.69,23770.26,1818.5,32.5,6,813.12,0,0.0,100.0,31.29,18718.08,17862.59,12.52,10.43,8.6
902429,80706.92,6646.14,3.14,11916.15,26582.33,6725.85,30.04,3,576.92,7,8.1,84.18,42.95,19550.54,4898.53,7.65,3.72,3.62
902430,15360.24,1285.15,2.22,7687.12,36083.07,8712.34,31.05,2,562.89,8,12.14,74.22,59.32,500.0,0.0,0.5,0.2,0.11
902431,113061.32,9281.75,4.25,24613.3,1136.98,5449.65,25.1,7,635.82,6,9.85,88.03,40.57,22889.85,19554.37,9.57,6.54,10.87
902432,73635.91,6187.52,2.9,11263.42,57121.18,6634.3,33.1,7,759.65,3,6.3,96.88,41.91,22457.49,12572.86,18.36,8.91,8.11
902433,81957.51,6858.22,1.5,18813.99,19164.46,4613.87,17.73,6,813.93,0,0.0,98.27,28.37,22656.26,17593.37,10.11,6.45,7.38
902434,15000.0,1247.14,-0.43,11779.53,58612.11,7222.95,41.2,5,850.0,0,0.0,100.0,23.89,5998.29,10885.75,15.37,6.22,10.17
902435,100259.17,8604.01,6.87,14583.64,25925.34,5980.93,31.7,8,598.92,6,15.51,79.66,53.92,24487.9,17150.74,16.5,6.65,7.24
902436,59692.53,4975.18,2.04,14140.23,32200.72,9767.57,40.53,5,618.55,4,11.83,83.82,44.79,14124.99,6743.97,10.34,4.11,7.4
902437,73274.84,6065.56,4.75,10728.47,11932.62,3757.51,34.96,6,708.77,3,6.64,99.5,31.8,20981.16,6909.39,9.15,4.79,10.3
902438,76978.65,6305.73,6.88,22228.29,25658.61,7052.37,25.7,7,850.0,0,0.0,100.0,33.9,30753.69,18201.14,24.35,12.43,15.26
902439,39325.78,3260.7,2.77,3588.94,45711.29,8734.57,43.26,4,504.65,10,10.38,72.76,52.44,4279.58,2364.76,5.84,4.23,3.41
902440,47609.65,3985.25,0.83,11311.93,48342.25,8734.06,41.36,5,449.49,13,5.34,76.0,55.37,9428.68,5022.28,5.01,2.25,2.38
902441,77060.11,6473.39,2.55,10876.4,11738.47,3311.77,21.33,4,673.05,2,4.96,90.55,56.02,11675.21,6748.13,0.5,1.57,4.39
902442,95763.46,7804.31,6.16,18330.98,40817.63,3802.28,28.6,6,814.61,2,5.23,97.62,37.46,27842.41,17444.7,15.05,7.42,9.18
902443,134520.07,11339.25,8.25,36815.88,0.0,0.0,4.23,7,850.0,0,0.0,100.0,5.26,33867.01,23025.73,14.41,8.63,15.51
902444,61042.55,5162.69,1.66,11880.98,31472.97,6541.8,38.87,8,707.17,4,0.6,92.33,50.6,19211.19,7685.74,17.07,7.65,9.31
902445,57670.56,4807.39,2.57,15477.2,47489.97,3028.57,40.12,6,791.74,3,0.0,100.0,56.26,29531.85,19139.33,20.22,8.14,12.44
902446,33017.24,2759.52,3.49,9404.93,39987.14,12233.03,39.4,5,649.37,3,11.4,92.27,49.3,21586.95,9574.72,9.51,6.67,7.4
902447,27941.94,2344.56,-0.38,1444.42,70131.49,8682.98,44.34,6,642.11,6,8.42,78.32,62.67,15957.91,5237.22,10.01,4.63,3.27
902448,54136.04,4371.64,6.1,6248.66,39760.49,3857.14,31.98,6,617.24,1,9.01,87.0,52.7,20422.57,9866.79,17.24,8.91,6.59
902449,67582.82,5562.43,4.66,6221.71,55764.54,8325.87,33.33,4,493.34,8,6.55,86.64,47.39,14851.04,8700.84,11.06,7.66,10.4
902450,92126.15,7625.25,5.64,25366.12,12031.97,4044.51,30.93,8,613.85,5,5.35,86.55,42.0,29331.73,20941.92,22.21,8.56,13.38
902451,88109.63,7242.45,4.59,18894.75,36876.26,5096.62,21.8,6,828.83,2,0.0,99.33,25.23,11658.29,7980.76,7.99,3.78,5.22
902452,75680.32,6385.01,0.44,11813.17,47517.79,5577.51,38.07,5,587.57,5,7.26,86.84,31.63,15948.58,3145.12,3.86,3.48,0.46
902453,42943.77,3539.37,1.91,9242.13,52718.88,11272.55,45.21,3,449.9,12,11.21,79.53,60.5,11208.07,951.25,0.5,3.63,2.66
902454,78346.19,6498.48,2.63,15520.78,29270.67,7080.5,18.97,6,684.57,5,4.71,86.7,47.38,19172.94,19928.65,16.26,5.97,6.06
902455,50742.58,4301.03,4.93,8835.05,62428.52,7448.34,39.36,4,679.03,4,7.12,91.04,61.39,12187.83,4356.28,6.97,5.73,7.28
902456,93670.8,7782.71,2.42,18508.53,28315.35,3886.06,26.64,7,495.19,7,16.32,86.98,44.0,20443.42,15435.6,13.62,9.21,6.83
902457,70269.81,5806.81,5.07,14431.16,26141.14,6370.27,33.8,7,648.0,3,0.6,86.05,42.74,14157.23,12258.9,16.6,5.75,11.49
902458,57288.19,4801.63,1.54,12137.79,39414.37,10373.52,30.12,2,689.94,2,0.03,98.54,41.19,500.0,3618.23,3.19,3.11,0.0
902459,61495.34,5209.92,2.89,21624.84,33114.34,4480.28,33.99,8,742.1,3,2.89,96.77,41.94,21571.74,16121.52,17.73,9.82,10.36
902460,100040.25,8368.13,8.56,24035.14,0.0,0.0,19.54,6,656.99,5,4.14,93.41,23.54,28613.49,13602.96,11.52,9.19,9.95
902461,33608.59,2820.71,4.04,7743.42,66284.14,8532.15,45.17,4,453.87,7,15.12,73.91,53.46,5979.52,976.52,12.04,7.07,6.5
902462,70363.75,5821.39,3.43,10957.37,39058.12,6227.23,28.23,6,637.15,2,8.8,85.84,43.34,16236.89,11377.23,11.75,4.91,4.9
902463,58047.28,4758.18,4.04,16787.77,37671.69,5180.52,31.84,5,766.6,2,2.64,100.0,36.19,22083.12,15148.99,14.24,6.91,9.88
902464,99766.95,8288.52,6.03,18192.17,31367.39,5128.52,28.84,6,771.1,3,3.33,100.0,38.05,30436.94,18064.36,18.51,8.57,10.11
902465,57930.87,4851.95,0.0,12235.89,29343.25,9302.97,34.44,5,596.94,7,14.86,85.76,38.46,11100.31,10549.59,12.04,7.79,6.99
902466,63267.9,5404.7,1.92,6411.13,65192.52,5829.08,42.8,3,614.33,3,11.1,87.38,54.27,20607.74,16965.83,14.89,6.45,5.62
902467,72447.14,6103.99,4.8,16488.68,22848.18,5572.87,30.67,8,644.31,2,3.06,93.75,34.33,30008.41,20770.49,27.07,15.26,12.97
902468,71776.64,6045.47,3.81,17048.87,21217.93,2288.01,25.08,3,588.12,5,8.04,85.7,46.63,6433.93,2418.53,0.5,0.2,0.02
902469,99450.06,8233.6,6.23,26954.43,29168.62,5596.29,29.55,5,703.84,3,8.99,91.33,11.46,18657.4,11447.5,5.22,5.95,9.46
902470,52121.99,4382.66,7.48,10713.39,24423.88,5743.79,36.79,6,819.6,1,0.0,100.0,24.15,22341.41,20795.55,18.97,9.67,12.6
902471,100143.36,8259.02,6.78,18073.46,10314.99,3445.67,15.0,4,462.63,3,7.85,89.36,34.07,23087.32,11683.52,14.55,4.98,9.32
902472,64747.34,5366.27,4.79,7656.7,30579.17,6706.87,34.24,6,818.22,3,0.01,95.26,35.49,14220.53,11275.77,10.72,6.2,2.54
902473,63969.87,5348.82,5.66,9573.01,35984.65,6129.56,32.09,8,672.05,4,7.12,91.49,55.29,25125.02,17078.11,18.8,13.63,11.8
902474,44968.44,3778.71,3.03,15737.8,43492.09,8849.15,38.77,8,584.99,1,5.33,87.15,51.09,17734.06,13997.35,14.19,6.74,7.13
902475,75931.62,6350.11,0.28,9232.17,32091.22,5164.22,37.05,3,611.78,8,7.87,87.17,44.87,8945.59,11655.34,7.56,3.8,5.51
902476,50799.66,4236.44,4.58,4090.42,35618.59,6672.06,34.8,7,692.73,3,3.75,84.05,25.38,10987.49,2303.28,10.77,4.48,4.17
902477,24785.1,2042.35,-0.89,1162.3,57399.51,10416.25,56.7,4,522.93,9,9.92,85.9,56.29,10103.95,4525.65,11.43,5.23,9.67
902478,104129.1,8742.24,6.82,25111.45,567.3,1036.78,16.63,5,488.99,8,9.13,72.68,32.59,16248.84,8497.51,5.01,3.77,4.36
902479,38400.8,3163.42,3.98,10207.0,34664.21,9295.68,36.65,2,545.28,6,0.0,84.58,54.47,2083.7,2139.64,5.84,0.96,6.09
902480,75596.08,6248.42,5.48,14526.83,32993.27,6303.1,32.68,6,631.13,1,4.86,95.38,39.83,11605.22,9484.11,8.12,6.88,6.68
902481,86657.64,7080.33,6.27,19195.21,31061.2,3682.17,34.24,7,760.41,3,10.15,90.63,36.71,30960.25,12113.14,12.97,8.41,7.65
902482,109740.44,9249.03,7.86,26117.5,37971.86,3769.93,24.13,6,634.76,4,4.71,84.39,24.96,29190.11,19078.48,19.51,7.72,11.66
902483,94019.67,7915.77,5.97,16323.76,10820.95,2769.28,28.9,5,695.38,5,6.32,95.78,32.83,24454.9,7135.71,13.2,4.2,10.13
902484,56688.36,4813.34,5.83,16146.19,29781.72,7865.2,23.82,3,615.65,3,3.14,86.87,36.5,19801.11,5581.72,5.87,3.56,8.63
902485,76980.57,6368.28,-3.29,8484.82,43620.47,9263.51,46.9,8,605.15,8,10.02,88.2,44.58,29348.12,18174.56,23.78,13.23,11.43
902486,72339.72,6073.41,5.06,14505.33,31665.08,4710.02,29.06,7,696.05,1,3.54,88.75,29.16,21374.0,17789.26,20.04,7.14,7.92
902487,120290.69,10009.95,6.07,33300.11,27031.42,948.01,16.28,9,792.55,0,0.0,100.0,31.71,31501.6,23292.02,18.87,11.35,12.29
902488,45313.89,3741.73,-1.73,11267.19,51565.75,7360.87,42.69,7,850.0,0,0.0,100.0,50.33,16655.08,8719.89,9.01,5.3,7.71
902489,37245.07,3147.88,5.45,11650.81,53008.87,9917.04,35.75,4,459.85,8,15.3,72.25,68.86,10547.07,7911.03,8.31,1.89,2.78
902490,46821.71,3944.85,6.01,12097.61,49749.32,7920.82,34.25,6,462.05,9,7.37,78.36,72.78,19523.84,10185.69,11.54,9.48,7.98
902491,60312.56,5102.23,3.88,14044.2,40526.08,7680.58,36.73,6,521.88,9,13.74,73.78,51.13,19123.03,10639.81,13.5,8.28,10.51
902492,33433.7,2781.14,-1.44,3062.73,72959.26,15204.34,49.49,7,793.99,2,1.97,99.17,47.24,14950.5,14067.27,18.39,9.78,8.04
902493,27898.71,2373.81,-0.23,16161.66,52926.77,6537.46,35.56,6,742.11,2,1.88,92.76,42.07,12911.34,12047.92,12.88,5.9,5.08
902494,102116.56,8537.92,4.45,16025.54,22108.62,3410.44,23.44,6,564.34,7,9.73,84.79,29.04,18487.3,13620.64,11.56,6.8,11.02
902495,108433.25,9062.21,7.61,18563.33,18556.36,1949.6,19.86,6,793.71,3,9.98,91.67,37.55,26320.85,12891.54,9.29,5.38,6.31
902496,118606.33,9845.29,5.75,27585.04,0.0,5073.71,13.41,6,584.05,6,9.9,79.41,27.93,26028.07,16385.26,11.53,4.68,3.07
902497,48750.95,4036.13,2.69,13607.44,31257.56,6688.16,30.67,6,504.11,4,14.11,82.75,47.38,14807.98,7600.96,10.95,9.0,13.84
902498,30730.65,2551.07,-1.19,4269.76,42088.75,12565.71,48.87,4,792.55,2,1.43,100.0,45.72,6789.91,4117.92,6.16,0.68,3.16
902499,62818.82,5319.85,5.86,18976.42,22033.85,6130.82,26.3,3,445.39,10,8.41,77.17,56.72,3669.95,9506.4,2.1,2.1,7.63
902500,57376.3,4804.47,2.04,13864.25,54594.47,5548.14,35.83,7,546.38,9,19.41,72.79,54.12,16739.11,9950.51,14.99,7.09,6.29
902501,65894.73,5491.93,6.27,18329.38,36289.15,5423.66,31.63,6,637.98,5,8.24,86.17,44.74,24919.63,16553.52,16.41,7.79,6.7
902502,18989.71,1588.67,-1.87,500.0,51472.25,13023.7,45.79,2,528.49,3,1.11,84.54,65.44,6321.32,0.0,2.45,1.61,0.11
902503,66673.43,5554.36,4.96,12842.2,34178.17,6946.46,35.14,5,618.91,2,10.32,73.65,51.95,23656.35,11154.89,12.77,5.2,12.18
902504,62415.92,5252.96,2.94,12238.71,30937.82,6291.78,33.37,3,705.52,4,6.6,86.52,48.17,1564.55,0.0,0.5,0.2,4.29
902505,25682.92,2134.23,0.94,10703.46,51064.2,10728.89,41.14,4,579.68,4,5.5,86.35,52.14,7127.51,959.39,11.21,3.9,7.05
902506,53009.62,4405.29,1.11,16996.89,22684.61,7138.27,38.63,5,536.63,4,11.41,70.98,57.04,17772.68,18636.34,12.47,5.63,6.91
902507,90044.51,7556.79,4.67,27454.23,0.0,3097.12,11.5,4,512.32,6,7.64,78.74,44.7,22415.64,12121.01,4.64,1.48,7.42
902508,74562.85,6224.04,5.38,15962.26,40296.27,7938.32,31.7,6,778.95,0,0.72,100.0,61.47,18178.66,8725.07,15.42,6.19,10.84
902509,68366.75,5702.13,5.03,17142.4,38350.67,7355.01,41.32,5,473.69,8,16.55,63.23,52.05,6613.27,7991.0,9.6,3.08,4.35
902510,79689.67,6585.74,-0.34,13348.78,39392.1,6121.46,29.45,4,607.13,5,11.11,90.23,48.75,9727.59,8558.18,9.98,4.53,7.3
902511,82434.84,6844.77,5.91,20128.16,36072.38,6131.74,30.03,7,596.54,6,15.09,82.71,49.65,23188.17,14176.87,12.79,8.76,7.64
902512,100629.42,8357.59,5.52,16306.01,14945.05,5494.87,16.11,4,780.48,1,7.27,98.85,28.51,21526.11,14171.21,6.81,3.79,7.14
902513,88834.51,7352.18,1.27,23405.22,10105.47,2226.52,23.45,6,784.97,1,3.65,100.0,31.29,17318.23,12695.2,12.05,7.05,8.18
902514,76231.41,6477.59,3.91,23358.79,36258.83,2080.02,24.08,4,810.13,0,0.0,100.0,39.39,21352.84,12465.61,9.23,6.93,9.63
902515,38266.02,3188.58,0.69,7203.63,44198.34,9141.43,38.71,4,653.83,4,0.47,91.54,54.89,8960.5,4660.8,7.6,4.75,3.3
902516,96724.68,8095.55,3.02,26429.32,13062.93,2755.05,26.97,7,818.0,4,7.79,99.64,22.0,16369.98,15757.75,13.58,9.55,8.62
902517,73496.7,6050.71,2.71,19712.45,10779.33,4256.46,26.67,5,584.71,7,6.61,83.37,45.08,24465.13,19053.81,13.75,8.82,7.62
902518,48877.81,4117.83,4.11,19750.61,55360.54,6473.94,41.68,6,643.66,1,4.87,91.82,46.85,22021.7,20972.68,13.9,8.11,13.61
902519,65435.16,5617.94,3.15,11465.11,59203.01,7735.86,42.68,6,555.72,10,12.95,75.48,72.17,18130.24,12343.74,15.05,7.97,14.4
902520,82794.47,6995.68,3.11,14478.14,36120.91,7179.72,27.0,5,713.77,1,0.0,98.3,38.61,18761.59,6294.01,6.66,5.12,5.35
902521,85737.18,7104.96,5.09,26476.99,13943.58,3418.71,21.18,6,850.0,0,0.0,100.0,15.73,28614.49,24124.53,16.1,8.97,10.68
902522,30508.78,2569.17,-2.08,3638.93,59993.92,11180.13,47.92,7,549.39,6,13.73,79.55,51.95,14970.74,8061.2,13.01,6.36,5.29
902523,68995.5,5786.71,5.32,18901.82,28011.04,9779.2,45.39,8,561.1,8,6.29,85.18,55.67,25382.36,13634.95,19.11,9.4,7.59
902524,60012.74,5011.86,8.79,18963.2,45566.24,5808.25,30.94,10,822.5,0,0.0,100.0,29.32,35309.17,19709.8,26.16,15.12,14.46
902525,114667.15,9664.2,5.99,21573.79,15322.35,3659.66,10.79,6,594.72,5,7.32,84.22,32.76,8646.49,16967.78,5.83,3.81,2.26
902526,66964.5,5586.06,4.52,11219.88,39996.21,5692.19,35.96,7,659.31,5,7.16,71.5,65.16,11717.82,8380.38,9.11,5.3,5.89
902527,82805.63,6786.41,3.77,10189.38,39256.99,5073.2,30.98,4,591.69,6,11.06,82.4,47.91,10426.42,6891.67,6.22,2.6,7.43
902528,68876.52,5877.23,2.05,9043.61,49604.53,10563.35,39.99,6,642.47,4,13.04,79.85,64.68,29401.87,20127.04,20.02,12.09,10.32
902529,26165.26,2215.54,3.02,6041.75,59666.98,12973.36,31.33,6,719.51,3,3.54,91.76,58.48,16463.25,11861.94,16.96,8.97,8.55
902530,59626.58,4924.45,2.39,15854.59,36720.77,7195.72,21.37,6,850.0,4,0.0,100.0,38.8,20527.27,11696.15,8.02,7.01,6.87
902531,94705.4,7979.98,3.59,22074.35,24536.18,4769.92,24.48,5,604.35,5,7.17,83.84,41.66,14431.73,15099.92,16.32,8.71,8.11
902532,115275.7,9556.22,5.81,26568.51,0.0,1691.31,7.68,7,816.73,1,0.0,94.61,34.26,32456.67,22992.3,12.05,8.28,9.43
902533,113589.47,9510.08,11.26,30264.9,12084.48,2488.28,22.26,6,754.35,0,0.0,90.51,24.65,18198.55,17075.64,10.54,8.43,11.91
902534,83210.29,6873.58,3.52,21491.44,22769.68,1718.69,23.73,6,763.41,0,4.41,94.48,38.77,12399.61,16411.96,6.16,5.65,7.76
902535,61460.2,5096.93,0.47,17123.8,56607.12,7401.89,42.27,7,631.92,7,10.37,77.3,48.01,14087.61,12354.37,15.56,7.9,8.69
902536,55614.01,4685.33,2.12,18616.91,36126.63,4592.67,32.65,5,703.12,2,5.71,96.52,42.38,13662.77,2539.19,3.18,1.76,4.94
902537,75052.7,6336.83,6.52,17039.04,10403.65,5121.52,27.73,6,664.81,0,3.7,94.0,52.56,17928.2,13535.98,12.81,3.73,8.65
902538,65622.66,5479.44,1.41,17728.4,27134.41,1846.92,30.42,6,623.25,4,2.4,97.55,49.61,16099.54,5103.11,8.61,5.15,3.72
902539,83272.93,7001.1,7.02,19859.63,0.0,7064.34,14.22,4,547.57,4,9.59,83.24,49.03,13540.81,8012.09,4.6,4.29,6.08
902540,71274.23,5976.32,2.63,18549.26,21466.22,6347.1,30.83,7,580.47,2,12.75,79.7,44.79,26501.01,17558.29,11.34,8.75,10.08
902541,34885.89,2856.36,2.96,8001.11,52723.5,8435.27,45.81,8,574.3,9,12.88,71.67,41.24,14106.79,10877.55,14.36,6.31,7.88
902542,49957.37,4164.41,3.81,10039.2,45645.64,6306.76,43.25,6,545.79,5,11.43,84.48,43.8,11772.23,7118.33,14.96,6.09,10.06
902543,97169.84,8090.23,7.09,24159.8,2148.36,4586.24,25.43,8,571.69,9,9.34,83.0,30.77,24569.12,12254.46,10.9,7.41,5.04
902544,72319.35,6011.14,3.74,24168.16,34508.04,3630.94,34.72,4,776.91,0,2.81,100.0,25.43,11680.92,10105.37,14.13,5.05,8.57
902545,37504.53,3152.42,6.12,14203.27,43321.03,6948.11,48.78,4,630.99,3,1.36,86.84,57.46,12956.65,13288.12,13.12,6.73,4.57
902546,36864.89,3082.34,2.33,13163.25,48240.84,9282.06,36.16,6,494.09,8,14.98,77.48,48.88,9886.0,13028.12,8.99,4.79,7.95
902547,62366.13,5188.42,5.93,17896.38,34707.13,3843.32,26.57,6,449.26,4,8.58,83.38,48.9,21169.6,6667.39,10.65,7.36,7.24
902548,59877.05,5048.17,7.51,17758.43,15683.75,3851.13,29.91,8,625.1,2,6.59,81.7,32.21,16025.1,20370.6,12.55,4.98,10.62
902549,37465.92,3113.58,2.64,13066.24,29475.32,7550.93,34.1,5,569.95,7,10.33,76.57,56.72,9785.23,0.0,9.07,4.95,5.47
902550,62214.62,5269.14,5.73,21286.14,19129.37,4015.77,19.04,3,653.27,4,5.06,86.12,48.09,4010.7,2033.68,1.2,2.85,3.4
902551,15000.0,1236.7,0.29,10273.67,50793.15,7854.59,46.67,4,695.94,7,11.55,85.09,67.03,500.0,5882.88,5.74,2.0,0.6
902552,61794.27,5177.86,2.08,10792.37,49522.42,7869.65,35.07,7,600.92,6,4.91,82.11,54.12,20590.84,12388.84,14.42,9.65,12.42
902553,41051.08,3423.96,1.47,12279.18,51116.52,3485.22,30.9,7,649.1,3,6.98,92.31,39.9,26867.67,19999.78,16.92,9.17,11.75
902554,77459.06,6501.39,3.72,19731.56,32586.36,5906.36,27.55,5,733.68,0,0.0,99.4,40.02,16875.56,16469.94,14.36,8.79,11.34
902555,116731.28,9756.94,6.89,29974.93,12843.97,1246.86,20.31,6,850.0,0,1.69,100.0,22.49,28202.44,20639.44,15.02,8.38,10.04
902556,61374.25,5245.21,4.73,12164.23,50643.43,6420.62,38.29,8,596.94,6,11.22,88.53,42.14,24406.83,15614.65,19.94,11.54,9.13
902557,79858.11,6573.05,7.44,20978.54,22844.76,5355.43,31.71,6,679.71,2,4.98,91.09,49.99,19048.75,7005.66,7.9,7.55,7.96
902558,28510.58,2372.95,2.04,2693.43,48912.26,9069.43,41.42,4,419.87,7,17.41,79.43,59.16,8747.9,1767.34,5.62,2.98,6.33
902559,92886.98,7685.58,6.08,22490.76,43455.11,3434.26,20.6,8,630.49,5,8.33,98.52,38.22,28788.44,16658.81,22.7,9.84,12.91
902560,62477.89,5276.0,0.87,13472.25,30988.28,4885.76,37.28,7,511.57,7,20.76,68.48,42.04,26617.24,14638.0,11.18,8.25,13.87
902561,58573.23,4847.38,6.68,22428.69,21237.25,6310.15,33.88,2,515.86,5,11.45,81.08,46.57,5111.47,7423.92,2.28,2.43,1.42
902562,60104.56,5044.49,-0.1,19904.64,49594.75,7655.39,32.41,5,713.81,2,0.0,100.0,31.94,25168.67,13056.02,16.76,9.77,10.67
902563,72198.54,6009.47,5.44,17704.24,15767.63,9535.42,25.86,5,545.85,7,13.6,78.25,43.08,25241.77,7075.58,12.24,5.17,8.05
902564,68405.6,5657.77,2.51,11979.52,28344.84,7453.4,31.16,3,745.63,3,2.95,91.13,49.75,5741.34,7522.08,6.92,6.25,3.17
902565,63798.97,5299.6,3.95,16451.69,42839.17,11857.12,37.97,6,539.75,4,8.88,74.23,38.58,21933.81,19886.83,14.61,5.44,11.23
902566,80567.56,6649.23,5.59,15608.66,26829.68,3525.33,26.32,5,722.99,5,5.8,85.48,45.94,26069.19,17178.76,10.18,5.02,7.03
902567,49896.3,4153.73,-0.03,3410.21,59855.84,11271.55,31.69,9,629.39,6,13.66,87.72,53.2,28918.72,14637.25,22.41,10.5,13.52
902568,71833.81,5956.93,3.08,16250.11,34722.17,7629.07,28.99,8,801.57,1,0.0,99.98,49.74,17472.23,9966.32,11.24,5.42,4.07
902569,47842.92,4067.73,3.15,14028.66,50691.25,8323.19,33.43,8,762.02,0,1.25,100.0,44.32,26916.77,16106.39,17.5,10.79,10.48
902570,116444.24,9734.09,12.15,37362.95,10177.25,785.68,15.47,7,694.91,0,1.78,100.0,29.07,26705.55,17842.49,12.23,10.55,10.71
902571,94722.27,7905.61,8.93,25664.27,13491.04,4992.1,25.81,8,816.48,0,0.0,98.59,22.8,32078.11,21914.05,26.59,12.97,16.84
902572,53209.86,4415.97,0.53,10217.56,10694.48,7052.49,28.56,4,507.02,5,12.16,85.89,54.42,9616.55,9801.3,3.96,3.4,7.1
902573,129516.09,10716.65,8.17,28131.34,2821.38,1814.26,17.05,7,823.66,2,3.72,100.0,19.75,26497.65,18112.38,12.68,10.12,9.37
902574,39851.81,3343.23,3.15,4150.47,41177.94,9733.99,36.84,2,604.3,4,17.5,86.72,44.01,19009.78,1133.46,7.61,4.09,6.34
902575,48386.63,4086.59,1.59,15758.95,40631.88,8704.45,37.35,5,592.53,6,10.17,85.17,68.05,19941.93,13313.46,12.94,7.47,2.31
902576,72305.15,6054.59,3.26,17303.93,32675.55,5553.83,21.18,4,629.5,3,7.52,83.81,42.17,11052.22,5793.4,0.5,0.2,2.16
902577,94425.89,7809.53,8.6,20971.32,32821.7,4979.79,26.3,6,495.47,6,10.27,83.82,56.0,17251.55,2482.31,10.78,5.53,7.84
902578,69147.31,5864.83,7.31,18142.12,30712.93,3620.17,25.12,6,777.77,2,3.94,91.19,49.77,19259.97,13777.92,9.74,8.82,7.93
902579,94246.43,7797.66,1.81,22504.27,27396.19,3517.55,29.15,7,850.0,0,0.0,100.0,35.89,19870.66,12581.93,15.97,7.65,8.04
902580,82636.63,6799.9,4.53,22598.55,14791.45,3283.15,22.02,6,723.75,0,0.0,95.14,25.74,21444.51,11671.84,10.16,6.14,10.24
902581,97951.95,8227.02,8.47,18501.1,32689.73,4633.2,37.01,7,534.43,4,11.3,81.85,38.5,18447.24,12024.72,13.63,6.38,4.33
902582,88391.54,7368.15,6.62,18366.54,25821.44,6091.48,25.3,5,785.09,0,2.22,97.11,31.46,21090.43,11666.77,16.26,8.69,13.51
902583,69216.64,5712.2,-0.13,13813.84,25232.76,8786.39,24.3,4,835.5,4,3.39,94.14,33.99,13739.15,11370.32,6.24,6.34,8.04
902584,77266.95,6368.95,5.8,16661.57,39829.38,4802.66,29.57,4,657.52,4,7.37,86.8,44.11,23378.47,14579.38,12.99,8.57,13.53
902585,80787.78,6667.43,9.41,18011.1,23729.89,2590.67,29.88,7,765.68,0,0.0,100.0,19.28,28644.48,22541.5,17.12,7.42,10.17
902586,30608.58,2519.73,5.58,3855.1,68561.44,11152.67,41.32,6,530.04,8,14.59,81.12,55.0,19877.69,14034.34,17.03,6.02,6.74
902587,28293.99,2366.9,-0.1,500.0,56333.73,10744.87,42.24,4,653.21,3,7.31,83.53,46.05,3271.66,3092.09,7.54,5.19,5.78
902588,55976.84,4668.11,1.65,7812.87,40951.12,8440.66,41.02,5,428.77,7,13.26,69.15,49.63,16083.29,12390.6,10.01,3.71,8.35
902589,70757.41,5850.75,6.28,18191.33,48872.49,5611.4,33.82,7,604.01,6,7.13,77.52,41.44,21800.71,15103.63,13.57,10.36,9.02
902590,54598.9,4544.51,3.82,3349.33,54700.94,5136.83,39.01,7,703.01,3,7.74,93.13,55.8,16263.14,8353.23,15.36,8.36,4.86
902591,121402.24,10059.99,2.39,25223.14,18356.15,3868.27,18.68,4,805.82,0,0.0,100.0,38.56,17871.04,14668.16,16.09,8.05,9.32
902592,73317.67,6153.4,4.75,11017.62,27017.1,7050.38,19.24,4,752.93,0,2.92,100.0,44.39,5357.42,5031.24,2.0,3.58,2.79
902593,78304.11,6633.48,8.11,22855.07,33818.62,3578.67,44.92,6,800.79,5,3.16,99.91,37.72,23308.09,17601.92,19.55,11.91,13.28
902594,56347.22,4675.02,0.5,16312.97,48592.7,9777.6,38.63,5,495.09,7,10.66,69.55,64.18,8789.39,3133.4,11.24,4.9,7.35
902595,80657.53,6528.15,7.14,17867.24,50005.63,6378.69,39.31,6,714.54,5,4.96,85.71,55.09,19190.34,17375.33,16.43,8.31,11.82
902596,65696.69,5424.85,5.61,15853.99,57862.57,10654.19,39.07,7,446.73,9,10.59,70.96,44.72,20015.09,8906.79,13.95,8.74,6.23
902597,69968.49,5849.29,1.7,8842.71,21834.44,5110.21,31.15,4,532.56,10,8.71,78.1,45.98,11462.34,7797.26,2.33,4.07,4.15
902598,47359.37,3907.67,2.76,15948.82,33368.69,8085.9,32.96,4,705.14,5,4.07,93.71,39.04,14790.29,11223.9,10.67,8.29,7.55
902599,90011.76,7476.15,7.36,22159.37,17717.25,694.6,14.04,6,776.25,1,0.0,92.83,32.95,20353.47,8663.89,9.56,4.97,10.68
902600,91557.76,7673.55,2.34,17478.08,16329.83,4013.15,26.67,5,606.74,5,8.21,80.22,37.11,21945.68,17125.31,5.64,5.33,8.41
902601,63218.54,5346.1,4.56,12988.87,35296.2,5940.66,31.98,5,722.4,1,7.45,95.03,45.04,20253.34,8793.19,14.5,5.45,5.77
902602,93866.33,7862.91,6.14,23670.08,23353.54,5767.27,24.25,6,475.35,12,12.78,73.13,49.12,20667.57,11364.7,12.65,7.7,11.07
902603,65767.28,5522.5,7.3,20193.03,28917.44,3840.78,37.69,4,850.0,0,1.58,100.0,44.52,15904.1,10899.87,7.72,6.24,3.25
902604,51429.21,4297.7,1.83,7231.05,44668.57,5813.15,36.75,6,342.94,11,14.37,68.21,60.19,10909.43,9295.42,7.96,4.43,6.03
902605,96354.12,7929.57,4.09,17158.37,33960.13,3835.96,30.77,9,458.57,3,11.29,68.02,54.23,30170.98,11382.75,17.12,7.74,11.01
902606,56421.5,4700.11,-0.36,16621.77,29611.07,4585.65,30.27,5,850.0,2,2.12,100.0,26.05,21643.2,13589.49,10.54,6.77,8.31
902607,72512.29,6032.5,3.55,18313.37,12427.84,3942.17,31.0,5,566.09,5,7.51,88.85,27.33,27816.96,18900.57,14.55,6.2,7.22
902608,44866.6,3725.11,1.91,5687.89,53707.57,9481.77,43.08,4,570.73,7,5.09,85.06,62.19,21878.19,2522.4,13.44,7.22,6.06
902609,88214.42,7133.55,4.85,20134.88,23690.12,3953.71,30.19,6,700.75,2,3.64,83.23,29.39,19159.71,10961.02,8.35,2.84,3.0
902610,85084.46,7086.91,7.43,20451.97,16689.48,3812.7,24.89,3,850.0,0,0.13,98.3,31.91,13592.39,9239.71,7.58,2.81,9.35
902611,73246.23,6037.22,3.28,17071.25,33568.65,6841.16,28.7,4,590.9,7,4.58,81.77,55.39,14247.8,5498.89,7.88,4.11,4.58
902612,97576.13,8138.79,3.88,19428.7,45347.32,6513.63,26.11,8,527.69,11,12.77,74.79,53.15,28498.25,17386.22,16.91,8.63,9.69
902613,92921.36,7854.94,1.92,23378.35,15832.33,4747.77,26.72,8,728.09,5,11.89,91.92,27.61,20948.98,18764.21,17.09,9.32,6.14
902614,95270.93,7981.81,8.86,21175.03,13577.24,4718.8,23.87,8,637.38,7,8.71,90.63,35.35,28003.69,18326.85,19.67,9.13,11.26
902615,42879.75,3530.82,1.07,9648.52,30454.94,4381.49,30.56,5,612.6,5,10.83,85.69,33.45,10202.51,3565.58,3.29,2.8,2.21
902616,34903.64,2890.12,1.86,1185.79,64106.9,11294.82,52.91,7,693.63,1,2.14,92.11,60.23,23300.99,14466.36,10.73,8.25,5.03
902617,55581.0,4628.08,5.26,12695.56,65240.64,7999.35,36.48,8,699.01,2,5.48,91.72,29.57,27429.38,19299.79,24.37,11.88,9.54
902618,72655.17,6148.99,3.69,12150.79,55356.16,8394.56,35.23,7,701.52,5,7.92,87.11,36.3,26856.95,14161.97,23.57,11.02,7.68
902619,41015.38,3371.91,1.6,5869.29,51101.33,10219.68,47.51,6,602.33,3,7.46,79.93,55.65,16703.05,9641.74,20.72,8.37,8.74
902620,61439.42,5160.83,6.74,15703.84,51598.53,5179.82,33.89,5,696.6,0,1.01,90.87,40.76,15688.13,9366.75,12.48,4.97,9.62
902621,72139.17,5994.39,1.88,15099.16,35213.29,9577.48,43.17,5,614.81,6,6.16,80.25,43.71,14644.4,14902.38,14.43,8.8,7.6
902622,34301.28,2834.05,2.68,500.0,55042.37,10498.27,52.28,5,655.63,5,3.84,86.78,68.55,14137.4,4022.39,11.25,6.46,8.26
902623,100737.04,8350.03,9.28,31957.68,20636.15,358.04,9.92,4,669.7,3,9.31,91.13,38.9,20873.42,10805.1,9.96,3.75,5.59
902624,149072.09,12416.7,12.11,33609.29,7780.04,1308.83,19.85,8,740.69,1,2.2,91.16,13.92,37309.49,25206.68,23.13,8.72,12.9
902625,71305.11,5893.29,1.12,13666.32,37591.3,6847.06,32.84,4,781.37,0,0.0,95.64,25.62,22216.54,9550.77,12.05,4.43,10.12
902626,75416.43,6328.43,3.51,15336.74,31339.38,4928.94,32.04,4,567.14,6,12.88,80.65,46.27,12090.74,17417.76,7.75,3.81,4.85
902627,62503.81,5156.84,5.99,17495.28,35948.51,6275.75,37.72,5,652.4,4,11.04,90.71,38.36,15629.76,5780.99,8.58,4.18,6.64
902628,63734.53,5226.1,1.8,7046.12,60773.59,7536.45,43.6,8,653.42,4,7.0,90.52,56.78,28116.76,16007.53,24.98,10.78,13.48
902629,70718.44,5986.8,6.08,21679.82,27366.45,5311.88,24.06,7,687.07,7,8.43,94.6,50.84,28796.59,13883.84,22.1,11.03,12.74
902630,34442.35,2842.5,-1.7,12304.04,65647.55,11449.94,40.84,3,498.38,8,12.58,75.51,58.65,3994.99,6297.76,8.6,3.53,4.94
902631,144161.31,12018.91,10.64,33477.63,0.0,0.0,14.18,6,702.06,1,10.12,97.71,21.32,26667.77,18405.1,12.95,2.92,8.4
902632,40908.4,3369.02,0.03,10317.74,63162.41,9913.26,42.38,6,547.18,4,8.26,80.48,57.09,16924.52,4913.68,16.75,7.16,13.53
902633,37768.75,3144.28,-3.21,500.0,42086.94,5178.76,42.75,4,707.83,3,6.88,94.69,66.11,5381.46,6237.82,4.05,3.75,5.48
902634,80085.59,6654.0,3.11,14539.01,34025.27,6433.37,37.63,6,732.32,3,0.0,96.39,37.41,24140.15,15828.34,19.1,8.63,12.84
902635,49641.0,4179.69,2.83,10429.6,35966.55,7830.57,41.89,5,520.65,8,11.74,68.89,67.91,2681.7,8030.65,0.5,0.67,3.16
902636,73986.61,6282.08,3.85,13054.68,23042.78,6228.98,38.0,6,583.18,7,5.18,78.54,33.4,24520.81,9148.42,14.35,4.56,9.71
902637,106823.35,8886.22,4.22,21008.01,29096.33,4378.08,32.03,8,435.59,11,15.33,72.07,32.53,23311.15,16191.52,19.42,9.37,9.8
902638,82488.94,6819.77,5.4,17247.98,33898.85,5271.18,31.62,4,617.83,5,3.01,97.31,26.3,18625.98,15506.14,15.63,5.19,10.77
902639,71389.8,5980.22,4.05,9333.75,32433.84,9100.57,34.88,2,665.44,4,5.92,85.74,40.9,19641.91,5092.33,9.58,4.53,11.86
902640,57444.75,4767.21,2.43,7951.19,58680.02,5857.84,39.96,7,714.87,5,0.0,84.99,44.39,12794.94,8964.57,10.68,5.12,6.5
902641,79631.04,6612.87,6.59,18695.9,19512.88,5193.41,25.52,8,580.96,9,0.0,89.42,49.4,28427.17,13059.94,12.99,5.42,6.56
902642,50435.37,4223.59,0.03,8561.73,56952.64,9674.75,38.43,4,638.19,5,9.23,89.63,53.69,6282.92,6428.12,8.51,7.39,7.16
902643,49733.17,4100.68,1.98,4514.83,45176.47,8807.06,34.64,4,772.9,6,0.0,94.02,65.96,9577.44,1102.73,6.92,4.57,5.38
902644,40140.88,3328.7,2.73,8509.32,43644.83,6022.2,37.47,4,524.64,6,8.92,79.69,55.97,11054.7,7501.94,1.41,3.76,5.28
902645,88934.11,7454.26,4.74,29001.43,1103.37,6673.39,20.54,8,607.78,7,4.79,82.71,36.46,36201.22,19169.07,21.46,9.2,12.68
902646,22408.36,1843.01,5.28,7682.34,30226.25,5684.25,41.8,4,636.18,5,6.95,82.5,72.54,13255.36,4669.49,8.09,7.07,4.42
902647,91040.24,7564.85,7.55,16121.86,18791.25,5749.03,22.44,6,729.59,3,7.47,93.64,42.15,13375.02,11336.97,15.99,7.85,7.7
902648,67605.06,5677.44,4.93,10644.09,38210.54,7824.88,38.66,3,558.73,7,9.01,82.82,60.08,10216.88,8338.21,13.05,5.12,4.57
902649,81867.87,6770.7,7.45,21064.49,19326.56,2060.41,34.43,6,850.0,0,0.0,100.0,34.8,32417.28,23024.83,19.35,9.99,13.87
902650,125598.27,10460.8,5.84,25099.38,0.0,0.0,3.31,4,850.0,0,0.0,100.0,12.91,28714.59,18882.7,8.37,6.51,9.97
902651,26939.63,2246.66,1.41,12861.69,53664.84,8938.88,43.41,5,740.08,3,2.6,89.26,46.53,16600.17,6312.51,8.18,8.33,8.47
902652,36409.06,3006.35,-1.71,500.0,53159.18,9824.42,48.83,4,438.33,7,8.11,73.91,47.89,14256.34,5755.72,10.35,5.15,4.65
902653,84152.07,7062.13,6.94,22453.0,8122.68,0.0,22.31,8,850.0,0,0.0,100.0,16.7,35469.74,22016.13,22.73,11.73,16.33
902654,73675.88,6039.62,2.86,17301.03,28879.35,5865.62,32.81,5,704.31,4,11.41,85.32,46.65,21447.7,8000.15,12.94,5.18,8.92
902655,71255.91,6037.09,4.4,18424.95,19101.77,3002.03,28.28,7,588.5,3,1.83,82.75,32.79,19851.29,6692.05,7.6,2.61,3.93
902656,85755.24,7073.97,6.95,23313.66,7849.03,2115.23,24.66,6,615.63,7,7.68,83.16,50.91,20392.46,10617.28,3.75,2.49,6.9
902657,44521.18,3743.63,2.7,12493.48,53881.6,7856.06,37.54,5,606.27,4,8.73,81.4,53.72,20531.94,8578.94,14.61,6.99,10.33
902658,50941.8,4162.04,6.28,16270.84,45042.46,6677.71,37.55,6,565.76,4,12.03,83.81,45.72,17675.13,14944.84,15.5,5.45,11.92
902659,66958.33,5611.3,3.09,3597.26,65643.56,7761.92,34.05,8,696.23,7,9.31,89.72,39.58,16607.55,10300.28,10.78,5.21,7.82
902660,38424.18,3223.34,2.56,10216.51,59131.65,10771.08,43.55,6,599.49,6,7.24,84.33,59.04,3966.24,4838.52,11.51,5.88,5.69
902661,22322.51,1875.2,2.18,1062.95,73668.79,11084.39,36.48,5,642.62,3,8.99,91.71,55.25,13010.35,7325.02,13.71,7.51,10.35
902662,83522.27,7067.5,9.3,23559.98,9688.51,2409.31,31.42,6,659.33,2,6.64,90.12,28.61,12956.63,15993.79,10.17,8.89,9.59
902663,76167.71,6435.02,2.46,18805.01,12020.51,4767.92,27.66,7,774.36,0,6.95,100.0,29.75,26987.24,19700.32,21.67,10.11,10.44
902664,68113.66,5601.85,2.97,15758.78,23957.43,8629.01,30.64,4,627.0,4,5.48,81.6,34.46,13106.34,2234.62,4.45,1.94,6.22
902665,85560.1,7137.85,1.18,21136.92,52265.4,8139.59,31.67,7,498.67,10,16.52,77.65,38.51,27446.07,11900.39,9.69,6.59,8.03
902666,69764.0,5878.53,2.25,17065.12,32594.93,3085.13,26.49,4,614.39,6,3.76,91.36,53.12,20317.81,17523.81,12.14,5.92,12.5
902667,76770.52,6462.26,7.66,28530.51,12741.88,6871.01,20.06,8,850.0,0,0.0,100.0,21.8,25799.62,12379.84,18.39,8.9,8.55
902668,91015.13,7674.61,3.3,31956.99,12514.31,392.94,22.74,7,771.4,0,1.67,100.0,34.54,20088.34,12857.95,10.07,4.98,9.16
902669,80932.43,6656.0,6.98,19317.21,26298.9,6586.7,30.11,6,761.57,0,6.48,100.0,43.68,17607.33,17181.84,5.23,6.25,6.77
902670,73674.47,6137.61,7.05,15893.21,25987.36,5648.8,25.7,5,572.32,6,7.3,80.21,39.44,21278.36,9700.93,5.27,6.33,9.03
902671,69904.1,5788.8,3.09,14703.68,54420.27,10341.98,35.8,7,623.21,7,12.34,70.39,42.58,28786.23,14173.43,22.26,11.61,8.38
902672,67474.87,5698.71,5.13,17350.67,37608.11,6906.64,33.22,6,536.33,6,12.39,84.35,40.06,16625.83,16877.93,15.7,9.3,6.66
902673,46784.73,3845.13,2.9,6809.6,66135.0,7478.48,39.16,5,715.15,0,2.24,84.74,33.76,11483.34,6397.96,8.96,6.09,6.83
902674,24904.26,2082.19,2.19,680.26,49183.02,9956.37,47.51,1,594.72,8,7.05,79.98,68.79,2045.55,473.48,1.86,2.99,0.0
902675,67300.79,5574.72,5.22,15296.7,33783.08,5078.75,26.76,6,735.44,4,4.77,96.98,33.88,12200.51,9243.08,7.76,6.21,6.68
902676,91258.52,7531.57,6.1,27767.52,20940.02,3139.79,21.13,8,617.38,7,5.08,79.78,36.59,23980.65,11123.78,14.4,7.1,10.0
902677,30241.5,2514.96,-3.86,1430.62,65373.12,9194.56,44.13,5,645.89,5,6.45,84.65,56.58,11102.48,9114.67,12.8,9.42,10.74
902678,51351.7,4249.41,1.79,6008.41,56457.33,7053.91,34.54,4,699.41,1,6.08,97.19,52.39,8201.68,7122.39,11.57,4.91,6.87
902679,28446.27,2402.21,0.89,12160.17,55781.42,11542.5,53.77,6,627.39,4,11.22,86.79,63.67,7285.8,5285.79,11.18,3.86,5.66
902680,32249.31,2658.66,-0.62,11679.71,72033.51,7708.46,50.32,8,528.06,6,5.87,77.22,29.97,30745.04,19160.42,26.16,11.71,12.25
902681,104199.25,8828.96,5.64,28704.57,13624.95,5920.18,18.94,7,690.09,2,1.76,95.36,26.22,20472.11,15793.27,15.31,8.03,11.95
902682,100209.6,8221.14,5.17,27072.79,17560.04,4666.34,26.81,9,717.48,6,6.42,90.73,26.99,33512.33,16239.33,21.2,8.47,11.93
902683,70080.08,5899.38,4.87,25511.8,15327.86,4319.92,25.93,6,825.47,0,0.0,100.0,31.53,28651.23,13677.25,9.74,6.56,11.34
902684,73808.34,6157.08,6.76,18725.99,38028.31,7003.96,30.54,6,850.0,0,0.31,100.0,40.44,17777.3,14595.2,13.24,6.64,8.34
902685,70501.73,5938.92,9.18,18125.97,33962.19,7526.19,24.93,4,661.76,8,6.61,84.44,37.57,19451.42,16264.89,13.53,4.23,6.79
902686,89107.56,7435.54,5.72,15603.93,37255.61,5132.47,31.07,5,532.67,7,5.84,77.16,56.4,17003.24,10856.26,13.63,5.92,7.11
902687,47266.08,3918.18,1.26,14244.73,27093.38,2413.13,30.07,3,725.22,3,3.66,90.4,48.55,6192.95,7795.54,11.62,2.85,2.58
902688,111683.8,9237.03,10.06,23441.48,6026.56,3581.74,22.73,5,760.96,7,0.28,95.74,26.48,20534.82,16924.24,11.02,3.94,6.89
902689,33686.92,2788.61,1.58,7654.41,59987.89,11099.89,40.9,6,599.23,3,8.76,82.66,51.51,16805.12,5213.64,13.59,8.96,14.05
902690,67102.59,5539.86,8.75,14041.9,47006.47,4332.23,34.3,5,760.79,3,6.38,93.87,48.4,26013.43,11614.71,12.91,7.77,9.28
902691,78891.79,6601.66,5.95,10757.8,31894.02,8654.62,38.27,5,622.45,6,8.5,82.13,40.25,19238.35,7819.5,11.42,5.63,7.48
902692,39776.42,3293.13,2.81,2874.45,45286.97,10030.36,46.51,6,618.39,3,6.72,95.11,51.0,16796.91,13015.07,14.95,5.14,8.68
902693,71861.27,5910.72,1.86,1681.8,38441.47,6104.53,43.56,3,443.21,10,14.63,66.16,57.46,19996.36,5682.23,12.06,4.69,7.42
902694,31955.41,2703.12,3.72,15098.18,58604.83,10010.48,44.55,5,514.67,6,11.29,78.43,52.04,11298.01,5974.76,13.31,4.9,9.37
902695,91636.1,7610.44,6.82,25359.6,30668.16,2364.66,27.06,6,740.79,5,7.04,89.51,31.5,36917.84,20908.2,20.79,10.53,12.59
902696,52047.59,4309.15,-0.49,7854.36,39920.73,10114.09,35.63,4,576.27,5,10.61,77.65,49.04,12342.43,2008.8,11.36,7.5,3.65
902697,43188.57,3536.87,6.09,6227.67,53224.86,7597.8,41.17,6,661.04,0,3.68,94.65,38.9,12147.16,14624.31,15.01,9.24,10.61
902698,67679.08,5666.1,2.25,13258.39,46939.04,4000.85,34.12,4,832.04,0,0.0,100.0,16.62,14152.82,19279.03,11.01,5.27,6.07
902699,92193.47,7680.49,8.12,16441.62,43530.92,6022.42,33.19,6,501.7,9,13.33,70.6,40.99,30309.98,17286.42,15.37,10.48,11.3
902700,68019.48,5734.46,8.38,10472.68,54483.27,3723.39,30.01,7,850.0,0,0.08,100.0,22.64,29661.07,22710.15,16.93,11.79,11.37
902701,98774.19,8251.67,7.68,29227.78,14158.74,4116.62,14.78,6,837.45,2,5.34,91.8,25.05,22121.43,15015.57,9.96,4.38,6.32
902702,41003.9,3440.96,3.87,6793.62,47000.99,10087.15,40.41,4,532.41,8,14.75,64.18,58.99,15350.79,5284.3,7.28,4.96,3.58
902703,32232.26,2742.49,-1.73,8097.67,54356.9,13873.8,42.63,6,755.59,0,2.75,95.04,57.32,19151.84,9448.44,16.81,6.4,7.05
902704,69321.19,5805.17,1.72,16598.79,24673.16,7291.55,34.37,3,673.18,1,0.0,90.35,40.2,6979.84,6233.63,2.8,1.14,4.84
902705,56225.24,4650.31,2.36,7435.95,32008.03,6432.26,34.13,5,676.92,3,9.35,94.37,38.87,18057.05,9736.89,13.25,9.05,11.29
902706,79273.1,6512.01,6.07,21455.3,35351.45,4814.68,31.8,5,508.3,5,12.72,66.92,52.04,23767.83,10227.86,15.36,6.45,6.1
902707,98004.23,8092.79,4.61,25038.21,24521.67,3330.09,22.11,7,672.47,4,2.55,94.0,46.2,24987.86,20061.48,21.1,10.0,7.46
902708,78298.1,6406.43,5.14,12863.29,30763.79,4896.88,30.36,5,516.1,8,10.59,77.6,61.94,9168.65,4310.83,6.76,4.56,4.37
902709,60350.47,5052.76,5.51,10009.14,23749.51,4233.91,33.82,6,654.17,3,4.19,93.02,54.14,24761.52,14575.41,9.63,4.8,8.67
902710,40691.57,3312.18,4.8,14581.73,30452.84,8984.53,32.85,6,850.0,0,1.03,100.0,38.0,21589.53,19324.77,16.86,8.16,10.89
902711,39073.43,3249.9,3.49,3441.21,70819.0,11796.51,40.61,4,300.0,13,22.66,54.58,78.81,500.0,0.0,1.61,1.29,1.84
902712,65075.51,5488.71,-1.79,14391.93,42321.22,8377.35,35.71,4,772.12,3,9.14,85.78,56.51,16548.05,9440.22,6.77,4.97,9.81
902713,90539.83,7560.61,4.84,24183.27,27036.98,7793.82,18.98,8,687.4,6,5.19,89.53,40.98,27443.32,11622.71,19.78,9.06,10.65
902714,109848.51,9162.5,8.33,26948.07,14280.16,1817.13,24.66,8,612.43,3,6.16,87.5,24.54,31142.18,18683.06,11.62,10.86,7.86
902715,89816.27,7529.13,5.97,17751.16,28598.58,6270.37,23.7,4,693.8,3,6.36,87.14,43.59,17772.56,4649.58,9.02,5.23,4.3
902716,103568.44,8759.32,8.1,20530.83,15018.75,3445.63,24.77,7,695.95,2,6.36,93.35,34.32,23225.3,17857.3,16.66,9.23,7.6
902717,99143.47,8240.79,6.11,21108.61,17469.54,2739.25,21.66,5,801.89,1,0.0,94.72,48.9,26965.85,17715.31,14.84,7.53,11.74
902718,86519.59,7197.73,4.15,25426.3,41069.33,2444.54,29.98,7,763.24,0,0.0,100.0,24.53,22914.31,14885.55,18.55,10.76,8.2
902719,18283.42,1519.05,-1.59,2092.11,51262.52,11082.41,42.58,2,614.52,5,12.05,85.39,58.34,500.0,2097.32,3.69,0.89,3.14
902720,46383.12,3891.69,-0.2,8744.16,46259.37,8397.85,35.62,6,583.47,5,7.78,90.89,59.11,26011.81,12936.03,16.89,9.66,13.64
902721,65037.67,5516.18,-0.37,14966.77,47456.62,6964.4,35.65,6,434.87,8,10.02,77.89,50.67,19944.15,11536.44,15.62,8.53,12.07
902722,57809.46,4863.94,2.12,14405.89,44856.93,6466.02,36.83,8,442.26,4,5.67,81.21,58.98,19617.58,7143.36,12.75,8.62,5.69
902723,42235.62,3504.45,2.26,8142.06,34863.82,7038.83,26.17,4,740.05,0,1.49,100.0,56.08,8410.89,2466.09,4.7,1.05,0.86
902724,57803.18,4828.06,-2.68,1983.8,46325.61,10229.11,33.45,3,615.79,6,6.51,93.2,47.55,2649.28,7918.97,2.61,2.8,3.6
902725,90046.57,7444.59,4.29,15505.58,39053.08,5719.79,40.59,6,604.75,6,11.58,78.62,34.6,19512.34,13688.94,21.95,10.0,6.52
902726,75156.04,6287.27,5.62,13070.31,29744.39,2109.59,26.55,5,583.83,8,13.44,72.45,60.35,15188.18,7933.59,8.06,0.96,6.06
902727,64675.43,5428.5,3.48,9543.51,47330.71,2665.8,32.33,6,595.02,0,7.62,95.45,50.87,17915.64,10039.34,11.46,7.14,10.32
902728,91814.63,7572.62,7.73,19343.74,38719.92,8184.66,33.0,9,547.68,6,7.86,71.99,42.87,36196.36,18751.64,19.73,12.93,8.08
902729,120055.88,10067.79,8.53,28651.17,1035.29,606.76,15.41,5,642.83,6,6.98,76.7,27.93,21487.71,11171.5,9.72,3.42,5.06
902730,66950.9,5630.23,5.5,12845.68,21842.64,3250.92,28.81,6,624.99,2,8.47,92.31,57.78,20247.84,6474.56,11.94,6.37,7.28
902731,53024.46,4402.83,3.98,13786.79,29640.23,6766.52,31.3,5,420.01,8,15.45,67.56,74.08,9069.52,8908.8,1.93,1.2,7.8
902732,49737.88,4128.22,3.31,16340.93,46763.54,7173.45,45.24,5,730.15,4,5.42,100.0,34.75,27674.82,17008.34,15.81,6.4,9.58
902733,52192.26,4312.75,3.41,14773.32,30341.27,5341.48,35.64,4,850.0,0,0.16,100.0,25.08,11535.06,7813.14,8.22,5.82,6.28
902734,70262.74,5868.26,8.04,18543.48,34554.27,4056.41,27.9,4,406.19,11,16.08,70.59,59.24,500.0,4476.28,0.5,0.2,4.44
902735,67784.2,5657.05,1.53,14521.34,25665.18,6733.23,31.14,4,619.82,4,3.15,84.75,41.02,9896.94,15223.49,13.91,6.03,7.08
902736,19538.03,1600.03,1.74,11090.82,61587.76,10604.63,52.8,8,681.67,2,6.05,88.89,49.92,14393.08,6041.47,11.24,5.45,7.8
902737,72292.06,5991.44,8.3,24436.8,19732.9,5857.33,33.15,7,726.22,0,5.84,88.89,45.2,31388.73,22766.47,21.71,7.7,10.56
902738,15000.0,1250.5,-0.85,8501.49,47705.34,8743.08,41.06,6,676.78,2,0.0,86.2,43.69,14441.09,3284.02,12.25,5.94,3.86
902739,55417.5,4611.52,-0.73,14593.43,53301.64,10878.57,37.25,7,790.93,1,9.87,99.08,55.31,14525.76,8765.86,16.12,9.73,3.31
902740,94221.9,7814.47,10.63,23427.31,3004.65,3272.22,31.57,3,697.12,5,0.0,95.77,40.3,19121.21,12075.71,8.42,4.04,5.18
902741,83374.48,7006.44,6.86,21889.69,19672.47,8348.3,38.63,5,545.71,7,13.11,81.98,36.1,19002.19,10777.63,6.02,5.22,7.14
902742,79381.45,6626.64,5.32,14526.99,22032.26,5572.96,23.14,4,763.22,3,2.69,89.52,28.76,17163.49,14942.61,10.99,7.75,11.75
902743,29538.82,2473.5,2.22,3055.25,81274.75,11399.05,54.48,6,666.45,6,5.46,84.8,72.21,24582.88,16397.12,18.88,13.06,8.35
902744,84093.2,7007.81,9.96,14767.95,34675.75,4370.57,23.56,5,850.0,0,2.11,100.0,42.54,21366.31,13962.36,14.42,7.37,9.69
902745,91123.81,7602.68,6.12,24493.72,7863.34,467.08,21.51,6,744.46,2,2.91,95.06,23.42,17417.9,13744.4,10.95,7.67,8.72
902746,53867.08,4492.4,2.78,6313.18,48428.41,8327.63,34.89,6,667.9,1,5.99,84.36,55.55,14029.4,6199.51,8.69,7.49,7.28
902747,81060.68,6741.86,6.46,22948.79,24162.51,5435.77,34.86,8,759.93,2,8.55,90.52,39.08,15350.67,10358.04,14.55,6.91,9.12
902748,43319.54,3616.15,0.55,6113.73,46740.68,8969.1,34.32,5,513.45,6,0.61,74.17,53.36,17853.77,5350.63,14.13,5.94,2.4
902749,72743.6,6038.32,4.8,11151.8,32680.77,7785.63,36.41,4,687.04,2,6.45,80.14,55.17,12323.33,4701.74,8.27,6.62,3.61
902750,62010.32,5166.17,0.77,18197.6,27521.1,3641.17,23.37,2,651.73,0,0.0,91.44,37.16,6462.31,384.73,0.5,0.2,0.0
902751,33541.46,2798.82,1.15,4775.66,65415.79,12987.97,45.38,7,444.84,11,16.04,68.19,64.35,25405.63,10122.06,19.21,11.04,12.96
902752,28426.29,2396.27,-1.02,3539.39,58543.22,6797.04,34.34,6,573.44,7,12.03,80.46,71.32,20351.01,11649.11,9.84,7.28,5.29
902753,91578.43,7489.69,10.67,20336.71,23243.54,2807.38,23.06,6,735.17,2,0.91,100.0,29.76,22300.71,9943.72,12.24,8.1,8.09
902754,31682.81,2577.81,-0.45,8505.11,54032.8,7637.14,38.95,5,621.17,2,0.0,99.83,59.68,14126.39,9260.28,12.76,9.47,8.21
902755,67221.93,5620.49,-0.27,12492.17,50594.66,4093.52,27.29,5,642.81,7,13.91,85.13,41.64,20243.88,8046.66,9.95,6.18,6.51
902756,64635.22,5385.66,6.74,18071.73,41087.29,5178.79,39.05,8,630.84,4,7.29,80.68,48.77,23479.88,15587.95,16.32,8.72,11.56
902757,90971.55,7579.63,6.45,22805.36,25807.53,4322.99,24.99,6,731.6,2,3.62,90.87,47.55,30928.53,15023.63,19.81,9.1,13.24
902758,82610.21,6920.85,6.72,21329.06,26795.85,8172.23,33.0,4,675.55,3,2.07,99.92,38.85,7011.76,9756.42,12.84,6.17,2.07
902759,34899.92,2926.91,0.67,6498.06,41080.91,6689.03,41.74,4,619.82,4,7.32,90.37,49.29,12272.85,0.0,0.5,3.27,3.42
902760,76893.59,6478.55,1.2,15890.96,11705.35,7940.95,24.1,4,690.01,2,5.49,95.11,42.29,14178.38,5535.83,3.96,3.83,3.13
902761,41835.12,3478.19,0.93,9248.07,51158.12,10136.41,41.07,5,457.83,3,7.11,84.39,48.02,18873.27,9257.12,14.24,8.09,11.41
902762,90062.05,7480.99,8.56,18507.37,11127.05,3168.81,26.46,6,768.23,2,3.16,97.83,23.74,20510.01,13971.5,12.81,5.0,5.37
902763,32912.8,2696.18,-1.95,4456.15,67768.47,10476.83,48.72,4,673.08,8,5.2,85.39,54.83,8253.2,7510.6,8.7,4.42,3.32
902764,78630.17,6454.85,3.53,14795.11,42612.9,6085.45,36.94,8,571.31,3,7.74,85.56,46.55,23814.98,8557.18,21.82,11.96,13.67
902765,38369.56,3174.25,3.07,6690.88,32738.4,11770.98,38.56,6,613.8,5,5.71,89.1,56.44,17818.62,4170.24,12.04,5.49,7.23
902766,29743.81,2436.07,-4.0,8276.09,40334.27,9390.51,38.02,5,602.84,5,6.71,90.11,50.0,8369.94,9018.03,6.61,2.34,2.75
902767,41214.88,3407.15,4.52,682.39,64227.37,10043.07,52.42,7,473.75,7,10.87,69.58,50.63,15407.95,8341.97,16.17,10.03,7.18
902768,22486.2,1858.9,0.75,7141.55,60670.83,10065.95,49.75,5,486.99,8,14.86,77.11,61.71,12369.46,0.0,6.37,5.59,5.89
902769,41283.01,3482.75,3.84,3539.08,50636.1,6628.91,38.93,5,658.46,6,10.04,90.15,55.24,7973.57,7462.43,9.73,5.96,8.97
902770,43440.42,3611.66,-0.3,3094.63,53463.96,10986.11,45.21,4,691.23,6,7.73,92.33,56.99,2300.74,0.0,10.77,4.59,1.37
902771,64125.75,5421.42,5.34,20233.99,35015.85,5948.82,34.64,6,678.72,4,3.22,86.59,27.75,22627.59,12600.68,11.6,8.42,8.01
902772,32194.04,2674.65,4.1,3613.6,50388.67,8524.96,37.68,4,850.0,0,0.6,92.49,52.02,15201.74,8139.48,12.77,7.14,13.43
902773,49600.65,4071.76,3.12,11883.14,38038.07,10217.89,31.24,7,687.11,4,4.52,82.23,52.6,8354.13,11924.54,11.05,9.26,9.02
902774,108599.33,9022.65,7.55,24035.82,5963.2,2285.05,16.27,7,667.39,2,2.86,98.01,25.0,26316.54,16855.41,8.68,5.09,6.53
902775,113736.86,9554.66,5.56,26511.79,23020.48,4618.57,17.11,6,850.0,2,0.22,100.0,26.65,10487.98,14446.41,11.61,6.83,8.56
902776,58103.28,4808.32,3.44,10559.03,41026.3,8717.98,35.45,6,471.03,9,14.15,77.89,57.6,22132.08,6272.03,13.39,7.62,6.06
902777,51247.46,4342.66,2.41,5412.75,43292.95,8011.02,38.37,3,569.91,4,2.56,86.85,48.44,11840.22,6836.93,4.94,3.27,1.51
902778,110535.63,9174.59,7.05,22455.3,4921.4,3797.35,24.26,5,786.93,1,0.0,100.0,28.96,18708.12,18181.66,10.84,6.68,11.39
902779,71516.86,5949.29,2.2,14676.61,48069.19,9851.65,43.77,5,659.42,3,3.09,100.0,31.22,8160.28,5797.57,6.61,6.41,4.82
902780,65390.4,5538.72,-0.18,13668.41,32251.73,6770.86,33.79,5,702.28,2,4.35,86.56,38.04,13849.3,6218.04,11.17,7.23,8.88
902781,84868.36,6989.94,7.87,20630.85,0.0,3929.34,28.02,4,517.06,6,15.29,72.41,41.58,6922.6,0.0,0.5,0.2,0.0
902782,26186.53,2188.18,-3.67,5739.4,63733.12,8830.58,42.24,6,583.22,1,1.4,86.61,58.16,6038.97,715.16,9.08,5.6,2.19
902783,87991.83,7386.25,7.29,25051.76,8492.87,4445.69,25.82,7,670.7,5,3.14,92.81,49.21,29443.83,24920.82,14.65,12.05,9.95
902784,42426.63,3563.49,2.43,10180.86,37856.67,5460.55,37.69,6,716.41,0,1.09,94.41,46.39,14895.08,3701.34,10.14,6.67,8.83
902785,31637.81,2648.81,-0.21,1585.22,58298.04,4323.6,41.18,7,724.93,0,8.1,92.45,43.7,10208.44,12220.12,6.65,5.29,5.08
902786,53901.47,4550.53,6.89,13250.36,40717.53,4459.12,34.17,8,715.27,3,4.68,88.74,28.7,23344.45,16646.31,15.19,9.94,5.63
902787,91474.65,7619.79,5.39,22004.72,33551.9,4673.53,30.06,6,664.69,3,9.52,85.16,36.55,27438.52,14642.49,17.62,8.24,11.66
902788,81109.27,6799.0,4.65,20163.48,35957.01,4186.98,31.78,6,639.12,1,5.53,91.37,31.15,20730.7,19362.88,15.73,7.77,13.48
902789,15000.0,1270.09,6.32,500.0,79715.99,13697.91,47.3,5,850.0,0,0.0,100.0,44.84,10611.11,2275.07,13.76,7.97,8.38
902790,51421.6,4296.45,2.3,11823.74,35670.16,7056.43,29.75,6,832.87,2,5.27,100.0,27.39,18164.12,14213.02,11.54,8.73,13.28
902791,87656.62,7345.5,8.2,12843.33,19974.2,6988.59,36.29,4,428.28,10,17.6,65.04,41.15,15258.91,6557.0,4.0,1.01,3.11
902792,64595.47,5374.19,2.35,13797.85,46931.04,5996.87,35.05,6,326.82,11,22.98,54.21,74.99,19691.59,5113.75,9.61,4.43,2.68
902793,69606.59,5729.54,3.43,17048.04,27324.97,5139.34,26.82,6,720.94,1,5.35,97.46,40.69,14831.43,6178.32,7.0,5.54,8.51
902794,56024.48,4748.64,3.07,18154.27,45635.95,3629.68,32.58,4,587.38,8,14.66,74.64,55.01,18396.13,5810.42,10.88,5.22,7.13
902795,104987.18,8779.96,5.48,20656.18,28985.27,5782.47,26.74,5,453.27,6,14.5,72.35,35.68,18417.01,16166.1,8.99,4.42,7.66
902796,78163.76,6545.65,4.34,9131.46,34557.61,10727.76,29.26,8,655.75,2,8.41,89.46,37.29,20813.72,4317.54,14.65,8.4,9.48
902797,65070.54,5431.38,5.83,19910.46,29723.38,4801.66,34.71,6,666.31,3,3.02,100.0,54.94,22549.86,16366.05,16.57,6.99,7.22
902798,117309.68,9795.93,6.9,23956.98,16224.42,3793.21,9.79,5,669.21,2,3.86,90.47,39.8,17650.04,13571.68,6.82,4.15,4.9
902799,70162.76,5852.46,2.21,18286.75,35618.01,7147.23,26.31,5,496.13,4,15.15,86.92,58.87,22237.78,12088.37,14.2,11.4,9.28
902800,99799.92,8272.92,3.81,19375.2,28869.78,2472.78,22.0,6,793.86,4,3.79,88.97,25.91,26319.66,17693.35,12.4,9.65,7.46
902801,58306.49,4803.88,2.42,17236.35,17848.15,5662.05,21.26,3,749.59,3,9.64,89.22,31.22,17664.09,7698.18,6.99,2.58,6.15
902802,65554.5,5453.52,1.94,23736.77,37947.52,5590.08,28.5,7,783.56,1,6.57,91.92,43.04,25407.43,7706.74,15.85,9.12,7.65
902803,83472.78,6904.0,7.25,26017.2,26116.29,0.0,25.83,5,807.73,0,0.0,100.0,11.18,13641.44,10452.02,7.62,5.82,9.73
902804,15000.0,1237.13,-1.08,500.0,80541.4,14022.46,55.36,6,664.92,2,5.72,96.78,66.25,14197.22,3382.78,16.8,6.85,6.95
902805,85513.81,7282.65,6.81,11886.17,17374.1,7954.74,24.37,7,609.46,8,6.22,81.05,39.31,23865.91,12897.8,12.24,5.57,7.78
902806,46099.13,3813.3,1.68,18128.46,27736.93,5402.36,31.62,7,620.57,3,4.07,89.73,45.71,17392.09,17641.65,19.17,7.14,8.97
902807,95052.33,7919.46,4.32,20469.75,29759.05,2821.72,26.25,7,569.98,9,4.85,87.63,39.41,26830.9,16824.33,13.42,4.56,6.15
902808,35486.5,2900.97,1.31,2885.19,74651.8,9562.68,45.78,8,630.16,4,10.13,86.11,61.42,21202.25,7458.47,21.29,8.8,10.2
902809,63404.07,5188.28,0.34,11653.93,53381.67,6753.72,31.9,8,676.47,2,9.49,82.48,45.87,23702.22,7324.73,17.19,8.55,8.67
902810,44331.31,3687.41,-1.69,4840.15,44995.77,9642.75,37.81,4,493.03,9,3.7,84.15,63.16,18406.33,5572.39,8.63,5.39,7.83
902811,109711.79,9158.94,5.29,24430.08,16824.13,2388.05,16.93,7,440.78,10,19.63,65.66,23.93,18115.14,11828.4,9.61,4.77,7.31
902812,120546.07,10142.52,12.01,29392.28,5641.45,1631.8,21.38,6,824.14,3,1.91,97.96,17.71,25824.87,19307.16,18.59,10.03,9.96
902813,26136.39,2158.55,-1.33,2597.47,60450.26,11595.64,44.98,5,793.14,0,0.0,100.0,45.0,10380.94,11767.15,9.95,7.02,4.59
902814,79378.02,6647.66,0.76,15718.14,31549.55,4521.61,26.69,7,738.85,1,14.67,95.76,24.59,16581.15,11004.97,11.51,7.04,8.49
902815,108582.42,8949.41,3.8,23550.71,21151.46,7035.72,24.29,7,510.24,7,12.87,75.85,49.07,26779.41,13978.96,14.67,6.66,6.0
902816,101362.81,8468.25,5.77,21701.27,28017.36,4568.46,33.48,9,725.2,5,4.03,95.21,34.63,36333.65,26286.09,32.1,15.51,16.31
902817,44539.48,3702.28,2.13,13599.37,48690.31,8760.02,37.51,6,530.43,5,9.9,72.6,57.31,11322.51,7696.15,7.93,4.41,3.47
902818,97302.4,8056.54,6.59,19479.47,15364.53,2942.35,18.05,5,630.77,5,1.96,77.61,46.22,20677.86,14711.59,14.1,7.75,6.29
902819,41282.8,3444.87,0.96,6856.86,46017.81,7560.88,43.36,3,596.04,9,11.72,77.89,66.11,8392.92,11413.85,10.12,4.13,1.4
902820,107832.35,8804.29,8.88,24735.53,11452.98,2846.86,22.22,9,830.35,0,0.0,100.0,19.43,30469.29,20710.5,23.97,12.17,13.95
902821,94832.99,8038.77,4.78,21315.26,5525.15,1546.15,23.13,5,692.45,2,0.0,94.61,32.8,18506.9,14267.93,4.88,6.78,5.15
902822,46014.78,3820.04,4.32,5365.5,56464.54,8168.74,46.27,6,599.43,7,9.14,87.28,48.52,10959.04,7869.46,9.21,5.16,7.45
902823,55322.86,4623.75,0.43,500.0,69127.85,10473.67,41.36,7,430.77,11,22.42,65.01,58.76,21917.74,7859.4,20.2,10.48,8.12
902824,108400.79,9110.35,7.79,22561.06,13174.45,1293.23,27.37,7,620.05,8,16.41,80.33,39.26,30811.28,17038.31,13.75,6.14,8.59
902825,85891.83,7117.0,6.16,19161.11,1063.13,1681.69,13.05,4,768.56,1,0.0,94.9,32.61,11903.64,10738.77,9.74,4.62,7.17
902826,74569.34,6225.32,5.02,15630.11,33273.92,5491.8,29.94,6,762.78,3,0.75,100.0,35.37,20658.69,16793.55,15.66,6.58,5.72
902827,73399.78,6197.63,3.51,20849.17,25222.64,2950.2,15.59,4,705.44,2,3.06,95.71,56.13,13393.36,10033.72,5.6,3.95,6.49
902828,33445.9,2795.2,0.54,4959.28,70080.08,9565.84,41.99,4,658.15,0,4.1,88.74,64.07,11848.76,7754.49,7.36,9.76,8.69
902829,80233.02,6692.54,8.23,20125.61,32286.16,4844.1,23.01,8,644.98,4,10.45,88.01,32.54,18384.76,12233.14,17.53,9.56,13.72
902830,48560.27,4018.76,2.57,19990.29,48940.24,8710.92,30.06,4,798.5,7,0.0,100.0,37.15,9372.78,2946.53,9.62,3.35,7.06
902831,73449.15,5972.27,-0.02,19170.35,28541.91,8303.78,31.7,4,569.64,5,12.98,75.97,44.76,13553.5,8476.41,7.47,5.0,6.56
902832,88607.92,7380.45,2.37,21755.29,15775.33,3166.04,28.35,3,662.46,4,7.55,83.1,42.18,10651.36,9212.18,8.56,4.9,4.05
902833,62206.44,5247.51,0.05,7081.89,50324.64,9331.34,34.49,4,496.86,8,12.11,74.39,64.93,13741.52,7292.76,5.51,3.5,0.32
902834,87095.71,7291.04,6.83,21061.87,36129.41,4784.05,27.24,5,592.93,5,14.77,76.49,48.77,18989.35,8799.48,11.68,6.33,6.71
902835,49283.02,4086.75,6.83,12644.28,53360.78,6333.9,36.55,7,599.76,4,6.89,87.31,55.45,23072.16,11765.24,18.61,8.62,7.16
902836,49867.44,4088.88,2.53,15968.25,50166.14,5255.71,34.36,4,664.15,3,3.86,91.56,60.12,15224.98,8223.27,14.24,7.97,10.67
902837,76584.39,6480.86,2.64,15420.17,21671.77,6105.05,27.67,6,564.3,2,2.25,81.45,53.33,18864.26,14250.11,7.99,6.93,4.67
902838,82014.11,6845.4,5.63,17968.18,37201.18,5776.81,29.66,5,818.2,5,0.42,92.35,56.51,23226.76,14276.48,14.31,7.98,8.11
902839,65621.2,5391.95,1.77,8259.88,38713.68,5737.37,38.18,4,706.11,3,2.45,95.67,54.52,10283.2,7964.09,4.53,3.06,4.14
902840,73532.34,6112.41,8.91,13958.68,13130.87,8609.76,28.78,6,714.53,6,3.19,80.56,35.63,29297.58,6125.28,13.72,4.75,8.59
902841,49946.42,4172.27,-1.14,9191.69,50089.27,6339.65,40.46,3,478.5,5,12.9,80.11,44.28,8808.08,5496.21,10.48,5.48,2.89
902842,58178.93,4898.47,4.95,14376.76,20359.35,5643.15,25.82,7,664.9,3,6.14,78.35,37.78,15881.67,11206.02,7.87,7.7,6.51
902843,57179.93,4777.49,2.48,4539.75,56901.33,6514.49,33.21,6,524.04,9,10.94,81.87,42.36,25739.99,12853.33,16.33,9.71,8.4
902844,127763.06,10762.89,7.63,32184.49,33166.82,3955.71,31.75,9,784.66,4,0.0,81.63,42.8,27703.17,16467.79,24.85,12.66,13.44
902845,70910.17,5844.76,0.74,16551.2,49025.3,5086.18,26.04,6,726.93,0,4.47,90.47,32.28,24227.02,14141.42,20.73,8.25,12.44
902846,85690.05,7198.27,6.2,17181.69,18600.99,4487.94,30.06,4,419.57,11,15.13,69.49,42.81,10852.72,1152.44,2.64,2.79,5.69
902847,40706.52,3380.14,0.16,9474.32,38877.4,6386.5,33.72,4,636.6,5,8.38,88.1,41.94,16298.96,10763.43,8.36,6.57,5.34
902848,96075.21,8008.8,7.22,20172.17,20991.72,1887.8,28.34,3,619.65,3,4.98,84.3,27.28,14013.91,12735.78,0.79,0.2,6.8
902849,87637.82,7285.22,5.85,21712.09,16390.89,2383.4,24.61,3,596.18,6,2.61,80.89,42.73,12020.47,8304.07,2.85,0.72,4.97
902850,105203.92,8966.03,8.7,27681.68,9844.21,3571.03,20.4,7,598.82,8,12.13,84.25,25.58,31852.33,16445.48,19.98,13.22,11.71
902851,73848.29,6127.33,2.78,16213.77,26839.91,2599.26,27.3,5,839.17,2,5.98,100.0,34.68,16306.87,10123.32,9.19,5.4,6.65
902852,38053.04,3174.55,4.68,12041.11,52437.29,10915.06,44.14,6,746.82,0,6.41,91.54,49.01,19102.49,9069.68,14.77,6.62,8.34
902853,86765.77,7325.68,5.01,17152.91,20703.56,3928.34,27.99,4,796.09,0,0.0,100.0,38.39,19723.4,6023.12,10.34,5.5,7.98
902854,58314.43,4830.01,5.13,12109.66,51016.74,6378.57,36.42,5,608.19,4,10.89,86.17,46.57,15433.7,12343.86,15.24,6.21,7.25
902855,75836.19,6448.37,4.06,14437.21,7816.29,5682.58,21.78,4,735.02,3,3.17,91.52,41.21,8637.1,1392.25,0.5,0.39,5.62
902856,106602.98,8958.45,7.8,25958.6,0.0,1712.38,23.61,3,820.8,2,3.77,99.28,47.76,14181.45,6429.04,0.73,0.65,1.13
902857,80462.8,6676.59,4.28,6922.36,42829.96,9700.27,31.81,4,474.49,6,12.37,73.97,56.21,7156.7,3002.79,5.81,2.37,2.92
902858,75957.67,6307.39,7.25,16250.32,37659.16,6459.75,24.84,6,501.09,12,12.29,65.6,67.97,18016.7,8306.79,12.65,6.88,6.52
902859,60699.59,5139.08,7.22,15444.0,36546.09,7362.04,30.45,6,579.68,7,5.36,80.15,58.59,18478.42,11646.87,9.18,6.16,5.74
902860,72238.47,6133.87,7.2,11280.44,23001.62,4114.5,28.73,8,819.52,0,0.0,93.56,43.82,20692.68,11161.58,15.6,8.99,8.72
902861,101555.56,8456.07,5.1,24118.39,18913.93,5042.83,20.66,6,696.83,6,7.12,83.76,34.21,23625.74,17869.22,14.84,7.6,10.81
902862,54844.37,4457.3,3.63,11730.93,32271.51,7869.73,39.4,7,482.81,7,14.07,75.01,43.65,17424.71,8732.22,15.6,8.04,6.75
902863,98696.3,8326.52,8.64,25955.26,10862.25,3843.99,18.65,9,525.65,7,8.58,79.94,39.42,28492.43,23773.95,20.73,9.56,14.31
902864,39990.24,3360.66,4.16,12838.82,41885.08,7546.2,40.71,3,485.18,8,10.1,72.69,51.18,17881.67,1609.45,5.05,2.46,1.4
902865,70464.31,5829.47,3.48,17382.66,43705.55,8532.56,26.1,7,648.9,6,4.51,92.09,47.58,28096.91,16208.06,16.42,10.6,10.32
902866,15000.0,1244.5,0.5,500.0,71926.41,12927.6,54.82,6,514.86,6,12.3,78.56,66.02,5577.85,0.0,11.3,3.68,4.87
902867,17870.93,1480.1,3.41,3598.26,75496.28,9263.22,48.55,4,575.08,6,11.44,85.14,54.98,4619.65,2000.96,13.16,4.8,7.84
902868,67366.04,5605.8,0.81,13036.52,32996.21,3071.8,36.05,5,641.3,6,8.35,85.52,45.2,13617.53,7314.32,13.11,8.43,3.27
902869,52250.79,4380.86,2.9,11762.8,18560.42,4574.3,28.21,3,850.0,0,0.0,100.0,17.28,16141.69,5483.78,10.41,2.88,3.4
902870,83701.56,7006.14,2.37,23911.0,20869.12,7255.63,31.52,6,663.21,3,2.85,99.2,37.85,14472.11,11710.87,9.41,7.23,4.78
902871,97900.66,8243.81,8.31,24876.9,34748.43,6920.4,24.46,7,584.1,4,3.78,88.8,19.92,20756.37,14281.74,9.12,6.35,5.65
902872,27878.31,2349.56,-1.47,500.0,66592.01,11035.91,52.56,4,618.76,5,5.48,81.8,64.11,8500.96,2057.48,11.3,3.41,4.75
902873,74600.12,6223.68,6.14,19057.22,34840.72,9634.2,31.03,7,411.64,7,7.55,71.44,60.32,20593.72,17159.16,11.48,8.64,10.12
902874,36105.41,3044.79,-4.18,3651.21,66558.45,9037.8,44.62,3,729.2,6,9.94,87.54,68.65,2756.08,2255.8,0.58,2.04,5.15
902875,50589.79,4294.38,1.87,6558.33,54640.47,9554.22,44.7,4,579.56,7,13.86,75.16,66.83,13296.68,6231.91,4.34,4.55,6.33
902876,63507.86,5296.81,1.73,17702.4,55666.37,9487.31,36.33,7,555.13,7,10.58,81.95,40.9,20792.67,15570.42,12.23,8.33,6.46
902877,93174.68,7722.61,2.56,23723.3,14123.61,4818.07,29.69,5,683.49,5,3.97,85.79,43.54,11546.19,12810.47,7.15,2.47,5.86
902878,29170.04,2418.09,1.77,7244.66,54957.52,9560.5,37.34,5,634.05,9,0.03,87.86,56.37,11135.82,10687.74,9.25,6.49,7.51
902879,94587.57,7769.22,0.48,21610.59,16654.85,3363.5,22.76,5,643.69,2,4.72,82.79,36.36,9214.91,14545.67,0.5,0.64,6.67
902880,67124.02,5567.05,3.24,14307.29,43077.16,10286.38,38.98,6,580.01,6,10.19,85.49,41.16,20745.96,10495.83,13.06,8.47,9.14
902881,88715.27,7432.96,1.81,26190.88,53822.03,6340.52,29.37,5,666.92,8,9.05,84.44,57.61,22039.74,8146.91,11.19,5.21,8.93
902882,85387.12,7229.55,9.23,20743.38,27626.18,3281.98,27.68,4,591.08,6,6.77,78.22,46.27,13045.74,19974.74,7.98,4.87,7.01
902883,69352.71,5858.82,4.24,14475.72,34872.48,6724.89,33.53,9,507.33,7,10.88,74.21,64.22,20361.36,18593.63,16.06,7.94,9.0
902884,15000.0,1258.01,0.5,500.0,97526.83,12689.28,58.11,4,482.23,8,9.26,78.83,80.96,6881.05,0.0,12.18,4.46,2.18
902885,89465.56,7599.08,2.48,17132.67,12619.37,2060.87,27.0,5,591.65,3,6.61,86.33,42.16,23087.71,9012.84,9.05,7.36,8.25
902886,73834.76,6234.26,2.49,18015.41,24506.13,6781.07,27.91,5,511.47,9,6.19,80.47,58.43,10097.48,12645.39,4.93,2.79,2.43
902887,114067.44,9361.87,9.16,25476.71,9318.71,3667.97,22.13,7,668.7,4,10.09,97.97,37.56,23518.38,17318.85,13.66,7.87,6.55
902888,54715.85,4556.09,3.37,14416.23,34480.62,8280.59,36.8,5,761.45,0,2.99,100.0,29.05,13134.74,13788.33,14.72,6.15,3.8
902889,52700.23,4383.2,3.54,9487.81,61277.54,11126.07,29.34,4,719.66,2,2.56,93.28,52.18,21198.69,8648.82,12.89,6.55,10.0
902890,78779.4,6669.76,4.95,16100.23,43830.95,6589.17,32.54,6,419.62,9,18.66,68.96,51.27,13118.86,4123.07,3.47,2.12,4.41
902891,99986.75,8405.64,6.61,21767.76,29505.66,6061.16,27.76,8,701.06,6,10.46,87.27,40.68,23415.78,16809.74,9.92,10.23,12.43
902892,77296.66,6418.35,6.04,26021.85,10985.18,4974.98,28.74,6,850.0,0,0.0,100.0,28.23,19630.25,15104.7,6.98,5.39,5.08
902893,81341.84,6786.16,8.43,15660.58,21792.38,3989.29,36.81,9,850.0,0,1.69,100.0,38.41,27984.01,22309.3,24.56,12.83,14.35
902894,67316.0,5589.55,7.08,20838.76,23772.31,6389.96,33.33,4,647.29,6,7.44,85.34,53.33,17552.7,10608.62,4.72,4.68,3.42
902895,33645.3,2842.48,4.72,2214.38,48989.14,7101.96,44.33,5,694.44,3,7.62,94.42,56.72,23998.67,7573.5,12.33,10.54,6.3
902896,34988.51,2960.8,0.38,3705.36,60214.36,6408.79,48.0,5,653.93,6,6.91,80.94,56.75,13100.17,8432.62,9.86,6.87,10.58
902897,29885.31,2469.79,0.42,6885.3,41998.51,3626.59,45.62,4,850.0,0,0.0,100.0,41.83,11392.66,3669.76,6.94,3.96,6.54
902898,15359.45,1275.06,-2.81,1129.65,75999.24,10141.07,54.57,7,505.79,6,10.22,80.66,72.26,13474.49,5949.81,18.24,4.61,9.05
902899,71538.47,5946.89,6.84,12638.07,13406.3,6559.24,31.42,6,536.11,10,8.18,82.91,56.93,16478.55,13714.93,16.67,7.75,6.87
902900,83356.59,6964.08,2.71,17748.1,9485.88,6816.01,25.18,5,737.3,1,0.0,100.0,35.99,16473.98,13587.48,10.97,6.16,8.54
902901,75101.01,6240.07,6.17,19406.94,6587.02,6284.55,33.87,6,618.42,3,5.77,88.6,29.06,18065.31,6612.4,11.53,3.86,5.2
902902,51867.32,4348.6,3.17,15070.36,38846.9,6463.13,33.84,4,576.43,4,1.63,89.86,44.48,5264.82,7124.13,4.12,2.95,3.28
902903,127745.82,10602.32,6.14,29024.08,1298.91,3238.73,23.95,6,726.1,2,5.6,97.48,30.8,32321.1,24148.15,19.38,11.85,13.69
902904,41263.3,3423.4,1.08,7400.21,48518.0,7551.5,45.08,5,675.36,2,3.68,96.28,49.1,15979.24,8261.37,13.77,6.84,9.27
902905,52619.81,4376.55,5.53,500.0,54010.31,8516.04,34.64,4,603.83,1,10.46,87.43,39.05,19258.81,8246.8,12.41,7.96,7.72
902906,38571.13,3231.24,1.75,500.0,74356.19,9740.4,42.67,5,705.26,4,7.29,86.94,53.09,16284.86,2237.64,9.64,5.81,7.6
902907,110062.14,9216.99,5.75,27523.26,0.0,618.8,17.52,4,784.95,2,7.86,90.63,22.61,16436.41,15391.55,6.85,4.28,12.66
902908,89897.49,7598.34,5.47,24370.85,35529.57,5838.3,24.21,8,686.17,2,4.99,92.23,35.06,27339.42,20154.17,23.15,13.27,14.12
902909,33918.04,2824.43,2.54,12421.78,47251.13,8226.84,38.1,7,745.76,1,3.95,97.91,40.44,15039.6,10875.1,14.04,7.87,8.59
902910,16953.11,1437.45,-1.35,2028.26,54922.4,11262.31,50.66,6,815.2,0,2.03,92.72,54.68,12414.99,8045.07,9.59,5.35,7.57
902911,15000.0,1247.62,2.67,2279.83,64842.62,10821.88,47.18,5,676.38,6,4.53,87.67,59.71,8690.18,2695.69,8.18,7.22,7.87
902912,50637.19,4183.37,2.58,10732.5,48457.48,5800.2,39.63,5,656.17,0,0.95,88.76,59.66,18347.94,8089.3,7.68,6.53,9.51
902913,114837.13,9448.89,1.36,30724.36,12126.76,0.0,7.85,5,674.39,3,1.52,86.58,11.68,24937.37,18760.75,14.1,7.29,10.66
902914,94880.4,7937.51,5.5,32442.23,20793.95,5425.02,20.7,6,818.83,0,0.0,100.0,19.77,20030.65,13308.12,9.79,6.83,6.35
902915,59327.85,4971.45,3.33,14559.73,32025.65,3990.76,23.36,5,709.89,3,8.65,89.99,48.16,10440.76,7866.46,4.62,2.27,3.24
902916,53191.82,4437.71,1.05,12335.34,52645.29,10602.75,40.76,8,625.8,1,3.37,87.2,60.22,17754.0,11836.33,10.13,8.69,10.56
902917,101964.23,8554.09,8.02,22927.18,0.0,1186.69,23.82,4,569.79,8,11.51,79.61,50.57,12976.45,6245.73,0.5,0.2,4.91
902918,77804.9,6479.92,4.87,17421.5,48281.39,8785.52,38.37,6,611.45,6,9.72,74.77,47.58,11900.22,18447.46,12.66,4.54,7.89
902919,90796.86,7571.68,7.05,20204.24,27298.39,4872.66,15.2,5,751.34,3,0.0,94.08,25.84,17072.35,12752.3,10.96,5.65,7.84
902920,79097.78,6683.58,9.37,16442.14,23778.83,3817.12,19.39,6,537.36,8,16.27,81.04,45.04,23406.97,14317.38,14.88,6.78,9.94
902921,63392.78,5173.92,5.66,14130.98,27730.35,3001.99,26.69,3,702.83,6,7.39,97.06,35.09,21549.73,7547.02,9.09,5.76,6.17
902922,81509.28,6751.46,3.67,21885.93,32889.31,6216.1,25.47,8,706.47,4,6.12,98.54,23.34,27539.91,19765.91,25.41,10.68,16.31
902923,59944.46,5013.64,2.24,12278.21,23003.33,8310.21,35.61,4,609.61,4,8.23,81.58,57.01,8705.94,3137.19,10.12,8.07,7.27
902924,106037.72,8807.27,5.85,19348.9,13198.96,6703.08,36.24,6,687.98,6,14.71,84.66,25.92,27152.04,18300.34,13.16,9.77,11.59
902925,56002.32,4618.35,1.54,10152.96,21388.97,5074.86,32.06,6,768.2,2,9.2,90.1,41.47,14072.89,0.0,5.77,3.78,5.01
902926,26012.68,2168.55,-0.65,6234.74,57680.92,12121.77,35.27,2,482.76,5,9.28,79.57,53.32,8856.32,9232.1,7.79,3.59,6.65
902927,116926.94,9519.95,8.1,29906.12,20905.28,2477.54,16.63,7,783.71,0,0.0,92.09,23.0,30987.41,26133.29,17.62,6.38,13.9
902928,73187.67,5996.67,3.24,16622.62,32808.38,5218.4,34.46,4,503.61,10,8.23,76.83,30.88,6122.2,8571.31,0.5,1.47,0.55
902929,50175.88,4267.63,-1.15,10113.32,46261.81,11195.22,38.71,2,562.89,8,8.72,86.24,50.65,19714.05,10818.42,16.05,7.87,9.92
902930,114771.03,9570.68,10.81,28973.18,16766.0,3114.73,20.37,5,808.75,2,4.73,100.0,27.63,29442.04,19167.18,15.18,7.9,13.47
902931,43052.98,3617.24,3.39,8711.37,47600.1,7008.04,32.31,7,560.75,8,11.01,84.6,61.36,29201.87,16224.82,22.2,11.31,11.09
902932,90000.08,7401.82,1.84,14255.46,30409.0,8393.8,39.52,5,366.05,11,22.91,58.38,64.35,10331.25,7385.07,12.44,8.81,4.72
902933,87633.52,7309.92,2.2,21450.32,16981.01,4407.51,22.4,6,850.0,0,0.0,100.0,25.57,17942.6,9230.52,6.96,4.4,7.59
902934,83273.84,6980.04,5.25,16574.93,22488.83,5384.61,36.5,6,736.43,3,3.51,92.4,40.85,25818.97,21103.22,17.64,9.38,10.52
902935,73589.28,6090.33,3.31,15868.63,34112.81,7154.75,34.42,5,708.46,5,2.74,87.8,38.16,25668.47,12414.77,13.99,6.78,6.91
902936,15000.0,1254.99,-2.61,2545.0,59610.79,12813.76,57.34,3,307.9,9,21.4,64.46,80.23,3523.76,0.0,2.17,1.35,0.0
902937,61535.83,5127.29,1.96,12793.72,28318.9,5449.33,44.91,5,574.55,4,8.2,84.54,51.77,12963.48,6742.54,7.97,7.02,9.57
902938,69761.71,5801.42,1.98,1620.89,24905.14,7075.58,34.93,8,657.66,3,10.55,84.16,41.57,22140.59,12029.65,16.95,6.99,7.91
902939,94017.8,7720.53,8.06,27961.19,34759.1,6979.55,20.85,8,722.7,2,0.0,100.0,38.61,26352.38,15331.88,12.84,8.73,10.81
902940,47962.25,4000.0,2.23,9117.51,56639.79,10332.66,35.24,4,459.86,8,9.13,75.13,69.6,8015.46,1846.02,8.37,5.71,4.07
902941,52325.12,4330.97,-0.1,15265.56,49674.38,11696.33,33.63,7,542.94,6,6.11,78.46,48.63,21557.47,15782.62,13.88,8.71,9.22
902942,92173.74,7819.54,5.91,25304.56,16226.8,1718.97,21.35,5,783.75,0,3.34,100.0,33.71,15857.02,11158.57,4.66,1.75,5.91
902943,58857.07,4859.79,1.17,1088.0,62185.69,8230.51,47.83,8,654.95,5,8.86,85.32,54.9,27296.14,11825.35,16.67,9.95,7.01
902944,77021.7,6367.65,5.42,12251.55,42661.25,7758.32,29.2,7,509.89,5,9.82,84.22,46.81,21781.85,4679.3,13.2,6.57,9.97
902945,38563.6,3213.12,1.5,542.82,55279.49,11362.04,41.53,5,530.73,8,13.12,75.7,67.86,15146.7,12546.38,16.84,8.39,6.84
902946,55329.39,4578.37,1.23,5383.0,62840.63,10353.68,41.52,8,704.76,6,8.58,85.47,56.91,17574.64,12732.35,19.04,7.48,9.53
902947,37574.93,3132.91,-0.07,12312.06,47111.69,11710.62,48.68,6,759.44,2,2.14,100.0,52.52,15210.82,10364.06,10.42,8.77,9.1
902948,86078.76,7164.41,4.74,24512.85,1840.95,2239.11,22.98,6,690.41,1,1.62,89.58,41.13,21932.78,15629.1,13.73,5.78,9.17
902949,72173.56,6054.36,10.52,19443.46,34099.39,4394.14,29.16,7,559.27,6,3.45,82.79,46.14,17021.21,5626.63,8.52,5.18,7.24
902950,56787.19,4739.35,5.99,16631.19,31551.83,8432.41,31.63,3,611.59,2,11.0,82.86,46.27,5438.41,7149.8,0.5,2.22,7.53
902951,83243.27,6998.95,2.84,16929.41,20067.99,4883.18,25.56,6,847.76,1,8.43,96.77,17.15,20859.65,11689.09,12.35,6.17,9.39
902952,92864.28,7793.19,5.11,20193.77,23093.06,3737.04,21.91,6,628.58,4,9.12,78.94,48.06,22316.68,15131.15,14.78,10.15,16.84
902953,53387.37,4478.11,5.34,8992.05,22198.71,4959.75,24.1,5,675.74,3,9.25,87.43,62.14,4435.31,737.05,2.56,3.99,2.35
902954,69188.67,5756.47,4.41,18444.2,39869.11,5386.15,29.31,6,735.22,5,5.32,99.07,44.59,25281.48,15600.47,16.49,9.63,14.16
902955,90510.94,7605.42,3.1,21218.68,32786.91,5492.03,34.1,6,684.39,0,6.32,91.5,47.95,20102.13,16379.85,12.79,7.23,6.82
902956,88993.01,7344.94,6.07,21282.51,20827.17,7439.55,20.92,7,681.85,6,6.38,91.55,35.86,21366.32,13366.11,14.18,5.27,6.87
902957,85970.98,7153.31,5.12,19520.21,26642.01,6004.81,25.85,3,670.93,5,7.3,88.46,42.55,18002.19,5974.94,2.5,2.04,5.83
902958,59647.66,4982.4,1.38,22314.95,42051.57,4749.28,24.63,6,787.41,1,0.0,99.17,39.9,17807.36,17900.93,12.41,7.55,4.97
902959,54617.23,4531.67,5.63,9163.36,54636.09,6292.86,37.58,5,701.37,4,2.88,77.76,47.58,19480.0,11366.08,16.72,7.12,9.01
902960,132106.03,11035.6,9.1,29300.13,0.0,0.0,4.31,6,651.2,6,5.81,89.03,27.77,27705.78,17274.19,8.01,4.0,5.92
902961,64754.72,5395.41,2.58,10701.53,35843.78,3156.79,28.33,4,663.04,0,4.2,93.56,50.77,11021.08,6477.63,0.5,4.14,7.67
902962,55557.02,4659.98,2.79,13893.04,35111.62,8058.42,40.73,6,626.27,4,6.97,89.93,52.62,18617.89,15396.98,12.83,6.34,6.66
902963,67756.2,5595.37,3.65,9633.55,33875.74,6410.63,40.61,3,524.8,7,9.22,81.23,62.41,13681.95,4172.96,12.26,6.3,7.14
902964,37352.98,3146.39,1.92,10444.21,44237.27,9632.77,45.48,6,797.03,0,1.02,100.0,43.51,18272.21,8958.35,11.49,6.63,8.63
902965,68817.58,5700.45,3.69,10253.85,25087.87,3605.32,28.83,3,506.62,9,9.94,71.94,42.15,7690.28,293.33,1.41,0.58,1.26
902966,49781.75,4126.4,3.52,7994.18,43148.65,9588.19,33.3,6,558.1,4,9.47,76.26,47.66,12986.98,12342.33,13.07,7.23,6.79
902967,47239.22,3977.49,4.44,10805.29,32479.14,9438.74,41.96,5,850.0,0,0.0,100.0,35.42,16463.27,18426.95,17.5,7.98,10.83
902968,84053.29,7040.47,6.06,17150.8,39616.37,7755.47,28.48,7,664.64,5,13.3,91.37,48.75,19005.45,9890.57,11.38,6.62,7.84
902969,89604.91,7336.87,1.73,15521.69,24932.61,5145.66,26.51,5,693.46,4,8.2,79.68,42.38,11072.02,9362.97,7.75,3.59,7.06
902970,27314.57,2254.08,4.95,6749.96,44183.01,10349.93,42.65,8,618.69,3,9.87,79.58,45.62,25113.49,17886.14,23.78,11.24,15.14
902971,57751.78,4764.8,0.99,20707.29,29694.78,7189.57,35.32,6,541.41,5,4.28,83.72,52.53,16957.08,10276.71,9.85,4.69,2.62
902972,17687.69,1461.33,2.42,4818.7,80012.2,10368.09,49.46,6,623.97,4,9.66,86.85,82.4,20997.19,7163.63,19.06,7.77,8.34
902973,30922.56,2607.06,1.83,6054.67,70952.64,11286.22,44.55,7,516.46,8,12.38,80.17,49.31,16128.44,2391.77,11.66,6.96,3.85
902974,76814.86,6395.58,2.86,15142.41,28036.98,3322.5,31.69,4,600.32,5,10.94,83.42,44.96,20322.53,12351.11,11.25,5.23,9.07
902975,45868.8,3802.51,4.08,5516.8,50431.81,10990.56,39.93,3,556.57,3,14.7,70.88,55.31,15119.83,6472.84,4.41,4.37,3.91
902976,57420.82,4742.16,4.45,21629.21,36274.39,6858.06,32.67,6,833.06,1,2.93,100.0,42.58,31213.24,18827.8,18.06,11.67,10.25
902977,59668.28,4977.51,5.19,12915.2,37433.32,5002.66,41.23,3,672.36,5,3.55,88.43,37.87,14112.19,7878.22,8.9,3.38,7.85
902978,35938.59,2966.65,3.91,6333.11,45376.58,9608.9,28.4,5,577.37,7,7.04,88.37,57.99,9070.03,6931.81,9.18,2.98,5.41
902979,62528.6,5139.31,1.65,14183.29,40887.37,7394.4,39.38,6,671.21,5,11.88,85.65,60.71,19482.41,17764.08,18.03,10.51,9.32
902980,78526.79,6585.7,3.06,9495.96,38042.13,5076.67,32.79,7,554.12,6,7.28,86.98,45.52,14845.06,5281.02,11.29,6.87,4.69
902981,65900.19,5580.84,2.5,17931.93,16086.6,9313.78,39.46,4,473.7,7,11.8,78.07,41.48,18112.15,6279.33,8.69,5.82,3.44
902982,62080.37,5150.89,3.41,19444.79,34506.36,8977.22,33.36,8,639.98,7,9.12,79.52,47.75,22420.33,2222.29,9.77,6.59,4.4
902983,61059.1,5042.9,5.34,19721.79,35805.52,5891.97,38.32,4,804.64,0,6.16,100.0,39.37,10262.12,5094.2,7.72,4.27,6.96
902984,56575.82,4692.91,0.32,11522.85,45718.33,8408.37,42.94,6,727.39,1,2.74,100.0,43.49,11789.0,6686.8,11.17,6.82,3.25
902985,30626.47,2554.74,2.21,6788.47,48002.21,10573.48,40.87,7,762.41,0,0.0,100.0,50.98,13193.21,74.45,4.13,5.84,0.0
902986,86474.85,7288.3,5.97,24785.43,6342.11,3487.62,23.89,5,850.0,0,0.0,100.0,19.9,26062.04,20235.45,18.61,8.61,9.35
902987,106585.66,8938.14,2.79,21332.33,11900.06,6612.09,18.78,5,486.95,8,13.12,66.08,33.01,17294.67,8974.2,3.7,1.22,7.86
902988,18546.11,1535.76,-0.58,1567.49,63640.35,11477.74,51.97,5,522.88,7,11.65,74.77,69.91,15652.25,3515.44,8.2,7.03,6.29
902989,68422.21,5705.72,5.16,15134.64,49746.36,7540.76,29.18,3,738.01,4,3.33,100.0,34.06,23436.7,15144.56,19.35,8.83,7.57
902990,43442.98,3580.71,1.38,6027.67,22236.05,8903.75,32.63,3,425.88,8,17.51,70.24,74.06,6177.98,234.29,0.5,1.34,5.53
902991,65527.1,5508.05,2.91,7918.55,54042.91,8648.82,50.71,7,611.66,2,5.88,89.32,37.45,17871.74,20692.51,16.3,9.59,5.16
902992,61250.69,5079.36,3.51,16226.97,43563.72,4539.47,25.11,4,532.64,4,3.79,94.22,44.62,14389.91,8248.96,10.14,5.71,4.77
902993,84713.28,7155.82,2.9,21346.45,34311.77,7078.54,27.47,7,603.37,3,11.18,91.13,38.08,31553.26,16916.13,23.66,12.38,12.93
902994,108690.87,9055.97,5.41,23202.06,12151.42,3457.64,19.81,7,678.74,5,13.02,89.39,24.09,22334.23,16443.24,12.85,5.61,9.37
902995,37777.99,3128.25,2.31,7010.75,51732.61,8130.11,37.72,5,628.3,5,9.0,89.81,43.13,9703.14,5643.04,11.01,6.14,2.77
902996,92065.25,7626.34,5.38,18720.55,46168.71,7446.41,28.62,7,727.59,0,6.99,97.71,41.35,29321.8,22667.1,23.68,11.47,14.43
902997,55663.99,4565.86,0.89,7400.36,35722.55,8230.37,33.6,4,657.87,4,5.66,88.43,38.74,18648.79,11380.72,12.53,7.12,6.89
902998,71715.43,5997.36,1.73,13438.31,37419.79,6513.51,37.55,5,456.88,8,8.11,83.52,56.85,10586.87,7364.31,4.7,3.59,3.54
902999,82086.22,6845.34,4.34,3609.85,64276.41,6242.82,35.02,9,546.96,7,14.14,80.77,44.86,32371.88,20460.82,27.12,15.99,18.98
903000,59159.9,4978.72,2.41,9315.16,48093.51,5929.36,30.62,6,640.5,5,3.38,89.85,27.21,13530.34,13064.47,7.82,6.17,5.87
