Customer_ID,Product_ID,Product_Name,Rating
CUST0001,P001,Basic Checking,4
CUST0001,P008,Youth Savings,4
CUST0001,P021,Used Auto Loan,2
CUST0001,P023,30-Year Fixed Mortgage,3
CUST0001,P027,FHA Mortgage,3
CUST0001,P028,Home Equity Loan,3
CUST0001,P034,CD 60-Month,3
CUST0001,P040,Life Insurance,3
CUST0002,P002,Student Checking,3
CUST0002,P004,Senior Checking,4
CUST0002,P006,Basic Savings,4
CUST0002,P007,High-Yield Savings,4
CUST0002,P008,Youth Savings,4
CUST0002,P015,Secured Credit Card,3
CUST0002,P016,Business Credit Card,3
CUST0002,P022,Auto Refinance Loan,2
CUST0002,P024,15-Year Fixed Mortgage,2
CUST0002,P025,ARM Mortgage,3
CUST0002,P034,CD 60-Month,4
CUST0002,P037,Brokerage Account,4
CUST0002,P038,Retirement IRA,4
CUST0003,P002,Student Checking,3
CUST0003,P005,Business Checking,3
CUST0003,P006,Basic Savings,5
CUST0003,P007,High-Yield Savings,4
CUST0003,P008,Youth Savings,4
CUST0003,P015,Secured Credit Card,2
CUST0003,P019,Debt Consolidation Loan,2
CUST0003,P024,15-Year Fixed Mortgage,2
CUST0003,P029,HELOC,3
CUST0003,P030,CD 3-Month,5
CUST0003,P032,CD 12-Month,5
CUST0003,P034,CD 60-Month,5
CUST0003,P036,Robo-Advisor Portfolio,4
CUST0003,P038,Retirement IRA,4
CUST0004,P004,Senior Checking,3
CUST0004,P008,Youth Savings,3
CUST0004,P011,Cashback Card,4
CUST0004,P012,Travel Rewards Card,4
CUST0004,P013,Premium Travel Card,4
CUST0004,P015,Secured Credit Card,4
CUST0004,P016,Business Credit Card,3
CUST0004,P017,Personal Loan - Unsecured,2
CUST0004,P020,New Auto Loan,3
CUST0004,P025,ARM Mortgage,2
CUST0004,P029,HELOC,1
CUST0004,P030,CD 3-Month,3
CUST0004,P033,CD 24-Month,2
CUST0004,P036,Robo-Advisor Portfolio,3
CUST0004,P041,Auto Insurance,1
CUST0005,P001,Basic Checking,3
CUST0005,P002,Student Checking,3
CUST0005,P007,High-Yield Savings,5
CUST0005,P008,Youth Savings,3
CUST0005,P009,Holiday Club Savings,3
CUST0005,P010,Basic Rewards Card,3
CUST0005,P012,Travel Rewards Card,2
CUST0005,P016,Business Credit Card,2
CUST0005,P018,Personal Loan - Secured,2
CUST0005,P030,CD 3-Month,5
CUST0005,P033,CD 24-Month,5
CUST0005,P034,CD 60-Month,4
CUST0005,P035,IRA CD,4
CUST0005,P036,Robo-Advisor Portfolio,4
CUST0005,P039,529 College Savings,3
CUST0005,P040,Life Insurance,3
CUST0006,P006,Basic Savings,3
CUST0006,P008,Youth Savings,3
CUST0006,P009,Holiday Club Savings,3
CUST0006,P010,Basic Rewards Card,3
CUST0006,P012,Travel Rewards Card,4
CUST0006,P014,Student Credit Card,3
CUST0006,P018,Personal Loan - Secured,3
CUST0006,P020,New Auto Loan,3
CUST0006,P024,15-Year Fixed Mortgage,3
CUST0006,P025,ARM Mortgage,2
CUST0006,P027,FHA Mortgage,4
CUST0006,P030,CD 3-Month,2
CUST0006,P031,CD 6-Month,2
CUST0006,P034,CD 60-Month,3
CUST0006,P036,Robo-Advisor Portfolio,3
CUST0006,P039,529 College Savings,2
CUST0007,P003,Premium Checking,4
CUST0007,P004,Senior Checking,4
CUST0007,P008,Youth Savings,2
CUST0007,P009,Holiday Club Savings,2
CUST0007,P011,Cashback Card,5
CUST0007,P013,Premium Travel Card,3
CUST0007,P015,Secured Credit Card,4
CUST0007,P016,Business Credit Card,4
CUST0007,P017,Personal Loan - Unsecured,5
CUST0007,P019,Debt Consolidation Loan,4
CUST0007,P020,New Auto Loan,4
CUST0007,P021,Used Auto Loan,5
CUST0007,P023,30-Year Fixed Mortgage,4
CUST0007,P026,Jumbo Mortgage,4
CUST0007,P027,FHA Mortgage,2
CUST0007,P030,CD 3-Month,2
CUST0007,P032,CD 12-Month,1
CUST0007,P036,Robo-Advisor Portfolio,2
CUST0007,P037,Brokerage Account,1
CUST0008,P001,Basic Checking,4
CUST0008,P003,Premium Checking,4
CUST0008,P004,Senior Checking,4
CUST0008,P007,High-Yield Savings,5
CUST0008,P009,Holiday Club Savings,4
CUST0008,P010,Basic Rewards Card,4
CUST0008,P011,Cashback Card,3
CUST0008,P012,Travel Rewards Card,5
CUST0008,P013,Premium Travel Card,4
CUST0008,P014,Student Credit Card,3
CUST0008,P018,Personal Loan - Secured,3
CUST0008,P020,New Auto Loan,2
CUST0008,P025,ARM Mortgage,2
CUST0008,P029,HELOC,1
CUST0008,P031,CD 6-Month,2
CUST0008,P032,CD 12-Month,2
CUST0008,P034,CD 60-Month,2
CUST0008,P037,Brokerage Account,3
CUST0008,P041,Auto Insurance,2
CUST0009,P002,Student Checking,4
CUST0009,P004,Senior Checking,4
CUST0009,P005,Business Checking,3
CUST0009,P007,High-Yield Savings,4
CUST0009,P011,Cashback Card,4
CUST0009,P013,Premium Travel Card,3
CUST0009,P020,New Auto Loan,2
CUST0009,P021,Used Auto Loan,2
CUST0009,P023,30-Year Fixed Mortgage,3
CUST0009,P024,15-Year Fixed Mortgage,2
CUST0009,P028,Home Equity Loan,3
CUST0009,P034,CD 60-Month,3
CUST0009,P036,Robo-Advisor Portfolio,2
CUST0009,P039,529 College Savings,3
CUST0009,P041,Auto Insurance,4
CUST0010,P005,Business Checking,3
CUST0010,P006,Basic Savings,4
CUST0010,P008,Youth Savings,5
CUST0010,P009,Holiday Club Savings,4
CUST0010,P011,Cashback Card,3
CUST0010,P013,Premium Travel Card,2
CUST0010,P022,Auto Refinance Loan,2
CUST0010,P026,Jumbo Mortgage,3
CUST0010,P031,CD 6-Month,5
CUST0010,P033,CD 24-Month,4
CUST0010,P037,Brokerage Account,3
CUST0010,P041,Auto Insurance,3
CUST0011,P003,Premium Checking,5
CUST0011,P005,Business Checking,4
CUST0011,P006,Basic Savings,3
CUST0011,P007,High-Yield Savings,4
CUST0011,P009,Holiday Club Savings,4
CUST0011,P012,Travel Rewards Card,4
CUST0011,P013,Premium Travel Card,4
CUST0011,P015,Secured Credit Card,4
CUST0011,P018,Personal Loan - Secured,3
CUST0011,P022,Auto Refinance Loan,3
CUST0011,P025,ARM Mortgage,1
CUST0011,P028,Home Equity Loan,1
CUST0012,P002,Student Checking,4
CUST0012,P004,Senior Checking,3
CUST0012,P007,High-Yield Savings,4
CUST0012,P008,Youth Savings,4
CUST0012,P012,Travel Rewards Card,3
CUST0012,P013,Premium Travel Card,3
CUST0012,P014,Student Credit Card,2
CUST0012,P018,Personal Loan - Secured,1
CUST0012,P022,Auto Refinance Loan,2
CUST0012,P023,30-Year Fixed Mortgage,4
CUST0012,P027,FHA Mortgage,3
CUST0012,P029,HELOC,3
CUST0012,P030,CD 3-Month,5
CUST0012,P032,CD 12-Month,5
CUST0012,P033,CD 24-Month,5
CUST0012,P034,CD 60-Month,4
CUST0012,P035,IRA CD,4
CUST0012,P039,529 College Savings,3
CUST0012,P040,Life Insurance,3
CUST0013,P001,Basic Checking,4
CUST0013,P002,Student Checking,3
CUST0013,P009,Holiday Club Savings,4
CUST0013,P012,Travel Rewards Card,3
CUST0013,P013,Premium Travel Card,3
CUST0013,P015,Secured Credit Card,3
CUST0013,P016,Business Credit Card,4
CUST0013,P021,Used Auto Loan,3
CUST0013,P022,Auto Refinance Loan,2
CUST0013,P023,30-Year Fixed Mortgage,2
CUST0013,P028,Home Equity Loan,2
CUST0013,P029,HELOC,3
CUST0013,P030,CD 3-Month,2
CUST0013,P031,CD 6-Month,3
CUST0013,P034,CD 60-Month,4
CUST0014,P003,Premium Checking,4
CUST0014,P011,Cashback Card,4
CUST0014,P012,Travel Rewards Card,4
CUST0014,P014,Student Credit Card,3
CUST0014,P017,Personal Loan - Unsecured,3
CUST0014,P033,CD 24-Month,2
CUST0014,P036,Robo-Advisor Portfolio,3
CUST0015,P001,Basic Checking,3
CUST0015,P005,Business Checking,3
CUST0015,P008,Youth Savings,4
CUST0015,P011,Cashback Card,4
CUST0015,P015,Secured Credit Card,4
CUST0015,P017,Personal Loan - Unsecured,3
CUST0015,P018,Personal Loan - Secured,2
CUST0015,P034,CD 60-Month,3
CUST0015,P035,IRA CD,3
CUST0015,P039,529 College Savings,3
CUST0016,P002,Student Checking,3
CUST0016,P003,Premium Checking,4
CUST0016,P004,Senior Checking,3
CUST0016,P006,Basic Savings,5
CUST0016,P007,High-Yield Savings,4
CUST0016,P011,Cashback Card,3
CUST0016,P016,Business Credit Card,2
CUST0016,P029,HELOC,2
CUST0016,P030,CD 3-Month,4
CUST0016,P034,CD 60-Month,5
CUST0016,P035,IRA CD,4
CUST0016,P036,Robo-Advisor Portfolio,4
CUST0016,P038,Retirement IRA,4
CUST0016,P040,Life Insurance,3
CUST0017,P001,Basic Checking,4
CUST0017,P002,Student Checking,4
CUST0017,P004,Senior Checking,5
CUST0017,P010,Basic Rewards Card,5
CUST0017,P011,Cashback Card,4
CUST0017,P012,Travel Rewards Card,5
CUST0017,P013,Premium Travel Card,4
CUST0017,P016,Business Credit Card,5
CUST0017,P017,Personal Loan - Unsecured,2
CUST0017,P018,Personal Loan - Secured,1
CUST0017,P021,Used Auto Loan,3
CUST0017,P024,15-Year Fixed Mortgage,3
CUST0017,P032,CD 12-Month,3
CUST0017,P034,CD 60-Month,3
CUST0017,P036,Robo-Advisor Portfolio,5
CUST0017,P037,Brokerage Account,4
CUST0017,P038,Retirement IRA,4
CUST0017,P039,529 College Savings,4
CUST0017,P040,Life Insurance,4
CUST0017,P041,Auto Insurance,4
CUST0018,P001,Basic Checking,5
CUST0018,P002,Student Checking,4
CUST0018,P003,Premium Checking,5
CUST0018,P004,Senior Checking,4
CUST0018,P005,Business Checking,5
CUST0018,P007,High-Yield Savings,3
CUST0018,P013,Premium Travel Card,3
CUST0018,P014,Student Credit Card,4
CUST0018,P015,Secured Credit Card,4
CUST0018,P017,Personal Loan - Unsecured,3
CUST0018,P023,30-Year Fixed Mortgage,1
CUST0018,P026,Jumbo Mortgage,1
CUST0018,P033,CD 24-Month,2
CUST0018,P038,Retirement IRA,3
CUST0018,P040,Life Insurance,2
CUST0019,P001,Basic Checking,3
CUST0019,P004,Senior Checking,4
CUST0019,P005,Business Checking,3
CUST0019,P011,Cashback Card,4
CUST0019,P012,Travel Rewards Card,3
CUST0019,P014,Student Credit Card,3
CUST0019,P020,New Auto Loan,2
CUST0019,P025,ARM Mortgage,3
CUST0019,P036,Robo-Advisor Portfolio,3
CUST0019,P037,Brokerage Account,3
CUST0020,P006,Basic Savings,4
CUST0020,P007,High-Yield Savings,3
CUST0020,P009,Holiday Club Savings,4
CUST0020,P010,Basic Rewards Card,4
CUST0020,P011,Cashback Card,5
CUST0020,P021,Used Auto Loan,2
CUST0020,P028,Home Equity Loan,4
CUST0020,P029,HELOC,4
CUST0020,P030,CD 3-Month,3
CUST0020,P032,CD 12-Month,4
CUST0020,P036,Robo-Advisor Portfolio,5
CUST0020,P038,Retirement IRA,4
CUST0021,P003,Premium Checking,4
CUST0021,P005,Business Checking,3
CUST0021,P016,Business Credit Card,4
CUST0021,P018,Personal Loan - Secured,4
CUST0021,P022,Auto Refinance Loan,3
CUST0021,P024,15-Year Fixed Mortgage,4
CUST0021,P025,ARM Mortgage,3
CUST0021,P027,FHA Mortgage,2
CUST0021,P028,Home Equity Loan,3
CUST0021,P029,HELOC,3
CUST0021,P030,CD 3-Month,2
CUST0021,P033,CD 24-Month,1
CUST0021,P036,Robo-Advisor Portfolio,2
CUST0021,P038,Retirement IRA,1
CUST0022,P004,Senior Checking,3
CUST0022,P006,Basic Savings,5
CUST0022,P008,Youth Savings,4
CUST0022,P010,Basic Rewards Card,2
CUST0022,P012,Travel Rewards Card,2
CUST0022,P014,Student Credit Card,3
CUST0022,P020,New Auto Loan,2
CUST0022,P021,Used Auto Loan,2
CUST0022,P023,30-Year Fixed Mortgage,3
CUST0022,P024,15-Year Fixed Mortgage,2
CUST0022,P030,CD 3-Month,5
CUST0022,P031,CD 6-Month,4
CUST0022,P032,CD 12-Month,5
CUST0022,P033,CD 24-Month,4
CUST0022,P037,Brokerage Account,4
CUST0022,P040,Life Insurance,4
CUST0023,P001,Basic Checking,4
CUST0023,P002,Student Checking,4
CUST0023,P003,Premium Checking,3
CUST0023,P007,High-Yield Savings,2
CUST0023,P010,Basic Rewards Card,3
CUST0023,P012,Travel Rewards Card,4
CUST0023,P013,Premium Travel Card,3
CUST0023,P015,Secured Credit Card,3
CUST0023,P016,Business Credit Card,3
CUST0023,P017,Personal Loan - Unsecured,5
CUST0023,P021,Used Auto Loan,5
CUST0023,P023,30-Year Fixed Mortgage,3
CUST0023,P029,HELOC,3
CUST0023,P032,CD 12-Month,2
CUST0023,P034,CD 60-Month,1
CUST0023,P035,IRA CD,1
CUST0023,P038,Retirement IRA,1
CUST0024,P001,Basic Checking,5
CUST0024,P002,Student Checking,5
CUST0024,P005,Business Checking,3
CUST0024,P006,Basic Savings,3
CUST0024,P007,High-Yield Savings,4
CUST0024,P008,Youth Savings,4
CUST0024,P010,Basic Rewards Card,4
CUST0024,P011,Cashback Card,3
CUST0024,P014,Student Credit Card,4
CUST0024,P019,Debt Consolidation Loan,2
CUST0024,P021,Used Auto Loan,2
CUST0024,P025,ARM Mortgage,2
CUST0024,P028,Home Equity Loan,2
CUST0024,P034,CD 60-Month,2
CUST0024,P035,IRA CD,2
CUST0024,P036,Robo-Advisor Portfolio,3
CUST0024,P039,529 College Savings,2
CUST0024,P041,Auto Insurance,2
CUST0025,P001,Basic Checking,4
CUST0025,P002,Student Checking,4
CUST0025,P004,Senior Checking,4
CUST0025,P005,Business Checking,4
CUST0025,P008,Youth Savings,3
CUST0025,P010,Basic Rewards Card,4
CUST0025,P012,Travel Rewards Card,5
CUST0025,P014,Student Credit Card,4
CUST0025,P016,Business Credit Card,4
CUST0025,P021,Used Auto Loan,2
CUST0025,P023,30-Year Fixed Mortgage,4
CUST0025,P024,15-Year Fixed Mortgage,4
CUST0025,P025,ARM Mortgage,5
CUST0025,P026,Jumbo Mortgage,4
CUST0025,P028,Home Equity Loan,4
CUST0025,P029,HELOC,5
CUST0025,P035,IRA CD,3
CUST0025,P037,Brokerage Account,5
CUST0025,P038,Retirement IRA,5
CUST0025,P040,Life Insurance,4
CUST0026,P008,Youth Savings,2
CUST0026,P010,Basic Rewards Card,4
CUST0026,P015,Secured Credit Card,4
CUST0026,P017,Personal Loan - Unsecured,5
CUST0026,P019,Debt Consolidation Loan,5
CUST0026,P020,New Auto Loan,4
CUST0026,P023,30-Year Fixed Mortgage,4
CUST0026,P028,Home Equity Loan,4
CUST0026,P032,CD 12-Month,1
CUST0026,P037,Brokerage Account,1
CUST0027,P001,Basic Checking,4
CUST0027,P004,Senior Checking,4
CUST0027,P006,Basic Savings,3
CUST0027,P007,High-Yield Savings,3
CUST0027,P011,Cashback Card,3
CUST0027,P013,Premium Travel Card,4
CUST0027,P016,Business Credit Card,3
CUST0027,P017,Personal Loan - Unsecured,3
CUST0027,P021,Used Auto Loan,3
CUST0027,P022,Auto Refinance Loan,2
CUST0027,P025,ARM Mortgage,3
CUST0027,P026,Jumbo Mortgage,3
CUST0027,P027,FHA Mortgage,3
CUST0027,P032,CD 12-Month,3
CUST0027,P036,Robo-Advisor Portfolio,2
CUST0027,P038,Retirement IRA,2
CUST0027,P039,529 College Savings,3
CUST0028,P003,Premium Checking,4
CUST0028,P005,Business Checking,3
CUST0028,P006,Basic Savings,5
CUST0028,P007,High-Yield Savings,4
CUST0028,P009,Holiday Club Savings,4
CUST0028,P011,Cashback Card,3
CUST0028,P012,Travel Rewards Card,3
CUST0028,P013,Premium Travel Card,3
CUST0028,P023,30-Year Fixed Mortgage,2
CUST0028,P028,Home Equity Loan,2
CUST0028,P032,CD 12-Month,5
CUST0029,P002,Student Checking,3
CUST0029,P003,Premium Checking,3
CUST0029,P008,Youth Savings,3
CUST0029,P013,Premium Travel Card,3
CUST0029,P014,Student Credit Card,3
CUST0029,P018,Personal Loan - Secured,5
CUST0029,P022,Auto Refinance Loan,4
CUST0029,P023,30-Year Fixed Mortgage,3
CUST0029,P025,ARM Mortgage,3
CUST0030,P002,Student Checking,5
CUST0030,P004,Senior Checking,5
CUST0030,P005,Business Checking,4
CUST0030,P007,High-Yield Savings,3
CUST0030,P009,Holiday Club Savings,4
CUST0030,P010,Basic Rewards Card,4
CUST0030,P013,Premium Travel Card,4
CUST0030,P019,Debt Consolidation Loan,3
CUST0030,P020,New Auto Loan,3
CUST0030,P021,Used Auto Loan,2
CUST0030,P022,Auto Refinance Loan,3
CUST0030,P025,ARM Mortgage,1
CUST0030,P028,Home Equity Loan,1
CUST0030,P033,CD 24-Month,2
CUST0030,P035,IRA CD,2
CUST0030,P036,Robo-Advisor Portfolio,2
CUST0030,P038,Retirement IRA,3
CUST0030,P040,Life Insurance,2
CUST0030,P041,Auto Insurance,2
CUST0031,P001,Basic Checking,3
CUST0031,P004,Senior Checking,4
CUST0031,P005,Business Checking,4
CUST0031,P007,High-Yield Savings,3
CUST0031,P010,Basic Rewards Card,4
CUST0031,P016,Business Credit Card,3
CUST0031,P017,Personal Loan - Unsecured,3
CUST0031,P018,Personal Loan - Secured,2
CUST0031,P023,30-Year Fixed Mortgage,3
CUST0031,P024,15-Year Fixed Mortgage,3
CUST0031,P027,FHA Mortgage,3
CUST0032,P002,Student Checking,4
CUST0032,P003,Premium Checking,5
CUST0032,P005,Business Checking,4
CUST0032,P006,Basic Savings,5
CUST0032,P007,High-Yield Savings,4
CUST0032,P008,Youth Savings,3
CUST0032,P010,Basic Rewards Card,4
CUST0032,P012,Travel Rewards Card,4
CUST0032,P013,Premium Travel Card,4
CUST0032,P015,Secured Credit Card,4
CUST0032,P017,Personal Loan - Unsecured,3
CUST0032,P019,Debt Consolidation Loan,4
CUST0032,P020,New Auto Loan,3
CUST0032,P026,Jumbo Mortgage,1
CUST0032,P031,CD 6-Month,1
CUST0032,P033,CD 24-Month,2
CUST0032,P036,Robo-Advisor Portfolio,4
CUST0032,P037,Brokerage Account,3
CUST0033,P002,Student Checking,3
CUST0033,P004,Senior Checking,3
CUST0033,P005,Business Checking,3
CUST0033,P006,Basic Savings,4
CUST0033,P008,Youth Savings,5
CUST0033,P011,Cashback Card,3
CUST0033,P012,Travel Rewards Card,3
CUST0033,P013,Premium Travel Card,3
CUST0033,P015,Secured Credit Card,2
CUST0033,P023,30-Year Fixed Mortgage,3
CUST0033,P026,Jumbo Mortgage,2
CUST0033,P027,FHA Mortgage,3
CUST0033,P028,Home Equity Loan,3
CUST0033,P031,CD 6-Month,4
CUST0033,P034,CD 60-Month,5
CUST0033,P035,IRA CD,5
CUST0033,P037,Brokerage Account,4
CUST0034,P001,Basic Checking,3
CUST0034,P004,Senior Checking,3
CUST0034,P012,Travel Rewards Card,3
CUST0034,P017,Personal Loan - Unsecured,3
CUST0034,P019,Debt Consolidation Loan,4
CUST0034,P022,Auto Refinance Loan,4
CUST0034,P025,ARM Mortgage,3
CUST0034,P027,FHA Mortgage,2
CUST0034,P028,Home Equity Loan,3
CUST0034,P030,CD 3-Month,2
CUST0034,P039,529 College Savings,1
CUST0035,P003,Premium Checking,3
CUST0035,P007,High-Yield Savings,5
CUST0035,P009,Holiday Club Savings,4
CUST0035,P014,Student Credit Card,3
CUST0035,P015,Secured Credit Card,2
CUST0035,P020,New Auto Loan,2
CUST0035,P023,30-Year Fixed Mortgage,2
CUST0035,P024,15-Year Fixed Mortgage,2
CUST0035,P028,Home Equity Loan,3
CUST0035,P030,CD 3-Month,4
CUST0035,P033,CD 24-Month,5
CUST0035,P034,CD 60-Month,5
CUST0035,P035,IRA CD,5
CUST0035,P036,Robo-Advisor Portfolio,4
CUST0035,P039,529 College Savings,4
CUST0035,P040,Life Insurance,3
CUST0036,P001,Basic Checking,4
CUST0036,P005,Business Checking,4
CUST0036,P008,Youth Savings,2
CUST0036,P009,Holiday Club Savings,2
CUST0036,P012,Travel Rewards Card,4
CUST0036,P015,Secured Credit Card,4
CUST0036,P017,Personal Loan - Unsecured,5
CUST0036,P019,Debt Consolidation Loan,4
CUST0036,P020,New Auto Loan,5
CUST0036,P027,FHA Mortgage,4
CUST0036,P028,Home Equity Loan,3
CUST0036,P037,Brokerage Account,1
CUST0036,P040,Life Insurance,3
CUST0037,P003,Premium Checking,4
CUST0037,P004,Senior Checking,4
CUST0037,P005,Business Checking,5
CUST0037,P009,Holiday Club Savings,4
CUST0037,P010,Basic Rewards Card,4
CUST0037,P011,Cashback Card,4
CUST0037,P012,Travel Rewards Card,4
CUST0037,P013,Premium Travel Card,4
CUST0037,P014,Student Credit Card,4
CUST0037,P017,Personal Loan - Unsecured,2
CUST0037,P019,Debt Consolidation Loan,2
CUST0037,P020,New Auto Loan,3
CUST0037,P025,ARM Mortgage,1
CUST0037,P032,CD 12-Month,3
CUST0037,P040,Life Insurance,2
CUST0038,P001,Basic Checking,4
CUST0038,P003,Premium Checking,4
CUST0038,P004,Senior Checking,4
CUST0038,P006,Basic Savings,5
CUST0038,P008,Youth Savings,4
CUST0038,P010,Basic Rewards Card,4
CUST0038,P011,Cashback Card,4
CUST0038,P013,Premium Travel Card,5
CUST0038,P014,Student Credit Card,5
CUST0038,P015,Secured Credit Card,4
CUST0038,P016,Business Credit Card,4
CUST0038,P017,Personal Loan - Unsecured,2
CUST0038,P020,New Auto Loan,3
CUST0038,P022,Auto Refinance Loan,2
CUST0038,P026,Jumbo Mortgage,1
CUST0038,P029,HELOC,1
CUST0038,P030,CD 3-Month,2
CUST0038,P032,CD 12-Month,2
CUST0038,P035,IRA CD,1
CUST0038,P037,Brokerage Account,2
CUST0038,P039,529 College Savings,3
CUST0039,P001,Basic Checking,2
CUST0039,P004,Senior Checking,2
CUST0039,P006,Basic Savings,5
CUST0039,P008,Youth Savings,4
CUST0039,P013,Premium Travel Card,3
CUST0039,P018,Personal Loan - Secured,1
CUST0039,P021,Used Auto Loan,2
CUST0039,P025,ARM Mortgage,3
CUST0039,P026,Jumbo Mortgage,2
CUST0039,P028,Home Equity Loan,4
CUST0039,P029,HELOC,3
CUST0039,P031,CD 6-Month,5
CUST0039,P032,CD 12-Month,5
CUST0039,P035,IRA CD,4
CUST0039,P036,Robo-Advisor Portfolio,4
CUST0040,P002,Student Checking,4
CUST0040,P007,High-Yield Savings,3
CUST0040,P008,Youth Savings,2
CUST0040,P009,Holiday Club Savings,2
CUST0040,P011,Cashback Card,4
CUST0040,P012,Travel Rewards Card,5
CUST0040,P014,Student Credit Card,5
CUST0040,P015,Secured Credit Card,4
CUST0040,P016,Business Credit Card,4
CUST0040,P018,Personal Loan - Secured,2
CUST0040,P023,30-Year Fixed Mortgage,5
CUST0040,P025,ARM Mortgage,5
CUST0040,P027,FHA Mortgage,4
CUST0040,P030,CD 3-Month,4
CUST0040,P033,CD 24-Month,3
CUST0040,P035,IRA CD,3
CUST0040,P038,Retirement IRA,4
CUST0040,P041,Auto Insurance,4
CUST0041,P001,Basic Checking,5
CUST0041,P002,Student Checking,4
CUST0041,P004,Senior Checking,3
CUST0041,P009,Holiday Club Savings,4
CUST0041,P010,Basic Rewards Card,4
CUST0041,P012,Travel Rewards Card,3
CUST0041,P014,Student Credit Card,5
CUST0041,P018,Personal Loan - Secured,3
CUST0041,P023,30-Year Fixed Mortgage,1
CUST0041,P025,ARM Mortgage,2
CUST0041,P026,Jumbo Mortgage,2
CUST0041,P027,FHA Mortgage,2
CUST0041,P039,529 College Savings,3
CUST0042,P002,Student Checking,4
CUST0042,P004,Senior Checking,5
CUST0042,P005,Business Checking,4
CUST0042,P008,Youth Savings,5
CUST0042,P009,Holiday Club Savings,4
CUST0042,P010,Basic Rewards Card,3
CUST0042,P011,Cashback Card,4
CUST0042,P013,Premium Travel Card,4
CUST0042,P015,Secured Credit Card,4
CUST0042,P016,Business Credit Card,4
CUST0042,P020,New Auto Loan,3
CUST0042,P022,Auto Refinance Loan,2
CUST0042,P024,15-Year Fixed Mortgage,2
CUST0042,P032,CD 12-Month,2
CUST0042,P036,Robo-Advisor Portfolio,3
CUST0043,P001,Basic Checking,5
CUST0043,P002,Student Checking,4
CUST0043,P003,Premium Checking,5
CUST0043,P004,Senior Checking,5
CUST0043,P005,Business Checking,4
CUST0043,P006,Basic Savings,5
CUST0043,P013,Premium Travel Card,2
CUST0043,P014,Student Credit Card,3
CUST0043,P015,Secured Credit Card,2
CUST0043,P016,Business Credit Card,3
CUST0043,P018,Personal Loan - Secured,2
CUST0043,P021,Used Auto Loan,3
CUST0043,P022,Auto Refinance Loan,3
CUST0043,P023,30-Year Fixed Mortgage,3
CUST0043,P024,15-Year Fixed Mortgage,3
CUST0043,P025,ARM Mortgage,2
CUST0043,P027,FHA Mortgage,3
CUST0043,P029,HELOC,3
CUST0043,P030,CD 3-Month,2
CUST0043,P032,CD 12-Month,4
CUST0043,P033,CD 24-Month,3
CUST0043,P035,IRA CD,3
CUST0043,P038,Retirement IRA,3
CUST0043,P039,529 College Savings,2
CUST0044,P002,Student Checking,4
CUST0044,P003,Premium Checking,3
CUST0044,P004,Senior Checking,4
CUST0044,P005,Business Checking,3
CUST0044,P008,Youth Savings,5
CUST0044,P009,Holiday Club Savings,5
CUST0044,P012,Travel Rewards Card,2
CUST0044,P013,Premium Travel Card,3
CUST0044,P015,Secured Credit Card,3
CUST0044,P016,Business Credit Card,2
CUST0044,P024,15-Year Fixed Mortgage,3
CUST0044,P026,Jumbo Mortgage,3
CUST0044,P028,Home Equity Loan,2
CUST0044,P029,HELOC,3
CUST0044,P030,CD 3-Month,4
CUST0044,P031,CD 6-Month,4
CUST0044,P033,CD 24-Month,5
CUST0044,P038,Retirement IRA,4
CUST0044,P040,Life Insurance,3
CUST0044,P041,Auto Insurance,3
CUST0045,P001,Basic Checking,4
CUST0045,P002,Student Checking,3
CUST0045,P004,Senior Checking,3
CUST0045,P008,Youth Savings,4
CUST0045,P009,Holiday Club Savings,5
CUST0045,P010,Basic Rewards Card,2
CUST0045,P012,Travel Rewards Card,2
CUST0045,P013,Premium Travel Card,2
CUST0045,P016,Business Credit Card,3
CUST0045,P023,30-Year Fixed Mortgage,3
CUST0045,P024,15-Year Fixed Mortgage,3
CUST0045,P030,CD 3-Month,5
CUST0045,P031,CD 6-Month,5
CUST0045,P032,CD 12-Month,4
CUST0045,P033,CD 24-Month,3
CUST0045,P036,Robo-Advisor Portfolio,4
CUST0045,P038,Retirement IRA,4
CUST0045,P040,Life Insurance,4
CUST0045,P041,Auto Insurance,3
CUST0046,P002,Student Checking,4
CUST0046,P007,High-Yield Savings,2
CUST0046,P010,Basic Rewards Card,3
CUST0046,P014,Student Credit Card,3
CUST0046,P015,Secured Credit Card,3
CUST0046,P017,Personal Loan - Unsecured,4
CUST0046,P019,Debt Consolidation Loan,4
CUST0046,P020,New Auto Loan,5
CUST0046,P021,Used Auto Loan,5
CUST0046,P023,30-Year Fixed Mortgage,3
CUST0046,P024,15-Year Fixed Mortgage,3
CUST0046,P028,Home Equity Loan,3
CUST0046,P029,HELOC,3
CUST0047,P002,Student Checking,4
CUST0047,P004,Senior Checking,4
CUST0047,P007,High-Yield Savings,3
CUST0047,P012,Travel Rewards Card,2
CUST0047,P013,Premium Travel Card,4
CUST0047,P016,Business Credit Card,3
CUST0047,P021,Used Auto Loan,3
CUST0047,P024,15-Year Fixed Mortgage,3
CUST0047,P026,Jumbo Mortgage,3
CUST0047,P028,Home Equity Loan,2
CUST0047,P036,Robo-Advisor Portfolio,3
CUST0047,P037,Brokerage Account,2
CUST0047,P039,529 College Savings,3
CUST0047,P040,Life Insurance,3
CUST0047,P041,Auto Insurance,2
CUST0048,P002,Student Checking,4
CUST0048,P004,Senior Checking,4
CUST0048,P005,Business Checking,5
CUST0048,P008,Youth Savings,3
CUST0048,P010,Basic Rewards Card,5
CUST0048,P011,Cashback Card,4
CUST0048,P012,Travel Rewards Card,5
CUST0048,P014,Student Credit Card,5
CUST0048,P015,Secured Credit Card,4
CUST0048,P016,Business Credit Card,4
CUST0048,P018,Personal Loan - Secured,2
CUST0048,P022,Auto Refinance Loan,2
CUST0048,P023,30-Year Fixed Mortgage,4
CUST0048,P024,15-Year Fixed Mortgage,4
CUST0048,P025,ARM Mortgage,4
CUST0048,P026,Jumbo Mortgage,4
CUST0048,P027,FHA Mortgage,5
CUST0048,P028,Home Equity Loan,4
CUST0048,P030,CD 3-Month,3
CUST0048,P036,Robo-Advisor Portfolio,4
CUST0048,P037,Brokerage Account,4
CUST0048,P040,Life Insurance,4
CUST0049,P001,Basic Checking,3
CUST0049,P003,Premium Checking,3
CUST0049,P004,Senior Checking,4
CUST0049,P007,High-Yield Savings,4
CUST0049,P008,Youth Savings,4
CUST0049,P010,Basic Rewards Card,2
CUST0049,P014,Student Credit Card,2
CUST0049,P015,Secured Credit Card,3
CUST0049,P017,Personal Loan - Unsecured,1
CUST0049,P023,30-Year Fixed Mortgage,2
CUST0049,P035,IRA CD,4
CUST0049,P038,Retirement IRA,3
CUST0049,P039,529 College Savings,3
CUST0049,P041,Auto Insurance,3
CUST0050,P002,Student Checking,4
CUST0050,P005,Business Checking,4
CUST0050,P007,High-Yield Savings,3
CUST0050,P009,Holiday Club Savings,4
CUST0050,P011,Cashback Card,4
CUST0050,P014,Student Credit Card,3
CUST0050,P017,Personal Loan - Unsecured,2
CUST0050,P018,Personal Loan - Secured,2
CUST0050,P020,New Auto Loan,3
CUST0050,P022,Auto Refinance Loan,3
CUST0050,P031,CD 6-Month,3
CUST0050,P036,Robo-Advisor Portfolio,4
CUST0050,P037,Brokerage Account,3
CUST0050,P039,529 College Savings,3
CUST0050,P041,Auto Insurance,3
CUST0051,P005,Business Checking,4
CUST0051,P007,High-Yield Savings,5
CUST0051,P009,Holiday Club Savings,4
CUST0051,P010,Basic Rewards Card,2
CUST0051,P011,Cashback Card,3
CUST0051,P014,Student Credit Card,2
CUST0051,P021,Used Auto Loan,1
CUST0051,P023,30-Year Fixed Mortgage,2
CUST0051,P024,15-Year Fixed Mortgage,3
CUST0051,P025,ARM Mortgage,3
CUST0051,P027,FHA Mortgage,2
CUST0051,P029,HELOC,3
CUST0051,P031,CD 6-Month,4
CUST0051,P032,CD 12-Month,4
CUST0051,P033,CD 24-Month,4
CUST0051,P037,Brokerage Account,3
CUST0051,P038,Retirement IRA,4
CUST0051,P041,Auto Insurance,4
CUST0052,P004,Senior Checking,3
CUST0052,P005,Business Checking,4
CUST0052,P010,Basic Rewards Card,3
CUST0052,P013,Premium Travel Card,4
CUST0052,P016,Business Credit Card,2
CUST0052,P020,New Auto Loan,2
CUST0052,P021,Used Auto Loan,3
CUST0052,P025,ARM Mortgage,3
CUST0052,P026,Jumbo Mortgage,3
CUST0052,P027,FHA Mortgage,3
CUST0052,P030,CD 3-Month,4
CUST0052,P034,CD 60-Month,2
CUST0052,P036,Robo-Advisor Portfolio,3
CUST0052,P039,529 College Savings,2
CUST0053,P001,Basic Checking,3
CUST0053,P003,Premium Checking,4
CUST0053,P004,Senior Checking,3
CUST0053,P007,High-Yield Savings,4
CUST0053,P008,Youth Savings,3
CUST0053,P010,Basic Rewards Card,3
CUST0053,P027,FHA Mortgage,3
CUST0053,P028,Home Equity Loan,2
CUST0053,P033,CD 24-Month,4
CUST0053,P034,CD 60-Month,5
CUST0053,P038,Retirement IRA,3
CUST0054,P003,Premium Checking,5
CUST0054,P004,Senior Checking,4
CUST0054,P005,Business Checking,5
CUST0054,P006,Basic Savings,3
CUST0054,P007,High-Yield Savings,4
CUST0054,P010,Basic Rewards Card,4
CUST0054,P011,Cashback Card,4
CUST0054,P012,Travel Rewards Card,4
CUST0054,P014,Student Credit Card,4
CUST0054,P022,Auto Refinance Loan,3
CUST0054,P025,ARM Mortgage,1
CUST0054,P030,CD 3-Month,2
CUST0054,P031,CD 6-Month,2
CUST0054,P034,CD 60-Month,2
CUST0054,P038,Retirement IRA,2
CUST0054,P041,Auto Insurance,2
CUST0055,P006,Basic Savings,5
CUST0055,P008,Youth Savings,4
CUST0055,P009,Holiday Club Savings,5
CUST0055,P013,Premium Travel Card,3
CUST0055,P014,Student Credit Card,2
CUST0055,P024,15-Year Fixed Mortgage,2
CUST0055,P026,Jumbo Mortgage,2
CUST0055,P031,CD 6-Month,4
CUST0055,P032,CD 12-Month,5
CUST0055,P033,CD 24-Month,5
CUST0055,P034,CD 60-Month,5
CUST0055,P038,Retirement IRA,3
CUST0056,P001,Basic Checking,3
CUST0056,P002,Student Checking,4
CUST0056,P003,Premium Checking,5
CUST0056,P007,High-Yield Savings,4
CUST0056,P008,Youth Savings,3
CUST0056,P010,Basic Rewards Card,4
CUST0056,P011,Cashback Card,4
CUST0056,P012,Travel Rewards Card,5
CUST0056,P015,Secured Credit Card,5
CUST0056,P016,Business Credit Card,4
CUST0056,P018,Personal Loan - Secured,3
CUST0056,P019,Debt Consolidation Loan,1
CUST0056,P023,30-Year Fixed Mortgage,4
CUST0056,P026,Jumbo Mortgage,4
CUST0056,P027,FHA Mortgage,3
CUST0056,P028,Home Equity Loan,4
CUST0056,P029,HELOC,5
CUST0056,P031,CD 6-Month,3
CUST0056,P032,CD 12-Month,3
CUST0056,P033,CD 24-Month,3
CUST0056,P034,CD 60-Month,3
CUST0056,P037,Brokerage Account,4
CUST0056,P038,Retirement IRA,5
CUST0056,P040,Life Insurance,5
CUST0056,P041,Auto Insurance,4
CUST0057,P001,Basic Checking,5
CUST0057,P003,Premium Checking,3
CUST0057,P007,High-Yield Savings,3
CUST0057,P008,Youth Savings,3
CUST0057,P009,Holiday Club Savings,3
CUST0057,P010,Basic Rewards Card,3
CUST0057,P012,Travel Rewards Card,3
CUST0057,P015,Secured Credit Card,3
CUST0057,P016,Business Credit Card,3
CUST0057,P017,Personal Loan - Unsecured,1
CUST0057,P020,New Auto Loan,3
CUST0057,P021,Used Auto Loan,2
CUST0057,P025,ARM Mortgage,3
CUST0057,P027,FHA Mortgage,4
CUST0057,P028,Home Equity Loan,3
CUST0057,P032,CD 12-Month,3
CUST0057,P035,IRA CD,3
CUST0057,P041,Auto Insurance,2
CUST0058,P001,Basic Checking,4
CUST0058,P003,Premium Checking,4
CUST0058,P006,Basic Savings,3
CUST0058,P007,High-Yield Savings,3
CUST0058,P012,Travel Rewards Card,4
CUST0058,P021,Used Auto Loan,2
CUST0058,P027,FHA Mortgage,1
CUST0058,P029,HELOC,1
CUST0058,P031,CD 6-Month,2
CUST0058,P033,CD 24-Month,2
CUST0058,P035,IRA CD,2
CUST0058,P039,529 College Savings,3
CUST0059,P002,Student Checking,4
CUST0059,P003,Premium Checking,5
CUST0059,P004,Senior Checking,4
CUST0059,P006,Basic Savings,5
CUST0059,P007,High-Yield Savings,4
CUST0059,P008,Youth Savings,4
CUST0059,P010,Basic Rewards Card,4
CUST0059,P012,Travel Rewards Card,4
CUST0059,P014,Student Credit Card,5
CUST0059,P020,New Auto Loan,3
CUST0059,P030,CD 3-Month,2
CUST0059,P031,CD 6-Month,3
CUST0059,P038,Retirement IRA,3
CUST0059,P041,Auto Insurance,2
CUST0060,P001,Basic Checking,5
CUST0060,P002,Student Checking,4
CUST0060,P007,High-Yield Savings,3
CUST0060,P008,Youth Savings,5
CUST0060,P010,Basic Rewards Card,4
CUST0060,P012,Travel Rewards Card,4
CUST0060,P014,Student Credit Card,4
CUST0060,P015,Secured Credit Card,3
CUST0060,P016,Business Credit Card,4
CUST0060,P017,Personal Loan - Unsecured,3
CUST0060,P018,Personal Loan - Secured,2
CUST0060,P019,Debt Consolidation Loan,3
CUST0060,P023,30-Year Fixed Mortgage,1
CUST0060,P025,ARM Mortgage,1
CUST0061,P003,Premium Checking,4
CUST0061,P014,Student Credit Card,4
CUST0061,P015,Secured Credit Card,4
CUST0061,P021,Used Auto Loan,2
CUST0061,P027,FHA Mortgage,4
CUST0061,P028,Home Equity Loan,5
CUST0061,P031,CD 6-Month,3
CUST0061,P034,CD 60-Month,3
CUST0061,P037,Brokerage Account,4
CUST0061,P038,Retirement IRA,5
CUST0061,P039,529 College Savings,4
CUST0062,P002,Student Checking,3
CUST0062,P005,Business Checking,3
CUST0062,P006,Basic Savings,4
CUST0062,P007,High-Yield Savings,3
CUST0062,P009,Holiday Club Savings,3
CUST0062,P014,Student Credit Card,4
CUST0062,P016,Business Credit Card,4
CUST0062,P018,Personal Loan - Secured,3
CUST0062,P019,Debt Consolidation Loan,2
CUST0062,P020,New Auto Loan,3
CUST0062,P021,Used Auto Loan,2
CUST0062,P022,Auto Refinance Loan,3
CUST0062,P027,FHA Mortgage,3
CUST0062,P032,CD 12-Month,2
CUST0062,P033,CD 24-Month,3
CUST0062,P034,CD 60-Month,3
CUST0062,P035,IRA CD,3
CUST0062,P036,Robo-Advisor Portfolio,2
CUST0062,P037,Brokerage Account,2
CUST0063,P003,Premium Checking,4
CUST0063,P004,Senior Checking,2
CUST0063,P005,Business Checking,3
CUST0063,P007,High-Yield Savings,4
CUST0063,P008,Youth Savings,4
CUST0063,P014,Student Credit Card,3
CUST0063,P016,Business Credit Card,2
CUST0063,P027,FHA Mortgage,3
CUST0063,P030,CD 3-Month,4
CUST0063,P032,CD 12-Month,5
CUST0063,P035,IRA CD,4
CUST0063,P037,Brokerage Account,4
CUST0064,P002,Student Checking,3
CUST0064,P003,Premium Checking,3
CUST0064,P004,Senior Checking,3
CUST0064,P007,High-Yield Savings,5
CUST0064,P009,Holiday Club Savings,4
CUST0064,P012,Travel Rewards Card,2
CUST0064,P013,Premium Travel Card,3
CUST0064,P014,Student Credit Card,2
CUST0064,P019,Debt Consolidation Loan,2
CUST0064,P023,30-Year Fixed Mortgage,2
CUST0064,P028,Home Equity Loan,1
CUST0064,P029,HELOC,2
CUST0064,P030,CD 3-Month,5
CUST0064,P032,CD 12-Month,5
CUST0064,P033,CD 24-Month,4
CUST0064,P035,IRA CD,5
CUST0064,P037,Brokerage Account,3
CUST0064,P038,Retirement IRA,3
CUST0064,P041,Auto Insurance,3
CUST0065,P002,Student Checking,4
CUST0065,P004,Senior Checking,4
CUST0065,P005,Business Checking,4
CUST0065,P007,High-Yield Savings,4
CUST0065,P008,Youth Savings,4
CUST0065,P012,Travel Rewards Card,5
CUST0065,P013,Premium Travel Card,4
CUST0065,P015,Secured Credit Card,4
CUST0065,P017,Personal Loan - Unsecured,2
CUST0065,P036,Robo-Advisor Portfolio,2
CUST0066,P003,Premium Checking,4
CUST0066,P004,Senior Checking,4
CUST0066,P005,Business Checking,5
CUST0066,P009,Holiday Club Savings,4
CUST0066,P010,Basic Rewards Card,4
CUST0066,P013,Premium Travel Card,4
CUST0066,P014,Student Credit Card,4
CUST0066,P015,Secured Credit Card,4
CUST0066,P016,Business Credit Card,4
CUST0066,P017,Personal Loan - Unsecured,2
CUST0066,P019,Debt Consolidation Loan,2
CUST0066,P020,New Auto Loan,3
CUST0066,P021,Used Auto Loan,3
CUST0066,P034,CD 60-Month,2
CUST0066,P036,Robo-Advisor Portfolio,3
CUST0066,P037,Brokerage Account,3
CUST0067,P001,Basic Checking,3
CUST0067,P002,Student Checking,3
CUST0067,P007,High-Yield Savings,2
CUST0067,P011,Cashback Card,4
CUST0067,P012,Travel Rewards Card,2
CUST0067,P016,Business Credit Card,4
CUST0067,P017,Personal Loan - Unsecured,4
CUST0067,P019,Debt Consolidation Loan,4
CUST0067,P020,New Auto Loan,4
CUST0067,P027,FHA Mortgage,2
CUST0067,P030,CD 3-Month,1
CUST0067,P041,Auto Insurance,3
CUST0068,P002,Student Checking,3
CUST0068,P004,Senior Checking,3
CUST0068,P005,Business Checking,4
CUST0068,P006,Basic Savings,4
CUST0068,P008,Youth Savings,5
CUST0068,P010,Basic Rewards Card,2
CUST0068,P019,Debt Consolidation Loan,2
CUST0068,P030,CD 3-Month,5
CUST0068,P032,CD 12-Month,5
CUST0068,P034,CD 60-Month,4
CUST0068,P035,IRA CD,4
CUST0069,P001,Basic Checking,4
CUST0069,P008,Youth Savings,3
CUST0069,P009,Holiday Club Savings,3
CUST0069,P013,Premium Travel Card,4
CUST0069,P014,Student Credit Card,3
CUST0069,P017,Personal Loan - Unsecured,3
CUST0069,P023,30-Year Fixed Mortgage,4
CUST0069,P024,15-Year Fixed Mortgage,2
CUST0069,P025,ARM Mortgage,3
CUST0069,P026,Jumbo Mortgage,3
CUST0069,P028,Home Equity Loan,3
CUST0069,P029,HELOC,3
CUST0069,P030,CD 3-Month,3
CUST0069,P031,CD 6-Month,3
CUST0069,P035,IRA CD,3
CUST0069,P036,Robo-Advisor Portfolio,3
CUST0069,P041,Auto Insurance,3
CUST0070,P002,Student Checking,2
CUST0070,P007,High-Yield Savings,4
CUST0070,P008,Youth Savings,5
CUST0070,P009,Holiday Club Savings,4
CUST0070,P028,Home Equity Loan,3
CUST0070,P029,HELOC,2
CUST0070,P031,CD 6-Month,5
CUST0070,P032,CD 12-Month,5
CUST0070,P034,CD 60-Month,5
CUST0070,P035,IRA CD,5
CUST0070,P038,Retirement IRA,3
CUST0071,P002,Student Checking,4
CUST0071,P003,Premium Checking,4
CUST0071,P005,Business Checking,4
CUST0071,P007,High-Yield Savings,4
CUST0071,P008,Youth Savings,3
CUST0071,P011,Cashback Card,4
CUST0071,P014,Student Credit Card,5
CUST0071,P015,Secured Credit Card,5
CUST0071,P016,Business Credit Card,4
CUST0071,P018,Personal Loan - Secured,2
CUST0071,P019,Debt Consolidation Loan,2
CUST0071,P023,30-Year Fixed Mortgage,4
CUST0071,P024,15-Year Fixed Mortgage,5
CUST0071,P028,Home Equity Loan,4
CUST0071,P029,HELOC,4
CUST0071,P033,CD 24-Month,2
CUST0071,P036,Robo-Advisor Portfolio,4
CUST0071,P038,Retirement IRA,4
CUST0071,P039,529 College Savings,4
CUST0071,P040,Life Insurance,4
CUST0071,P041,Auto Insurance,4
CUST0072,P001,Basic Checking,4
CUST0072,P002,Student Checking,4
CUST0072,P003,Premium Checking,5
CUST0072,P006,Basic Savings,4
CUST0072,P007,High-Yield Savings,4
CUST0072,P009,Holiday Club Savings,3
CUST0072,P010,Basic Rewards Card,4
CUST0072,P011,Cashback Card,4
CUST0072,P012,Travel Rewards Card,5
CUST0072,P015,Secured Credit Card,4
CUST0072,P017,Personal Loan - Unsecured,2
CUST0072,P018,Personal Loan - Secured,2
CUST0072,P019,Debt Consolidation Loan,2
CUST0072,P024,15-Year Fixed Mortgage,1
CUST0072,P028,Home Equity Loan,1
CUST0072,P036,Robo-Advisor Portfolio,3
CUST0072,P040,Life Insurance,2
CUST0073,P001,Basic Checking,3
CUST0073,P002,Student Checking,3
CUST0073,P004,Senior Checking,4
CUST0073,P008,Youth Savings,2
CUST0073,P016,Business Credit Card,3
CUST0073,P017,Personal Loan - Unsecured,4
CUST0073,P018,Personal Loan - Secured,4
CUST0073,P022,Auto Refinance Loan,3
CUST0073,P024,15-Year Fixed Mortgage,4
CUST0073,P026,Jumbo Mortgage,4
CUST0073,P035,IRA CD,1
CUST0073,P041,Auto Insurance,2
CUST0074,P001,Basic Checking,4
CUST0074,P007,High-Yield Savings,3
CUST0074,P010,Basic Rewards Card,5
CUST0074,P011,Cashback Card,4
CUST0074,P012,Travel Rewards Card,4
CUST0074,P014,Student Credit Card,4
CUST0074,P023,30-Year Fixed Mortgage,4
CUST0074,P024,15-Year Fixed Mortgage,5
CUST0074,P027,FHA Mortgage,5
CUST0074,P028,Home Equity Loan,4
CUST0074,P029,HELOC,5
CUST0074,P031,CD 6-Month,3
CUST0074,P032,CD 12-Month,4
CUST0074,P037,Brokerage Account,5
CUST0074,P039,529 College Savings,4
CUST0074,P041,Auto Insurance,5
CUST0075,P006,Basic Savings,4
CUST0075,P009,Holiday Club Savings,4
CUST0075,P011,Cashback Card,4
CUST0075,P013,Premium Travel Card,2
CUST0075,P015,Secured Credit Card,4
CUST0075,P016,Business Credit Card,3
CUST0075,P021,Used Auto Loan,2
CUST0075,P022,Auto Refinance Loan,3
CUST0075,P024,15-Year Fixed Mortgage,3
CUST0075,P026,Jumbo Mortgage,3
CUST0075,P029,HELOC,2
CUST0075,P034,CD 60-Month,3
CUST0076,P004,Senior Checking,3
CUST0076,P006,Basic Savings,3
CUST0076,P011,Cashback Card,3
CUST0076,P012,Travel Rewards Card,3
CUST0076,P019,Debt Consolidation Loan,2
CUST0076,P023,30-Year Fixed Mortgage,4
CUST0076,P024,15-Year Fixed Mortgage,3
CUST0076,P028,Home Equity Loan,3
CUST0076,P029,HELOC,2
CUST0076,P034,CD 60-Month,3
CUST0076,P035,IRA CD,3
CUST0076,P036,Robo-Advisor Portfolio,2
CUST0076,P038,Retirement IRA,3
CUST0077,P001,Basic Checking,4
CUST0077,P003,Premium Checking,4
CUST0077,P008,Youth Savings,3
CUST0077,P010,Basic Rewards Card,4
CUST0077,P012,Travel Rewards Card,3
CUST0077,P017,Personal Loan - Unsecured,2
CUST0077,P018,Personal Loan - Secured,2
CUST0077,P021,Used Auto Loan,2
CUST0077,P025,ARM Mortgage,4
CUST0077,P027,FHA Mortgage,3
CUST0077,P028,Home Equity Loan,2
CUST0077,P029,HELOC,3
CUST0077,P030,CD 3-Month,3
CUST0077,P032,CD 12-Month,3
CUST0077,P036,Robo-Advisor Portfolio,3
CUST0077,P041,Auto Insurance,2
CUST0078,P001,Basic Checking,4
CUST0078,P003,Premium Checking,4
CUST0078,P004,Senior Checking,5
CUST0078,P010,Basic Rewards Card,3
CUST0078,P011,Cashback Card,4
CUST0078,P012,Travel Rewards Card,4
CUST0078,P017,Personal Loan - Unsecured,3
CUST0078,P020,New Auto Loan,3
CUST0078,P022,Auto Refinance Loan,3
CUST0078,P032,CD 12-Month,1
CUST0078,P036,Robo-Advisor Portfolio,3
CUST0078,P039,529 College Savings,3
CUST0078,P040,Life Insurance,2
CUST0079,P001,Basic Checking,3
CUST0079,P005,Business Checking,4
CUST0079,P009,Holiday Club Savings,3
CUST0079,P013,Premium Travel Card,3
CUST0079,P015,Secured Credit Card,3
CUST0079,P016,Business Credit Card,4
CUST0079,P022,Auto Refinance Loan,2
CUST0079,P026,Jumbo Mortgage,3
CUST0079,P036,Robo-Advisor Portfolio,3
CUST0079,P039,529 College Savings,3
CUST0080,P009,Holiday Club Savings,4
CUST0080,P015,Secured Credit Card,4
CUST0080,P021,Used Auto Loan,4
CUST0080,P031,CD 6-Month,2
CUST0080,P032,CD 12-Month,2
CUST0080,P034,CD 60-Month,2
CUST0080,P039,529 College Savings,3
CUST0080,P040,Life Insurance,1
CUST0081,P002,Student Checking,4
CUST0081,P004,Senior Checking,5
CUST0081,P006,Basic Savings,5
CUST0081,P007,High-Yield Savings,4
CUST0081,P010,Basic Rewards Card,4
CUST0081,P011,Cashback Card,4
CUST0081,P012,Travel Rewards Card,4
CUST0081,P014,Student Credit Card,4
CUST0081,P016,Business Credit Card,3
CUST0081,P017,Personal Loan - Unsecured,3
CUST0081,P021,Used Auto Loan,3
CUST0081,P032,CD 12-Month,2
CUST0081,P037,Brokerage Account,3
CUST0081,P039,529 College Savings,3
CUST0082,P001,Basic Checking,4
CUST0082,P002,Student Checking,4
CUST0082,P003,Premium Checking,4
CUST0082,P005,Business Checking,3
CUST0082,P007,High-Yield Savings,5
CUST0082,P009,Holiday Club Savings,5
CUST0082,P013,Premium Travel Card,2
CUST0082,P014,Student Credit Card,2
CUST0082,P016,Business Credit Card,2
CUST0082,P019,Debt Consolidation Loan,2
CUST0082,P021,Used Auto Loan,1
CUST0082,P029,HELOC,3
CUST0082,P031,CD 6-Month,3
CUST0082,P032,CD 12-Month,4
CUST0082,P035,IRA CD,5
CUST0082,P036,Robo-Advisor Portfolio,3
CUST0082,P037,Brokerage Account,4
CUST0082,P040,Life Insurance,3
CUST0082,P041,Auto Insurance,3
CUST0083,P001,Basic Checking,4
CUST0083,P003,Premium Checking,4
CUST0083,P004,Senior Checking,3
CUST0083,P009,Holiday Club Savings,3
CUST0083,P013,Premium Travel Card,5
CUST0083,P014,Student Credit Card,4
CUST0083,P019,Debt Consolidation Loan,2
CUST0083,P022,Auto Refinance Loan,3
CUST0083,P023,30-Year Fixed Mortgage,4
CUST0083,P025,ARM Mortgage,4
CUST0083,P027,FHA Mortgage,4
CUST0083,P028,Home Equity Loan,4
CUST0083,P029,HELOC,4
CUST0083,P031,CD 6-Month,3
CUST0083,P032,CD 12-Month,4
CUST0083,P035,IRA CD,3
CUST0083,P036,Robo-Advisor Portfolio,5
CUST0083,P038,Retirement IRA,4
CUST0083,P039,529 College Savings,4
CUST0083,P041,Auto Insurance,4
CUST0084,P001,Basic Checking,3
CUST0084,P008,Youth Savings,3
CUST0084,P014,Student Credit Card,4
CUST0084,P020,New Auto Loan,2
CUST0084,P026,Jumbo Mortgage,2
CUST0084,P032,CD 12-Month,3
CUST0084,P034,CD 60-Month,2
CUST0084,P038,Retirement IRA,1
CUST0085,P001,Basic Checking,3
CUST0085,P003,Premium Checking,3
CUST0085,P006,Basic Savings,4
CUST0085,P008,Youth Savings,4
CUST0085,P015,Secured Credit Card,2
CUST0085,P018,Personal Loan - Secured,1
CUST0085,P020,New Auto Loan,2
CUST0085,P029,HELOC,2
CUST0085,P033,CD 24-Month,5
CUST0085,P034,CD 60-Month,5
CUST0086,P004,Senior Checking,4
CUST0086,P005,Business Checking,3
CUST0086,P007,High-Yield Savings,4
CUST0086,P010,Basic Rewards Card,2
CUST0086,P012,Travel Rewards Card,3
CUST0086,P024,15-Year Fixed Mortgage,2
CUST0086,P025,ARM Mortgage,2
CUST0086,P026,Jumbo Mortgage,3
CUST0086,P030,CD 3-Month,4
CUST0086,P032,CD 12-Month,4
CUST0086,P034,CD 60-Month,4
CUST0086,P035,IRA CD,5
CUST0086,P040,Life Insurance,3
CUST0086,P041,Auto Insurance,5
CUST0087,P003,Premium Checking,4
CUST0087,P004,Senior Checking,4
CUST0087,P005,Business Checking,4
CUST0087,P007,High-Yield Savings,4
CUST0087,P008,Youth Savings,4
CUST0087,P009,Holiday Club Savings,5
CUST0087,P014,Student Credit Card,1
CUST0087,P017,Personal Loan - Unsecured,1
CUST0087,P018,Personal Loan - Secured,2
CUST0087,P023,30-Year Fixed Mortgage,3
CUST0087,P025,ARM Mortgage,3
CUST0087,P034,CD 60-Month,4
CUST0087,P035,IRA CD,4
CUST0087,P037,Brokerage Account,4
CUST0087,P039,529 College Savings,4
CUST0088,P002,Student Checking,3
CUST0088,P003,Premium Checking,4
CUST0088,P005,Business Checking,4
CUST0088,P010,Basic Rewards Card,4
CUST0088,P012,Travel Rewards Card,3
CUST0088,P013,Premium Travel Card,3
CUST0088,P015,Secured Credit Card,3
CUST0088,P017,Personal Loan - Unsecured,3
CUST0088,P018,Personal Loan - Secured,3
CUST0088,P019,Debt Consolidation Loan,2
CUST0088,P021,Used Auto Loan,3
CUST0088,P022,Auto Refinance Loan,2
CUST0088,P025,ARM Mortgage,2
CUST0088,P026,Jumbo Mortgage,2
CUST0088,P029,HELOC,3
CUST0088,P031,CD 6-Month,2
CUST0088,P035,IRA CD,2
CUST0088,P036,Robo-Advisor Portfolio,3
CUST0089,P013,Premium Travel Card,2
CUST0089,P015,Secured Credit Card,3
CUST0089,P016,Business Credit Card,3
CUST0089,P018,Personal Loan - Secured,3
CUST0089,P023,30-Year Fixed Mortgage,2
CUST0089,P024,15-Year Fixed Mortgage,2
CUST0089,P027,FHA Mortgage,3
CUST0089,P028,Home Equity Loan,3
CUST0090,P004,Senior Checking,5
CUST0090,P006,Basic Savings,5
CUST0090,P007,High-Yield Savings,4
CUST0090,P008,Youth Savings,3
CUST0090,P012,Travel Rewards Card,4
CUST0090,P013,Premium Travel Card,4
CUST0090,P014,Student Credit Card,4
CUST0090,P018,Personal Loan - Secured,3
CUST0090,P019,Debt Consolidation Loan,3
CUST0090,P021,Used Auto Loan,4
CUST0090,P022,Auto Refinance Loan,3
CUST0090,P031,CD 6-Month,1
CUST0090,P038,Retirement IRA,3
CUST0090,P041,Auto Insurance,2
CUST0091,P001,Basic Checking,3
CUST0091,P002,Student Checking,3
CUST0091,P005,Business Checking,4
CUST0091,P006,Basic Savings,4
CUST0091,P007,High-Yield Savings,3
CUST0091,P009,Holiday Club Savings,3
CUST0091,P010,Basic Rewards Card,3
CUST0091,P011,Cashback Card,4
CUST0091,P016,Business Credit Card,4
CUST0091,P018,Personal Loan - Secured,2
CUST0091,P021,Used Auto Loan,4
CUST0091,P022,Auto Refinance Loan,3
CUST0091,P025,ARM Mortgage,3
CUST0091,P028,Home Equity Loan,3
CUST0091,P032,CD 12-Month,3
CUST0091,P035,IRA CD,3
CUST0091,P038,Retirement IRA,3
CUST0091,P039,529 College Savings,3
CUST0091,P040,Life Insurance,3
CUST0091,P041,Auto Insurance,3
CUST0092,P005,Business Checking,4
CUST0092,P013,Premium Travel Card,3
CUST0092,P014,Student Credit Card,3
CUST0092,P015,Secured Credit Card,3
CUST0092,P018,Personal Loan - Secured,4
CUST0092,P020,New Auto Loan,4
CUST0092,P022,Auto Refinance Loan,5
CUST0092,P032,CD 12-Month,2
CUST0092,P036,Robo-Advisor Portfolio,2
CUST0092,P040,Life Insurance,2
CUST0093,P001,Basic Checking,4
CUST0093,P002,Student Checking,5
CUST0093,P003,Premium Checking,4
CUST0093,P005,Business Checking,4
CUST0093,P009,Holiday Club Savings,3
CUST0093,P010,Basic Rewards Card,4
CUST0093,P011,Cashback Card,5
CUST0093,P013,Premium Travel Card,5
CUST0093,P014,Student Credit Card,4
CUST0093,P016,Business Credit Card,5
CUST0093,P017,Personal Loan - Unsecured,2
CUST0093,P022,Auto Refinance Loan,2
CUST0093,P023,30-Year Fixed Mortgage,3
CUST0093,P024,15-Year Fixed Mortgage,4
CUST0093,P026,Jumbo Mortgage,5
CUST0093,P034,CD 60-Month,3
CUST0093,P037,Brokerage Account,5
CUST0093,P039,529 College Savings,4
CUST0093,P040,Life Insurance,4
CUST0094,P002,Student Checking,4
CUST0094,P004,Senior Checking,3
CUST0094,P011,Cashback Card,3
CUST0094,P012,Travel Rewards Card,3
CUST0094,P022,Auto Refinance Loan,3
CUST0094,P023,30-Year Fixed Mortgage,3
CUST0094,P024,15-Year Fixed Mortgage,3
CUST0094,P027,FHA Mortgage,3
CUST0094,P031,CD 6-Month,2
CUST0094,P033,CD 24-Month,2
CUST0094,P039,529 College Savings,3
CUST0094,P041,Auto Insurance,2
CUST0095,P001,Basic Checking,3
CUST0095,P003,Premium Checking,5
CUST0095,P005,Business Checking,4
CUST0095,P008,Youth Savings,4
CUST0095,P012,Travel Rewards Card,5
CUST0095,P013,Premium Travel Card,4
CUST0095,P016,Business Credit Card,4
CUST0095,P020,New Auto Loan,2
CUST0095,P024,15-Year Fixed Mortgage,3
CUST0095,P026,Jumbo Mortgage,2
CUST0095,P030,CD 3-Month,3
CUST0095,P036,Robo-Advisor Portfolio,3
CUST0095,P040,Life Insurance,2
CUST0096,P001,Basic Checking,3
CUST0096,P002,Student Checking,4
CUST0096,P005,Business Checking,4
CUST0096,P009,Holiday Club Savings,4
CUST0096,P011,Cashback Card,4
CUST0096,P012,Travel Rewards Card,3
CUST0096,P014,Student Credit Card,4
CUST0096,P018,Personal Loan - Secured,4
CUST0096,P020,New Auto Loan,3
CUST0096,P021,Used Auto Loan,3
CUST0096,P022,Auto Refinance Loan,3
CUST0096,P027,FHA Mortgage,3
CUST0096,P028,Home Equity Loan,3
CUST0096,P033,CD 24-Month,3
CUST0096,P035,IRA CD,3
CUST0097,P004,Senior Checking,3
CUST0097,P008,Youth Savings,5
CUST0097,P012,Travel Rewards Card,3
CUST0097,P014,Student Credit Card,2
CUST0097,P022,Auto Refinance Loan,1
CUST0097,P025,ARM Mortgage,2
CUST0097,P027,FHA Mortgage,3
CUST0097,P028,Home Equity Loan,2
CUST0097,P029,HELOC,3
CUST0097,P031,CD 6-Month,5
CUST0097,P034,CD 60-Month,4
CUST0097,P036,Robo-Advisor Portfolio,3
CUST0097,P037,Brokerage Account,4
CUST0098,P001,Basic Checking,5
CUST0098,P002,Student Checking,3
CUST0098,P004,Senior Checking,4
CUST0098,P006,Basic Savings,3
CUST0098,P007,High-Yield Savings,4
CUST0098,P010,Basic Rewards Card,4
CUST0098,P012,Travel Rewards Card,3
CUST0098,P018,Personal Loan - Secured,3
CUST0098,P021,Used Auto Loan,2
CUST0098,P027,FHA Mortgage,1
CUST0098,P038,Retirement IRA,3
CUST0098,P039,529 College Savings,3
CUST0098,P040,Life Insurance,2
CUST0099,P001,Basic Checking,4
CUST0099,P002,Student Checking,4
CUST0099,P005,Business Checking,3
CUST0099,P007,High-Yield Savings,3
CUST0099,P008,Youth Savings,4
CUST0099,P010,Basic Rewards Card,4
CUST0099,P012,Travel Rewards Card,5
CUST0099,P013,Premium Travel Card,5
CUST0099,P014,Student Credit Card,4
CUST0099,P015,Secured Credit Card,5
CUST0099,P017,Personal Loan - Unsecured,1
CUST0099,P022,Auto Refinance Loan,3
CUST0099,P023,30-Year Fixed Mortgage,4
CUST0099,P024,15-Year Fixed Mortgage,4
CUST0099,P025,ARM Mortgage,5
CUST0099,P026,Jumbo Mortgage,3
CUST0099,P027,FHA Mortgage,4
CUST0099,P030,CD 3-Month,2
CUST0099,P032,CD 12-Month,2
CUST0099,P033,CD 24-Month,3
CUST0099,P037,Brokerage Account,4
CUST0099,P038,Retirement IRA,4
CUST0099,P039,529 College Savings,4
CUST0100,P006,Basic Savings,3
CUST0100,P008,Youth Savings,3
CUST0100,P009,Holiday Club Savings,4
CUST0100,P010,Basic Rewards Card,4
CUST0100,P012,Travel Rewards Card,4
CUST0100,P014,Student Credit Card,3
CUST0100,P019,Debt Consolidation Loan,2
CUST0100,P022,Auto Refinance Loan,3
CUST0100,P023,30-Year Fixed Mortgage,3
CUST0100,P024,15-Year Fixed Mortgage,3
CUST0100,P028,Home Equity Loan,3
CUST0100,P029,HELOC,3
CUST0100,P030,CD 3-Month,3
CUST0100,P031,CD 6-Month,3
CUST0100,P033,CD 24-Month,2
CUST0100,P034,CD 60-Month,2
CUST0101,P004,Senior Checking,3
CUST0101,P005,Business Checking,3
CUST0101,P007,High-Yield Savings,3
CUST0101,P013,Premium Travel Card,3
CUST0101,P015,Secured Credit Card,3
CUST0101,P026,Jumbo Mortgage,3
CUST0101,P031,CD 6-Month,2
CUST0101,P034,CD 60-Month,2
CUST0101,P035,IRA CD,2
CUST0101,P037,Brokerage Account,2
CUST0102,P001,Basic Checking,4
CUST0102,P003,Premium Checking,3
CUST0102,P004,Senior Checking,4
CUST0102,P005,Business Checking,4
CUST0102,P006,Basic Savings,4
CUST0102,P010,Basic Rewards Card,4
CUST0102,P016,Business Credit Card,5
CUST0102,P023,30-Year Fixed Mortgage,4
CUST0102,P026,Jumbo Mortgage,4
CUST0102,P030,CD 3-Month,3
CUST0102,P036,Robo-Advisor Portfolio,5
CUST0102,P037,Brokerage Account,4
CUST0102,P038,Retirement IRA,5
CUST0102,P041,Auto Insurance,3
CUST0103,P001,Basic Checking,3
CUST0103,P003,Premium Checking,3
CUST0103,P006,Basic Savings,3
CUST0103,P007,High-Yield Savings,4
CUST0103,P010,Basic Rewards Card,3
CUST0103,P016,Business Credit Card,3
CUST0103,P019,Debt Consolidation Loan,4
CUST0103,P022,Auto Refinance Loan,3
CUST0103,P023,30-Year Fixed Mortgage,3
CUST0103,P024,15-Year Fixed Mortgage,3
CUST0103,P027,FHA Mortgage,3
CUST0103,P028,Home Equity Loan,2
CUST0103,P029,HELOC,4
CUST0103,P030,CD 3-Month,3
CUST0103,P031,CD 6-Month,2
CUST0103,P033,CD 24-Month,2
CUST0103,P035,IRA CD,2
CUST0103,P036,Robo-Advisor Portfolio,2
CUST0103,P038,Retirement IRA,2
CUST0103,P040,Life Insurance,3
CUST0104,P001,Basic Checking,5
CUST0104,P004,Senior Checking,4
CUST0104,P005,Business Checking,5
CUST0104,P007,High-Yield Savings,4
CUST0104,P008,Youth Savings,4
CUST0104,P010,Basic Rewards Card,4
CUST0104,P012,Travel Rewards Card,5
CUST0104,P017,Personal Loan - Unsecured,3
CUST0104,P018,Personal Loan - Secured,3
CUST0104,P021,Used Auto Loan,3
CUST0104,P022,Auto Refinance Loan,2
CUST0104,P026,Jumbo Mortgage,2
CUST0104,P029,HELOC,1
CUST0104,P031,CD 6-Month,3
CUST0104,P032,CD 12-Month,2
CUST0104,P036,Robo-Advisor Portfolio,3
CUST0104,P037,Brokerage Account,3
CUST0105,P003,Premium Checking,3
CUST0105,P005,Business Checking,3
CUST0105,P006,Basic Savings,5
CUST0105,P009,Holiday Club Savings,4
CUST0105,P027,FHA Mortgage,3
CUST0105,P028,Home Equity Loan,3
CUST0105,P030,CD 3-Month,4
CUST0105,P031,CD 6-Month,5
CUST0105,P032,CD 12-Month,5
CUST0105,P035,IRA CD,5
CUST0105,P036,Robo-Advisor Portfolio,4
CUST0106,P003,Premium Checking,4
CUST0106,P005,Business Checking,4
CUST0106,P006,Basic Savings,2
CUST0106,P011,Cashback Card,4
CUST0106,P012,Travel Rewards Card,3
CUST0106,P015,Secured Credit Card,3
CUST0106,P016,Business Credit Card,3
CUST0106,P017,Personal Loan - Unsecured,4
CUST0106,P022,Auto Refinance Loan,5
CUST0106,P030,CD 3-Month,1
CUST0106,P040,Life Insurance,2
CUST0107,P004,Senior Checking,4
CUST0107,P005,Business Checking,4
CUST0107,P007,High-Yield Savings,3
CUST0107,P008,Youth Savings,4
CUST0107,P009,Holiday Club Savings,5
CUST0107,P012,Travel Rewards Card,4
CUST0107,P013,Premium Travel Card,4
CUST0107,P014,Student Credit Card,3
CUST0107,P017,Personal Loan - Unsecured,3
CUST0107,P020,New Auto Loan,4
CUST0107,P038,Retirement IRA,3
CUST0108,P001,Basic Checking,4
CUST0108,P002,Student Checking,5
CUST0108,P004,Senior Checking,4
CUST0108,P005,Business Checking,5
CUST0108,P007,High-Yield Savings,4
CUST0108,P011,Cashback Card,4
CUST0108,P015,Secured Credit Card,4
CUST0108,P018,Personal Loan - Secured,3
CUST0108,P019,Debt Consolidation Loan,4
CUST0108,P020,New Auto Loan,2
CUST0108,P021,Used Auto Loan,2
CUST0108,P032,CD 12-Month,1
CUST0108,P035,IRA CD,1
CUST0108,P036,Robo-Advisor Portfolio,3
CUST0108,P039,529 College Savings,4
CUST0109,P001,Basic Checking,2
CUST0109,P003,Premium Checking,3
CUST0109,P006,Basic Savings,3
CUST0109,P008,Youth Savings,3
CUST0109,P012,Travel Rewards Card,2
CUST0109,P013,Premium Travel Card,2
CUST0109,P017,Personal Loan - Unsecured,1
CUST0109,P019,Debt Consolidation Loan,2
CUST0109,P020,New Auto Loan,1
CUST0109,P022,Auto Refinance Loan,1
CUST0109,P023,30-Year Fixed Mortgage,3
CUST0109,P027,FHA Mortgage,3
CUST0109,P030,CD 3-Month,5
CUST0109,P032,CD 12-Month,4
CUST0109,P033,CD 24-Month,4
CUST0109,P034,CD 60-Month,5
CUST0109,P039,529 College Savings,3
CUST0109,P040,Life Insurance,3
CUST0109,P041,Auto Insurance,3
CUST0110,P007,High-Yield Savings,2
CUST0110,P009,Holiday Club Savings,3
CUST0110,P010,Basic Rewards Card,3
CUST0110,P013,Premium Travel Card,3
CUST0110,P015,Secured Credit Card,3
CUST0110,P016,Business Credit Card,3
CUST0110,P021,Used Auto Loan,4
CUST0110,P022,Auto Refinance Loan,3
CUST0110,P024,15-Year Fixed Mortgage,3
CUST0110,P029,HELOC,2
CUST0110,P031,CD 6-Month,1
CUST0110,P041,Auto Insurance,3
CUST0111,P005,Business Checking,4
CUST0111,P006,Basic Savings,4
CUST0111,P007,High-Yield Savings,4
CUST0111,P008,Youth Savings,4
CUST0111,P011,Cashback Card,3
CUST0111,P012,Travel Rewards Card,2
CUST0111,P019,Debt Consolidation Loan,3
CUST0111,P023,30-Year Fixed Mortgage,3
CUST0111,P026,Jumbo Mortgage,4
CUST0111,P028,Home Equity Loan,2
CUST0111,P029,HELOC,2
CUST0111,P030,CD 3-Month,4
CUST0111,P031,CD 6-Month,5
CUST0111,P032,CD 12-Month,4
CUST0111,P033,CD 24-Month,4
CUST0111,P035,IRA CD,4
CUST0111,P041,Auto Insurance,3
CUST0112,P001,Basic Checking,4
CUST0112,P004,Senior Checking,4
CUST0112,P005,Business Checking,4
CUST0112,P007,High-Yield Savings,3
CUST0112,P009,Holiday Club Savings,4
CUST0112,P010,Basic Rewards Card,4
CUST0112,P012,Travel Rewards Card,4
CUST0112,P013,Premium Travel Card,4
CUST0112,P014,Student Credit Card,5
CUST0112,P015,Secured Credit Card,4
CUST0112,P016,Business Credit Card,4
CUST0112,P018,Personal Loan - Secured,1
CUST0112,P019,Debt Consolidation Loan,2
CUST0112,P021,Used Auto Loan,2
CUST0112,P023,30-Year Fixed Mortgage,4
CUST0112,P024,15-Year Fixed Mortgage,5
CUST0112,P025,ARM Mortgage,3
CUST0112,P027,FHA Mortgage,5
CUST0112,P029,HELOC,5
CUST0112,P034,CD 60-Month,3
CUST0112,P035,IRA CD,3
CUST0112,P036,Robo-Advisor Portfolio,5
CUST0112,P041,Auto Insurance,4
CUST0113,P002,Student Checking,4
CUST0113,P005,Business Checking,4
CUST0113,P006,Basic Savings,4
CUST0113,P007,High-Yield Savings,4
CUST0113,P008,Youth Savings,5
CUST0113,P011,Cashback Card,2
CUST0113,P018,Personal Loan - Secured,2
CUST0113,P028,Home Equity Loan,2
CUST0113,P033,CD 24-Month,4
CUST0113,P035,IRA CD,4
CUST0113,P039,529 College Savings,3
CUST0114,P001,Basic Checking,3
CUST0114,P006,Basic Savings,1
CUST0114,P011,Cashback Card,3
CUST0114,P012,Travel Rewards Card,4
CUST0114,P014,Student Credit Card,3
CUST0114,P016,Business Credit Card,4
CUST0114,P017,Personal Loan - Unsecured,5
CUST0114,P019,Debt Consolidation Loan,4
CUST0114,P020,New Auto Loan,4
CUST0114,P023,30-Year Fixed Mortgage,3
CUST0114,P027,FHA Mortgage,3
CUST0114,P037,Brokerage Account,1
CUST0115,P002,Student Checking,4
CUST0115,P003,Premium Checking,4
CUST0115,P004,Senior Checking,4
CUST0115,P005,Business Checking,3
CUST0115,P008,Youth Savings,2
CUST0115,P009,Holiday Club Savings,4
CUST0115,P010,Basic Rewards Card,3
CUST0115,P012,Travel Rewards Card,4
CUST0115,P014,Student Credit Card,4
CUST0115,P015,Secured Credit Card,3
CUST0115,P016,Business Credit Card,3
CUST0115,P017,Personal Loan - Unsecured,2
CUST0115,P018,Personal Loan - Secured,3
CUST0115,P019,Debt Consolidation Loan,3
CUST0115,P023,30-Year Fixed Mortgage,2
CUST0115,P027,FHA Mortgage,3
CUST0115,P028,Home Equity Loan,3
CUST0115,P029,HELOC,3
CUST0115,P032,CD 12-Month,3
CUST0116,P003,Premium Checking,5
CUST0116,P008,Youth Savings,4
CUST0116,P011,Cashback Card,4
CUST0116,P012,Travel Rewards Card,3
CUST0116,P021,Used Auto Loan,3
CUST0116,P024,15-Year Fixed Mortgage,1
CUST0116,P025,ARM Mortgage,1
CUST0116,P038,Retirement IRA,2
CUST0117,P001,Basic Checking,4
CUST0117,P003,Premium Checking,3
CUST0117,P008,Youth Savings,5
CUST0117,P012,Travel Rewards Card,3
CUST0117,P014,Student Credit Card,2
CUST0117,P024,15-Year Fixed Mortgage,3
CUST0117,P031,CD 6-Month,4
CUST0117,P033,CD 24-Month,4
CUST0117,P038,Retirement IRA,3
CUST0118,P008,Youth Savings,5
CUST0118,P009,Holiday Club Savings,5
CUST0118,P027,FHA Mortgage,3
CUST0118,P029,HELOC,2
CUST0118,P031,CD 6-Month,5
CUST0118,P033,CD 24-Month,5
CUST0118,P034,CD 60-Month,5
CUST0118,P035,IRA CD,4
CUST0118,P037,Brokerage Account,3
CUST0118,P039,529 College Savings,4
CUST0118,P040,Life Insurance,3
CUST0118,P041,Auto Insurance,3
CUST0119,P001,Basic Checking,4
CUST0119,P002,Student Checking,4
CUST0119,P003,Premium Checking,5
CUST0119,P004,Senior Checking,4
CUST0119,P005,Business Checking,4
CUST0119,P007,High-Yield Savings,3
CUST0119,P009,Holiday Club Savings,4
CUST0119,P010,Basic Rewards Card,5
CUST0119,P011,Cashback Card,4
CUST0119,P012,Travel Rewards Card,4
CUST0119,P016,Business Credit Card,4
CUST0119,P017,Personal Loan - Unsecured,3
CUST0119,P021,Used Auto Loan,3
CUST0119,P025,ARM Mortgage,2
CUST0119,P026,Jumbo Mortgage,1
CUST0119,P028,Home Equity Loan,2
CUST0119,P032,CD 12-Month,2
CUST0119,P036,Robo-Advisor Portfolio,3
CUST0119,P038,Retirement IRA,3
CUST0119,P040,Life Insurance,2
CUST0120,P007,High-Yield Savings,3
CUST0120,P012,Travel Rewards Card,3
CUST0120,P017,Personal Loan - Unsecured,2
CUST0120,P019,Debt Consolidation Loan,2
CUST0120,P020,New Auto Loan,4
CUST0120,P022,Auto Refinance Loan,2
CUST0120,P024,15-Year Fixed Mortgage,3
CUST0120,P025,ARM Mortgage,3
CUST0120,P027,FHA Mortgage,3
CUST0120,P030,CD 3-Month,3
CUST0120,P031,CD 6-Month,2
CUST0120,P033,CD 24-Month,3
CUST0120,P039,529 College Savings,3
CUST0121,P001,Basic Checking,4
CUST0121,P006,Basic Savings,4
CUST0121,P007,High-Yield Savings,4
CUST0121,P009,Holiday Club Savings,4
CUST0121,P010,Basic Rewards Card,2
CUST0121,P014,Student Credit Card,2
CUST0121,P019,Debt Consolidation Loan,2
CUST0121,P020,New Auto Loan,2
CUST0121,P021,Used Auto Loan,2
CUST0121,P027,FHA Mortgage,3
CUST0121,P031,CD 6-Month,4
CUST0121,P032,CD 12-Month,4
CUST0121,P033,CD 24-Month,5
CUST0121,P035,IRA CD,5
CUST0121,P036,Robo-Advisor Portfolio,4
CUST0121,P037,Brokerage Account,3
CUST0121,P039,529 College Savings,2
CUST0121,P040,Life Insurance,3
CUST0122,P001,Basic Checking,4
CUST0122,P004,Senior Checking,4
CUST0122,P005,Business Checking,3
CUST0122,P006,Basic Savings,3
CUST0122,P007,High-Yield Savings,3
CUST0122,P012,Travel Rewards Card,4
CUST0122,P014,Student Credit Card,3
CUST0122,P015,Secured Credit Card,3
CUST0122,P018,Personal Loan - Secured,2
CUST0122,P020,New Auto Loan,3
CUST0122,P027,FHA Mortgage,3
CUST0122,P029,HELOC,3
CUST0122,P033,CD 24-Month,3
CUST0122,P040,Life Insurance,2
CUST0122,P041,Auto Insurance,3
CUST0123,P002,Student Checking,4
CUST0123,P003,Premium Checking,4
CUST0123,P004,Senior Checking,4
CUST0123,P007,High-Yield Savings,4
CUST0123,P008,Youth Savings,4
CUST0123,P009,Holiday Club Savings,3
CUST0123,P010,Basic Rewards Card,3
CUST0123,P011,Cashback Card,4
CUST0123,P014,Student Credit Card,4
CUST0123,P018,Personal Loan - Secured,3
CUST0123,P019,Debt Consolidation Loan,2
CUST0123,P032,CD 12-Month,2
CUST0123,P036,Robo-Advisor Portfolio,3
CUST0123,P041,Auto Insurance,2
CUST0124,P003,Premium Checking,4
CUST0124,P007,High-Yield Savings,2
CUST0124,P009,Holiday Club Savings,3
CUST0124,P018,Personal Loan - Secured,4
CUST0124,P021,Used Auto Loan,5
CUST0124,P024,15-Year Fixed Mortgage,2
CUST0124,P026,Jumbo Mortgage,3
CUST0124,P027,FHA Mortgage,4
CUST0124,P034,CD 60-Month,1
CUST0124,P039,529 College Savings,2
CUST0124,P040,Life Insurance,2
CUST0124,P041,Auto Insurance,2
CUST0125,P001,Basic Checking,3
CUST0125,P003,Premium Checking,3
CUST0125,P005,Business Checking,3
CUST0125,P008,Youth Savings,3
CUST0125,P018,Personal Loan - Secured,3
CUST0125,P021,Used Auto Loan,2
CUST0125,P027,FHA Mortgage,3
CUST0125,P029,HELOC,3
CUST0125,P031,CD 6-Month,2
CUST0125,P032,CD 12-Month,3
CUST0125,P040,Life Insurance,4
CUST0126,P002,Student Checking,3
CUST0126,P003,Premium Checking,4
CUST0126,P004,Senior Checking,4
CUST0126,P005,Business Checking,3
CUST0126,P006,Basic Savings,3
CUST0126,P008,Youth Savings,3
CUST0126,P009,Holiday Club Savings,3
CUST0126,P011,Cashback Card,4
CUST0126,P023,30-Year Fixed Mortgage,4
CUST0126,P024,15-Year Fixed Mortgage,3
CUST0126,P025,ARM Mortgage,3
CUST0126,P027,FHA Mortgage,3
CUST0126,P029,HELOC,3
CUST0126,P030,CD 3-Month,2
CUST0126,P037,Brokerage Account,3
CUST0126,P038,Retirement IRA,3
CUST0126,P040,Life Insurance,2
CUST0126,P041,Auto Insurance,2
CUST0127,P005,Business Checking,3
CUST0127,P006,Basic Savings,5
CUST0127,P008,Youth Savings,4
CUST0127,P014,Student Credit Card,2
CUST0127,P021,Used Auto Loan,2
CUST0127,P027,FHA Mortgage,3
CUST0127,P030,CD 3-Month,5
CUST0127,P031,CD 6-Month,5
CUST0127,P032,CD 12-Month,3
CUST0127,P033,CD 24-Month,4
CUST0127,P034,CD 60-Month,5
CUST0127,P035,IRA CD,4
CUST0127,P036,Robo-Advisor Portfolio,4
CUST0128,P003,Premium Checking,4
CUST0128,P005,Business Checking,4
CUST0128,P007,High-Yield Savings,2
CUST0128,P009,Holiday Club Savings,2
CUST0128,P012,Travel Rewards Card,3
CUST0128,P013,Premium Travel Card,3
CUST0128,P014,Student Credit Card,4
CUST0128,P015,Secured Credit Card,4
CUST0128,P017,Personal Loan - Unsecured,5
CUST0128,P018,Personal Loan - Secured,3
CUST0128,P020,New Auto Loan,5
CUST0128,P021,Used Auto Loan,4
CUST0128,P027,FHA Mortgage,3
CUST0128,P031,CD 6-Month,1
CUST0128,P037,Brokerage Account,2
CUST0128,P041,Auto Insurance,2
CUST0129,P001,Basic Checking,3
CUST0129,P003,Premium Checking,4
CUST0129,P005,Business Checking,4
CUST0129,P007,High-Yield Savings,4
CUST0129,P008,Youth Savings,4
CUST0129,P009,Holiday Club Savings,5
CUST0129,P011,Cashback Card,2
CUST0129,P013,Premium Travel Card,1
CUST0129,P014,Student Credit Card,2
CUST0129,P016,Business Credit Card,3
CUST0129,P018,Personal Loan - Secured,1
CUST0129,P031,CD 6-Month,5
CUST0129,P035,IRA CD,4
CUST0129,P036,Robo-Advisor Portfolio,5
CUST0129,P040,Life Insurance,3
CUST0129,P041,Auto Insurance,3
CUST0130,P004,Senior Checking,4
CUST0130,P006,Basic Savings,2
CUST0130,P010,Basic Rewards Card,3
CUST0130,P011,Cashback Card,3
CUST0130,P014,Student Credit Card,3
CUST0130,P018,Personal Loan - Secured,5
CUST0130,P019,Debt Consolidation Loan,4
CUST0130,P021,Used Auto Loan,5
CUST0130,P023,30-Year Fixed Mortgage,2
CUST0130,P026,Jumbo Mortgage,3
CUST0130,P028,Home Equity Loan,3
CUST0130,P040,Life Insurance,1
CUST0131,P001,Basic Checking,4
CUST0131,P002,Student Checking,4
CUST0131,P008,Youth Savings,2
CUST0131,P016,Business Credit Card,4
CUST0131,P017,Personal Loan - Unsecured,4
CUST0131,P019,Debt Consolidation Loan,5
CUST0131,P020,New Auto Loan,4
CUST0131,P022,Auto Refinance Loan,4
CUST0131,P023,30-Year Fixed Mortgage,3
CUST0131,P024,15-Year Fixed Mortgage,3
CUST0131,P027,FHA Mortgage,3
CUST0131,P030,CD 3-Month,2
CUST0131,P033,CD 24-Month,2
CUST0132,P005,Business Checking,3
CUST0132,P008,Youth Savings,4
CUST0132,P010,Basic Rewards Card,2
CUST0132,P012,Travel Rewards Card,3
CUST0132,P015,Secured Credit Card,3
CUST0132,P017,Personal Loan - Unsecured,2
CUST0132,P023,30-Year Fixed Mortgage,4
CUST0132,P025,ARM Mortgage,2
CUST0132,P027,FHA Mortgage,3
CUST0132,P030,CD 3-Month,5
CUST0132,P031,CD 6-Month,4
CUST0132,P033,CD 24-Month,4
CUST0132,P034,CD 60-Month,5
CUST0132,P035,IRA CD,3
CUST0132,P036,Robo-Advisor Portfolio,4
CUST0133,P001,Basic Checking,4
CUST0133,P006,Basic Savings,3
CUST0133,P007,High-Yield Savings,4
CUST0133,P008,Youth Savings,3
CUST0133,P010,Basic Rewards Card,3
CUST0133,P012,Travel Rewards Card,4
CUST0133,P016,Business Credit Card,3
CUST0133,P021,Used Auto Loan,2
CUST0133,P022,Auto Refinance Loan,2
CUST0133,P024,15-Year Fixed Mortgage,2
CUST0133,P027,FHA Mortgage,3
CUST0133,P031,CD 6-Month,3
CUST0133,P037,Brokerage Account,3
CUST0134,P001,Basic Checking,5
CUST0134,P002,Student Checking,5
CUST0134,P003,Premium Checking,5
CUST0134,P004,Senior Checking,4
CUST0134,P005,Business Checking,5
CUST0134,P008,Youth Savings,3
CUST0134,P010,Basic Rewards Card,5
CUST0134,P013,Premium Travel Card,4
CUST0134,P014,Student Credit Card,4
CUST0134,P017,Personal Loan - Unsecured,3
CUST0134,P021,Used Auto Loan,3
CUST0134,P024,15-Year Fixed Mortgage,2
CUST0134,P039,529 College Savings,3
CUST0135,P001,Basic Checking,3
CUST0135,P007,High-Yield Savings,4
CUST0135,P008,Youth Savings,4
CUST0135,P016,Business Credit Card,2
CUST0135,P019,Debt Consolidation Loan,1
CUST0135,P022,Auto Refinance Loan,2
CUST0135,P026,Jumbo Mortgage,2
CUST0135,P027,FHA Mortgage,2
CUST0135,P029,HELOC,2
CUST0135,P031,CD 6-Month,4
CUST0135,P033,CD 24-Month,5
CUST0135,P034,CD 60-Month,5
CUST0135,P039,529 College Savings,4
CUST0135,P041,Auto Insurance,3
CUST0136,P005,Business Checking,2
CUST0136,P006,Basic Savings,4
CUST0136,P011,Cashback Card,3
CUST0136,P013,Premium Travel Card,4
CUST0136,P015,Secured Credit Card,4
CUST0136,P017,Personal Loan - Unsecured,2
CUST0136,P021,Used Auto Loan,2
CUST0136,P023,30-Year Fixed Mortgage,2
CUST0136,P026,Jumbo Mortgage,3
CUST0136,P031,CD 6-Month,3
CUST0136,P034,CD 60-Month,2
CUST0136,P037,Brokerage Account,3
CUST0136,P040,Life Insurance,1
CUST0137,P002,Student Checking,3
CUST0137,P003,Premium Checking,3
CUST0137,P007,High-Yield Savings,2
CUST0137,P010,Basic Rewards Card,3
CUST0137,P011,Cashback Card,3
CUST0137,P012,Travel Rewards Card,3
CUST0137,P016,Business Credit Card,3
CUST0137,P021,Used Auto Loan,4
CUST0137,P030,CD 3-Month,2
CUST0137,P036,Robo-Advisor Portfolio,1
CUST0138,P001,Basic Checking,3
CUST0138,P002,Student Checking,3
CUST0138,P005,Business Checking,4
CUST0138,P010,Basic Rewards Card,5
CUST0138,P015,Secured Credit Card,5
CUST0138,P016,Business Credit Card,4
CUST0138,P023,30-Year Fixed Mortgage,4
CUST0138,P024,15-Year Fixed Mortgage,4
CUST0138,P025,ARM Mortgage,3
CUST0138,P027,FHA Mortgage,4
CUST0138,P032,CD 12-Month,3
CUST0138,P033,CD 24-Month,4
CUST0139,P002,Student Checking,4
CUST0139,P006,Basic Savings,4
CUST0139,P007,High-Yield Savings,4
CUST0139,P009,Holiday Club Savings,5
CUST0139,P014,Student Credit Card,3
CUST0139,P015,Secured Credit Card,2
CUST0139,P020,New Auto Loan,2
CUST0139,P025,ARM Mortgage,3
CUST0139,P027,FHA Mortgage,3
CUST0139,P028,Home Equity Loan,3
CUST0139,P029,HELOC,3
CUST0139,P030,CD 3-Month,4
CUST0139,P032,CD 12-Month,4
CUST0139,P033,CD 24-Month,5
CUST0139,P037,Brokerage Account,4
CUST0139,P040,Life Insurance,3
CUST0140,P001,Basic Checking,4
CUST0140,P002,Student Checking,4
CUST0140,P003,Premium Checking,4
CUST0140,P005,Business Checking,5
CUST0140,P008,Youth Savings,4
CUST0140,P010,Basic Rewards Card,4
CUST0140,P011,Cashback Card,5
CUST0140,P012,Travel Rewards Card,4
CUST0140,P014,Student Credit Card,4
CUST0140,P016,Business Credit Card,4
CUST0140,P019,Debt Consolidation Loan,2
CUST0140,P034,CD 60-Month,3
CUST0141,P002,Student Checking,4
CUST0141,P003,Premium Checking,2
CUST0141,P006,Basic Savings,3
CUST0141,P007,High-Yield Savings,3
CUST0141,P011,Cashback Card,3
CUST0141,P018,Personal Loan - Secured,2
CUST0141,P019,Debt Consolidation Loan,2
CUST0141,P025,ARM Mortgage,3
CUST0141,P029,HELOC,3
CUST0141,P033,CD 24-Month,2
CUST0141,P036,Robo-Advisor Portfolio,1
CUST0141,P037,Brokerage Account,3
CUST0141,P038,Retirement IRA,3
CUST0142,P007,High-Yield Savings,2
CUST0142,P009,Holiday Club Savings,2
CUST0142,P010,Basic Rewards Card,2
CUST0142,P013,Premium Travel Card,4
CUST0142,P016,Business Credit Card,3
CUST0142,P017,Personal Loan - Unsecured,5
CUST0142,P019,Debt Consolidation Loan,5
CUST0142,P021,Used Auto Loan,5
CUST0142,P023,30-Year Fixed Mortgage,3
CUST0142,P025,ARM Mortgage,3
CUST0142,P026,Jumbo Mortgage,3
CUST0142,P031,CD 6-Month,1
CUST0143,P002,Student Checking,3
CUST0143,P003,Premium Checking,4
CUST0143,P004,Senior Checking,3
CUST0143,P005,Business Checking,4
CUST0143,P006,Basic Savings,4
CUST0143,P008,Youth Savings,4
CUST0143,P010,Basic Rewards Card,2
CUST0143,P011,Cashback Card,2
CUST0143,P015,Secured Credit Card,3
CUST0143,P021,Used Auto Loan,2
CUST0143,P022,Auto Refinance Loan,2
CUST0143,P024,15-Year Fixed Mortgage,3
CUST0143,P028,Home Equity Loan,2
CUST0143,P031,CD 6-Month,5
CUST0143,P032,CD 12-Month,4
CUST0143,P034,CD 60-Month,5
CUST0143,P035,IRA CD,5
CUST0143,P037,Brokerage Account,4
CUST0143,P039,529 College Savings,4
CUST0143,P040,Life Insurance,3
CUST0143,P041,Auto Insurance,3
CUST0144,P001,Basic Checking,3
CUST0144,P002,Student Checking,3
CUST0144,P008,Youth Savings,4
CUST0144,P012,Travel Rewards Card,3
CUST0144,P013,Premium Travel Card,2
CUST0144,P014,Student Credit Card,3
CUST0144,P019,Debt Consolidation Loan,2
CUST0144,P022,Auto Refinance Loan,3
CUST0144,P024,15-Year Fixed Mortgage,3
CUST0144,P029,HELOC,3
CUST0144,P030,CD 3-Month,3
CUST0144,P034,CD 60-Month,2
CUST0144,P035,IRA CD,3
CUST0144,P036,Robo-Advisor Portfolio,2
CUST0145,P001,Basic Checking,5
CUST0145,P002,Student Checking,5
CUST0145,P004,Senior Checking,5
CUST0145,P005,Business Checking,5
CUST0145,P006,Basic Savings,4
CUST0145,P007,High-Yield Savings,4
CUST0145,P008,Youth Savings,4
CUST0145,P009,Holiday Club Savings,5
CUST0145,P010,Basic Rewards Card,4
CUST0145,P011,Cashback Card,4
CUST0145,P012,Travel Rewards Card,4
CUST0145,P015,Secured Credit Card,3
CUST0145,P021,Used Auto Loan,3
CUST0145,P022,Auto Refinance Loan,3
CUST0145,P034,CD 60-Month,2
CUST0146,P001,Basic Checking,5
CUST0146,P003,Premium Checking,4
CUST0146,P007,High-Yield Savings,5
CUST0146,P010,Basic Rewards Card,4
CUST0146,P012,Travel Rewards Card,4
CUST0146,P015,Secured Credit Card,4
CUST0146,P018,Personal Loan - Secured,2
CUST0146,P019,Debt Consolidation Loan,2
CUST0146,P020,New Auto Loan,3
CUST0146,P021,Used Auto Loan,3
CUST0146,P022,Auto Refinance Loan,3
CUST0146,P024,15-Year Fixed Mortgage,1
CUST0146,P032,CD 12-Month,1
CUST0146,P036,Robo-Advisor Portfolio,4
CUST0146,P037,Brokerage Account,2
CUST0146,P039,529 College Savings,4
CUST0147,P003,Premium Checking,3
CUST0147,P004,Senior Checking,3
CUST0147,P008,Youth Savings,2
CUST0147,P011,Cashback Card,3
CUST0147,P014,Student Credit Card,3
CUST0147,P018,Personal Loan - Secured,5
CUST0147,P021,Used Auto Loan,4
CUST0147,P026,Jumbo Mortgage,3
CUST0147,P030,CD 3-Month,2
CUST0147,P041,Auto Insurance,2
CUST0148,P001,Basic Checking,4
CUST0148,P010,Basic Rewards Card,2
CUST0148,P011,Cashback Card,2
CUST0148,P012,Travel Rewards Card,2
CUST0148,P013,Premium Travel Card,3
CUST0148,P026,Jumbo Mortgage,3
CUST0148,P029,HELOC,3
CUST0148,P030,CD 3-Month,5
CUST0148,P033,CD 24-Month,4
CUST0148,P034,CD 60-Month,4
CUST0148,P036,Robo-Advisor Portfolio,3
CUST0148,P038,Retirement IRA,3
CUST0148,P041,Auto Insurance,3
CUST0149,P001,Basic Checking,4
CUST0149,P003,Premium Checking,3
CUST0149,P005,Business Checking,4
CUST0149,P006,Basic Savings,2
CUST0149,P010,Basic Rewards Card,4
CUST0149,P012,Travel Rewards Card,3
CUST0149,P016,Business Credit Card,4
CUST0149,P018,Personal Loan - Secured,5
CUST0149,P020,New Auto Loan,5
CUST0149,P025,ARM Mortgage,4
CUST0149,P026,Jumbo Mortgage,3
CUST0149,P028,Home Equity Loan,3
CUST0149,P033,CD 24-Month,1
CUST0149,P038,Retirement IRA,2
CUST0149,P041,Auto Insurance,2
CUST0150,P001,Basic Checking,4
CUST0150,P002,Student Checking,3
CUST0150,P003,Premium Checking,4
CUST0150,P005,Business Checking,3
CUST0150,P007,High-Yield Savings,2
CUST0150,P008,Youth Savings,3
CUST0150,P009,Holiday Club Savings,4
CUST0150,P014,Student Credit Card,5
CUST0150,P020,New Auto Loan,3
CUST0150,P026,Jumbo Mortgage,5
CUST0150,P028,Home Equity Loan,4
CUST0150,P030,CD 3-Month,2
CUST0150,P031,CD 6-Month,3
CUST0150,P033,CD 24-Month,4
CUST0150,P034,CD 60-Month,4
CUST0150,P038,Retirement IRA,4
CUST0150,P041,Auto Insurance,4
CUST0151,P001,Basic Checking,4
CUST0151,P002,Student Checking,5
CUST0151,P003,Premium Checking,4
CUST0151,P004,Senior Checking,4
CUST0151,P005,Business Checking,5
CUST0151,P006,Basic Savings,4
CUST0151,P013,Premium Travel Card,4
CUST0151,P014,Student Credit Card,4
CUST0151,P015,Secured Credit Card,4
CUST0151,P020,New Auto Loan,3
CUST0151,P030,CD 3-Month,2
CUST0151,P032,CD 12-Month,2
CUST0151,P036,Robo-Advisor Portfolio,4
CUST0151,P038,Retirement IRA,3
CUST0151,P039,529 College Savings,3
CUST0152,P003,Premium Checking,4
CUST0152,P005,Business Checking,4
CUST0152,P006,Basic Savings,2
CUST0152,P007,High-Yield Savings,2
CUST0152,P010,Basic Rewards Card,3
CUST0152,P018,Personal Loan - Secured,4
CUST0152,P019,Debt Consolidation Loan,4
CUST0152,P021,Used Auto Loan,4
CUST0152,P027,FHA Mortgage,3
CUST0152,P036,Robo-Advisor Portfolio,1
CUST0152,P037,Brokerage Account,1
CUST0152,P041,Auto Insurance,2
CUST0153,P004,Senior Checking,4
CUST0153,P005,Business Checking,3
CUST0153,P008,Youth Savings,3
CUST0153,P011,Cashback Card,4
CUST0153,P012,Travel Rewards Card,3
CUST0153,P013,Premium Travel Card,3
CUST0153,P016,Business Credit Card,3
CUST0153,P017,Personal Loan - Unsecured,3
CUST0153,P018,Personal Loan - Secured,3
CUST0153,P025,ARM Mortgage,4
CUST0153,P028,Home Equity Loan,2
CUST0153,P030,CD 3-Month,3
CUST0153,P031,CD 6-Month,3
CUST0153,P039,529 College Savings,2
CUST0154,P003,Premium Checking,5
CUST0154,P004,Senior Checking,4
CUST0154,P006,Basic Savings,4
CUST0154,P008,Youth Savings,3
CUST0154,P013,Premium Travel Card,5
CUST0154,P015,Secured Credit Card,4
CUST0154,P016,Business Credit Card,5
CUST0154,P019,Debt Consolidation Loan,3
CUST0154,P020,New Auto Loan,3
CUST0154,P022,Auto Refinance Loan,4
CUST0154,P025,ARM Mortgage,2
CUST0154,P027,FHA Mortgage,2
CUST0154,P031,CD 6-Month,3
CUST0154,P032,CD 12-Month,2
CUST0154,P036,Robo-Advisor Portfolio,3
CUST0154,P038,Retirement IRA,4
CUST0154,P040,Life Insurance,2
CUST0155,P001,Basic Checking,4
CUST0155,P005,Business Checking,3
CUST0155,P006,Basic Savings,3
CUST0155,P007,High-Yield Savings,4
CUST0155,P008,Youth Savings,5
CUST0155,P021,Used Auto Loan,2
CUST0155,P023,30-Year Fixed Mortgage,3
CUST0155,P024,15-Year Fixed Mortgage,2
CUST0155,P027,FHA Mortgage,2
CUST0155,P029,HELOC,2
CUST0155,P032,CD 12-Month,5
CUST0155,P033,CD 24-Month,4
CUST0155,P034,CD 60-Month,4
CUST0155,P038,Retirement IRA,4
CUST0155,P039,529 College Savings,4
CUST0155,P041,Auto Insurance,3
CUST0156,P002,Student Checking,4
CUST0156,P003,Premium Checking,4
CUST0156,P005,Business Checking,5
CUST0156,P007,High-Yield Savings,5
CUST0156,P008,Youth Savings,3
CUST0156,P010,Basic Rewards Card,4
CUST0156,P011,Cashback Card,5
CUST0156,P013,Premium Travel Card,3
CUST0156,P014,Student Credit Card,4
CUST0156,P019,Debt Consolidation Loan,2
CUST0156,P023,30-Year Fixed Mortgage,1
CUST0156,P028,Home Equity Loan,1
CUST0156,P032,CD 12-Month,1
CUST0156,P033,CD 24-Month,2
CUST0156,P041,Auto Insurance,2
CUST0157,P001,Basic Checking,4
CUST0157,P002,Student Checking,4
CUST0157,P003,Premium Checking,3
CUST0157,P013,Premium Travel Card,4
CUST0157,P020,New Auto Loan,3
CUST0157,P023,30-Year Fixed Mortgage,3
CUST0157,P025,ARM Mortgage,2
CUST0157,P027,FHA Mortgage,4
CUST0157,P031,CD 6-Month,2
CUST0157,P032,CD 12-Month,3
CUST0157,P033,CD 24-Month,2
CUST0157,P035,IRA CD,3
CUST0157,P037,Brokerage Account,3
CUST0158,P003,Premium Checking,3
CUST0158,P005,Business Checking,3
CUST0158,P007,High-Yield Savings,3
CUST0158,P008,Youth Savings,3
CUST0158,P010,Basic Rewards Card,3
CUST0158,P013,Premium Travel Card,4
CUST0158,P014,Student Credit Card,2
CUST0158,P017,Personal Loan - Unsecured,3
CUST0158,P018,Personal Loan - Secured,2
CUST0158,P019,Debt Consolidation Loan,2
CUST0158,P022,Auto Refinance Loan,3
CUST0158,P023,30-Year Fixed Mortgage,3
CUST0158,P024,15-Year Fixed Mortgage,2
CUST0158,P028,Home Equity Loan,3
CUST0158,P035,IRA CD,2
CUST0158,P037,Brokerage Account,3
CUST0158,P041,Auto Insurance,2
CUST0159,P002,Student Checking,4
CUST0159,P003,Premium Checking,5
CUST0159,P004,Senior Checking,4
CUST0159,P005,Business Checking,5
CUST0159,P009,Holiday Club Savings,4
CUST0159,P011,Cashback Card,5
CUST0159,P013,Premium Travel Card,5
CUST0159,P015,Secured Credit Card,4
CUST0159,P016,Business Credit Card,5
CUST0159,P017,Personal Loan - Unsecured,3
CUST0159,P032,CD 12-Month,2
CUST0159,P035,IRA CD,2
CUST0159,P037,Brokerage Account,3
CUST0159,P038,Retirement IRA,3
CUST0159,P039,529 College Savings,3
CUST0159,P040,Life Insurance,2
CUST0160,P004,Senior Checking,3
CUST0160,P005,Business Checking,3
CUST0160,P006,Basic Savings,3
CUST0160,P007,High-Yield Savings,4
CUST0160,P011,Cashback Card,4
CUST0160,P012,Travel Rewards Card,4
CUST0160,P014,Student Credit Card,4
CUST0160,P015,Secured Credit Card,3
CUST0160,P016,Business Credit Card,3
CUST0160,P018,Personal Loan - Secured,3
CUST0160,P019,Debt Consolidation Loan,2
CUST0160,P022,Auto Refinance Loan,2
CUST0160,P024,15-Year Fixed Mortgage,3
CUST0160,P025,ARM Mortgage,4
CUST0160,P026,Jumbo Mortgage,3
CUST0160,P028,Home Equity Loan,3
CUST0160,P030,CD 3-Month,4
CUST0161,P001,Basic Checking,4
CUST0161,P002,Student Checking,4
CUST0161,P006,Basic Savings,3
CUST0161,P007,High-Yield Savings,3
CUST0161,P009,Holiday Club Savings,3
CUST0161,P011,Cashback Card,5
CUST0161,P014,Student Credit Card,4
CUST0161,P015,Secured Credit Card,4
CUST0161,P016,Business Credit Card,4
CUST0161,P018,Personal Loan - Secured,1
CUST0161,P020,New Auto Loan,1
CUST0161,P021,Used Auto Loan,2
CUST0161,P024,15-Year Fixed Mortgage,4
CUST0161,P025,ARM Mortgage,4
CUST0161,P028,Home Equity Loan,4
CUST0161,P030,CD 3-Month,3
CUST0161,P035,IRA CD,3
CUST0161,P038,Retirement IRA,5
CUST0161,P039,529 College Savings,5
CUST0162,P001,Basic Checking,3
CUST0162,P006,Basic Savings,5
CUST0162,P008,Youth Savings,4
CUST0162,P018,Personal Loan - Secured,2
CUST0162,P024,15-Year Fixed Mortgage,3
CUST0162,P026,Jumbo Mortgage,2
CUST0162,P030,CD 3-Month,5
CUST0162,P031,CD 6-Month,3
CUST0162,P033,CD 24-Month,5
CUST0162,P034,CD 60-Month,4
CUST0162,P038,Retirement IRA,3
CUST0162,P040,Life Insurance,2
CUST0163,P005,Business Checking,3
CUST0163,P006,Basic Savings,3
CUST0163,P010,Basic Rewards Card,5
CUST0163,P011,Cashback Card,5
CUST0163,P014,Student Credit Card,4
CUST0163,P015,Secured Credit Card,4
CUST0163,P016,Business Credit Card,4
CUST0163,P019,Debt Consolidation Loan,2
CUST0163,P024,15-Year Fixed Mortgage,5
CUST0163,P033,CD 24-Month,3
CUST0163,P036,Robo-Advisor Portfolio,5
CUST0163,P039,529 College Savings,4
CUST0164,P001,Basic Checking,3
CUST0164,P005,Business Checking,4
CUST0164,P007,High-Yield Savings,3
CUST0164,P011,Cashback Card,4
CUST0164,P012,Travel Rewards Card,5
CUST0164,P014,Student Credit Card,4
CUST0164,P015,Secured Credit Card,4
CUST0164,P016,Business Credit Card,4
CUST0164,P018,Personal Loan - Secured,2
CUST0164,P019,Debt Consolidation Loan,2
CUST0164,P023,30-Year Fixed Mortgage,5
CUST0164,P024,15-Year Fixed Mortgage,3
CUST0164,P026,Jumbo Mortgage,4
CUST0164,P027,FHA Mortgage,4
CUST0164,P028,Home Equity Loan,5
CUST0164,P031,CD 6-Month,3
CUST0164,P033,CD 24-Month,4
CUST0164,P034,CD 60-Month,3
CUST0164,P037,Brokerage Account,5
CUST0164,P041,Auto Insurance,4
CUST0165,P001,Basic Checking,4
CUST0165,P003,Premium Checking,4
CUST0165,P004,Senior Checking,5
CUST0165,P005,Business Checking,5
CUST0165,P008,Youth Savings,4
CUST0165,P013,Premium Travel Card,4
CUST0165,P015,Secured Credit Card,4
CUST0165,P016,Business Credit Card,4
CUST0165,P017,Personal Loan - Unsecured,3
CUST0165,P018,Personal Loan - Secured,3
CUST0165,P022,Auto Refinance Loan,3
CUST0165,P027,FHA Mortgage,2
CUST0165,P031,CD 6-Month,2
CUST0165,P034,CD 60-Month,3
CUST0165,P036,Robo-Advisor Portfolio,3
CUST0166,P003,Premium Checking,5
CUST0166,P010,Basic Rewards Card,4
CUST0166,P012,Travel Rewards Card,5
CUST0166,P014,Student Credit Card,3
CUST0166,P015,Secured Credit Card,5
CUST0166,P016,Business Credit Card,4
CUST0166,P018,Personal Loan - Secured,2
CUST0166,P019,Debt Consolidation Loan,2
CUST0166,P020,New Auto Loan,2
CUST0166,P021,Used Auto Loan,2
CUST0166,P022,Auto Refinance Loan,2
CUST0166,P024,15-Year Fixed Mortgage,5
CUST0166,P025,ARM Mortgage,4
CUST0166,P026,Jumbo Mortgage,4
CUST0166,P027,FHA Mortgage,4
CUST0166,P028,Home Equity Loan,4
CUST0166,P029,HELOC,5
CUST0166,P032,CD 12-Month,2
CUST0166,P033,CD 24-Month,4
CUST0166,P036,Robo-Advisor Portfolio,4
CUST0166,P038,Retirement IRA,4
CUST0166,P039,529 College Savings,5
CUST0166,P041,Auto Insurance,4
CUST0167,P004,Senior Checking,3
CUST0167,P009,Holiday Club Savings,2
CUST0167,P018,Personal Loan - Secured,4
CUST0167,P019,Debt Consolidation Loan,4
CUST0167,P020,New Auto Loan,4
CUST0167,P022,Auto Refinance Loan,4
CUST0167,P023,30-Year Fixed Mortgage,2
CUST0167,P025,ARM Mortgage,4
CUST0167,P026,Jumbo Mortgage,4
CUST0167,P028,Home Equity Loan,3
CUST0167,P032,CD 12-Month,2
CUST0167,P036,Robo-Advisor Portfolio,1
CUST0167,P037,Brokerage Account,1
CUST0167,P039,529 College Savings,2
CUST0168,P001,Basic Checking,4
CUST0168,P004,Senior Checking,5
CUST0168,P005,Business Checking,5
CUST0168,P010,Basic Rewards Card,4
CUST0168,P012,Travel Rewards Card,4
CUST0168,P015,Secured Credit Card,4
CUST0168,P017,Personal Loan - Unsecured,2
CUST0168,P018,Personal Loan - Secured,2
CUST0168,P024,15-Year Fixed Mortgage,2
CUST0168,P037,Brokerage Account,3
CUST0168,P038,Retirement IRA,4
CUST0168,P039,529 College Savings,3
CUST0169,P001,Basic Checking,4
CUST0169,P002,Student Checking,5
CUST0169,P003,Premium Checking,4
CUST0169,P004,Senior Checking,4
CUST0169,P005,Business Checking,4
CUST0169,P006,Basic Savings,3
CUST0169,P009,Holiday Club Savings,4
CUST0169,P011,Cashback Card,5
CUST0169,P012,Travel Rewards Card,4
CUST0169,P015,Secured Credit Card,4
CUST0169,P016,Business Credit Card,5
CUST0169,P017,Personal Loan - Unsecured,2
CUST0169,P024,15-Year Fixed Mortgage,2
CUST0169,P031,CD 6-Month,2
CUST0169,P036,Robo-Advisor Portfolio,3
CUST0169,P037,Brokerage Account,3
CUST0170,P001,Basic Checking,5
CUST0170,P003,Premium Checking,5
CUST0170,P004,Senior Checking,5
CUST0170,P005,Business Checking,5
CUST0170,P015,Secured Credit Card,4
CUST0170,P016,Business Credit Card,4
CUST0170,P018,Personal Loan - Secured,2
CUST0170,P022,Auto Refinance Loan,3
CUST0170,P023,30-Year Fixed Mortgage,2
CUST0170,P028,Home Equity Loan,2
CUST0170,P029,HELOC,2
CUST0170,P031,CD 6-Month,2
CUST0170,P034,CD 60-Month,1
CUST0170,P038,Retirement IRA,4
CUST0171,P003,Premium Checking,4
CUST0171,P006,Basic Savings,3
CUST0171,P007,High-Yield Savings,3
CUST0171,P008,Youth Savings,4
CUST0171,P010,Basic Rewards Card,3
CUST0171,P013,Premium Travel Card,2
CUST0171,P017,Personal Loan - Unsecured,3
CUST0171,P023,30-Year Fixed Mortgage,3
CUST0171,P026,Jumbo Mortgage,3
CUST0171,P027,FHA Mortgage,2
CUST0171,P028,Home Equity Loan,3
CUST0171,P031,CD 6-Month,3
CUST0171,P035,IRA CD,2
CUST0171,P037,Brokerage Account,2
CUST0171,P038,Retirement IRA,3
CUST0171,P041,Auto Insurance,3
CUST0172,P002,Student Checking,4
CUST0172,P003,Premium Checking,3
CUST0172,P004,Senior Checking,4
CUST0172,P006,Basic Savings,2
CUST0172,P008,Youth Savings,3
CUST0172,P009,Holiday Club Savings,2
CUST0172,P010,Basic Rewards Card,4
CUST0172,P013,Premium Travel Card,3
CUST0172,P014,Student Credit Card,3
CUST0172,P016,Business Credit Card,3
CUST0172,P017,Personal Loan - Unsecured,4
CUST0172,P019,Debt Consolidation Loan,4
CUST0172,P020,New Auto Loan,5
CUST0172,P021,Used Auto Loan,4
CUST0172,P024,15-Year Fixed Mortgage,2
CUST0172,P025,ARM Mortgage,3
CUST0172,P032,CD 12-Month,1
CUST0172,P039,529 College Savings,1
CUST0172,P040,Life Insurance,3
CUST0173,P001,Basic Checking,3
CUST0173,P003,Premium Checking,4
CUST0173,P004,Senior Checking,3
CUST0173,P005,Business Checking,3
CUST0173,P007,High-Yield Savings,3
CUST0173,P013,Premium Travel Card,4
CUST0173,P016,Business Credit Card,3
CUST0173,P027,FHA Mortgage,3
CUST0173,P029,HELOC,3
CUST0173,P033,CD 24-Month,3
CUST0173,P037,Brokerage Account,3
CUST0173,P038,Retirement IRA,3
CUST0173,P039,529 College Savings,3
CUST0174,P001,Basic Checking,3
CUST0174,P004,Senior Checking,4
CUST0174,P010,Basic Rewards Card,4
CUST0174,P015,Secured Credit Card,3
CUST0174,P016,Business Credit Card,3
CUST0174,P021,Used Auto Loan,4
CUST0174,P022,Auto Refinance Loan,4
CUST0174,P023,30-Year Fixed Mortgage,3
CUST0174,P024,15-Year Fixed Mortgage,3
CUST0174,P025,ARM Mortgage,3
CUST0174,P027,FHA Mortgage,3
CUST0174,P028,Home Equity Loan,3
CUST0174,P029,HELOC,3
CUST0174,P038,Retirement IRA,2
CUST0174,P039,529 College Savings,2
CUST0174,P041,Auto Insurance,2
CUST0175,P003,Premium Checking,3
CUST0175,P004,Senior Checking,4
CUST0175,P005,Business Checking,3
CUST0175,P008,Youth Savings,5
CUST0175,P010,Basic Rewards Card,2
CUST0175,P014,Student Credit Card,2
CUST0175,P026,Jumbo Mortgage,2
CUST0175,P028,Home Equity Loan,3
CUST0175,P030,CD 3-Month,5
CUST0175,P033,CD 24-Month,5
CUST0175,P034,CD 60-Month,5
CUST0175,P036,Robo-Advisor Portfolio,4
CUST0175,P038,Retirement IRA,4
CUST0175,P041,Auto Insurance,3
CUST0176,P001,Basic Checking,3
CUST0176,P002,Student Checking,3
CUST0176,P005,Business Checking,3
CUST0176,P006,Basic Savings,2
CUST0176,P007,High-Yield Savings,1
CUST0176,P008,Youth Savings,2
CUST0176,P010,Basic Rewards Card,3
CUST0176,P012,Travel Rewards Card,4
CUST0176,P013,Premium Travel Card,2
CUST0176,P014,Student Credit Card,2
CUST0176,P018,Personal Loan - Secured,4
CUST0176,P020,New Auto Loan,5
CUST0176,P021,Used Auto Loan,4
CUST0176,P022,Auto Refinance Loan,4
CUST0176,P026,Jumbo Mortgage,3
CUST0176,P029,HELOC,3
CUST0176,P037,Brokerage Account,1
CUST0176,P040,Life Insurance,1
CUST0177,P003,Premium Checking,3
CUST0177,P004,Senior Checking,4
CUST0177,P005,Business Checking,2
CUST0177,P008,Youth Savings,4
CUST0177,P009,Holiday Club Savings,4
CUST0177,P011,Cashback Card,4
CUST0177,P013,Premium Travel Card,3
CUST0177,P014,Student Credit Card,2
CUST0177,P015,Secured Credit Card,3
CUST0177,P017,Personal Loan - Unsecured,2
CUST0177,P019,Debt Consolidation Loan,2
CUST0177,P020,New Auto Loan,3
CUST0177,P021,Used Auto Loan,3
CUST0177,P023,30-Year Fixed Mortgage,3
CUST0177,P029,HELOC,4
CUST0177,P032,CD 12-Month,3
CUST0177,P036,Robo-Advisor Portfolio,2
CUST0177,P038,Retirement IRA,3
CUST0177,P040,Life Insurance,3
CUST0178,P001,Basic Checking,5
CUST0178,P002,Student Checking,3
CUST0178,P006,Basic Savings,3
CUST0178,P010,Basic Rewards Card,5
CUST0178,P011,Cashback Card,4
CUST0178,P012,Travel Rewards Card,4
CUST0178,P013,Premium Travel Card,4
CUST0178,P015,Secured Credit Card,5
CUST0178,P016,Business Credit Card,5
CUST0178,P017,Personal Loan - Unsecured,3
CUST0178,P019,Debt Consolidation Loan,2
CUST0178,P021,Used Auto Loan,2
CUST0178,P022,Auto Refinance Loan,2
CUST0178,P027,FHA Mortgage,5
CUST0178,P028,Home Equity Loan,5
CUST0178,P031,CD 6-Month,4
CUST0178,P033,CD 24-Month,3
CUST0178,P035,IRA CD,4
CUST0178,P036,Robo-Advisor Portfolio,5
CUST0178,P037,Brokerage Account,5
CUST0178,P038,Retirement IRA,5
CUST0179,P001,Basic Checking,4
CUST0179,P002,Student Checking,4
CUST0179,P003,Premium Checking,3
CUST0179,P004,Senior Checking,4
CUST0179,P006,Basic Savings,4
CUST0179,P009,Holiday Club Savings,3
CUST0179,P012,Travel Rewards Card,4
CUST0179,P016,Business Credit Card,3
CUST0179,P028,Home Equity Loan,2
CUST0179,P037,Brokerage Account,3
CUST0180,P001,Basic Checking,3
CUST0180,P003,Premium Checking,3
CUST0180,P012,Travel Rewards Card,3
CUST0180,P014,Student Credit Card,3
CUST0180,P015,Secured Credit Card,4
CUST0180,P017,Personal Loan - Unsecured,4
CUST0180,P018,Personal Loan - Secured,4
CUST0180,P019,Debt Consolidation Loan,5
CUST0180,P020,New Auto Loan,4
CUST0180,P022,Auto Refinance Loan,4
CUST0180,P023,30-Year Fixed Mortgage,3
CUST0180,P025,ARM Mortgage,4
CUST0180,P028,Home Equity Loan,4
CUST0180,P034,CD 60-Month,1
CUST0180,P041,Auto Insurance,3
CUST0181,P002,Student Checking,5
CUST0181,P004,Senior Checking,3
CUST0181,P005,Business Checking,5
CUST0181,P009,Holiday Club Savings,4
CUST0181,P011,Cashback Card,5
CUST0181,P018,Personal Loan - Secured,2
CUST0181,P033,CD 24-Month,1
CUST0181,P037,Brokerage Account,3
CUST0182,P001,Basic Checking,4
CUST0182,P002,Student Checking,3
CUST0182,P011,Cashback Card,4
CUST0182,P015,Secured Credit Card,3
CUST0182,P017,Personal Loan - Unsecured,4
CUST0182,P020,New Auto Loan,5
CUST0182,P024,15-Year Fixed Mortgage,3
CUST0182,P027,FHA Mortgage,3
CUST0182,P028,Home Equity Loan,3
CUST0182,P029,HELOC,3
CUST0182,P037,Brokerage Account,1
CUST0182,P038,Retirement IRA,1
CUST0183,P002,Student Checking,5
CUST0183,P003,Premium Checking,5
CUST0183,P006,Basic Savings,4
CUST0183,P007,High-Yield Savings,4
CUST0183,P008,Youth Savings,4
CUST0183,P009,Holiday Club Savings,5
CUST0183,P013,Premium Travel Card,5
CUST0183,P016,Business Credit Card,4
CUST0183,P028,Home Equity Loan,1
CUST0183,P035,IRA CD,2
CUST0183,P037,Brokerage Account,3
CUST0183,P038,Retirement IRA,3
CUST0184,P001,Basic Checking,4
CUST0184,P002,Student Checking,4
CUST0184,P004,Senior Checking,4
CUST0184,P011,Cashback Card,3
CUST0184,P017,Personal Loan - Unsecured,5
CUST0184,P018,Personal Loan - Secured,4
CUST0184,P019,Debt Consolidation Loan,4
CUST0184,P020,New Auto Loan,5
CUST0184,P022,Auto Refinance Loan,5
CUST0184,P023,30-Year Fixed Mortgage,2
CUST0184,P029,HELOC,3
CUST0184,P033,CD 24-Month,2
CUST0185,P002,Student Checking,4
CUST0185,P003,Premium Checking,4
CUST0185,P005,Business Checking,4
CUST0185,P007,High-Yield Savings,2
CUST0185,P012,Travel Rewards Card,3
CUST0185,P017,Personal Loan - Unsecured,4
CUST0185,P022,Auto Refinance Loan,5
CUST0185,P023,30-Year Fixed Mortgage,3
CUST0185,P024,15-Year Fixed Mortgage,3
CUST0185,P026,Jumbo Mortgage,3
CUST0185,P029,HELOC,4
CUST0185,P033,CD 24-Month,2
CUST0185,P034,CD 60-Month,1
CUST0186,P002,Student Checking,3
CUST0186,P005,Business Checking,3
CUST0186,P007,High-Yield Savings,5
CUST0186,P009,Holiday Club Savings,5
CUST0186,P015,Secured Credit Card,3
CUST0186,P016,Business Credit Card,3
CUST0186,P020,New Auto Loan,2
CUST0186,P024,15-Year Fixed Mortgage,3
CUST0186,P027,FHA Mortgage,2
CUST0186,P028,Home Equity Loan,2
CUST0186,P029,HELOC,3
CUST0186,P030,CD 3-Month,5
CUST0186,P032,CD 12-Month,5
CUST0186,P033,CD 24-Month,5
CUST0186,P035,IRA CD,5
CUST0186,P038,Retirement IRA,4
CUST0186,P039,529 College Savings,4
CUST0186,P040,Life Insurance,3
CUST0187,P001,Basic Checking,4
CUST0187,P003,Premium Checking,4
CUST0187,P006,Basic Savings,3
CUST0187,P008,Youth Savings,3
CUST0187,P009,Holiday Club Savings,3
CUST0187,P013,Premium Travel Card,3
CUST0187,P015,Secured Credit Card,3
CUST0187,P025,ARM Mortgage,3
CUST0187,P027,FHA Mortgage,3
CUST0187,P029,HELOC,3
CUST0187,P033,CD 24-Month,3
CUST0187,P035,IRA CD,2
CUST0187,P036,Robo-Advisor Portfolio,2
CUST0187,P039,529 College Savings,2
CUST0187,P040,Life Insurance,3
CUST0187,P041,Auto Insurance,2
CUST0188,P001,Basic Checking,5
CUST0188,P006,Basic Savings,4
CUST0188,P009,Holiday Club Savings,4
CUST0188,P010,Basic Rewards Card,4
CUST0188,P011,Cashback Card,4
CUST0188,P014,Student Credit Card,4
CUST0188,P015,Secured Credit Card,5
CUST0188,P016,Business Credit Card,5
CUST0188,P018,Personal Loan - Secured,2
CUST0188,P019,Debt Consolidation Loan,1
CUST0188,P020,New Auto Loan,3
CUST0188,P021,Used Auto Loan,4
CUST0188,P023,30-Year Fixed Mortgage,1
CUST0188,P031,CD 6-Month,1
CUST0188,P035,IRA CD,3
CUST0188,P037,Brokerage Account,4
CUST0188,P038,Retirement IRA,3
CUST0188,P040,Life Insurance,2
CUST0189,P004,Senior Checking,4
CUST0189,P006,Basic Savings,4
CUST0189,P007,High-Yield Savings,3
CUST0189,P011,Cashback Card,2
CUST0189,P013,Premium Travel Card,2
CUST0189,P014,Student Credit Card,2
CUST0189,P015,Secured Credit Card,3
CUST0189,P020,New Auto Loan,1
CUST0189,P023,30-Year Fixed Mortgage,3
CUST0189,P028,Home Equity Loan,3
CUST0189,P032,CD 12-Month,4
CUST0189,P035,IRA CD,4
CUST0189,P040,Life Insurance,3
CUST0190,P003,Premium Checking,4
CUST0190,P010,Basic Rewards Card,3
CUST0190,P012,Travel Rewards Card,3
CUST0190,P015,Secured Credit Card,3
CUST0190,P016,Business Credit Card,4
CUST0190,P017,Personal Loan - Unsecured,2
CUST0190,P018,Personal Loan - Secured,3
CUST0190,P021,Used Auto Loan,3
CUST0190,P025,ARM Mortgage,3
CUST0190,P028,Home Equity Loan,3
CUST0190,P029,HELOC,2
CUST0190,P031,CD 6-Month,2
CUST0190,P035,IRA CD,1
CUST0190,P039,529 College Savings,2
CUST0190,P041,Auto Insurance,2
CUST0191,P001,Basic Checking,2
CUST0191,P002,Student Checking,3
CUST0191,P007,High-Yield Savings,4
CUST0191,P008,Youth Savings,4
CUST0191,P009,Holiday Club Savings,4
CUST0191,P010,Basic Rewards Card,2
CUST0191,P016,Business Credit Card,3
CUST0191,P024,15-Year Fixed Mortgage,3
CUST0191,P025,ARM Mortgage,2
CUST0191,P027,FHA Mortgage,2
CUST0191,P028,Home Equity Loan,3
CUST0191,P031,CD 6-Month,4
CUST0191,P032,CD 12-Month,5
CUST0191,P033,CD 24-Month,4
CUST0191,P037,Brokerage Account,4
CUST0191,P041,Auto Insurance,3
CUST0192,P001,Basic Checking,5
CUST0192,P002,Student Checking,4
CUST0192,P009,Holiday Club Savings,4
CUST0192,P011,Cashback Card,5
CUST0192,P012,Travel Rewards Card,4
CUST0192,P013,Premium Travel Card,5
CUST0192,P014,Student Credit Card,5
CUST0192,P018,Personal Loan - Secured,1
CUST0192,P023,30-Year Fixed Mortgage,5
CUST0192,P025,ARM Mortgage,4
CUST0192,P026,Jumbo Mortgage,4
CUST0192,P027,FHA Mortgage,5
CUST0192,P029,HELOC,4
CUST0192,P036,Robo-Advisor Portfolio,5
CUST0192,P039,529 College Savings,5
CUST0192,P040,Life Insurance,4
CUST0192,P041,Auto Insurance,4
CUST0193,P013,Premium Travel Card,3
CUST0193,P014,Student Credit Card,3
CUST0193,P015,Secured Credit Card,4
CUST0193,P017,Personal Loan - Unsecured,4
CUST0193,P018,Personal Loan - Secured,5
CUST0193,P019,Debt Consolidation Loan,5
CUST0193,P020,New Auto Loan,4
CUST0193,P021,Used Auto Loan,4
CUST0193,P022,Auto Refinance Loan,4
CUST0193,P023,30-Year Fixed Mortgage,3
CUST0193,P024,15-Year Fixed Mortgage,3
CUST0193,P026,Jumbo Mortgage,2
CUST0193,P029,HELOC,3
CUST0193,P041,Auto Insurance,2
CUST0194,P001,Basic Checking,3
CUST0194,P003,Premium Checking,3
CUST0194,P004,Senior Checking,4
CUST0194,P010,Basic Rewards Card,3
CUST0194,P014,Student Credit Card,3
CUST0194,P015,Secured Credit Card,3
CUST0194,P016,Business Credit Card,4
CUST0194,P017,Personal Loan - Unsecured,2
CUST0194,P018,Personal Loan - Secured,3
CUST0194,P033,CD 24-Month,3
CUST0194,P040,Life Insurance,3
CUST0195,P001,Basic Checking,3
CUST0195,P008,Youth Savings,2
CUST0195,P010,Basic Rewards Card,3
CUST0195,P012,Travel Rewards Card,3
CUST0195,P013,Premium Travel Card,3
CUST0195,P016,Business Credit Card,4
CUST0195,P019,Debt Consolidation Loan,4
CUST0195,P020,New Auto Loan,5
CUST0195,P021,Used Auto Loan,4
CUST0195,P024,15-Year Fixed Mortgage,3
CUST0195,P027,FHA Mortgage,4
CUST0195,P029,HELOC,3
CUST0195,P040,Life Insurance,3
CUST0196,P001,Basic Checking,2
CUST0196,P002,Student Checking,3
CUST0196,P006,Basic Savings,4
CUST0196,P007,High-Yield Savings,4
CUST0196,P008,Youth Savings,5
CUST0196,P009,Holiday Club Savings,5
CUST0196,P010,Basic Rewards Card,2
CUST0196,P027,FHA Mortgage,3
CUST0196,P030,CD 3-Month,4
CUST0196,P031,CD 6-Month,4
CUST0196,P033,CD 24-Month,4
CUST0196,P035,IRA CD,4
CUST0196,P036,Robo-Advisor Portfolio,3
CUST0196,P040,Life Insurance,3
CUST0196,P041,Auto Insurance,3
CUST0197,P001,Basic Checking,4
CUST0197,P004,Senior Checking,3
CUST0197,P005,Business Checking,4
CUST0197,P008,Youth Savings,3
CUST0197,P012,Travel Rewards Card,5
CUST0197,P014,Student Credit Card,5
CUST0197,P016,Business Credit Card,4
CUST0197,P018,Personal Loan - Secured,1
CUST0197,P019,Debt Consolidation Loan,2
CUST0197,P021,Used Auto Loan,2
CUST0197,P023,30-Year Fixed Mortgage,4
CUST0197,P024,15-Year Fixed Mortgage,5
CUST0197,P027,FHA Mortgage,4
CUST0197,P028,Home Equity Loan,3
CUST0197,P029,HELOC,4
CUST0197,P030,CD 3-Month,3
CUST0197,P032,CD 12-Month,3
CUST0197,P034,CD 60-Month,4
CUST0197,P035,IRA CD,3
CUST0197,P036,Robo-Advisor Portfolio,5
CUST0197,P037,Brokerage Account,4
CUST0197,P039,529 College Savings,4
CUST0197,P040,Life Insurance,5
CUST0197,P041,Auto Insurance,4
CUST0198,P003,Premium Checking,4
CUST0198,P004,Senior Checking,3
CUST0198,P005,Business Checking,3
CUST0198,P008,Youth Savings,3
CUST0198,P009,Holiday Club Savings,4
CUST0198,P010,Basic Rewards Card,3
CUST0198,P014,Student Credit Card,3
CUST0198,P015,Secured Credit Card,4
CUST0198,P018,Personal Loan - Secured,3
CUST0198,P020,New Auto Loan,2
CUST0198,P024,15-Year Fixed Mortgage,3
CUST0198,P029,HELOC,3
CUST0198,P030,CD 3-Month,3
CUST0198,P033,CD 24-Month,3
CUST0198,P039,529 College Savings,3
CUST0198,P040,Life Insurance,2
CUST0199,P008,Youth Savings,4
CUST0199,P013,Premium Travel Card,2
CUST0199,P014,Student Credit Card,2
CUST0199,P015,Secured Credit Card,2
CUST0199,P017,Personal Loan - Unsecured,1
CUST0199,P024,15-Year Fixed Mortgage,3
CUST0199,P030,CD 3-Month,4
CUST0199,P031,CD 6-Month,4
CUST0199,P033,CD 24-Month,4
CUST0199,P034,CD 60-Month,4
CUST0199,P039,529 College Savings,4
CUST0200,P003,Premium Checking,4
CUST0200,P004,Senior Checking,5
CUST0200,P005,Business Checking,4
CUST0200,P006,Basic Savings,3
CUST0200,P008,Youth Savings,3
CUST0200,P017,Personal Loan - Unsecured,3
CUST0200,P019,Debt Consolidation Loan,2
CUST0200,P020,New Auto Loan,3
CUST0200,P022,Auto Refinance Loan,3
CUST0200,P025,ARM Mortgage,2
CUST0200,P026,Jumbo Mortgage,3
CUST0200,P028,Home Equity Loan,2
CUST0200,P033,CD 24-Month,2
CUST0200,P035,IRA CD,2
CUST0200,P036,Robo-Advisor Portfolio,2
CUST0201,P001,Basic Checking,4
CUST0201,P004,Senior Checking,4
CUST0201,P005,Business Checking,4
CUST0201,P007,High-Yield Savings,3
CUST0201,P008,Youth Savings,4
CUST0201,P011,Cashback Card,5
CUST0201,P012,Travel Rewards Card,5
CUST0201,P013,Premium Travel Card,5
CUST0201,P014,Student Credit Card,5
CUST0201,P016,Business Credit Card,5
CUST0201,P017,Personal Loan - Unsecured,1
CUST0201,P018,Personal Loan - Secured,2
CUST0201,P020,New Auto Loan,3
CUST0201,P024,15-Year Fixed Mortgage,4
CUST0201,P025,ARM Mortgage,4
CUST0201,P026,Jumbo Mortgage,5
CUST0201,P036,Robo-Advisor Portfolio,5
CUST0201,P039,529 College Savings,5
CUST0201,P040,Life Insurance,5
CUST0201,P041,Auto Insurance,4
CUST0202,P005,Business Checking,4
CUST0202,P006,Basic Savings,2
CUST0202,P007,High-Yield Savings,3
CUST0202,P010,Basic Rewards Card,4
CUST0202,P011,Cashback Card,5
CUST0202,P012,Travel Rewards Card,3
CUST0202,P014,Student Credit Card,4
CUST0202,P016,Business Credit Card,4
CUST0202,P020,New Auto Loan,3
CUST0202,P023,30-Year Fixed Mortgage,5
CUST0202,P025,ARM Mortgage,4
CUST0202,P026,Jumbo Mortgage,4
CUST0202,P027,FHA Mortgage,4
CUST0202,P028,Home Equity Loan,5
CUST0202,P029,HELOC,5
CUST0202,P031,CD 6-Month,4
CUST0202,P037,Brokerage Account,5
CUST0202,P041,Auto Insurance,4
CUST0203,P005,Business Checking,4
CUST0203,P006,Basic Savings,4
CUST0203,P009,Holiday Club Savings,3
CUST0203,P010,Basic Rewards Card,4
CUST0203,P011,Cashback Card,4
CUST0203,P012,Travel Rewards Card,5
CUST0203,P013,Premium Travel Card,3
CUST0203,P014,Student Credit Card,4
CUST0203,P015,Secured Credit Card,3
CUST0203,P016,Business Credit Card,3
CUST0203,P020,New Auto Loan,3
CUST0203,P027,FHA Mortgage,1
CUST0203,P028,Home Equity Loan,2
CUST0203,P030,CD 3-Month,2
CUST0203,P032,CD 12-Month,2
CUST0204,P002,Student Checking,3
CUST0204,P006,Basic Savings,4
CUST0204,P007,High-Yield Savings,4
CUST0204,P008,Youth Savings,4
CUST0204,P016,Business Credit Card,2
CUST0204,P018,Personal Loan - Secured,1
CUST0204,P025,ARM Mortgage,3
CUST0204,P030,CD 3-Month,4
CUST0204,P031,CD 6-Month,5
CUST0204,P037,Brokerage Account,3
CUST0204,P038,Retirement IRA,4
CUST0205,P001,Basic Checking,4
CUST0205,P002,Student Checking,4
CUST0205,P006,Basic Savings,4
CUST0205,P007,High-Yield Savings,4
CUST0205,P009,Holiday Club Savings,3
CUST0205,P011,Cashback Card,4
CUST0205,P012,Travel Rewards Card,3
CUST0205,P013,Premium Travel Card,4
CUST0205,P015,Secured Credit Card,4
CUST0205,P019,Debt Consolidation Loan,3
CUST0205,P020,New Auto Loan,3
CUST0205,P030,CD 3-Month,2
CUST0205,P036,Robo-Advisor Portfolio,3
CUST0206,P001,Basic Checking,4
CUST0206,P002,Student Checking,3
CUST0206,P005,Business Checking,4
CUST0206,P006,Basic Savings,3
CUST0206,P012,Travel Rewards Card,4
CUST0206,P015,Secured Credit Card,5
CUST0206,P018,Personal Loan - Secured,1
CUST0206,P022,Auto Refinance Loan,3
CUST0206,P024,15-Year Fixed Mortgage,5
CUST0206,P027,FHA Mortgage,4
CUST0206,P031,CD 6-Month,3
CUST0206,P034,CD 60-Month,2
CUST0206,P035,IRA CD,3
CUST0206,P036,Robo-Advisor Portfolio,4
CUST0206,P038,Retirement IRA,4
CUST0206,P039,529 College Savings,5
CUST0206,P040,Life Insurance,4
CUST0206,P041,Auto Insurance,4
CUST0207,P002,Student Checking,4
CUST0207,P003,Premium Checking,4
CUST0207,P007,High-Yield Savings,4
CUST0207,P008,Youth Savings,5
CUST0207,P012,Travel Rewards Card,2
CUST0207,P013,Premium Travel Card,2
CUST0207,P018,Personal Loan - Secured,1
CUST0207,P019,Debt Consolidation Loan,1
CUST0207,P020,New Auto Loan,2
CUST0207,P021,Used Auto Loan,1
CUST0207,P023,30-Year Fixed Mortgage,3
CUST0207,P025,ARM Mortgage,2
CUST0207,P026,Jumbo Mortgage,3
CUST0207,P027,FHA Mortgage,2
CUST0207,P028,Home Equity Loan,3
CUST0207,P032,CD 12-Month,5
CUST0207,P034,CD 60-Month,5
CUST0207,P037,Brokerage Account,4
CUST0208,P003,Premium Checking,4
CUST0208,P004,Senior Checking,3
CUST0208,P005,Business Checking,3
CUST0208,P006,Basic Savings,3
CUST0208,P013,Premium Travel Card,5
CUST0208,P014,Student Credit Card,4
CUST0208,P015,Secured Credit Card,4
CUST0208,P016,Business Credit Card,4
CUST0208,P017,Personal Loan - Unsecured,2
CUST0208,P021,Used Auto Loan,2
CUST0208,P023,30-Year Fixed Mortgage,4
CUST0208,P024,15-Year Fixed Mortgage,4
CUST0208,P025,ARM Mortgage,4
CUST0208,P026,Jumbo Mortgage,4
CUST0208,P027,FHA Mortgage,4
CUST0208,P028,Home Equity Loan,4
CUST0208,P029,HELOC,4
CUST0208,P031,CD 6-Month,3
CUST0208,P032,CD 12-Month,3
CUST0208,P034,CD 60-Month,3
CUST0208,P035,IRA CD,3
CUST0208,P037,Brokerage Account,5
CUST0208,P038,Retirement IRA,4
CUST0208,P041,Auto Insurance,3
CUST0209,P001,Basic Checking,4
CUST0209,P003,Premium Checking,4
CUST0209,P005,Business Checking,4
CUST0209,P009,Holiday Club Savings,3
CUST0209,P010,Basic Rewards Card,5
CUST0209,P011,Cashback Card,5
CUST0209,P012,Travel Rewards Card,5
CUST0209,P013,Premium Travel Card,4
CUST0209,P015,Secured Credit Card,5
CUST0209,P021,Used Auto Loan,2
CUST0209,P022,Auto Refinance Loan,2
CUST0209,P024,15-Year Fixed Mortgage,4
CUST0209,P025,ARM Mortgage,5
CUST0209,P026,Jumbo Mortgage,4
CUST0209,P029,HELOC,4
CUST0209,P034,CD 60-Month,3
CUST0209,P036,Robo-Advisor Portfolio,5
CUST0209,P037,Brokerage Account,5
CUST0209,P039,529 College Savings,5
CUST0209,P040,Life Insurance,3
CUST0209,P041,Auto Insurance,4
CUST0210,P001,Basic Checking,4
CUST0210,P003,Premium Checking,4
CUST0210,P004,Senior Checking,4
CUST0210,P005,Business Checking,4
CUST0210,P007,High-Yield Savings,3
CUST0210,P010,Basic Rewards Card,3
CUST0210,P015,Secured Credit Card,5
CUST0210,P016,Business Credit Card,4
CUST0210,P019,Debt Consolidation Loan,2
CUST0210,P023,30-Year Fixed Mortgage,4
CUST0210,P024,15-Year Fixed Mortgage,3
CUST0210,P025,ARM Mortgage,3
CUST0210,P026,Jumbo Mortgage,4
CUST0210,P027,FHA Mortgage,5
CUST0210,P030,CD 3-Month,3
CUST0210,P032,CD 12-Month,2
CUST0210,P038,Retirement IRA,4
CUST0210,P039,529 College Savings,4
CUST0211,P003,Premium Checking,3
CUST0211,P005,Business Checking,4
CUST0211,P010,Basic Rewards Card,2
CUST0211,P013,Premium Travel Card,3
CUST0211,P015,Secured Credit Card,3
CUST0211,P017,Personal Loan - Unsecured,4
CUST0211,P018,Personal Loan - Secured,4
CUST0211,P019,Debt Consolidation Loan,4
CUST0211,P020,New Auto Loan,4
CUST0211,P025,ARM Mortgage,3
CUST0211,P026,Jumbo Mortgage,4
CUST0211,P027,FHA Mortgage,4
CUST0211,P031,CD 6-Month,1
CUST0211,P041,Auto Insurance,2
CUST0212,P004,Senior Checking,4
CUST0212,P013,Premium Travel Card,2
CUST0212,P014,Student Credit Card,4
CUST0212,P015,Secured Credit Card,4
CUST0212,P019,Debt Consolidation Loan,2
CUST0212,P020,New Auto Loan,2
CUST0212,P022,Auto Refinance Loan,2
CUST0212,P023,30-Year Fixed Mortgage,3
CUST0212,P025,ARM Mortgage,2
CUST0212,P026,Jumbo Mortgage,2
CUST0212,P030,CD 3-Month,2
CUST0212,P034,CD 60-Month,2
CUST0213,P004,Senior Checking,4
CUST0213,P006,Basic Savings,3
CUST0213,P007,High-Yield Savings,4
CUST0213,P008,Youth Savings,4
CUST0213,P010,Basic Rewards Card,5
CUST0213,P013,Premium Travel Card,4
CUST0213,P016,Business Credit Card,4
CUST0213,P020,New Auto Loan,3
CUST0213,P023,30-Year Fixed Mortgage,4
CUST0213,P025,ARM Mortgage,4
CUST0213,P027,FHA Mortgage,5
CUST0213,P028,Home Equity Loan,5
CUST0213,P038,Retirement IRA,5
CUST0214,P001,Basic Checking,4
CUST0214,P004,Senior Checking,3
CUST0214,P005,Business Checking,4
CUST0214,P006,Basic Savings,2
CUST0214,P007,High-Yield Savings,1
CUST0214,P010,Basic Rewards Card,3
CUST0214,P016,Business Credit Card,4
CUST0214,P017,Personal Loan - Unsecured,4
CUST0214,P021,Used Auto Loan,4
CUST0214,P022,Auto Refinance Loan,5
CUST0214,P023,30-Year Fixed Mortgage,3
CUST0214,P026,Jumbo Mortgage,3
CUST0214,P029,HELOC,4
CUST0214,P038,Retirement IRA,1
CUST0214,P040,Life Insurance,3
CUST0215,P003,Premium Checking,3
CUST0215,P005,Business Checking,3
CUST0215,P007,High-Yield Savings,4
CUST0215,P008,Youth Savings,3
CUST0215,P014,Student Credit Card,4
CUST0215,P016,Business Credit Card,3
CUST0215,P017,Personal Loan - Unsecured,2
CUST0215,P021,Used Auto Loan,2
CUST0215,P022,Auto Refinance Loan,2
CUST0215,P025,ARM Mortgage,2
CUST0215,P030,CD 3-Month,3
CUST0215,P033,CD 24-Month,3
CUST0215,P035,IRA CD,3
CUST0215,P038,Retirement IRA,3
CUST0215,P041,Auto Insurance,3
CUST0216,P002,Student Checking,3
CUST0216,P007,High-Yield Savings,2
CUST0216,P008,Youth Savings,3
CUST0216,P010,Basic Rewards Card,3
CUST0216,P012,Travel Rewards Card,3
CUST0216,P019,Debt Consolidation Loan,5
CUST0216,P021,Used Auto Loan,4
CUST0216,P022,Auto Refinance Loan,4
CUST0216,P023,30-Year Fixed Mortgage,3
CUST0216,P027,FHA Mortgage,2
CUST0216,P028,Home Equity Loan,4
CUST0216,P037,Brokerage Account,2
CUST0217,P001,Basic Checking,4
CUST0217,P004,Senior Checking,4
CUST0217,P005,Business Checking,4
CUST0217,P007,High-Yield Savings,3
CUST0217,P012,Travel Rewards Card,4
CUST0217,P014,Student Credit Card,5
CUST0217,P015,Secured Credit Card,5
CUST0217,P017,Personal Loan - Unsecured,2
CUST0217,P018,Personal Loan - Secured,3
CUST0217,P031,CD 6-Month,3
CUST0217,P033,CD 24-Month,3
CUST0217,P036,Robo-Advisor Portfolio,4
CUST0217,P037,Brokerage Account,4
CUST0218,P002,Student Checking,3
CUST0218,P005,Business Checking,3
CUST0218,P006,Basic Savings,3
CUST0218,P015,Secured Credit Card,4
CUST0218,P017,Personal Loan - Unsecured,3
CUST0218,P020,New Auto Loan,2
CUST0218,P023,30-Year Fixed Mortgage,3
CUST0218,P026,Jumbo Mortgage,3
CUST0218,P030,CD 3-Month,3
CUST0218,P032,CD 12-Month,4
CUST0218,P033,CD 24-Month,3
CUST0218,P034,CD 60-Month,3
CUST0218,P035,IRA CD,2
CUST0218,P038,Retirement IRA,2
CUST0218,P039,529 College Savings,2
CUST0219,P005,Business Checking,4
CUST0219,P006,Basic Savings,4
CUST0219,P009,Holiday Club Savings,3
CUST0219,P010,Basic Rewards Card,4
CUST0219,P013,Premium Travel Card,4
CUST0219,P014,Student Credit Card,3
CUST0219,P017,Personal Loan - Unsecured,3
CUST0219,P023,30-Year Fixed Mortgage,2
CUST0219,P026,Jumbo Mortgage,3
CUST0219,P028,Home Equity Loan,3
CUST0219,P029,HELOC,4
CUST0219,P031,CD 6-Month,2
CUST0219,P035,IRA CD,2
CUST0219,P037,Brokerage Account,2
CUST0219,P038,Retirement IRA,3
CUST0219,P039,529 College Savings,3
CUST0220,P001,Basic Checking,3
CUST0220,P003,Premium Checking,4
CUST0220,P004,Senior Checking,3
CUST0220,P006,Basic Savings,4
CUST0220,P007,High-Yield Savings,5
CUST0220,P008,Youth Savings,4
CUST0220,P009,Holiday Club Savings,5
CUST0220,P010,Basic Rewards Card,3
CUST0220,P011,Cashback Card,3
CUST0220,P020,New Auto Loan,2
CUST0220,P023,30-Year Fixed Mortgage,3
CUST0220,P026,Jumbo Mortgage,2
CUST0220,P030,CD 3-Month,4
CUST0220,P031,CD 6-Month,4
CUST0220,P032,CD 12-Month,5
CUST0220,P033,CD 24-Month,5
CUST0220,P034,CD 60-Month,5
CUST0220,P035,IRA CD,4
CUST0220,P037,Brokerage Account,4
CUST0220,P038,Retirement IRA,3
CUST0220,P040,Life Insurance,3
CUST0220,P041,Auto Insurance,3
CUST0221,P002,Student Checking,4
CUST0221,P003,Premium Checking,4
CUST0221,P004,Senior Checking,4
CUST0221,P005,Business Checking,4
CUST0221,P007,High-Yield Savings,3
CUST0221,P009,Holiday Club Savings,4
CUST0221,P011,Cashback Card,4
CUST0221,P013,Premium Travel Card,5
CUST0221,P014,Student Credit Card,3
CUST0221,P015,Secured Credit Card,3
CUST0221,P016,Business Credit Card,5
CUST0221,P019,Debt Consolidation Loan,2
CUST0221,P020,New Auto Loan,3
CUST0221,P021,Used Auto Loan,2
CUST0221,P022,Auto Refinance Loan,2
CUST0221,P024,15-Year Fixed Mortgage,4
CUST0221,P025,ARM Mortgage,4
CUST0221,P026,Jumbo Mortgage,5
CUST0221,P029,HELOC,4
CUST0221,P030,CD 3-Month,3
CUST0221,P032,CD 12-Month,2
CUST0221,P037,Brokerage Account,4
CUST0221,P038,Retirement IRA,4
CUST0221,P041,Auto Insurance,4
CUST0222,P005,Business Checking,4
CUST0222,P013,Premium Travel Card,4
CUST0222,P016,Business Credit Card,3
CUST0222,P017,Personal Loan - Unsecured,4
CUST0222,P018,Personal Loan - Secured,5
CUST0222,P021,Used Auto Loan,5
CUST0222,P025,ARM Mortgage,3
CUST0222,P026,Jumbo Mortgage,3
CUST0222,P027,FHA Mortgage,3
CUST0222,P037,Brokerage Account,2
CUST0222,P038,Retirement IRA,2
CUST0222,P041,Auto Insurance,2
CUST0223,P001,Basic Checking,4
CUST0223,P002,Student Checking,4
CUST0223,P003,Premium Checking,4
CUST0223,P004,Senior Checking,3
CUST0223,P010,Basic Rewards Card,4
CUST0223,P011,Cashback Card,4
CUST0223,P012,Travel Rewards Card,5
CUST0223,P014,Student Credit Card,5
CUST0223,P015,Secured Credit Card,4
CUST0223,P016,Business Credit Card,4
CUST0223,P018,Personal Loan - Secured,1
CUST0223,P021,Used Auto Loan,2
CUST0223,P025,ARM Mortgage,4
CUST0223,P027,FHA Mortgage,4
CUST0223,P028,Home Equity Loan,4
CUST0223,P029,HELOC,4
CUST0223,P037,Brokerage Account,4
CUST0223,P040,Life Insurance,4
CUST0224,P002,Student Checking,3
CUST0224,P003,Premium Checking,3
CUST0224,P004,Senior Checking,3
CUST0224,P007,High-Yield Savings,3
CUST0224,P008,Youth Savings,3
CUST0224,P010,Basic Rewards Card,4
CUST0224,P013,Premium Travel Card,3
CUST0224,P014,Student Credit Card,3
CUST0224,P015,Secured Credit Card,3
CUST0224,P016,Business Credit Card,4
CUST0224,P020,New Auto Loan,3
CUST0224,P025,ARM Mortgage,3
CUST0224,P028,Home Equity Loan,3
CUST0224,P031,CD 6-Month,3
CUST0224,P035,IRA CD,3
CUST0225,P001,Basic Checking,4
CUST0225,P002,Student Checking,5
CUST0225,P005,Business Checking,5
CUST0225,P008,Youth Savings,4
CUST0225,P009,Holiday Club Savings,4
CUST0225,P012,Travel Rewards Card,5
CUST0225,P015,Secured Credit Card,4
CUST0225,P017,Personal Loan - Unsecured,3
CUST0225,P019,Debt Consolidation Loan,2
CUST0225,P021,Used Auto Loan,4
CUST0225,P022,Auto Refinance Loan,3
CUST0225,P027,FHA Mortgage,2
CUST0225,P030,CD 3-Month,2
CUST0226,P007,High-Yield Savings,3
CUST0226,P011,Cashback Card,4
CUST0226,P012,Travel Rewards Card,4
CUST0226,P014,Student Credit Card,3
CUST0226,P015,Secured Credit Card,4
CUST0226,P019,Debt Consolidation Loan,3
CUST0226,P020,New Auto Loan,4
CUST0226,P023,30-Year Fixed Mortgage,3
CUST0226,P025,ARM Mortgage,3
CUST0226,P029,HELOC,3
CUST0226,P031,CD 6-Month,3
CUST0226,P034,CD 60-Month,3
CUST0226,P035,IRA CD,1
CUST0226,P039,529 College Savings,2
CUST0226,P041,Auto Insurance,3
CUST0227,P006,Basic Savings,3
CUST0227,P007,High-Yield Savings,3
CUST0227,P008,Youth Savings,4
CUST0227,P009,Holiday Club Savings,3
CUST0227,P010,Basic Rewards Card,4
CUST0227,P013,Premium Travel Card,4
CUST0227,P019,Debt Consolidation Loan,2
CUST0227,P021,Used Auto Loan,3
CUST0227,P022,Auto Refinance Loan,3
CUST0227,P024,15-Year Fixed Mortgage,4
CUST0227,P026,Jumbo Mortgage,4
CUST0227,P027,FHA Mortgage,5
CUST0227,P029,HELOC,5
CUST0227,P030,CD 3-Month,3
CUST0227,P031,CD 6-Month,3
CUST0227,P033,CD 24-Month,3
CUST0227,P036,Robo-Advisor Portfolio,4
CUST0227,P037,Brokerage Account,4
CUST0227,P041,Auto Insurance,3
CUST0228,P006,Basic Savings,3
CUST0228,P007,High-Yield Savings,4
CUST0228,P008,Youth Savings,4
CUST0228,P009,Holiday Club Savings,4
CUST0228,P011,Cashback Card,4
CUST0228,P015,Secured Credit Card,4
CUST0228,P021,Used Auto Loan,3
CUST0228,P027,FHA Mortgage,1
CUST0228,P035,IRA CD,2
CUST0228,P037,Brokerage Account,4
CUST0228,P039,529 College Savings,3
CUST0229,P002,Student Checking,4
CUST0229,P003,Premium Checking,3
CUST0229,P005,Business Checking,3
CUST0229,P006,Basic Savings,3
CUST0229,P008,Youth Savings,4
CUST0229,P010,Basic Rewards Card,3
CUST0229,P011,Cashback Card,3
CUST0229,P014,Student Credit Card,2
CUST0229,P015,Secured Credit Card,3
CUST0229,P016,Business Credit Card,4
CUST0229,P020,New Auto Loan,3
CUST0229,P021,Used Auto Loan,2
CUST0229,P023,30-Year Fixed Mortgage,4
CUST0229,P029,HELOC,3
CUST0229,P031,CD 6-Month,2
CUST0229,P032,CD 12-Month,2
CUST0229,P037,Brokerage Account,3
CUST0229,P041,Auto Insurance,2
CUST0230,P002,Student Checking,4
CUST0230,P003,Premium Checking,3
CUST0230,P004,Senior Checking,4
CUST0230,P005,Business Checking,3
CUST0230,P009,Holiday Club Savings,3
CUST0230,P010,Basic Rewards Card,4
CUST0230,P019,Debt Consolidation Loan,2
CUST0230,P023,30-Year Fixed Mortgage,3
CUST0230,P029,HELOC,3
CUST0230,P030,CD 3-Month,3
CUST0230,P032,CD 12-Month,2
CUST0230,P034,CD 60-Month,2
CUST0230,P036,Robo-Advisor Portfolio,2
CUST0230,P037,Brokerage Account,3
CUST0230,P038,Retirement IRA,2
CUST0230,P039,529 College Savings,3
CUST0230,P040,Life Insurance,2
CUST0231,P002,Student Checking,4
CUST0231,P007,High-Yield Savings,3
CUST0231,P010,Basic Rewards Card,4
CUST0231,P012,Travel Rewards Card,4
CUST0231,P016,Business Credit Card,4
CUST0231,P018,Personal Loan - Secured,3
CUST0231,P028,Home Equity Loan,1
CUST0231,P039,529 College Savings,5
CUST0232,P004,Senior Checking,4
CUST0232,P005,Business Checking,4
CUST0232,P007,High-Yield Savings,3
CUST0232,P011,Cashback Card,4
CUST0232,P012,Travel Rewards Card,5
CUST0232,P013,Premium Travel Card,4
CUST0232,P015,Secured Credit Card,4
CUST0232,P016,Business Credit Card,4
CUST0232,P018,Personal Loan - Secured,2
CUST0232,P021,Used Auto Loan,3
CUST0232,P022,Auto Refinance Loan,1
CUST0232,P025,ARM Mortgage,4
CUST0232,P026,Jumbo Mortgage,5
CUST0232,P028,Home Equity Loan,4
CUST0232,P029,HELOC,3
CUST0232,P031,CD 6-Month,4
CUST0232,P035,IRA CD,4
CUST0232,P037,Brokerage Account,4
CUST0232,P039,529 College Savings,4
CUST0232,P040,Life Insurance,4
CUST0233,P003,Premium Checking,4
CUST0233,P005,Business Checking,4
CUST0233,P007,High-Yield Savings,4
CUST0233,P009,Holiday Club Savings,4
CUST0233,P010,Basic Rewards Card,4
CUST0233,P011,Cashback Card,4
CUST0233,P013,Premium Travel Card,4
CUST0233,P015,Secured Credit Card,4
CUST0233,P017,Personal Loan - Unsecured,2
CUST0233,P021,Used Auto Loan,3
CUST0233,P032,CD 12-Month,2
CUST0233,P036,Robo-Advisor Portfolio,3
CUST0233,P041,Auto Insurance,2
CUST0234,P001,Basic Checking,3
CUST0234,P002,Student Checking,4
CUST0234,P004,Senior Checking,3
CUST0234,P005,Business Checking,3
CUST0234,P012,Travel Rewards Card,2
CUST0234,P023,30-Year Fixed Mortgage,2
CUST0234,P028,Home Equity Loan,2
CUST0234,P029,HELOC,3
CUST0234,P030,CD 3-Month,4
CUST0234,P031,CD 6-Month,5
CUST0234,P032,CD 12-Month,5
CUST0234,P033,CD 24-Month,5
CUST0234,P036,Robo-Advisor Portfolio,3
CUST0234,P038,Retirement IRA,4
CUST0234,P040,Life Insurance,3
CUST0234,P041,Auto Insurance,3
CUST0235,P006,Basic Savings,4
CUST0235,P007,High-Yield Savings,3
CUST0235,P008,Youth Savings,4
CUST0235,P013,Premium Travel Card,3
CUST0235,P014,Student Credit Card,3
CUST0235,P017,Personal Loan - Unsecured,2
CUST0235,P021,Used Auto Loan,3
CUST0235,P024,15-Year Fixed Mortgage,3
CUST0235,P026,Jumbo Mortgage,2
CUST0235,P033,CD 24-Month,3
CUST0235,P034,CD 60-Month,4
CUST0235,P036,Robo-Advisor Portfolio,3
CUST0235,P041,Auto Insurance,3
CUST0236,P002,Student Checking,4
CUST0236,P004,Senior Checking,4
CUST0236,P005,Business Checking,4
CUST0236,P010,Basic Rewards Card,5
CUST0236,P011,Cashback Card,5
CUST0236,P013,Premium Travel Card,5
CUST0236,P015,Secured Credit Card,5
CUST0236,P016,Business Credit Card,5
CUST0236,P024,15-Year Fixed Mortgage,4
CUST0236,P025,ARM Mortgage,5
CUST0236,P027,FHA Mortgage,4
CUST0236,P028,Home Equity Loan,5
CUST0236,P029,HELOC,4
CUST0236,P031,CD 6-Month,2
CUST0236,P032,CD 12-Month,4
CUST0236,P034,CD 60-Month,3
CUST0236,P037,Brokerage Account,5
CUST0236,P038,Retirement IRA,4
CUST0236,P039,529 College Savings,4
CUST0236,P040,Life Insurance,5
CUST0237,P004,Senior Checking,4
CUST0237,P006,Basic Savings,3
CUST0237,P009,Holiday Club Savings,1
CUST0237,P010,Basic Rewards Card,3
CUST0237,P013,Premium Travel Card,4
CUST0237,P015,Secured Credit Card,3
CUST0237,P017,Personal Loan - Unsecured,4
CUST0237,P018,Personal Loan - Secured,4
CUST0237,P019,Debt Consolidation Loan,4
CUST0237,P026,Jumbo Mortgage,3
CUST0237,P029,HELOC,3
CUST0237,P030,CD 3-Month,1
CUST0237,P041,Auto Insurance,3
CUST0238,P001,Basic Checking,5
CUST0238,P002,Student Checking,4
CUST0238,P003,Premium Checking,5
CUST0238,P004,Senior Checking,4
CUST0238,P005,Business Checking,4
CUST0238,P007,High-Yield Savings,4
CUST0238,P009,Holiday Club Savings,4
CUST0238,P012,Travel Rewards Card,4
CUST0238,P014,Student Credit Card,4
CUST0238,P015,Secured Credit Card,4
CUST0238,P018,Personal Loan - Secured,2
CUST0238,P019,Debt Consolidation Loan,3
CUST0238,P022,Auto Refinance Loan,3
CUST0238,P023,30-Year Fixed Mortgage,2
CUST0238,P025,ARM Mortgage,1
CUST0238,P029,HELOC,1
CUST0238,P033,CD 24-Month,2
CUST0238,P036,Robo-Advisor Portfolio,3
CUST0238,P038,Retirement IRA,3
CUST0239,P002,Student Checking,4
CUST0239,P005,Business Checking,4
CUST0239,P006,Basic Savings,4
CUST0239,P009,Holiday Club Savings,3
CUST0239,P012,Travel Rewards Card,4
CUST0239,P014,Student Credit Card,4
CUST0239,P015,Secured Credit Card,5
CUST0239,P016,Business Credit Card,4
CUST0239,P020,New Auto Loan,2
CUST0240,P001,Basic Checking,4
CUST0240,P002,Student Checking,5
CUST0240,P003,Premium Checking,4
CUST0240,P004,Senior Checking,3
CUST0240,P005,Business Checking,5
CUST0240,P006,Basic Savings,4
CUST0240,P008,Youth Savings,3
CUST0240,P010,Basic Rewards Card,5
CUST0240,P011,Cashback Card,4
CUST0240,P013,Premium Travel Card,4
CUST0240,P014,Student Credit Card,3
CUST0240,P015,Secured Credit Card,3
CUST0240,P018,Personal Loan - Secured,2
CUST0240,P029,HELOC,1
CUST0240,P032,CD 12-Month,2
CUST0240,P037,Brokerage Account,3
CUST0240,P038,Retirement IRA,3
CUST0240,P039,529 College Savings,3
CUST0241,P001,Basic Checking,3
CUST0241,P002,Student Checking,4
CUST0241,P004,Senior Checking,4
CUST0241,P007,High-Yield Savings,5
CUST0241,P010,Basic Rewards Card,2
CUST0241,P017,Personal Loan - Unsecured,2
CUST0241,P023,30-Year Fixed Mortgage,3
CUST0241,P024,15-Year Fixed Mortgage,3
CUST0241,P025,ARM Mortgage,2
CUST0241,P028,Home Equity Loan,3
CUST0241,P029,HELOC,3
CUST0241,P030,CD 3-Month,5
CUST0241,P031,CD 6-Month,5
CUST0241,P038,Retirement IRA,4
CUST0242,P002,Student Checking,3
CUST0242,P003,Premium Checking,4
CUST0242,P004,Senior Checking,4
CUST0242,P006,Basic Savings,4
CUST0242,P008,Youth Savings,4
CUST0242,P010,Basic Rewards Card,4
CUST0242,P013,Premium Travel Card,5
CUST0242,P016,Business Credit Card,5
CUST0242,P022,Auto Refinance Loan,3
CUST0242,P023,30-Year Fixed Mortgage,2
CUST0242,P030,CD 3-Month,2
CUST0242,P034,CD 60-Month,2
CUST0242,P035,IRA CD,2
CUST0242,P036,Robo-Advisor Portfolio,2
CUST0242,P037,Brokerage Account,3
CUST0242,P041,Auto Insurance,1
CUST0243,P001,Basic Checking,4
CUST0243,P002,Student Checking,4
CUST0243,P004,Senior Checking,4
CUST0243,P017,Personal Loan - Unsecured,5
CUST0243,P023,30-Year Fixed Mortgage,3
CUST0243,P026,Jumbo Mortgage,4
CUST0243,P032,CD 12-Month,1
CUST0243,P033,CD 24-Month,1
CUST0243,P037,Brokerage Account,1
CUST0243,P040,Life Insurance,1
CUST0244,P002,Student Checking,5
CUST0244,P003,Premium Checking,4
CUST0244,P005,Business Checking,5
CUST0244,P008,Youth Savings,3
CUST0244,P010,Basic Rewards Card,4
CUST0244,P011,Cashback Card,4
CUST0244,P012,Travel Rewards Card,5
CUST0244,P016,Business Credit Card,4
CUST0244,P020,New Auto Loan,2
CUST0244,P022,Auto Refinance Loan,3
CUST0244,P026,Jumbo Mortgage,4
CUST0244,P028,Home Equity Loan,4
CUST0244,P030,CD 3-Month,3
CUST0244,P032,CD 12-Month,3
CUST0244,P034,CD 60-Month,3
CUST0244,P036,Robo-Advisor Portfolio,5
CUST0244,P037,Brokerage Account,4
CUST0245,P002,Student Checking,4
CUST0245,P003,Premium Checking,4
CUST0245,P004,Senior Checking,4
CUST0245,P007,High-Yield Savings,2
CUST0245,P011,Cashback Card,3
CUST0245,P016,Business Credit Card,4
CUST0245,P017,Personal Loan - Unsecured,5
CUST0245,P020,New Auto Loan,4
CUST0245,P023,30-Year Fixed Mortgage,3
CUST0245,P025,ARM Mortgage,3
CUST0245,P027,FHA Mortgage,3
CUST0245,P035,IRA CD,1
CUST0245,P038,Retirement IRA,1
CUST0246,P004,Senior Checking,3
CUST0246,P005,Business Checking,3
CUST0246,P006,Basic Savings,5
CUST0246,P009,Holiday Club Savings,5
CUST0246,P015,Secured Credit Card,2
CUST0246,P021,Used Auto Loan,1
CUST0246,P023,30-Year Fixed Mortgage,3
CUST0246,P027,FHA Mortgage,3
CUST0246,P028,Home Equity Loan,2
CUST0246,P031,CD 6-Month,5
CUST0246,P033,CD 24-Month,4
CUST0246,P034,CD 60-Month,4
CUST0246,P036,Robo-Advisor Portfolio,4
CUST0246,P037,Brokerage Account,3
CUST0247,P002,Student Checking,4
CUST0247,P012,Travel Rewards Card,5
CUST0247,P014,Student Credit Card,5
CUST0247,P015,Secured Credit Card,4
CUST0247,P016,Business Credit Card,5
CUST0247,P017,Personal Loan - Unsecured,1
CUST0247,P023,30-Year Fixed Mortgage,4
CUST0247,P025,ARM Mortgage,5
CUST0247,P026,Jumbo Mortgage,4
CUST0247,P030,CD 3-Month,4
CUST0247,P032,CD 12-Month,3
CUST0247,P033,CD 24-Month,3
CUST0247,P035,IRA CD,3
CUST0247,P038,Retirement IRA,5
CUST0247,P039,529 College Savings,3
CUST0247,P041,Auto Insurance,4
CUST0248,P003,Premium Checking,3
CUST0248,P004,Senior Checking,4
CUST0248,P007,High-Yield Savings,3
CUST0248,P011,Cashback Card,5
CUST0248,P013,Premium Travel Card,4
CUST0248,P014,Student Credit Card,5
CUST0248,P016,Business Credit Card,5
CUST0248,P021,Used Auto Loan,2
CUST0248,P023,30-Year Fixed Mortgage,4
CUST0248,P025,ARM Mortgage,3
CUST0248,P026,Jumbo Mortgage,4
CUST0248,P027,FHA Mortgage,4
CUST0248,P031,CD 6-Month,4
CUST0248,P037,Brokerage Account,4
CUST0248,P041,Auto Insurance,4
CUST0249,P002,Student Checking,3
CUST0249,P004,Senior Checking,4
CUST0249,P009,Holiday Club Savings,4
CUST0249,P015,Secured Credit Card,3
CUST0249,P021,Used Auto Loan,2
CUST0249,P025,ARM Mortgage,2
CUST0249,P026,Jumbo Mortgage,3
CUST0249,P027,FHA Mortgage,3
CUST0249,P029,HELOC,3
CUST0249,P030,CD 3-Month,3
CUST0249,P031,CD 6-Month,3
CUST0249,P037,Brokerage Account,2
CUST0249,P039,529 College Savings,2
CUST0249,P040,Life Insurance,3
CUST0250,P003,Premium Checking,4
CUST0250,P004,Senior Checking,3
CUST0250,P006,Basic Savings,4
CUST0250,P012,Travel Rewards Card,4
CUST0250,P014,Student Credit Card,3
CUST0250,P015,Secured Credit Card,4
CUST0250,P022,Auto Refinance Loan,3
CUST0250,P027,FHA Mortgage,3
CUST0250,P028,Home Equity Loan,3
CUST0250,P030,CD 3-Month,3
CUST0250,P031,CD 6-Month,4
CUST0250,P040,Life Insurance,3
CUST0250,P041,Auto Insurance,3
CUST0251,P001,Basic Checking,3
CUST0251,P002,Student Checking,4
CUST0251,P003,Premium Checking,4
CUST0251,P004,Senior Checking,4
CUST0251,P005,Business Checking,3
CUST0251,P011,Cashback Card,3
CUST0251,P014,Student Credit Card,3
CUST0251,P016,Business Credit Card,4
CUST0251,P019,Debt Consolidation Loan,4
CUST0251,P020,New Auto Loan,5
CUST0251,P022,Auto Refinance Loan,4
CUST0251,P025,ARM Mortgage,2
CUST0251,P036,Robo-Advisor Portfolio,1
CUST0252,P003,Premium Checking,4
CUST0252,P005,Business Checking,4
CUST0252,P010,Basic Rewards Card,3
CUST0252,P012,Travel Rewards Card,3
CUST0252,P013,Premium Travel Card,3
CUST0252,P018,Personal Loan - Secured,5
CUST0252,P019,Debt Consolidation Loan,5
CUST0252,P022,Auto Refinance Loan,4
CUST0252,P025,ARM Mortgage,3
CUST0252,P036,Robo-Advisor Portfolio,2
CUST0253,P002,Student Checking,3
CUST0253,P003,Premium Checking,4
CUST0253,P004,Senior Checking,4
CUST0253,P006,Basic Savings,2
CUST0253,P008,Youth Savings,2
CUST0253,P009,Holiday Club Savings,2
CUST0253,P011,Cashback Card,3
CUST0253,P012,Travel Rewards Card,4
CUST0253,P018,Personal Loan - Secured,3
CUST0253,P019,Debt Consolidation Loan,4
CUST0253,P021,Used Auto Loan,4
CUST0253,P022,Auto Refinance Loan,4
CUST0253,P026,Jumbo Mortgage,3
CUST0253,P028,Home Equity Loan,3
CUST0253,P039,529 College Savings,1
CUST0254,P005,Business Checking,3
CUST0254,P007,High-Yield Savings,2
CUST0254,P010,Basic Rewards Card,4
CUST0254,P011,Cashback Card,4
CUST0254,P012,Travel Rewards Card,3
CUST0254,P022,Auto Refinance Loan,4
CUST0254,P026,Jumbo Mortgage,3
CUST0254,P027,FHA Mortgage,4
CUST0254,P041,Auto Insurance,2
CUST0255,P001,Basic Checking,3
CUST0255,P002,Student Checking,4
CUST0255,P004,Senior Checking,3
CUST0255,P006,Basic Savings,3
CUST0255,P007,High-Yield Savings,3
CUST0255,P009,Holiday Club Savings,3
CUST0255,P013,Premium Travel Card,3
CUST0255,P015,Secured Credit Card,3
CUST0255,P017,Personal Loan - Unsecured,2
CUST0255,P018,Personal Loan - Secured,2
CUST0255,P022,Auto Refinance Loan,3
CUST0255,P028,Home Equity Loan,3
CUST0255,P031,CD 6-Month,3
CUST0255,P032,CD 12-Month,3
CUST0255,P033,CD 24-Month,2
CUST0255,P035,IRA CD,4
CUST0255,P038,Retirement IRA,2
CUST0255,P041,Auto Insurance,2
CUST0256,P001,Basic Checking,4
CUST0256,P005,Business Checking,3
CUST0256,P007,High-Yield Savings,2
CUST0256,P010,Basic Rewards Card,3
CUST0256,P011,Cashback Card,3
CUST0256,P013,Premium Travel Card,4
CUST0256,P015,Secured Credit Card,3
CUST0256,P018,Personal Loan - Secured,4
CUST0256,P019,Debt Consolidation Loan,4
CUST0256,P022,Auto Refinance Loan,4
CUST0256,P023,30-Year Fixed Mortgage,4
CUST0256,P026,Jumbo Mortgage,3
CUST0256,P033,CD 24-Month,1
CUST0256,P036,Robo-Advisor Portfolio,2
CUST0257,P003,Premium Checking,3
CUST0257,P005,Business Checking,5
CUST0257,P007,High-Yield Savings,4
CUST0257,P009,Holiday Club Savings,4
CUST0257,P010,Basic Rewards Card,4
CUST0257,P011,Cashback Card,5
CUST0257,P012,Travel Rewards Card,5
CUST0257,P013,Premium Travel Card,4
CUST0257,P014,Student Credit Card,4
CUST0257,P016,Business Credit Card,4
CUST0257,P017,Personal Loan - Unsecured,2
CUST0257,P022,Auto Refinance Loan,3
CUST0257,P024,15-Year Fixed Mortgage,4
CUST0257,P026,Jumbo Mortgage,4
CUST0257,P032,CD 12-Month,3
CUST0257,P034,CD 60-Month,2
CUST0257,P037,Brokerage Account,5
CUST0257,P039,529 College Savings,5
CUST0257,P041,Auto Insurance,4
CUST0258,P002,Student Checking,4
CUST0258,P004,Senior Checking,3
CUST0258,P007,High-Yield Savings,3
CUST0258,P009,Holiday Club Savings,3
CUST0258,P010,Basic Rewards Card,3
CUST0258,P012,Travel Rewards Card,4
CUST0258,P015,Secured Credit Card,3
CUST0258,P022,Auto Refinance Loan,2
CUST0258,P023,30-Year Fixed Mortgage,3
CUST0258,P028,Home Equity Loan,3
CUST0258,P031,CD 6-Month,3
CUST0258,P034,CD 60-Month,2
CUST0258,P036,Robo-Advisor Portfolio,4
CUST0258,P037,Brokerage Account,3
CUST0259,P004,Senior Checking,3
CUST0259,P007,High-Yield Savings,4
CUST0259,P008,Youth Savings,4
CUST0259,P011,Cashback Card,4
CUST0259,P012,Travel Rewards Card,3
CUST0259,P014,Student Credit Card,2
CUST0259,P015,Secured Credit Card,3
CUST0259,P016,Business Credit Card,3
CUST0259,P026,Jumbo Mortgage,3
CUST0259,P028,Home Equity Loan,2
CUST0259,P029,HELOC,2
CUST0259,P030,CD 3-Month,5
CUST0259,P031,CD 6-Month,5
CUST0259,P032,CD 12-Month,5
CUST0259,P033,CD 24-Month,4
CUST0259,P034,CD 60-Month,4
CUST0259,P035,IRA CD,4
CUST0259,P036,Robo-Advisor Portfolio,4
CUST0259,P041,Auto Insurance,4
CUST0260,P002,Student Checking,4
CUST0260,P005,Business Checking,5
CUST0260,P006,Basic Savings,4
CUST0260,P008,Youth Savings,4
CUST0260,P011,Cashback Card,4
CUST0260,P012,Travel Rewards Card,4
CUST0260,P016,Business Credit Card,4
CUST0260,P022,Auto Refinance Loan,3
CUST0260,P024,15-Year Fixed Mortgage,1
CUST0260,P033,CD 24-Month,2
CUST0260,P038,Retirement IRA,4
CUST0260,P040,Life Insurance,3
CUST0261,P002,Student Checking,3
CUST0261,P005,Business Checking,3
CUST0261,P008,Youth Savings,2
CUST0261,P011,Cashback Card,3
CUST0261,P014,Student Credit Card,3
CUST0261,P015,Secured Credit Card,2
CUST0261,P016,Business Credit Card,2
CUST0261,P017,Personal Loan - Unsecured,4
CUST0261,P018,Personal Loan - Secured,5
CUST0261,P019,Debt Consolidation Loan,4
CUST0261,P021,Used Auto Loan,5
CUST0261,P026,Jumbo Mortgage,3
CUST0261,P027,FHA Mortgage,3
CUST0261,P034,CD 60-Month,1
CUST0261,P039,529 College Savings,2
CUST0261,P041,Auto Insurance,2
CUST0262,P001,Basic Checking,3
CUST0262,P002,Student Checking,4
CUST0262,P005,Business Checking,4
CUST0262,P006,Basic Savings,3
CUST0262,P007,High-Yield Savings,4
CUST0262,P009,Holiday Club Savings,3
CUST0262,P013,Premium Travel Card,4
CUST0262,P018,Personal Loan - Secured,3
CUST0262,P020,New Auto Loan,3
CUST0262,P026,Jumbo Mortgage,2
CUST0262,P030,CD 3-Month,3
CUST0262,P035,IRA CD,3
CUST0262,P039,529 College Savings,2
CUST0262,P040,Life Insurance,3
CUST0262,P041,Auto Insurance,3
CUST0263,P004,Senior Checking,4
CUST0263,P007,High-Yield Savings,5
CUST0263,P008,Youth Savings,4
CUST0263,P015,Secured Credit Card,2
CUST0263,P026,Jumbo Mortgage,3
CUST0263,P027,FHA Mortgage,3
CUST0263,P031,CD 6-Month,5
CUST0263,P034,CD 60-Month,4
CUST0263,P036,Robo-Advisor Portfolio,3
CUST0263,P037,Brokerage Account,3
CUST0264,P002,Student Checking,4
CUST0264,P004,Senior Checking,5
CUST0264,P005,Business Checking,4
CUST0264,P008,Youth Savings,4
CUST0264,P010,Basic Rewards Card,5
CUST0264,P011,Cashback Card,4
CUST0264,P012,Travel Rewards Card,4
CUST0264,P016,Business Credit Card,4
CUST0264,P021,Used Auto Loan,3
CUST0264,P025,ARM Mortgage,4
CUST0264,P026,Jumbo Mortgage,4
CUST0264,P028,Home Equity Loan,4
CUST0264,P029,HELOC,5
CUST0264,P033,CD 24-Month,4
CUST0264,P034,CD 60-Month,3
CUST0264,P036,Robo-Advisor Portfolio,5
CUST0264,P037,Brokerage Account,4
CUST0264,P038,Retirement IRA,3
CUST0264,P039,529 College Savings,4
CUST0264,P040,Life Insurance,4
CUST0265,P001,Basic Checking,4
CUST0265,P002,Student Checking,3
CUST0265,P006,Basic Savings,2
CUST0265,P007,High-Yield Savings,2
CUST0265,P008,Youth Savings,2
CUST0265,P009,Holiday Club Savings,1
CUST0265,P010,Basic Rewards Card,4
CUST0265,P013,Premium Travel Card,3
CUST0265,P016,Business Credit Card,3
CUST0265,P018,Personal Loan - Secured,5
CUST0265,P019,Debt Consolidation Loan,4
CUST0265,P020,New Auto Loan,4
CUST0265,P022,Auto Refinance Loan,4
CUST0265,P023,30-Year Fixed Mortgage,3
CUST0265,P024,15-Year Fixed Mortgage,3
CUST0265,P025,ARM Mortgage,4
CUST0265,P032,CD 12-Month,1
CUST0266,P001,Basic Checking,3
CUST0266,P002,Student Checking,3
CUST0266,P006,Basic Savings,4
CUST0266,P007,High-Yield Savings,5
CUST0266,P009,Holiday Club Savings,5
CUST0266,P010,Basic Rewards Card,2
CUST0266,P011,Cashback Card,2
CUST0266,P016,Business Credit Card,2
CUST0266,P030,CD 3-Month,4
CUST0266,P032,CD 12-Month,5
CUST0266,P033,CD 24-Month,4
CUST0266,P035,IRA CD,5
CUST0267,P002,Student Checking,3
CUST0267,P003,Premium Checking,4
CUST0267,P008,Youth Savings,4
CUST0267,P009,Holiday Club Savings,5
CUST0267,P021,Used Auto Loan,1
CUST0267,P024,15-Year Fixed Mortgage,2
CUST0267,P027,FHA Mortgage,2
CUST0267,P028,Home Equity Loan,3
CUST0267,P030,CD 3-Month,5
CUST0267,P032,CD 12-Month,4
CUST0267,P035,IRA CD,5
CUST0267,P037,Brokerage Account,3
CUST0267,P038,Retirement IRA,4
CUST0268,P001,Basic Checking,4
CUST0268,P003,Premium Checking,4
CUST0268,P005,Business Checking,4
CUST0268,P006,Basic Savings,5
CUST0268,P010,Basic Rewards Card,5
CUST0268,P012,Travel Rewards Card,4
CUST0268,P014,Student Credit Card,4
CUST0268,P015,Secured Credit Card,4
CUST0268,P016,Business Credit Card,4
CUST0268,P017,Personal Loan - Unsecured,4
CUST0268,P018,Personal Loan - Secured,2
CUST0268,P032,CD 12-Month,2
CUST0268,P034,CD 60-Month,3
CUST0268,P035,IRA CD,2
CUST0268,P037,Brokerage Account,3
CUST0268,P039,529 College Savings,3
CUST0269,P004,Senior Checking,4
CUST0269,P005,Business Checking,5
CUST0269,P006,Basic Savings,3
CUST0269,P009,Holiday Club Savings,4
CUST0269,P011,Cashback Card,5
CUST0269,P013,Premium Travel Card,4
CUST0269,P014,Student Credit Card,4
CUST0269,P015,Secured Credit Card,3
CUST0269,P017,Personal Loan - Unsecured,3
CUST0269,P018,Personal Loan - Secured,3
CUST0269,P020,New Auto Loan,2
CUST0269,P023,30-Year Fixed Mortgage,4
CUST0269,P026,Jumbo Mortgage,5
CUST0269,P027,FHA Mortgage,4
CUST0269,P028,Home Equity Loan,4
CUST0269,P035,IRA CD,3
CUST0269,P039,529 College Savings,3
CUST0269,P040,Life Insurance,4
CUST0270,P001,Basic Checking,3
CUST0270,P004,Senior Checking,2
CUST0270,P005,Business Checking,4
CUST0270,P007,High-Yield Savings,4
CUST0270,P009,Holiday Club Savings,4
CUST0270,P010,Basic Rewards Card,2
CUST0270,P012,Travel Rewards Card,3
CUST0270,P019,Debt Consolidation Loan,2
CUST0270,P020,New Auto Loan,2
CUST0270,P021,Used Auto Loan,2
CUST0270,P022,Auto Refinance Loan,3
CUST0270,P027,FHA Mortgage,3
CUST0270,P028,Home Equity Loan,2
CUST0270,P032,CD 12-Month,5
CUST0270,P033,CD 24-Month,5
CUST0270,P034,CD 60-Month,4
CUST0270,P035,IRA CD,4
CUST0270,P038,Retirement IRA,3
CUST0271,P002,Student Checking,4
CUST0271,P004,Senior Checking,5
CUST0271,P006,Basic Savings,4
CUST0271,P008,Youth Savings,4
CUST0271,P009,Holiday Club Savings,4
CUST0271,P013,Premium Travel Card,3
CUST0271,P014,Student Credit Card,4
CUST0271,P015,Secured Credit Card,4
CUST0271,P016,Business Credit Card,4
CUST0271,P020,New Auto Loan,3
CUST0271,P022,Auto Refinance Loan,3
CUST0271,P027,FHA Mortgage,1
CUST0271,P034,CD 60-Month,2
CUST0271,P037,Brokerage Account,3
CUST0271,P040,Life Insurance,2
CUST0272,P001,Basic Checking,3
CUST0272,P002,Student Checking,4
CUST0272,P004,Senior Checking,4
CUST0272,P006,Basic Savings,2
CUST0272,P007,High-Yield Savings,3
CUST0272,P010,Basic Rewards Card,3
CUST0272,P013,Premium Travel Card,4
CUST0272,P014,Student Credit Card,4
CUST0272,P015,Secured Credit Card,3
CUST0272,P016,Business Credit Card,4
CUST0272,P017,Personal Loan - Unsecured,5
CUST0272,P018,Personal Loan - Secured,5
CUST0272,P023,30-Year Fixed Mortgage,3
CUST0272,P024,15-Year Fixed Mortgage,3
CUST0272,P026,Jumbo Mortgage,3
CUST0272,P028,Home Equity Loan,4
CUST0272,P030,CD 3-Month,1
CUST0272,P034,CD 60-Month,1
CUST0272,P036,Robo-Advisor Portfolio,1
CUST0272,P039,529 College Savings,1
CUST0273,P004,Senior Checking,3
CUST0273,P005,Business Checking,3
CUST0273,P006,Basic Savings,4
CUST0273,P008,Youth Savings,4
CUST0273,P009,Holiday Club Savings,5
CUST0273,P013,Premium Travel Card,2
CUST0273,P017,Personal Loan - Unsecured,2
CUST0273,P019,Debt Consolidation Loan,1
CUST0273,P021,Used Auto Loan,2
CUST0273,P026,Jumbo Mortgage,2
CUST0273,P027,FHA Mortgage,3
CUST0273,P029,HELOC,3
CUST0273,P030,CD 3-Month,5
CUST0273,P031,CD 6-Month,5
CUST0273,P032,CD 12-Month,4
CUST0273,P034,CD 60-Month,4
CUST0273,P036,Robo-Advisor Portfolio,3
CUST0273,P039,529 College Savings,4
CUST0273,P040,Life Insurance,3
CUST0274,P010,Basic Rewards Card,4
CUST0274,P012,Travel Rewards Card,4
CUST0274,P017,Personal Loan - Unsecured,3
CUST0274,P022,Auto Refinance Loan,2
CUST0274,P026,Jumbo Mortgage,5
CUST0274,P028,Home Equity Loan,3
CUST0274,P032,CD 12-Month,4
CUST0274,P033,CD 24-Month,3
CUST0274,P034,CD 60-Month,2
CUST0274,P036,Robo-Advisor Portfolio,5
CUST0274,P037,Brokerage Account,5
CUST0275,P004,Senior Checking,3
CUST0275,P006,Basic Savings,4
CUST0275,P008,Youth Savings,5
CUST0275,P009,Holiday Club Savings,4
CUST0275,P010,Basic Rewards Card,3
CUST0275,P016,Business Credit Card,2
CUST0275,P021,Used Auto Loan,2
CUST0275,P024,15-Year Fixed Mortgage,3
CUST0275,P028,Home Equity Loan,2
CUST0275,P029,HELOC,3
CUST0275,P031,CD 6-Month,4
CUST0275,P033,CD 24-Month,5
CUST0275,P036,Robo-Advisor Portfolio,4
CUST0275,P038,Retirement IRA,4
CUST0275,P040,Life Insurance,4
CUST0275,P041,Auto Insurance,3
CUST0276,P002,Student Checking,5
CUST0276,P003,Premium Checking,5
CUST0276,P006,Basic Savings,4
CUST0276,P008,Youth Savings,3
CUST0276,P009,Holiday Club Savings,4
CUST0276,P010,Basic Rewards Card,5
CUST0276,P011,Cashback Card,4
CUST0276,P013,Premium Travel Card,4
CUST0276,P014,Student Credit Card,5
CUST0276,P016,Business Credit Card,3
CUST0276,P017,Personal Loan - Unsecured,4
CUST0276,P020,New Auto Loan,3
CUST0276,P021,Used Auto Loan,3
CUST0276,P024,15-Year Fixed Mortgage,2
CUST0276,P036,Robo-Advisor Portfolio,2
CUST0277,P004,Senior Checking,4
CUST0277,P008,Youth Savings,4
CUST0277,P010,Basic Rewards Card,3
CUST0277,P012,Travel Rewards Card,4
CUST0277,P013,Premium Travel Card,4
CUST0277,P022,Auto Refinance Loan,4
CUST0277,P029,HELOC,2
CUST0277,P032,CD 12-Month,2
CUST0277,P034,CD 60-Month,3
CUST0278,P002,Student Checking,3
CUST0278,P007,High-Yield Savings,4
CUST0278,P009,Holiday Club Savings,3
CUST0278,P011,Cashback Card,3
CUST0278,P013,Premium Travel Card,3
CUST0278,P016,Business Credit Card,3
CUST0278,P018,Personal Loan - Secured,3
CUST0278,P019,Debt Consolidation Loan,2
CUST0278,P022,Auto Refinance Loan,3
CUST0278,P024,15-Year Fixed Mortgage,2
CUST0278,P026,Jumbo Mortgage,2
CUST0278,P029,HELOC,2
CUST0278,P031,CD 6-Month,4
CUST0278,P036,Robo-Advisor Portfolio,3
CUST0278,P039,529 College Savings,2
CUST0278,P041,Auto Insurance,3
CUST0279,P002,Student Checking,4
CUST0279,P003,Premium Checking,3
CUST0279,P005,Business Checking,3
CUST0279,P012,Travel Rewards Card,3
CUST0279,P013,Premium Travel Card,3
CUST0279,P014,Student Credit Card,3
CUST0279,P019,Debt Consolidation Loan,3
CUST0279,P020,New Auto Loan,3
CUST0279,P022,Auto Refinance Loan,2
CUST0279,P031,CD 6-Month,3
CUST0279,P033,CD 24-Month,2
CUST0279,P035,IRA CD,3
CUST0279,P041,Auto Insurance,2
CUST0280,P001,Basic Checking,4
CUST0280,P002,Student Checking,4
CUST0280,P005,Business Checking,4
CUST0280,P009,Holiday Club Savings,2
CUST0280,P014,Student Credit Card,4
CUST0280,P017,Personal Loan - Unsecured,4
CUST0280,P019,Debt Consolidation Loan,4
CUST0280,P020,New Auto Loan,4
CUST0280,P023,30-Year Fixed Mortgage,3
CUST0280,P025,ARM Mortgage,4
CUST0280,P028,Home Equity Loan,4
CUST0280,P031,CD 6-Month,1
CUST0280,P032,CD 12-Month,2
CUST0280,P033,CD 24-Month,1
CUST0280,P040,Life Insurance,2
CUST0281,P002,Student Checking,4
CUST0281,P004,Senior Checking,4
CUST0281,P008,Youth Savings,2
CUST0281,P011,Cashback Card,3
CUST0281,P012,Travel Rewards Card,3
CUST0281,P017,Personal Loan - Unsecured,4
CUST0281,P019,Debt Consolidation Loan,5
CUST0281,P021,Used Auto Loan,5
CUST0281,P022,Auto Refinance Loan,4
CUST0281,P028,Home Equity Loan,3
CUST0281,P034,CD 60-Month,2
CUST0281,P038,Retirement IRA,2
CUST0281,P040,Life Insurance,1
CUST0282,P001,Basic Checking,4
CUST0282,P007,High-Yield Savings,3
CUST0282,P011,Cashback Card,4
CUST0282,P012,Travel Rewards Card,5
CUST0282,P015,Secured Credit Card,4
CUST0282,P017,Personal Loan - Unsecured,2
CUST0282,P022,Auto Refinance Loan,3
CUST0282,P023,30-Year Fixed Mortgage,4
CUST0282,P024,15-Year Fixed Mortgage,4
CUST0282,P025,ARM Mortgage,4
CUST0282,P026,Jumbo Mortgage,3
CUST0282,P027,FHA Mortgage,5
CUST0282,P030,CD 3-Month,3
CUST0282,P038,Retirement IRA,4
CUST0282,P039,529 College Savings,4
CUST0282,P041,Auto Insurance,3
CUST0283,P001,Basic Checking,3
CUST0283,P004,Senior Checking,5
CUST0283,P005,Business Checking,4
CUST0283,P007,High-Yield Savings,4
CUST0283,P008,Youth Savings,4
CUST0283,P009,Holiday Club Savings,3
CUST0283,P010,Basic Rewards Card,4
CUST0283,P011,Cashback Card,5
CUST0283,P012,Travel Rewards Card,4
CUST0283,P013,Premium Travel Card,4
CUST0283,P014,Student Credit Card,5
CUST0283,P015,Secured Credit Card,4
CUST0283,P016,Business Credit Card,5
CUST0283,P019,Debt Consolidation Loan,2
CUST0283,P022,Auto Refinance Loan,3
CUST0283,P027,FHA Mortgage,2
CUST0283,P035,IRA CD,3
CUST0283,P038,Retirement IRA,4
CUST0284,P003,Premium Checking,4
CUST0284,P004,Senior Checking,4
CUST0284,P014,Student Credit Card,3
CUST0284,P015,Secured Credit Card,3
CUST0284,P016,Business Credit Card,4
CUST0284,P017,Personal Loan - Unsecured,4
CUST0284,P018,Personal Loan - Secured,4
CUST0284,P019,Debt Consolidation Loan,4
CUST0284,P020,New Auto Loan,5
CUST0284,P024,15-Year Fixed Mortgage,4
CUST0284,P031,CD 6-Month,1
CUST0284,P036,Robo-Advisor Portfolio,1
CUST0284,P041,Auto Insurance,2
CUST0285,P002,Student Checking,4
CUST0285,P004,Senior Checking,3
CUST0285,P005,Business Checking,4
CUST0285,P006,Basic Savings,4
CUST0285,P007,High-Yield Savings,4
CUST0285,P010,Basic Rewards Card,5
CUST0285,P011,Cashback Card,4
CUST0285,P012,Travel Rewards Card,5
CUST0285,P013,Premium Travel Card,4
CUST0285,P014,Student Credit Card,4
CUST0285,P017,Personal Loan - Unsecured,3
CUST0285,P020,New Auto Loan,2
CUST0285,P023,30-Year Fixed Mortgage,5
CUST0285,P025,ARM Mortgage,4
CUST0285,P026,Jumbo Mortgage,4
CUST0285,P028,Home Equity Loan,4
CUST0285,P029,HELOC,5
CUST0285,P031,CD 6-Month,2
CUST0285,P032,CD 12-Month,3
CUST0285,P037,Brokerage Account,4
CUST0285,P038,Retirement IRA,4
CUST0285,P040,Life Insurance,4
CUST0285,P041,Auto Insurance,4
CUST0286,P002,Student Checking,4
CUST0286,P010,Basic Rewards Card,4
CUST0286,P012,Travel Rewards Card,3
CUST0286,P020,New Auto Loan,2
CUST0286,P024,15-Year Fixed Mortgage,3
CUST0286,P026,Jumbo Mortgage,1
CUST0286,P027,FHA Mortgage,3
CUST0286,P032,CD 12-Month,3
CUST0286,P033,CD 24-Month,3
CUST0286,P034,CD 60-Month,2
CUST0287,P002,Student Checking,4
CUST0287,P003,Premium Checking,5
CUST0287,P004,Senior Checking,4
CUST0287,P007,High-Yield Savings,3
CUST0287,P009,Holiday Club Savings,4
CUST0287,P011,Cashback Card,4
CUST0287,P012,Travel Rewards Card,4
CUST0287,P013,Premium Travel Card,4
CUST0287,P018,Personal Loan - Secured,3
CUST0287,P020,New Auto Loan,3
CUST0287,P037,Brokerage Account,3
CUST0288,P003,Premium Checking,5
CUST0288,P005,Business Checking,4
CUST0288,P008,Youth Savings,5
CUST0288,P010,Basic Rewards Card,4
CUST0288,P011,Cashback Card,4
CUST0288,P014,Student Credit Card,5
CUST0288,P015,Secured Credit Card,4
CUST0288,P016,Business Credit Card,4
CUST0288,P021,Used Auto Loan,4
CUST0288,P022,Auto Refinance Loan,3
CUST0288,P032,CD 12-Month,2
CUST0288,P034,CD 60-Month,2
CUST0288,P035,IRA CD,2
CUST0288,P036,Robo-Advisor Portfolio,3
CUST0288,P039,529 College Savings,3
CUST0289,P001,Basic Checking,3
CUST0289,P003,Premium Checking,3
CUST0289,P006,Basic Savings,4
CUST0289,P009,Holiday Club Savings,4
CUST0289,P010,Basic Rewards Card,3
CUST0289,P019,Debt Consolidation Loan,2
CUST0289,P022,Auto Refinance Loan,3
CUST0289,P023,30-Year Fixed Mortgage,3
CUST0289,P024,15-Year Fixed Mortgage,2
CUST0289,P025,ARM Mortgage,3
CUST0289,P026,Jumbo Mortgage,3
CUST0289,P031,CD 6-Month,3
CUST0289,P041,Auto Insurance,3
CUST0290,P001,Basic Checking,4
CUST0290,P005,Business Checking,4
CUST0290,P008,Youth Savings,3
CUST0290,P009,Holiday Club Savings,3
CUST0290,P015,Secured Credit Card,3
CUST0290,P016,Business Credit Card,3
CUST0290,P019,Debt Consolidation Loan,3
CUST0290,P023,30-Year Fixed Mortgage,3
CUST0290,P025,ARM Mortgage,4
CUST0290,P027,FHA Mortgage,3
CUST0290,P028,Home Equity Loan,3
CUST0290,P032,CD 12-Month,3
CUST0290,P033,CD 24-Month,4
CUST0291,P003,Premium Checking,4
CUST0291,P006,Basic Savings,1
CUST0291,P007,High-Yield Savings,2
CUST0291,P010,Basic Rewards Card,4
CUST0291,P011,Cashback Card,3
CUST0291,P012,Travel Rewards Card,3
CUST0291,P013,Premium Travel Card,4
CUST0291,P014,Student Credit Card,3
CUST0291,P016,Business Credit Card,2
CUST0291,P017,Personal Loan - Unsecured,4
CUST0291,P018,Personal Loan - Secured,4
CUST0291,P019,Debt Consolidation Loan,4
CUST0291,P023,30-Year Fixed Mortgage,3
CUST0291,P027,FHA Mortgage,3
CUST0291,P028,Home Equity Loan,3
CUST0291,P035,IRA CD,1
CUST0291,P039,529 College Savings,1
CUST0292,P002,Student Checking,4
CUST0292,P003,Premium Checking,3
CUST0292,P007,High-Yield Savings,4
CUST0292,P009,Holiday Club Savings,3
CUST0292,P011,Cashback Card,3
CUST0292,P017,Personal Loan - Unsecured,2
CUST0292,P018,Personal Loan - Secured,2
CUST0292,P019,Debt Consolidation Loan,3
CUST0292,P021,Used Auto Loan,2
CUST0292,P022,Auto Refinance Loan,2
CUST0292,P026,Jumbo Mortgage,3
CUST0292,P028,Home Equity Loan,2
CUST0292,P030,CD 3-Month,4
CUST0292,P032,CD 12-Month,4
CUST0292,P035,IRA CD,3
CUST0292,P039,529 College Savings,2
CUST0293,P001,Basic Checking,3
CUST0293,P007,High-Yield Savings,5
CUST0293,P009,Holiday Club Savings,5
CUST0293,P011,Cashback Card,2
CUST0293,P015,Secured Credit Card,2
CUST0293,P023,30-Year Fixed Mortgage,2
CUST0293,P024,15-Year Fixed Mortgage,2
CUST0293,P032,CD 12-Month,5
CUST0293,P034,CD 60-Month,4
CUST0293,P035,IRA CD,4
CUST0293,P038,Retirement IRA,3
CUST0293,P039,529 College Savings,4
CUST0294,P003,Premium Checking,4
CUST0294,P005,Business Checking,4
CUST0294,P007,High-Yield Savings,4
CUST0294,P009,Holiday Club Savings,3
CUST0294,P011,Cashback Card,4
CUST0294,P015,Secured Credit Card,3
CUST0294,P021,Used Auto Loan,2
CUST0294,P022,Auto Refinance Loan,2
CUST0294,P028,Home Equity Loan,3
CUST0294,P029,HELOC,3
CUST0294,P030,CD 3-Month,2
CUST0294,P035,IRA CD,2
CUST0294,P036,Robo-Advisor Portfolio,2
CUST0294,P037,Brokerage Account,2
CUST0294,P041,Auto Insurance,3
CUST0295,P001,Basic Checking,4
CUST0295,P002,Student Checking,3
CUST0295,P003,Premium Checking,4
CUST0295,P004,Senior Checking,4
CUST0295,P005,Business Checking,3
CUST0295,P006,Basic Savings,3
CUST0295,P008,Youth Savings,3
CUST0295,P009,Holiday Club Savings,4
CUST0295,P010,Basic Rewards Card,3
CUST0295,P013,Premium Travel Card,3
CUST0295,P014,Student Credit Card,3
CUST0295,P015,Secured Credit Card,3
CUST0295,P022,Auto Refinance Loan,1
CUST0295,P026,Jumbo Mortgage,2
CUST0295,P029,HELOC,2
CUST0295,P030,CD 3-Month,5
CUST0295,P032,CD 12-Month,5
CUST0295,P033,CD 24-Month,4
CUST0295,P035,IRA CD,4
CUST0295,P038,Retirement IRA,4
CUST0295,P041,Auto Insurance,3
CUST0296,P002,Student Checking,3
CUST0296,P005,Business Checking,4
CUST0296,P006,Basic Savings,2
CUST0296,P007,High-Yield Savings,3
CUST0296,P011,Cashback Card,4
CUST0296,P015,Secured Credit Card,3
CUST0296,P017,Personal Loan - Unsecured,5
CUST0296,P019,Debt Consolidation Loan,4
CUST0296,P021,Used Auto Loan,5
CUST0296,P024,15-Year Fixed Mortgage,3
CUST0296,P025,ARM Mortgage,3
CUST0296,P034,CD 60-Month,2
CUST0296,P041,Auto Insurance,2
CUST0297,P002,Student Checking,3
CUST0297,P004,Senior Checking,3
CUST0297,P007,High-Yield Savings,4
CUST0297,P010,Basic Rewards Card,3
CUST0297,P016,Business Credit Card,3
CUST0297,P018,Personal Loan - Secured,1
CUST0297,P024,15-Year Fixed Mortgage,3
CUST0297,P025,ARM Mortgage,4
CUST0297,P027,FHA Mortgage,3
CUST0297,P031,CD 6-Month,4
CUST0297,P032,CD 12-Month,5
CUST0297,P033,CD 24-Month,4
CUST0297,P035,IRA CD,5
CUST0297,P037,Brokerage Account,3
CUST0297,P038,Retirement IRA,5
CUST0297,P039,529 College Savings,3
CUST0297,P040,Life Insurance,4
CUST0297,P041,Auto Insurance,3
CUST0298,P005,Business Checking,3
CUST0298,P012,Travel Rewards Card,3
CUST0298,P016,Business Credit Card,3
CUST0298,P020,New Auto Loan,2
CUST0298,P024,15-Year Fixed Mortgage,2
CUST0298,P025,ARM Mortgage,3
CUST0298,P026,Jumbo Mortgage,2
CUST0298,P030,CD 3-Month,3
CUST0298,P033,CD 24-Month,3
CUST0299,P001,Basic Checking,3
CUST0299,P002,Student Checking,4
CUST0299,P006,Basic Savings,3
CUST0299,P009,Holiday Club Savings,3
CUST0299,P012,Travel Rewards Card,3
CUST0299,P014,Student Credit Card,3
CUST0299,P023,30-Year Fixed Mortgage,3
CUST0299,P024,15-Year Fixed Mortgage,3
CUST0299,P025,ARM Mortgage,3
CUST0299,P030,CD 3-Month,3
CUST0299,P032,CD 12-Month,4
CUST0299,P038,Retirement IRA,3
CUST0300,P004,Senior Checking,3
CUST0300,P006,Basic Savings,4
CUST0300,P007,High-Yield Savings,3
CUST0300,P011,Cashback Card,3
CUST0300,P013,Premium Travel Card,3
CUST0300,P016,Business Credit Card,4
CUST0300,P023,30-Year Fixed Mortgage,3
CUST0300,P027,FHA Mortgage,3
CUST0300,P032,CD 12-Month,2
CUST0300,P034,CD 60-Month,2
CUST0300,P035,IRA CD,2
CUST0300,P036,Robo-Advisor Portfolio,2
