Claim_ID,Policy_Tenure_Months,Premium_Amount,Claim_Amount,Num_Prior_Claims,Claim_Response_Days,Customer_Age,Fraud
900001,11.1,544.98,2334.02,1,2.3,59,0
900002,46.9,460.08,3141.73,0,2.1,50,0
900003,183.9,951.49,3767.05,1,2.7,18,0
900004,7.3,1232.05,1260.6,2,5.8,46,0
900005,99.0,1061.18,2048.22,2,0.1,54,0
900006,150.1,419.45,5402.69,0,0.2,30,0
900007,42.8,1439.24,10252.01,2,9.1,64,0
900008,10.1,1250.26,4621.13,1,1.4,27,0
900009,138.3,300.0,2339.47,0,1.0,20,0
900010,53.9,1506.68,8894.64,3,0.2,19,0
900011,13.8,753.31,5244.7,0,1.1,48,0
900012,51.3,1202.13,2216.26,1,11.6,70,0
900013,32.6,906.88,281.61,2,0.6,66,0
900014,15.6,945.53,4820.91,0,12.5,46,0
900015,86.8,1074.16,4708.36,1,11.5,47,0
900016,18.5,1045.25,6578.28,1,9.2,49,0
900017,15.3,1376.42,2352.99,0,22.0,74,0
900018,56.8,1277.68,8653.65,1,0.0,46,0
900019,26.4,828.6,2122.67,0,0.4,37,0
900020,51.1,1372.51,3086.58,1,9.5,54,0
900021,45.2,1560.84,5090.22,0,33.5,79,0
900022,78.9,1182.76,4695.56,0,11.4,48,0
900023,1.0,1480.44,4179.12,0,26.7,74,0
900024,25.5,764.03,1297.75,0,48.9,71,0
900025,19.6,1710.07,4742.78,1,0.0,54,0
900026,33.2,1166.47,2627.18,1,3.0,61,0
900027,78.2,1136.98,6076.72,0,4.3,56,0
900028,41.8,804.61,1640.83,1,10.6,77,0
900029,1.3,1657.64,100.0,0,12.6,59,0
900030,100.2,1143.64,100.0,0,7.6,52,0
900031,6.1,1798.91,3999.14,1,19.3,30,0
900032,42.4,876.11,121.44,0,4.9,78,0
900033,4.7,1360.94,4358.98,0,22.5,60,0
900034,23.3,934.17,1393.23,1,9.3,34,0
900035,13.6,1039.18,4778.98,0,12.6,25,0
900036,1.0,1209.73,100.0,0,11.4,50,0
900037,16.9,1289.61,5572.94,0,4.7,44,0
900038,82.0,936.35,100.0,0,23.5,35,0
900039,10.3,567.48,7023.49,2,12.2,46,0
900040,1.0,1141.99,7052.4,0,11.5,35,0
900041,15.0,772.18,6187.58,0,9.7,48,0
900042,24.1,1787.22,2585.12,0,10.0,65,0
900043,30.1,1290.12,538.81,1,4.1,66,0
900044,18.3,1476.13,6689.24,0,3.7,45,0
900045,11.8,1052.86,100.0,1,4.3,78,0
900046,53.0,1149.85,1044.63,1,7.0,77,0
900047,40.3,2023.99,3222.89,0,1.0,26,0
900048,7.4,1085.45,5617.32,0,28.2,63,0
900049,1.0,939.37,100.0,1,2.7,31,0
900050,20.4,482.61,1316.44,4,9.3,53,0
900051,123.1,1547.1,4800.87,1,6.3,35,0
900052,56.9,1713.7,2782.74,1,34.1,27,0
900053,15.9,1106.81,8677.19,0,0.1,30,0
900054,73.5,1466.74,6952.74,0,14.3,45,0
900055,21.0,1461.63,1768.9,0,4.5,79,0
900056,57.8,633.61,6198.44,0,2.4,38,0
900057,2.9,1705.67,5949.6,0,6.4,79,0
900058,1.0,1152.07,6606.81,0,20.9,34,0
900059,5.5,1645.5,100.0,0,0.4,45,0
900060,18.5,1574.43,4263.06,1,4.5,41,0
900061,37.7,1055.2,4423.43,0,6.2,54,1
900062,94.9,2009.19,4076.93,1,4.2,72,0
900063,67.4,1136.64,100.0,1,21.8,56,0
900064,3.5,788.28,8542.45,2,3.7,33,1
900065,3.7,1841.08,884.13,2,6.3,67,0
900066,63.1,1197.54,6697.8,0,0.1,69,0
900067,69.2,823.63,3369.51,1,0.3,73,0
900068,23.7,466.89,1050.66,1,10.1,32,0
900069,49.6,1603.35,2593.34,1,2.8,27,0
900070,17.7,983.33,6361.53,0,12.0,32,0
900071,42.2,1111.38,2955.95,0,37.4,30,0
900072,19.5,1372.04,3826.27,0,7.8,48,0
900073,49.5,1807.36,100.0,1,21.1,76,0
900074,46.0,300.0,1465.32,1,9.4,37,0
900075,107.1,890.58,1562.95,0,0.3,78,0
900076,9.3,1097.75,2808.66,0,11.8,31,0
900077,1.7,1096.73,100.0,1,5.3,34,0
900078,20.6,943.85,2897.36,0,3.4,22,0
900079,4.7,1549.59,2530.86,1,14.1,27,0
900080,18.7,1011.56,5938.12,0,13.9,65,0
900081,65.1,1352.36,7796.52,0,2.3,79,0
900082,6.7,1375.62,1302.88,1,1.4,34,0
900083,61.7,715.73,702.72,0,9.4,66,0
900084,8.9,1608.54,9220.35,0,13.5,67,0
900085,56.5,1232.38,100.0,0,34.2,72,0
900086,67.3,1333.16,6144.7,0,1.3,50,1
900087,130.3,1245.07,3571.13,0,18.0,34,0
900088,56.9,570.12,4055.45,1,5.5,64,0
900089,1.0,1002.86,5188.56,0,12.8,79,0
900090,199.1,1867.22,1277.22,1,6.0,18,0
900091,7.9,1176.71,5056.44,1,7.0,49,0
900092,22.3,869.48,100.0,2,0.6,71,0
900093,76.0,443.34,3687.62,1,12.1,48,0
900094,36.3,1215.23,3458.21,1,5.7,71,0
900095,23.9,1200.9,5928.01,0,9.9,45,0
900096,1.0,1005.33,4479.28,0,38.2,64,0
900097,25.3,1298.0,2591.54,0,31.7,47,0
900098,15.7,738.89,4885.49,0,11.3,51,0
900099,72.3,439.37,1181.38,1,11.7,37,0
900100,5.1,889.06,1386.83,0,7.0,39,0
900101,67.0,1040.29,100.0,0,4.9,49,0
900102,109.8,1717.77,3713.92,0,3.1,64,0
900103,17.5,539.17,100.0,0,3.6,54,0
900104,6.8,1134.07,6438.73,0,6.5,22,0
900105,42.4,2136.2,554.18,1,9.1,42,0
900106,64.0,1667.59,7198.37,0,15.3,50,0
900107,47.0,1295.07,4586.58,0,3.6,72,0
900108,9.3,1137.84,6913.8,0,6.2,47,0
900109,6.1,1294.87,4556.55,2,4.6,68,0
900110,88.4,1476.2,944.04,0,13.8,59,0
900111,131.1,1488.34,2776.62,1,21.3,42,0
900112,1.0,1139.02,3000.68,1,8.6,57,0
900113,45.6,510.58,3377.28,0,49.9,21,0
900114,97.4,425.33,1503.06,0,5.4,38,0
900115,6.0,521.21,7849.09,0,13.9,40,1
900116,18.6,1341.2,5549.29,1,8.2,21,0
900117,55.2,850.56,4309.18,1,20.2,76,0
900118,27.9,1240.89,3105.8,0,23.0,38,0
900119,6.1,766.85,4477.76,1,16.7,54,0
900120,3.2,1431.87,3901.66,0,26.6,73,0
900121,104.6,1154.54,4124.59,0,7.3,44,0
900122,68.4,820.22,5138.23,2,1.1,56,0
900123,9.3,626.19,2908.07,0,26.2,32,0
900124,15.7,1610.12,3868.66,0,57.1,63,0
900125,25.7,500.37,5168.58,3,19.5,56,1
900126,106.9,1640.82,100.0,1,18.7,25,0
900127,56.1,930.21,2839.47,0,22.0,62,0
900128,25.2,1314.25,4055.94,0,14.2,39,0
900129,59.4,1132.82,5668.6,1,28.1,70,0
900130,1.0,1009.35,4762.94,0,6.2,61,0
900131,153.5,951.94,2701.16,1,0.1,46,0
900132,27.2,1349.26,5835.15,0,2.8,37,0
900133,12.9,1129.13,3466.7,0,5.7,76,0
900134,13.0,1236.89,2420.75,0,4.5,74,0
900135,46.7,1383.68,4769.82,0,11.7,46,0
900136,3.1,1404.91,4980.6,0,5.2,29,0
900137,31.6,1450.28,4064.44,0,1.8,32,0
900138,33.4,1031.05,3295.16,2,3.6,56,0
900139,121.0,610.32,4601.16,0,10.5,48,0
900140,17.1,913.65,2650.38,0,7.3,58,0
900141,1.4,1645.12,4274.05,0,15.3,51,0
900142,2.5,719.21,100.0,0,1.5,26,0
900143,82.5,1284.72,784.91,0,7.0,57,0
900144,36.3,1490.43,5466.52,0,7.6,61,0
900145,10.1,1167.91,1448.94,0,0.1,67,0
900146,68.4,1408.34,5791.13,1,0.6,39,0
900147,3.5,1773.48,100.0,0,3.7,41,0
900148,36.4,1559.73,714.17,0,3.0,61,0
900149,140.4,1906.04,3359.81,2,7.4,20,0
900150,1.0,1395.53,7019.43,0,7.5,40,0
900151,8.2,1048.32,3501.71,0,1.8,35,0
900152,31.2,1111.12,4013.87,0,31.7,59,0
900153,76.9,635.61,3198.27,2,4.4,36,0
900154,85.4,740.59,353.66,0,3.9,42,0
900155,32.3,1488.9,6839.36,0,6.9,78,0
900156,9.9,1294.26,7356.18,0,4.5,34,0
900157,125.9,1250.79,2798.31,1,2.6,36,0
900158,42.2,1292.47,1961.91,1,10.6,78,0
900159,10.2,1097.21,2134.8,1,6.8,33,0
900160,2.9,812.01,1348.51,1,6.5,39,0
900161,4.5,1638.86,4046.22,1,27.0,54,0
900162,43.1,1010.15,2755.5,0,8.7,67,0
900163,2.1,901.59,2321.41,0,34.5,75,0
900164,1.0,1075.25,100.0,2,8.6,32,0
900165,1.0,1311.62,6139.36,0,6.7,68,0
900166,66.2,1650.43,4250.43,0,4.9,25,0
900167,13.6,924.02,2551.78,2,8.2,24,0
900168,108.0,1251.18,3377.2,1,16.2,54,0
900169,52.0,1587.99,4342.11,1,4.7,65,0
900170,38.8,1061.6,100.0,0,24.7,74,0
900171,26.4,1865.18,3686.44,1,3.7,24,0
900172,69.9,1170.43,5169.61,0,12.3,26,0
900173,34.4,1271.12,4549.39,1,5.4,31,0
900174,71.8,810.49,147.62,0,11.5,34,0
900175,17.4,1631.55,2501.52,0,5.7,57,0
900176,15.0,1525.43,6497.88,1,0.2,33,0
900177,32.1,1244.28,10056.97,1,1.9,27,0
900178,2.5,914.88,2937.52,0,0.3,41,0
900179,10.8,1299.28,532.38,0,12.3,52,0
900180,21.6,1180.94,7352.8,0,12.9,62,0
900181,21.7,906.1,3044.5,1,2.3,32,0
900182,70.3,1391.02,7571.09,0,9.0,20,0
900183,55.4,712.22,5865.94,0,9.8,64,0
900184,26.4,301.38,7619.55,1,15.2,64,1
900185,59.8,1867.17,4392.44,1,25.9,72,0
900186,10.9,1308.79,7480.7,1,7.5,19,0
900187,8.6,692.9,4484.04,1,8.4,31,0
900188,35.0,1005.66,3969.51,0,9.9,79,0
900189,77.7,1474.34,5658.7,2,2.9,64,0
900190,45.8,1015.35,3972.37,0,1.8,76,0
900191,13.3,1415.41,8517.41,1,27.9,21,0
900192,55.4,315.52,1699.89,1,15.9,48,0
900193,31.9,1161.97,4708.3,0,25.0,66,0
900194,10.7,1176.82,6182.51,0,6.8,48,0
900195,29.0,716.52,7475.79,0,43.7,33,0
900196,60.2,1664.57,1074.99,0,1.7,74,0
900197,5.7,1614.96,4093.89,1,20.4,41,0
900198,32.2,973.01,3010.11,1,7.5,52,0
900199,1.2,716.19,4118.71,0,1.5,53,1
900200,41.4,713.82,6639.34,0,43.4,35,0
900201,204.5,1737.58,4159.08,0,5.5,40,0
900202,10.9,986.95,1272.62,2,24.7,74,0
900203,30.1,766.8,3523.5,0,0.2,45,0
900204,22.6,531.46,4270.96,0,13.7,51,0
900205,17.4,1960.7,3045.66,0,15.9,34,0
900206,25.2,1850.3,6718.25,0,10.6,23,0
900207,30.8,1114.54,1257.5,0,0.1,56,0
900208,125.2,1248.74,2043.23,0,10.6,22,0
900209,36.8,1688.34,1660.17,0,31.0,45,0
900210,28.8,1397.34,100.0,1,4.0,62,0
900211,76.2,627.96,2082.48,0,4.3,43,0
900212,83.5,1278.85,766.96,0,13.2,45,0
900213,41.7,929.12,100.0,0,17.2,59,0
900214,13.1,1343.49,2657.85,0,4.1,54,0
900215,41.1,1279.37,3729.53,0,1.2,24,0
900216,8.6,1073.73,5388.22,0,1.2,34,0
900217,36.2,748.4,827.94,0,7.4,50,0
900218,1.0,1598.64,4713.64,3,0.4,74,1
900219,26.8,1394.68,1785.67,2,37.9,33,0
900220,8.1,735.89,4766.5,2,10.0,51,0
900221,5.4,1273.98,4316.31,0,8.5,23,0
900222,87.5,952.51,4262.81,0,14.9,24,0
900223,49.0,1195.95,3282.08,1,5.0,40,0
900224,4.8,1064.14,1402.62,0,4.7,53,0
900225,55.9,1365.53,2102.63,1,5.1,69,0
900226,4.4,1488.9,4398.92,0,1.1,75,0
900227,12.8,826.46,1645.9,1,14.5,77,0
900228,152.0,1192.74,3821.6,1,14.5,52,0
900229,22.2,1119.9,5774.71,0,15.4,76,0
900230,29.0,1012.38,4973.29,1,0.7,64,0
900231,1.0,1089.74,100.0,0,14.2,19,0
900232,2.8,980.66,2522.19,1,4.6,33,0
900233,3.4,1780.56,3455.58,2,12.3,41,0
900234,43.8,996.19,7343.83,0,25.3,44,0
900235,13.0,1288.15,4559.04,0,8.7,25,0
900236,31.1,1204.96,1994.94,0,33.7,43,0
900237,28.4,1454.38,3040.27,2,41.9,78,0
900238,64.0,1189.01,8970.09,0,6.8,18,0
900239,23.0,830.31,8712.13,1,11.0,53,1
900240,53.7,965.23,3972.27,0,8.8,54,0
900241,16.1,932.86,5262.06,0,25.4,66,0
900242,140.7,1419.1,3187.1,0,12.2,23,0
900243,159.6,1116.02,5204.88,0,2.8,66,0
900244,12.9,1304.83,2878.04,0,28.4,64,0
900245,18.4,1223.5,3391.12,1,3.0,41,0
900246,28.0,885.89,2278.17,2,25.9,78,0
900247,22.0,2119.93,1970.78,0,7.9,44,0
900248,14.2,1419.17,6272.84,1,1.2,39,0
900249,58.1,1582.61,3906.98,1,5.1,60,0
900250,20.1,978.34,100.0,0,4.3,61,0
900251,55.2,1381.16,9066.63,1,11.0,43,0
900252,59.8,1168.03,4130.64,0,4.8,63,0
900253,10.2,428.85,3213.01,0,20.2,59,0
900254,75.6,1368.52,5146.12,1,1.8,39,0
900255,79.6,886.17,3787.92,0,29.4,24,0
900256,14.5,961.14,4977.62,0,4.9,79,0
900257,21.3,1831.1,2679.15,0,8.1,40,0
900258,43.1,1272.13,5267.9,1,10.1,56,0
900259,55.7,1123.16,400.02,1,12.1,29,0
900260,57.1,1184.03,3580.24,1,23.8,31,0
900261,1.0,1052.0,2192.93,0,4.7,30,0
900262,18.5,968.66,9563.32,1,32.7,50,0
900263,29.7,1441.57,3063.76,1,33.9,57,0
900264,6.9,1398.13,2189.56,0,4.1,31,0
900265,12.9,1399.98,3490.7,1,5.2,73,0
900266,16.1,300.0,4405.83,2,0.9,33,0
900267,11.8,1122.63,4233.69,0,23.4,30,0
900268,13.3,1481.0,4130.08,1,13.0,69,0
900269,11.3,300.0,6705.23,0,0.7,41,1
900270,23.1,1542.76,1806.02,0,0.7,52,0
900271,61.2,1285.87,2791.23,0,23.9,44,0
900272,16.9,1150.04,809.64,0,6.9,50,0
900273,68.0,1325.5,2120.81,1,4.3,72,0
900274,79.5,1141.45,7150.34,0,0.1,51,0
900275,28.3,1678.19,2667.53,1,0.9,75,0
900276,6.6,1264.58,4455.46,2,4.2,68,0
900277,55.6,1660.97,5767.72,0,0.9,30,1
900278,6.5,1234.32,3249.85,0,5.2,55,0
900279,55.2,300.0,3193.25,0,19.7,73,1
900280,5.7,963.87,8466.81,1,7.1,75,0
900281,1.0,1141.14,8381.84,1,25.0,45,0
900282,40.9,766.58,2197.18,0,9.4,53,0
900283,222.2,839.85,1948.1,0,3.8,43,0
900284,81.6,484.43,4766.36,0,11.4,49,1
900285,56.0,1691.67,4912.4,0,14.7,61,0
900286,49.1,1560.45,6331.45,2,12.3,30,0
900287,15.7,1456.98,5565.18,1,13.3,35,0
900288,54.9,694.0,1101.5,0,0.5,56,0
900289,91.9,651.06,100.0,1,2.5,58,0
900290,99.0,515.54,6927.56,3,23.5,33,1
900291,105.6,2183.95,6789.47,0,22.8,63,0
900292,50.1,1677.69,2955.31,2,6.7,52,0
900293,54.7,1780.32,328.84,3,5.6,56,0
900294,14.9,1034.1,2044.22,1,11.5,55,0
900295,1.1,1560.0,5562.02,1,3.9,24,0
900296,1.0,1164.04,4412.36,0,0.6,33,0
900297,16.6,875.43,3296.21,0,2.2,20,0
900298,1.0,710.13,1018.53,0,1.9,28,0
900299,67.1,906.16,100.0,0,2.6,65,0
900300,13.5,1316.25,100.0,1,0.7,28,0
900301,43.5,1747.16,1044.01,1,4.0,55,0
900302,4.1,772.01,4139.08,0,14.3,50,0
900303,72.4,1090.9,3455.36,0,3.1,61,0
900304,1.0,1065.88,1893.12,2,1.0,43,0
900305,42.9,463.22,2137.63,2,4.2,29,0
900306,33.1,1405.37,100.0,1,2.1,40,0
900307,15.6,1978.42,3168.85,0,8.5,28,0
900308,45.3,622.69,2618.35,1,2.1,35,0
900309,21.6,711.81,3135.11,0,0.8,60,0
900310,62.3,1483.85,5093.43,0,2.7,29,0
900311,71.4,300.0,2986.23,1,26.1,30,0
900312,11.8,1084.61,6174.09,0,17.9,21,0
900313,58.7,1093.61,454.23,2,13.8,41,0
900314,41.7,1279.36,171.59,0,0.9,64,0
900315,9.4,666.88,598.9,0,1.0,76,0
900316,52.2,1435.29,7620.22,1,29.2,48,0
900317,53.2,1488.27,1256.78,1,0.7,56,0
900318,83.4,1398.69,3535.5,0,13.5,75,0
900319,27.6,871.04,1565.18,2,2.3,24,0
900320,20.9,670.51,9967.93,0,6.9,19,1
900321,30.3,1052.16,3397.17,0,8.0,76,0
900322,5.7,1394.72,100.0,0,15.0,27,0
900323,34.5,573.53,7524.37,1,12.5,69,1
900324,32.5,1436.83,9538.22,1,5.4,37,0
900325,2.9,1300.05,3344.73,0,21.3,44,0
900326,15.3,1612.64,6563.51,0,11.0,45,0
900327,13.0,1070.28,5717.12,0,10.6,24,0
900328,64.5,339.23,3054.26,1,2.9,58,0
900329,1.0,796.62,462.61,0,3.1,29,0
900330,24.3,300.0,2758.05,0,3.5,28,0
900331,59.3,1380.44,7067.72,1,7.8,24,0
900332,24.4,1116.71,7668.79,0,2.5,76,0
900333,18.7,1614.01,3069.49,1,8.4,21,0
900334,2.3,1497.03,2681.55,3,5.9,50,0
900335,103.3,596.29,3943.94,1,14.6,45,0
900336,27.2,798.61,4359.39,0,1.0,26,0
900337,60.8,1487.33,3850.55,2,3.3,65,0
900338,10.6,543.38,1113.85,0,0.0,33,0
900339,24.7,1042.96,3817.09,0,6.7,42,0
900340,21.1,672.52,5460.68,0,4.6,61,1
900341,12.8,1273.25,3881.88,2,3.0,51,0
900342,37.2,912.57,100.0,1,2.9,26,0
900343,156.1,1336.95,2399.66,1,14.9,37,0
900344,55.9,1512.63,3659.81,2,6.7,59,0
900345,3.0,1117.8,3857.7,2,2.6,78,0
900346,58.4,1172.75,100.0,0,2.9,18,0
900347,64.9,981.42,4054.25,0,19.8,55,0
900348,14.6,1095.14,4126.36,0,37.5,55,0
900349,6.9,1170.5,100.0,1,7.7,37,0
900350,4.9,1262.16,772.92,0,1.4,71,0
900351,62.0,903.12,6158.51,0,15.8,48,0
900352,15.4,725.34,7350.09,0,2.7,75,0
900353,38.0,1649.28,3889.6,0,12.6,70,0
900354,9.9,1714.85,6608.03,0,3.1,28,0
900355,11.7,806.7,1101.5,2,9.4,61,0
900356,105.4,670.62,4090.4,1,6.5,38,0
900357,1.1,1348.89,1083.18,0,1.3,74,0
900358,126.4,1014.75,5091.4,0,25.7,25,0
900359,29.7,1554.72,6092.94,1,40.4,22,0
900360,111.4,1073.36,3637.61,0,4.4,22,0
900361,1.0,590.8,2522.38,3,11.6,57,0
900362,50.4,954.84,100.0,0,0.9,33,0
900363,6.0,908.01,1267.03,2,20.4,64,0
900364,13.6,1186.11,2478.79,0,0.2,49,0
900365,108.3,1312.92,1303.59,0,4.8,60,0
900366,35.1,1043.66,6091.7,4,2.0,22,0
900367,19.4,556.41,5390.05,1,0.4,35,0
900368,53.4,872.12,5166.37,1,26.3,67,0
900369,99.5,1066.83,100.0,0,4.7,57,0
900370,45.1,1587.68,2492.89,0,7.9,22,0
900371,67.0,1060.5,2001.28,0,5.1,41,0
900372,16.9,1404.41,3858.83,3,23.2,39,0
900373,1.0,1189.58,4615.62,0,2.8,40,0
900374,46.8,1662.47,6303.11,1,2.1,25,0
900375,8.6,952.87,4695.68,0,9.3,40,0
900376,15.9,300.0,5228.92,1,5.1,31,1
900377,5.4,1969.89,1798.71,0,0.1,78,0
900378,58.4,2133.19,10184.69,0,21.8,66,0
900379,49.7,1419.98,5553.0,0,2.0,56,0
900380,32.6,996.47,6247.93,0,1.0,73,0
900381,18.6,1279.55,4442.19,0,8.8,57,0
900382,4.1,1071.48,4244.52,0,0.3,29,0
900383,91.7,716.48,3340.31,1,5.6,74,0
900384,57.8,1369.54,4023.19,0,0.2,21,0
900385,12.3,1486.07,3457.35,0,1.2,54,0
900386,13.8,1822.12,3697.61,1,15.1,19,0
900387,10.8,300.0,100.0,0,8.7,76,0
900388,31.6,874.27,2519.23,0,7.1,21,0
900389,29.3,884.96,6198.23,0,28.0,74,0
900390,55.8,720.34,5895.09,1,10.3,79,1
900391,57.5,1369.44,4288.08,0,8.1,63,0
900392,42.1,1190.19,100.0,0,6.5,79,0
900393,46.7,1052.37,3284.6,1,0.6,36,0
900394,1.2,1542.84,5885.73,0,3.1,47,0
900395,28.4,1926.82,2066.98,1,10.0,32,0
900396,20.5,1125.27,5682.64,2,3.1,77,0
900397,1.3,1012.89,2740.03,0,8.5,65,0
900398,76.8,598.08,7405.19,0,45.3,71,1
900399,48.1,860.69,660.31,0,4.1,56,0
900400,5.0,1122.37,5727.98,0,4.6,50,1
900401,23.3,1248.51,6848.11,0,0.6,39,0
900402,14.9,965.42,1730.1,0,15.3,70,0
900403,31.3,1006.63,6481.55,0,1.8,74,0
900404,14.2,1227.5,5496.52,1,4.1,71,0
900405,11.4,453.64,4929.34,0,14.9,68,0
900406,11.2,1720.12,2613.85,0,18.6,57,0
900407,65.5,622.42,1647.05,2,1.3,76,0
900408,35.2,1678.14,4636.77,1,3.8,60,0
900409,17.2,908.25,2921.86,2,12.8,25,0
900410,10.1,956.02,5185.4,0,8.5,49,0
900411,43.8,1471.48,465.3,0,3.9,22,0
900412,13.6,1283.0,598.06,0,14.5,61,0
900413,111.3,713.96,8328.98,1,2.3,54,1
900414,13.7,580.0,3189.69,0,2.9,29,0
900415,48.3,1438.57,1273.73,1,7.8,43,0
900416,79.1,1696.21,5644.69,0,6.6,27,0
900417,58.0,1154.87,3880.95,1,0.5,42,0
900418,3.1,1493.09,100.0,0,8.3,37,0
900419,35.9,1466.03,2533.96,0,0.2,72,0
900420,29.1,1464.45,3948.68,0,9.2,60,0
900421,15.3,1333.89,1046.14,2,7.4,60,0
900422,13.2,1236.65,5723.88,2,36.4,46,0
900423,25.6,1633.98,1800.01,0,5.3,59,0
900424,30.1,1057.85,4622.07,1,25.1,56,0
900425,41.1,1251.94,1474.64,1,5.5,44,0
900426,48.7,1578.9,5103.7,0,0.5,30,0
900427,70.5,1717.54,6383.67,0,9.0,77,0
900428,48.4,1286.24,7192.77,0,7.5,55,0
900429,6.7,1640.51,100.0,1,7.6,45,0
900430,2.9,1675.53,6243.91,1,3.4,30,0
900431,23.3,1614.02,100.0,0,10.3,34,0
900432,4.8,855.35,2835.63,0,5.6,53,0
900433,39.8,1157.94,4391.04,1,23.5,30,0
900434,81.8,1306.5,2404.4,1,1.6,48,0
900435,35.9,1835.09,7372.5,0,5.3,60,0
900436,4.6,1024.26,5657.54,1,17.3,20,0
900437,57.4,971.01,2799.87,0,0.3,22,0
900438,64.4,766.86,4354.39,1,2.3,54,0
900439,10.0,938.5,1112.29,0,25.6,36,0
900440,25.5,1077.32,3402.07,1,13.0,75,0
900441,37.6,1807.29,3774.09,0,14.2,25,0
900442,1.3,1107.43,4455.97,1,13.3,71,0
900443,49.8,300.0,10771.23,2,2.7,65,1
900444,12.1,1621.35,100.0,0,35.6,44,0
900445,4.3,860.0,5701.86,0,3.5,64,1
900446,14.5,1087.8,100.0,1,10.6,74,0
900447,14.5,1325.37,5022.08,1,24.7,34,0
900448,123.7,1365.18,1334.0,1,26.4,69,0
900449,1.0,1858.12,6911.39,1,2.7,29,0
900450,63.5,563.64,2736.06,0,9.2,53,0
900451,1.0,1909.7,5218.32,0,15.1,20,0
900452,20.6,1514.81,1951.83,0,15.6,61,0
900453,1.0,1112.66,5622.38,1,1.9,37,1
900454,65.2,1538.74,2620.84,1,4.4,23,0
900455,53.7,1796.53,100.0,0,21.9,64,0
900456,44.2,1117.92,3136.42,1,39.5,60,0
900457,48.1,336.25,2955.46,1,2.4,36,0
900458,1.5,1777.45,5507.09,0,14.8,31,0
900459,40.2,1591.15,4999.99,1,7.7,28,1
900460,81.9,1252.18,2838.03,0,10.9,70,0
900461,12.6,1399.52,8524.76,0,6.7,79,0
900462,25.9,588.1,100.0,1,4.8,78,0
900463,30.1,1297.41,6147.97,1,35.2,76,0
900464,9.3,355.13,2324.24,0,7.9,25,0
900465,127.7,1213.74,2224.6,1,14.6,77,0
900466,94.9,949.35,1868.86,0,13.4,66,0
900467,26.9,1315.68,3552.88,0,0.3,64,0
900468,67.7,371.74,4387.79,0,4.0,78,1
900469,240.0,1484.57,100.0,0,4.6,64,0
900470,50.4,745.72,2048.86,1,5.2,36,0
900471,6.5,849.05,4379.83,0,0.4,24,0
900472,12.1,976.17,100.0,0,1.8,72,0
900473,37.0,1082.11,1852.18,0,1.3,66,0
900474,56.4,744.05,1175.44,1,15.7,27,0
900475,32.2,741.62,4944.94,2,0.0,21,0
900476,27.4,1707.3,2064.85,1,10.6,30,0
900477,48.6,1079.14,6307.86,1,4.6,66,0
900478,27.3,902.12,100.0,1,2.2,22,0
900479,13.1,1490.83,1401.26,3,12.0,71,0
900480,12.7,332.22,3790.24,0,0.8,39,1
900481,119.5,1418.7,5507.72,0,3.6,67,0
900482,12.6,1047.55,4892.35,2,1.7,49,0
900483,7.7,1278.72,6021.51,1,7.5,29,0
900484,47.9,1587.84,3848.44,0,5.0,54,0
900485,1.2,1558.97,6676.88,1,2.0,30,1
900486,30.8,1184.91,2804.76,0,32.3,36,0
900487,19.5,1844.93,3884.56,1,11.8,65,0
900488,12.2,590.46,6363.48,1,3.4,66,0
900489,41.1,1134.13,3773.67,0,11.4,18,0
900490,58.1,1153.41,933.46,0,1.4,78,0
900491,38.4,1526.7,5310.34,2,3.2,40,0
900492,15.1,1423.5,893.71,0,15.3,56,0
900493,33.6,1289.55,7695.88,1,9.1,72,0
900494,49.9,1254.7,3928.36,0,9.9,23,0
900495,4.3,971.99,1217.79,1,0.7,37,0
900496,27.6,1140.27,4295.25,2,6.3,68,0
900497,12.7,1155.54,3673.66,1,10.3,50,0
900498,1.0,1302.98,4305.21,2,6.8,78,0
900499,20.8,1773.66,963.1,2,5.9,31,0
900500,25.3,1528.58,4994.02,0,0.9,65,0
900501,8.7,462.16,3512.59,1,3.6,45,0
900502,32.4,846.4,6439.74,3,3.5,69,0
900503,55.8,1114.61,2651.93,0,13.9,47,0
900504,15.0,660.66,100.0,2,27.2,20,0
900505,50.1,931.08,2912.59,1,11.8,74,0
900506,29.8,823.12,1588.99,0,0.7,28,0
900507,29.5,1133.82,8393.26,0,0.4,27,0
900508,38.1,1228.13,5558.27,0,0.8,58,0
900509,39.1,2519.7,100.0,1,7.1,63,0
900510,12.8,722.22,5699.54,0,4.4,47,0
900511,43.1,1390.26,100.0,1,16.4,45,0
900512,45.2,572.69,4141.87,1,21.0,72,0
900513,24.8,642.76,8711.3,1,57.6,26,1
900514,13.5,1575.28,873.82,1,18.3,29,0
900515,73.7,543.82,7364.8,0,0.4,18,1
900516,24.0,1654.64,5328.92,1,17.2,67,0
900517,111.2,1151.46,3645.35,3,1.8,23,0
900518,59.3,311.1,7055.62,0,0.7,40,1
900519,29.3,767.69,6190.13,0,1.4,25,0
900520,17.0,530.74,1180.25,0,17.0,40,0
900521,36.6,1406.51,5476.06,0,0.3,44,0
900522,4.8,1328.93,4241.83,0,11.0,71,0
900523,1.0,1229.26,3151.02,1,12.7,50,0
900524,108.7,691.15,4754.28,1,1.7,70,0
900525,56.4,1502.98,3079.75,1,4.5,28,0
900526,1.7,2362.17,7164.45,1,11.6,77,0
900527,17.9,1577.37,2146.37,0,1.4,28,0
900528,56.4,1087.5,5740.52,1,1.2,51,0
900529,3.8,1244.46,100.0,1,0.2,47,0
900530,47.6,1139.32,1893.26,0,22.3,46,0
900531,18.8,1773.91,100.0,1,38.0,47,0
900532,52.0,1335.73,321.82,0,0.2,74,0
900533,96.8,922.02,8349.2,1,9.5,75,0
900534,27.0,1312.0,6448.26,0,36.1,66,0
900535,46.0,918.06,5404.52,1,7.1,64,0
900536,4.4,1713.83,5300.96,1,3.9,62,0
900537,99.7,1544.28,3733.3,1,13.1,24,0
900538,10.3,1057.52,4413.61,2,18.5,78,0
900539,7.7,1485.79,3192.15,1,0.1,41,0
900540,12.8,1077.32,5338.55,1,1.8,62,0
900541,70.0,1773.11,5463.95,2,1.5,78,0
900542,50.2,1511.67,376.36,3,8.4,47,0
900543,22.6,963.54,5542.08,2,1.3,49,0
900544,1.6,1152.37,7844.08,0,16.1,51,0
900545,4.5,1310.25,6481.95,0,18.4,49,0
900546,17.3,1111.82,4299.03,0,1.8,55,0
900547,20.1,1186.51,3799.6,1,15.1,54,0
900548,1.0,1624.14,745.99,1,7.6,22,0
900549,67.1,1385.13,1652.71,0,9.7,75,0
900550,59.1,2134.72,610.25,0,17.9,61,0
900551,7.2,475.72,2731.22,0,13.8,78,0
900552,32.3,1423.64,1843.05,2,4.2,68,0
900553,2.9,931.72,8503.7,0,8.7,59,0
900554,28.5,1155.66,2459.64,0,14.2,43,0
900555,51.0,1488.77,1552.88,0,7.8,60,0
900556,11.2,1241.94,2473.95,0,2.7,55,0
900557,45.7,956.72,4292.92,1,14.7,50,0
900558,37.9,1128.18,2985.55,1,5.0,59,0
900559,5.7,1011.19,5943.35,0,2.0,75,1
900560,18.8,432.9,3547.3,0,10.4,59,0
900561,25.3,1170.68,2925.62,0,13.8,62,0
900562,28.9,1735.94,1756.0,2,5.2,43,0
900563,154.8,1426.34,2519.06,0,3.8,35,0
900564,2.9,982.49,982.88,2,17.1,30,0
900565,54.8,300.0,5487.1,1,7.1,38,1
900566,86.7,300.0,4358.98,0,24.6,62,1
900567,16.2,1737.06,6071.59,2,7.1,68,0
900568,1.5,1152.3,1297.85,0,1.2,44,0
900569,53.5,1383.8,8967.86,0,25.1,73,0
900570,72.6,1530.76,1596.09,0,4.6,67,0
900571,32.0,650.75,5618.92,0,8.4,75,0
900572,105.6,1522.42,1500.33,2,19.4,57,0
900573,11.8,641.84,7662.49,1,6.6,74,1
900574,14.0,1132.01,100.0,0,22.8,74,0
900575,36.3,985.08,100.0,0,24.2,57,0
900576,11.2,1554.95,4162.23,0,13.3,52,0
900577,24.5,2120.08,2359.48,0,0.5,67,0
900578,64.0,903.37,4051.03,0,12.0,58,0
900579,10.6,1462.28,4784.6,0,30.3,67,0
900580,1.0,1224.38,1085.15,0,2.2,51,0
900581,240.0,975.73,6210.43,1,1.5,65,0
900582,29.7,1161.59,100.0,2,1.4,47,0
900583,18.4,1064.19,3829.81,0,42.0,40,0
900584,19.0,965.11,4916.81,1,4.2,77,0
900585,82.2,1713.26,100.0,1,9.7,29,0
900586,61.9,1346.21,780.1,1,4.0,23,0
900587,42.4,1674.61,3084.66,0,3.7,71,0
900588,64.2,776.03,5272.38,0,6.7,65,0
900589,70.4,1198.77,1889.17,2,6.4,53,0
900590,55.0,1314.54,4103.03,1,8.1,52,0
900591,7.2,373.72,948.84,0,4.1,69,0
900592,12.3,1207.33,6308.29,1,14.0,51,0
900593,6.4,1370.54,3051.89,0,4.0,55,0
900594,5.0,1125.39,2374.34,0,10.3,68,0
900595,4.3,1303.52,1480.45,2,14.5,20,0
900596,112.6,1259.32,5979.21,0,24.1,42,0
900597,197.9,1736.12,3610.43,0,16.7,50,0
900598,6.9,1456.04,5706.92,0,0.5,50,0
900599,32.3,1087.98,8505.55,1,2.6,78,0
900600,5.5,1090.9,5447.98,1,3.8,37,0
900601,71.6,1393.84,2203.48,0,14.1,21,0
900602,25.5,887.52,9201.36,1,7.6,54,0
900603,2.6,1108.67,5044.05,1,3.3,44,1
900604,5.5,1066.6,4496.15,1,8.6,67,0
900605,61.5,1754.44,5602.19,1,25.3,32,0
900606,32.9,1889.8,2736.07,0,6.7,59,0
900607,85.1,1210.89,5345.73,0,24.3,79,0
900608,2.7,1541.73,2874.75,1,10.1,49,0
900609,19.0,1227.32,100.0,0,3.2,24,0
900610,110.6,1581.48,463.57,0,13.5,64,0
900611,32.3,758.08,6174.16,0,26.0,56,0
900612,76.9,1122.14,4569.95,2,0.5,60,0
900613,64.4,1883.55,3085.45,0,2.7,19,0
900614,4.4,1866.91,1400.27,0,7.2,24,0
900615,1.0,1395.23,2547.43,1,2.7,33,0
900616,63.4,1340.66,6059.77,2,14.2,28,0
900617,59.3,808.65,100.0,0,14.1,75,0
900618,18.5,1288.22,2854.54,1,7.2,48,0
900619,65.9,1261.76,2125.74,0,16.3,66,0
900620,68.4,1288.77,4293.6,0,8.5,20,0
900621,114.9,1092.59,3453.21,1,12.3,49,0
900622,26.6,846.47,7047.82,0,6.7,49,0
900623,129.2,1044.46,100.0,1,0.2,55,0
900624,30.4,1261.06,8738.55,1,1.9,74,0
900625,49.6,1499.04,3070.67,0,4.6,57,0
900626,34.7,806.1,100.0,2,0.2,74,0
900627,9.8,1153.8,6335.98,1,1.7,60,0
900628,9.2,822.05,3560.51,2,10.5,21,1
900629,7.3,1183.21,4884.96,0,7.4,79,0
900630,23.7,1361.62,1838.4,0,9.5,52,0
900631,36.1,614.73,1953.7,1,2.8,45,0
900632,31.5,1175.13,3569.32,2,23.2,53,0
900633,2.5,779.25,4237.97,1,3.8,46,1
900634,10.1,741.82,6990.23,0,0.6,44,0
900635,14.0,1482.34,8459.18,0,2.2,64,0
900636,16.6,937.14,4481.27,1,2.7,18,0
900637,62.2,1366.96,3496.94,1,12.2,34,0
900638,50.2,300.0,6854.46,3,5.9,75,1
900639,92.3,1377.67,2345.25,1,5.5,75,0
900640,55.3,1453.0,5893.14,0,2.1,30,0
900641,27.6,725.72,1297.33,0,3.0,68,0
900642,21.2,1515.0,100.0,1,7.1,62,0
900643,18.7,1111.87,580.08,1,4.4,67,0
900644,22.4,1636.65,1277.2,1,23.9,37,0
900645,20.0,1293.96,5920.15,0,11.8,28,0
900646,48.9,1027.68,3998.08,2,3.8,31,0
900647,64.0,1178.96,100.0,2,12.8,58,0
900648,56.2,401.32,5411.85,2,7.0,56,1
900649,2.6,410.99,4339.49,1,6.6,27,0
900650,156.4,1447.12,4840.42,0,2.1,42,0
900651,44.6,1040.79,2149.57,1,2.4,71,0
900652,17.3,1449.08,5462.36,1,0.1,56,0
900653,2.6,1253.74,5786.07,0,0.8,76,0
900654,52.1,618.68,384.61,0,0.9,49,0
900655,5.9,901.76,6037.4,3,2.3,61,1
900656,23.5,1140.67,4889.01,1,17.3,73,0
900657,12.8,777.01,4414.56,0,9.0,48,0
900658,9.4,909.17,3484.24,0,4.2,77,0
900659,5.9,1787.89,7039.34,4,5.2,63,0
900660,87.3,1285.48,1774.8,0,3.0,61,0
900661,11.0,1350.56,4965.47,0,4.5,38,0
900662,6.9,1449.64,5354.1,0,3.1,39,0
900663,62.5,1810.59,7343.95,1,61.8,39,0
900664,11.5,1493.74,5896.69,3,2.6,28,0
900665,24.4,1100.09,3677.91,0,0.7,20,1
900666,14.8,436.23,100.0,0,17.6,49,0
900667,1.1,1766.26,2560.56,1,21.9,54,0
900668,120.5,1180.97,5573.49,0,0.9,30,0
900669,1.0,1423.71,4472.11,0,1.1,79,0
900670,15.5,566.53,574.74,0,2.8,42,0
900671,44.4,1443.94,4701.02,0,11.3,70,0
900672,39.5,1645.16,1930.42,0,4.4,52,0
900673,6.8,1260.65,4223.01,0,4.7,36,0
900674,32.3,1159.04,6316.68,0,0.1,18,0
900675,49.7,1504.71,2720.09,1,15.2,32,0
900676,13.9,1476.15,4703.19,1,11.2,35,0
900677,24.4,1864.82,948.36,0,14.0,26,0
900678,119.7,1158.8,3023.36,2,1.0,75,0
900679,110.3,953.69,3476.2,2,30.1,60,0
900680,3.4,569.25,1473.94,1,13.6,67,0
900681,63.9,1440.2,100.0,0,24.0,22,0
900682,12.9,717.42,5350.53,0,15.3,79,0
900683,6.5,300.0,4763.97,0,2.0,23,1
900684,130.6,1826.69,100.0,1,5.7,63,0
900685,163.3,695.48,100.0,1,28.9,73,0
900686,38.7,1129.8,3639.68,0,10.8,47,0
900687,16.4,1238.61,2709.27,1,5.5,52,0
900688,11.2,916.9,5041.43,0,1.7,20,0
900689,31.8,1236.76,1136.75,3,13.3,64,0
900690,9.3,653.33,2537.75,0,5.5,20,0
900691,11.5,1283.67,5819.84,0,10.3,34,0
900692,209.1,984.29,4856.06,1,14.2,63,0
900693,36.2,1854.19,5482.32,2,9.5,55,0
900694,14.1,1033.28,4978.98,0,0.3,77,0
900695,10.7,1983.28,3749.86,1,19.7,61,0
900696,139.4,1755.72,3685.91,2,15.1,26,0
900697,34.9,898.8,2199.23,1,5.8,72,0
900698,13.5,1323.74,7406.38,1,4.6,31,0
900699,10.2,1000.35,4228.11,0,4.0,58,0
900700,6.8,911.29,3233.56,2,1.4,29,0
900701,129.8,1031.15,8424.43,0,4.8,48,0
900702,200.2,751.68,4043.49,1,20.5,66,0
900703,55.1,608.79,6377.67,0,5.4,69,0
900704,4.1,1101.25,100.0,0,22.0,30,0
900705,63.0,1653.46,101.89,2,3.8,60,0
900706,37.8,406.54,2832.98,0,1.0,76,0
900707,84.8,697.73,4039.34,1,6.9,42,0
900708,10.0,974.8,746.19,0,31.3,40,0
900709,57.4,1165.79,2670.08,0,6.0,47,0
900710,12.1,1517.56,4649.7,0,0.0,39,0
900711,1.0,300.0,1558.64,0,3.4,49,0
900712,24.5,1425.6,5724.71,0,1.2,40,0
900713,36.2,1958.48,1212.91,1,2.9,41,0
900714,51.7,823.09,3775.45,1,1.7,47,0
900715,34.0,1490.44,1836.14,0,14.1,37,0
900716,66.9,655.45,5009.34,2,11.1,75,1
900717,79.2,1119.35,5139.32,1,5.5,39,0
900718,50.2,1274.28,3671.69,1,13.9,58,0
900719,16.9,1053.95,5548.76,1,13.4,22,0
900720,44.5,1020.79,1677.68,2,23.4,38,0
900721,21.0,782.39,2223.01,0,24.9,26,0
900722,67.4,300.0,100.0,0,31.6,23,0
900723,6.4,1053.05,4213.32,0,2.4,79,0
900724,98.8,1235.01,2590.77,1,3.7,41,0
900725,1.0,1243.52,100.0,1,8.9,18,0
900726,3.5,1001.7,5936.25,1,6.5,70,0
900727,39.3,1271.8,3666.03,0,11.7,45,0
900728,13.0,1121.42,100.0,0,0.8,43,0
900729,49.1,742.1,4592.71,1,0.1,18,0
900730,53.6,1079.78,2648.4,1,1.9,42,0
900731,5.8,1022.16,1522.33,1,8.8,64,0
900732,10.9,1001.42,3767.55,0,0.4,41,0
900733,21.4,1587.06,2754.22,1,14.6,20,0
900734,9.0,1457.66,2462.07,0,1.4,20,0
900735,101.1,613.0,3204.73,0,2.4,53,0
900736,39.8,987.79,5527.05,3,30.3,28,0
900737,172.3,1562.07,3105.79,0,4.0,46,0
900738,62.2,760.83,2905.85,0,2.1,42,0
900739,11.4,1539.08,4163.36,0,0.1,51,0
900740,17.6,1103.33,6176.15,0,6.3,63,0
900741,1.0,813.51,100.0,1,3.1,33,0
900742,30.7,783.97,2798.91,0,17.8,56,0
900743,1.0,883.72,4803.14,1,15.3,29,1
900744,18.7,1514.91,7399.54,1,3.6,29,0
900745,1.0,1301.53,383.29,1,4.0,69,0
900746,1.0,1026.72,3443.63,0,24.5,54,0
900747,63.9,1282.37,4965.51,0,1.3,50,0
900748,18.3,1181.07,5465.66,1,6.8,59,0
900749,27.5,2267.41,2227.88,1,15.5,29,0
900750,3.1,944.4,2186.69,0,41.0,52,0
900751,31.6,837.8,4383.08,0,23.0,33,0
900752,50.8,973.64,2900.79,1,10.4,76,0
900753,25.4,1451.99,1062.86,0,16.7,73,0
900754,38.4,1363.26,3336.69,1,15.4,72,0
900755,10.4,1306.56,100.0,1,13.1,18,0
900756,24.3,954.2,6725.96,1,11.9,48,0
900757,77.0,964.82,10257.97,0,1.2,40,0
900758,103.3,1543.75,7717.95,0,1.3,35,0
900759,23.3,1204.67,4566.8,1,1.4,61,0
900760,5.6,1625.61,100.0,1,6.1,73,0
900761,66.0,300.0,3214.16,1,3.0,25,0
900762,48.0,1383.3,2257.96,1,1.9,21,0
900763,62.4,834.26,4205.14,0,23.2,26,0
900764,2.9,913.77,1633.38,1,15.2,73,0
900765,17.7,1365.37,4902.78,0,0.4,68,0
900766,100.5,300.0,3466.11,1,10.1,52,1
900767,94.4,950.43,4915.62,0,5.8,74,0
900768,15.9,1454.75,3168.88,2,5.7,38,0
900769,21.4,992.95,4134.89,1,22.9,74,0
900770,34.6,1816.99,3299.78,0,3.7,33,0
900771,67.3,1131.8,2536.63,1,18.0,67,0
900772,93.2,996.11,5922.97,1,2.7,74,0
900773,34.1,1765.14,1983.15,0,4.2,74,0
900774,14.1,1449.63,7478.3,0,7.9,71,0
900775,7.9,1268.61,3034.02,1,3.1,50,0
900776,28.6,1210.28,9212.91,2,5.4,50,1
900777,44.6,1114.59,1179.06,3,3.7,66,0
900778,1.0,1146.75,4679.03,0,11.6,78,0
900779,3.4,1232.2,5031.21,0,13.0,59,0
900780,29.9,1416.55,5274.33,0,6.3,58,0
900781,40.4,1633.43,2537.73,2,16.3,22,0
900782,7.3,1476.53,6057.7,0,31.2,28,0
900783,24.2,933.6,100.0,0,6.3,29,0
900784,6.1,1013.14,4140.58,2,1.8,56,0
900785,72.8,1503.55,4029.32,0,5.2,27,0
900786,67.0,1030.95,100.0,1,37.5,77,0
900787,39.8,1594.51,3605.57,1,19.4,57,0
900788,5.8,1423.85,1156.65,0,10.8,50,0
900789,98.0,1033.18,3812.55,1,24.3,71,0
900790,12.9,300.0,2235.94,1,5.0,62,0
900791,1.3,1355.15,4708.44,0,12.8,62,0
900792,115.2,804.72,100.0,0,22.0,32,0
900793,15.9,1072.11,1796.23,3,11.7,41,0
900794,33.0,314.41,4745.89,2,6.7,64,1
900795,6.7,878.92,3740.36,0,26.9,43,0
900796,175.6,1035.91,3069.69,0,9.4,18,0
900797,15.6,1243.13,1222.88,0,3.6,23,0
900798,69.8,995.24,3776.4,3,12.3,66,0
900799,15.2,1450.24,3881.1,1,25.4,19,0
900800,147.0,1059.06,2973.92,0,10.2,78,0
900801,2.8,939.6,3991.87,0,1.0,20,0
900802,73.0,1089.77,6720.47,1,0.3,42,0
900803,85.0,1425.15,3840.78,1,3.7,51,0
900804,66.0,1090.57,2522.04,1,0.5,48,0
900805,21.4,752.54,2180.44,0,17.1,32,0
900806,24.2,1068.0,745.19,1,0.7,68,0
900807,95.6,1380.83,5890.14,2,9.9,45,0
900808,2.2,483.3,2489.71,0,9.6,36,0
900809,84.9,578.33,6118.52,0,6.5,41,1
900810,38.9,1369.92,7445.01,1,3.9,63,0
900811,30.6,1708.41,1359.24,1,3.0,35,0
900812,36.2,649.59,4689.31,2,2.3,55,1
900813,38.3,1209.55,4212.88,0,25.9,42,0
900814,87.2,1243.53,6097.12,2,9.9,40,0
900815,33.9,1093.89,1296.46,1,16.4,68,0
900816,15.1,757.18,2977.05,1,74.3,29,0
900817,199.1,1674.78,568.37,1,12.9,79,0
900818,5.1,1123.2,2530.72,0,8.5,20,0
900819,31.4,1637.61,682.12,0,1.0,67,0
900820,8.3,543.59,6967.07,0,11.2,66,1
900821,6.8,1108.83,2050.74,0,3.2,21,0
900822,47.4,748.28,763.04,0,20.7,49,0
900823,6.3,928.38,4673.94,1,14.2,47,0
900824,49.3,618.42,4009.86,1,1.3,58,0
900825,19.0,1280.05,1211.92,1,5.2,41,0
900826,59.9,1756.19,5495.34,0,6.1,72,0
900827,9.6,1975.29,4867.62,1,5.1,28,0
900828,3.0,763.63,1293.37,1,0.5,56,0
900829,74.2,935.74,100.0,0,0.0,45,0
900830,82.9,1297.22,2546.6,1,6.9,63,0
900831,70.3,1352.05,2391.45,0,9.2,56,0
900832,51.2,960.44,3814.89,0,5.7,58,0
900833,24.0,1170.16,6954.23,0,38.7,72,0
900834,27.4,526.67,100.0,0,1.7,37,0
900835,13.8,528.42,5565.06,1,20.2,53,1
900836,87.0,1052.88,1503.85,1,2.8,56,0
900837,1.0,1375.72,1200.81,0,0.9,79,0
900838,56.9,1104.1,6759.45,1,12.2,64,0
900839,2.7,1601.1,2774.73,1,0.9,79,0
900840,48.1,1356.62,4690.95,0,0.1,78,0
900841,57.5,1558.06,3724.74,1,4.6,59,0
900842,16.3,1153.94,5968.41,0,20.4,71,0
900843,1.7,754.63,1339.95,0,39.1,53,0
900844,1.8,1234.79,1557.67,0,3.0,38,0
900845,11.3,927.16,5405.95,0,19.3,75,0
900846,19.6,1292.5,100.0,0,9.1,19,0
900847,2.8,729.68,100.0,0,4.9,73,0
900848,100.8,1537.53,4999.33,3,7.8,69,0
900849,39.2,1641.1,100.0,0,0.6,61,0
900850,35.7,1454.69,4556.53,0,18.0,50,0
900851,55.2,1728.08,4383.39,0,5.9,46,0
900852,53.8,1970.36,8280.06,0,1.4,50,0
900853,61.3,1664.68,4902.11,1,3.5,76,0
900854,28.2,965.93,100.0,1,0.7,18,0
900855,12.7,715.52,2765.65,0,20.1,23,0
900856,10.0,1348.0,4082.15,0,0.3,50,0
900857,25.1,1568.5,1608.45,0,4.0,63,0
900858,1.6,1455.08,430.66,0,3.4,58,0
900859,44.4,1182.32,5096.17,0,1.4,61,0
900860,7.6,1050.12,100.0,0,18.8,65,0
900861,55.0,1434.78,2608.77,0,34.9,72,0
900862,25.6,1348.68,100.0,0,2.6,21,0
900863,79.3,731.6,4629.16,0,18.5,68,0
900864,29.2,1171.68,2580.35,0,6.1,28,0
900865,12.2,986.12,5398.59,0,16.3,60,0
900866,97.9,1496.65,3546.91,0,38.4,65,0
900867,21.6,1018.44,1210.57,0,23.9,39,0
900868,4.2,913.32,3745.75,1,4.5,58,1
900869,15.8,978.93,1754.47,0,0.3,61,0
900870,66.8,1299.46,100.0,0,2.9,52,0
900871,37.3,2042.29,9333.25,0,3.2,37,0
900872,1.0,1733.45,2502.87,2,11.5,34,0
900873,44.7,926.2,5091.69,0,6.7,73,0
900874,49.4,1041.51,5414.17,1,13.5,76,0
900875,121.1,558.94,2583.24,1,30.4,78,0
900876,37.3,1551.25,100.0,0,8.3,77,0
900877,10.1,1906.56,955.22,0,35.6,70,0
900878,76.1,1153.16,4701.11,0,0.3,22,0
900879,3.4,469.72,4697.85,0,12.2,45,1
900880,9.0,2053.39,3058.37,0,5.8,66,0
900881,16.4,1565.9,4826.22,0,4.7,41,0
900882,21.2,419.69,7911.67,0,12.0,76,1
900883,50.3,394.36,2343.27,0,12.1,57,0
900884,11.4,1542.83,2464.67,0,12.3,25,0
900885,33.2,937.19,4297.28,1,12.1,49,0
900886,49.9,908.81,589.98,2,19.7,54,0
900887,48.9,729.55,3410.02,1,5.8,40,0
900888,16.7,917.46,1299.29,1,0.3,46,0
900889,42.0,1279.97,2321.27,0,9.3,79,0
900890,94.9,1522.31,2408.05,1,11.6,25,0
900891,70.8,1021.3,4354.11,1,8.8,34,0
900892,17.3,935.73,2098.02,0,9.8,68,0
900893,22.6,1326.88,6442.32,1,13.3,60,0
900894,81.4,1387.28,5765.32,2,4.4,49,0
900895,16.8,1032.65,5156.53,1,5.4,22,0
900896,16.9,1086.47,3892.79,0,9.8,24,0
900897,54.3,825.74,2678.57,2,43.4,66,0
900898,45.2,1946.74,4499.44,0,0.7,46,0
900899,35.8,716.39,5804.8,0,1.5,24,0
900900,20.6,1012.73,2651.18,0,6.0,66,0
900901,90.4,435.83,6277.81,0,12.7,52,1
900902,47.8,976.68,2799.18,2,9.5,22,0
900903,12.9,781.64,7020.09,0,9.9,51,0
900904,59.1,1226.63,3620.07,0,5.6,52,0
900905,18.0,1571.34,6916.76,0,1.4,73,0
900906,93.0,873.37,1732.72,0,8.5,55,0
900907,7.4,1627.71,299.01,2,2.3,71,0
900908,2.0,1088.2,2746.82,1,16.8,75,0
900909,71.1,647.26,3865.73,2,6.3,51,0
900910,20.5,1230.07,1315.67,2,10.6,61,0
900911,10.7,1581.94,4490.57,0,5.6,55,0
900912,11.4,1129.53,4120.62,1,1.2,59,0
900913,76.1,898.6,100.0,0,4.0,26,0
900914,11.5,1786.28,924.87,0,1.4,26,0
900915,14.6,1606.47,2495.63,0,8.9,73,0
900916,105.4,673.45,4642.94,0,20.4,34,0
900917,1.0,1690.85,1254.37,0,0.6,66,0
900918,15.4,1455.95,4962.96,0,2.1,52,0
900919,9.9,1294.5,3743.09,2,5.9,60,0
900920,1.0,1142.86,6153.17,0,21.2,22,0
900921,7.9,1097.56,6437.31,0,13.2,46,0
900922,135.9,909.62,1870.94,0,11.5,51,0
900923,64.5,1245.4,7301.63,0,12.7,19,1
900924,22.5,1437.42,5842.16,0,19.8,60,0
900925,13.5,664.17,100.0,1,3.9,68,0
900926,2.0,793.83,2361.19,0,9.4,48,0
900927,24.5,1672.91,4522.69,1,11.8,59,0
900928,83.4,822.57,7175.49,0,5.7,25,0
900929,2.9,815.2,3876.36,1,4.9,67,1
900930,40.6,893.95,4312.73,2,8.5,76,0
900931,39.8,1249.63,5222.46,1,0.2,19,0
900932,1.3,1293.45,3530.35,0,5.1,31,0
900933,26.5,1128.74,8035.06,1,5.6,24,0
900934,31.2,1719.63,5373.63,0,1.1,26,0
900935,129.0,1806.07,3262.96,0,1.8,54,0
900936,55.8,1549.12,4437.53,0,16.4,37,0
900937,3.4,1535.28,1115.11,0,14.6,62,0
900938,6.7,1459.72,100.0,1,11.4,26,0
900939,18.3,673.6,6348.74,1,20.7,35,1
900940,71.5,1301.62,8100.28,0,15.5,35,0
900941,23.5,770.25,4996.79,0,21.1,26,0
900942,63.7,526.09,3076.16,0,30.2,55,0
900943,25.9,595.45,5766.61,0,14.9,42,0
900944,59.4,736.46,7367.06,1,1.9,68,0
900945,45.3,1388.55,2015.78,0,6.9,73,0
900946,2.6,1077.01,1412.2,0,8.1,76,0
900947,26.2,1036.65,1473.53,1,1.1,52,0
900948,3.4,1276.95,2206.59,1,6.3,74,0
900949,1.9,1671.82,5351.97,0,4.9,76,0
900950,2.4,1614.02,3046.27,0,5.4,41,0
900951,15.6,1364.18,2471.95,2,12.5,42,0
900952,35.0,1097.03,4520.66,0,0.4,26,1
900953,25.4,1461.02,6667.19,1,3.9,64,0
900954,27.9,949.24,7207.03,0,0.7,76,0
900955,31.4,735.2,7836.61,1,6.9,60,1
900956,34.5,656.38,752.02,0,14.9,50,0
900957,21.0,1254.5,1729.33,1,11.5,64,0
900958,31.1,974.38,2683.64,0,25.1,45,0
900959,53.9,1375.52,2906.6,0,4.3,30,0
900960,18.7,1386.92,100.0,2,0.2,21,0
900961,115.3,959.9,100.0,0,23.9,35,0
900962,21.7,1071.58,5558.49,0,19.3,50,0
900963,36.3,1524.14,5685.87,1,8.5,22,0
900964,87.6,1810.77,6145.6,0,0.7,43,0
900965,7.5,1014.63,3116.27,1,16.6,31,0
900966,4.7,1480.37,7901.14,1,0.3,53,1
900967,44.6,1035.02,100.0,0,2.8,35,0
900968,20.0,831.42,7340.15,1,7.7,46,0
900969,209.5,883.89,1042.1,2,2.1,68,0
900970,51.0,1803.71,1796.11,0,5.1,28,0
900971,5.7,869.96,2657.06,1,16.1,54,0
900972,50.3,691.2,3397.53,0,19.8,78,0
900973,48.0,2073.98,100.0,0,3.5,24,0
900974,13.7,1536.59,5168.41,0,21.0,58,0
900975,35.8,1435.36,965.07,0,4.9,24,0
900976,24.0,1716.64,100.0,0,0.2,51,0
900977,76.8,1726.52,6632.97,2,3.1,36,0
900978,1.0,1735.24,7257.63,1,0.1,63,1
900979,23.3,1527.95,2034.34,0,4.8,47,0
900980,6.8,1177.95,3146.16,0,17.4,48,0
900981,9.2,650.21,1013.73,1,15.6,57,0
900982,27.4,1843.77,2665.68,0,10.4,39,0
900983,21.9,782.44,5092.3,0,6.2,41,0
900984,77.8,1393.23,6032.57,0,20.0,20,0
900985,1.1,1602.23,3324.03,0,5.5,73,0
900986,86.5,409.37,8222.77,1,11.9,39,1
900987,7.4,1340.81,4368.99,0,22.3,29,0
900988,11.1,1819.18,8402.4,0,23.0,63,0
900989,138.0,908.04,3767.83,1,19.0,57,0
900990,38.5,1481.13,8264.49,1,7.5,29,0
900991,17.3,1516.51,5352.85,0,19.0,65,0
900992,192.5,736.89,3840.17,1,5.8,67,0
900993,10.5,1604.39,8162.28,1,3.1,46,0
900994,22.6,1074.87,1962.38,1,3.5,75,0
900995,163.6,708.61,100.0,0,16.8,63,0
900996,140.6,1966.73,1213.72,1,9.3,56,0
900997,48.8,1212.8,3448.71,0,1.1,45,0
900998,13.1,944.18,7338.33,0,26.5,25,0
900999,89.8,1139.93,100.0,2,13.0,75,0
901000,29.6,1167.5,1157.53,1,37.6,24,0
901001,1.9,1585.4,1834.2,0,2.0,75,0
901002,68.2,1439.71,5324.47,0,11.1,33,0
901003,44.7,1475.47,2964.31,0,3.7,42,0
901004,7.6,713.42,1208.07,0,4.7,32,0
901005,1.0,1287.88,4908.5,3,8.4,30,0
901006,22.1,846.47,5563.2,1,29.9,28,0
901007,14.2,1997.29,6790.1,0,1.6,72,0
901008,17.2,1355.97,3527.04,2,5.2,54,0
901009,41.3,774.31,5392.97,0,2.9,57,0
901010,11.4,1004.89,1414.79,0,4.6,48,0
901011,155.9,1010.38,1396.37,1,15.0,43,0
901012,120.9,679.26,523.9,0,13.6,23,0
901013,9.6,685.39,3503.55,1,13.8,68,0
901014,18.3,853.98,2803.79,0,2.0,59,0
901015,110.5,1368.85,2115.37,0,24.1,68,0
901016,139.9,414.79,100.0,1,1.3,69,0
901017,2.0,1224.57,3408.56,0,8.8,29,0
901018,6.8,1724.65,2246.78,0,1.4,32,0
901019,5.7,1659.56,8032.5,0,33.9,46,0
901020,11.3,1302.99,2341.08,2,12.2,54,0
901021,63.7,1665.04,2253.51,0,12.5,30,0
901022,94.2,1600.71,2929.24,0,4.0,35,0
901023,61.5,1226.06,3839.89,3,11.4,74,0
901024,102.9,1721.29,6078.26,0,3.9,49,0
901025,1.0,1623.97,3175.94,1,3.5,56,0
901026,36.9,1056.44,100.0,1,6.6,69,0
901027,41.8,1855.01,3418.01,0,8.0,79,0
901028,3.2,1181.42,100.0,0,9.4,33,0
901029,80.3,1238.33,3434.24,0,4.6,77,0
901030,18.1,1263.09,3060.68,1,15.6,66,0
901031,82.5,654.03,6251.43,1,14.2,27,1
901032,105.4,1154.4,7323.21,0,0.1,45,0
901033,114.0,1407.09,100.0,2,6.7,77,0
901034,17.3,1960.48,100.0,0,39.8,30,0
901035,44.7,869.25,8355.97,0,24.4,44,0
901036,40.1,1144.46,5567.43,0,17.5,42,0
901037,14.7,1174.29,6332.67,1,21.2,18,1
901038,24.0,2050.04,100.0,0,1.7,77,0
901039,10.4,811.91,7272.4,1,3.0,50,0
901040,1.0,1133.53,3179.2,0,15.3,64,0
901041,106.0,1015.93,9481.07,0,2.2,33,0
901042,19.6,1059.62,803.12,0,0.7,47,0
901043,30.3,817.27,5536.14,0,5.0,37,0
901044,9.7,1113.38,4641.25,1,1.0,58,0
901045,6.4,1646.59,10738.55,1,17.3,44,1
901046,80.0,940.08,10993.2,0,0.4,41,0
901047,10.9,908.66,100.0,1,2.3,46,0
901048,126.2,1061.56,1321.77,2,0.8,27,0
901049,20.8,1894.5,100.0,0,15.3,74,0
901050,163.8,1363.32,5048.46,0,12.1,62,0
901051,48.7,1313.64,2094.88,0,1.6,44,0
901052,31.3,1421.32,4774.16,1,18.0,53,0
901053,14.9,894.46,3920.05,0,19.9,71,0
901054,131.9,2239.01,6611.08,0,11.6,75,0
901055,50.7,1412.68,3681.39,2,4.7,60,0
901056,14.0,1039.4,1135.14,1,32.2,66,0
901057,22.8,700.32,4128.66,2,2.5,22,0
901058,12.7,1616.45,8179.82,0,29.9,61,0
901059,6.6,1651.15,9299.25,0,15.7,19,0
901060,24.7,906.09,4929.8,0,9.7,67,0
901061,32.3,751.57,5362.06,3,15.8,63,0
901062,18.8,1266.38,1873.56,0,23.1,75,0
901063,74.9,1441.94,6134.26,2,14.5,73,0
901064,11.8,675.77,2419.85,1,0.5,51,0
901065,49.0,942.8,4019.77,0,23.5,73,0
901066,23.6,1553.68,4437.89,3,3.6,28,0
901067,101.7,1463.14,5580.76,1,9.5,60,0
901068,38.9,1219.2,3755.2,3,55.0,72,0
901069,114.9,1369.53,5451.37,0,1.5,34,0
901070,29.8,896.49,3986.4,1,7.0,44,0
901071,1.0,738.29,3954.09,0,6.8,52,0
901072,1.0,1401.91,5430.28,0,18.5,52,0
901073,3.1,1577.57,884.53,0,53.1,26,0
901074,4.2,655.2,3935.81,0,3.5,44,1
901075,87.8,1099.72,1785.57,1,11.1,69,0
901076,44.0,1234.33,1749.82,0,3.4,61,0
901077,26.6,1325.81,2539.23,0,32.9,73,0
901078,35.2,1142.0,1477.66,1,14.4,24,0
901079,168.7,1353.11,2269.4,0,15.5,53,0
901080,16.6,1197.05,3463.74,1,12.9,65,0
901081,16.7,1673.17,3351.41,0,4.3,64,0
901082,1.0,1466.45,2451.99,3,1.9,61,0
901083,5.8,568.14,10539.14,1,1.7,73,1
901084,11.3,1322.46,6309.71,1,5.3,37,0
901085,1.0,1564.14,3300.71,1,39.6,37,0
901086,38.6,2044.16,4177.56,0,0.9,70,0
901087,89.5,1158.01,3859.07,0,9.2,31,0
901088,20.1,1058.52,100.0,1,15.2,52,0
901089,9.2,1803.35,115.77,1,3.6,76,0
901090,37.8,300.0,7381.99,0,11.1,29,1
901091,44.2,664.86,5802.0,0,4.5,37,0
901092,27.9,871.21,4316.4,1,50.1,36,0
901093,7.0,1235.4,6775.47,0,1.2,63,0
901094,89.2,1019.22,2821.25,1,3.3,28,0
901095,10.3,1110.49,6319.94,1,0.5,21,0
901096,21.5,1160.09,3889.24,0,11.9,35,0
901097,7.8,1034.04,2786.9,1,0.9,45,0
901098,145.6,789.01,100.0,0,4.0,39,0
901099,55.6,1026.85,100.0,3,5.6,67,0
901100,16.1,831.42,3558.05,1,0.6,32,0
901101,59.6,578.98,279.46,1,7.8,41,0
901102,1.4,1024.07,3123.67,0,38.9,31,0
901103,29.7,1656.06,1477.15,1,1.6,51,0
901104,48.6,1311.95,2971.91,0,4.9,70,0
901105,34.5,1772.09,3287.32,1,14.0,58,0
901106,71.8,1174.42,6396.79,1,26.4,63,0
901107,90.5,1044.35,5151.28,1,1.7,44,0
901108,40.5,1089.1,2581.14,0,4.3,61,0
901109,5.2,1218.08,710.61,2,5.8,37,0
901110,51.5,1789.14,2944.27,1,6.3,70,0
901111,3.1,1455.86,3873.27,2,3.0,74,0
901112,8.6,1478.82,2736.23,1,4.2,25,0
901113,94.7,750.17,100.0,0,8.0,55,0
901114,177.3,1175.04,100.0,0,1.4,46,0
901115,62.7,1387.21,3634.24,0,7.4,35,0
901116,7.0,1410.66,503.32,2,9.5,76,0
901117,92.2,878.02,5633.34,0,2.8,40,0
901118,37.6,961.45,5332.56,0,8.1,24,0
901119,24.3,1198.39,2844.4,0,0.6,77,0
901120,63.8,1932.06,2998.1,1,4.5,50,0
901121,18.3,736.15,4113.96,0,9.5,32,0
901122,11.4,1185.58,6652.75,0,2.0,64,0
901123,131.2,926.67,545.55,0,11.5,34,0
901124,28.0,1631.98,3794.84,0,22.1,64,0
901125,34.1,847.93,4916.19,2,0.7,33,0
901126,15.3,667.75,2787.0,0,15.1,67,0
901127,93.2,1878.06,8470.81,0,4.4,70,0
901128,18.6,1265.18,4229.24,2,3.6,30,0
901129,30.3,1228.75,6558.42,2,23.4,32,0
901130,53.9,1514.48,4122.96,0,6.9,73,0
901131,3.3,1271.14,1658.99,1,11.2,45,0
901132,45.8,1000.65,6450.28,1,14.7,79,0
901133,223.8,1256.96,100.0,1,3.6,31,0
901134,42.0,656.78,807.29,1,8.1,24,0
901135,65.0,1185.71,2923.3,2,3.4,68,0
901136,42.6,1052.54,2128.43,3,11.1,42,0
901137,53.0,1320.64,476.67,1,42.4,79,0
901138,8.7,1220.13,5457.63,0,15.7,42,0
901139,39.7,1067.07,5192.19,1,17.2,50,0
901140,10.0,1693.34,100.0,1,18.9,28,0
901141,30.6,828.42,1420.84,0,11.3,74,0
901142,91.2,1702.82,3435.68,0,18.5,31,0
901143,180.3,1612.79,621.38,0,25.4,76,0
901144,5.1,2023.13,100.0,0,6.1,40,0
901145,15.0,1468.25,100.0,2,22.9,64,0
901146,3.9,1262.0,3872.1,0,0.8,50,0
901147,61.0,720.67,1123.36,2,2.7,67,0
901148,2.5,961.18,965.77,1,10.3,19,0
901149,100.8,1665.91,824.04,1,9.4,46,0
901150,58.5,965.43,100.0,0,6.2,62,0
901151,48.0,512.1,3277.87,1,14.6,20,0
901152,41.4,1452.08,4219.91,0,16.4,68,0
901153,81.6,1429.51,3488.28,0,6.6,36,0
901154,15.3,1471.53,3605.84,1,10.8,28,0
901155,27.3,674.4,5140.55,2,4.4,23,1
901156,6.6,1408.05,4484.41,0,4.9,63,0
901157,51.4,564.83,1750.4,0,17.5,71,0
901158,11.9,1668.58,3778.71,1,1.7,57,0
901159,20.1,1556.78,1139.48,2,4.6,45,0
901160,68.0,754.67,7790.33,0,1.1,32,0
901161,1.4,727.75,4398.29,0,30.7,48,0
901162,55.9,1251.88,2055.17,0,13.0,57,0
901163,17.7,1481.75,4365.42,0,18.7,40,0
901164,144.3,1603.22,6260.43,2,8.4,61,0
901165,4.8,742.61,4586.66,2,10.7,70,0
901166,141.2,1711.9,4585.77,0,1.6,43,0
901167,64.2,857.06,100.0,0,6.1,51,0
901168,19.0,987.15,3335.54,2,5.5,33,0
901169,4.3,826.99,5447.06,1,33.6,32,0
901170,8.4,1575.42,6138.58,2,4.6,45,0
901171,13.2,1172.58,4567.6,0,6.5,51,0
901172,19.3,1243.59,4609.19,0,1.4,53,0
901173,136.8,1246.46,2505.62,2,22.7,20,0
901174,20.6,1428.98,3814.6,0,8.0,58,0
901175,10.2,826.25,100.0,1,20.7,77,0
901176,65.8,614.81,4421.76,1,1.0,67,0
901177,156.2,782.5,100.0,1,17.8,78,0
901178,56.9,993.24,5928.33,0,12.4,62,0
901179,8.0,1759.09,2243.6,1,0.7,37,0
901180,8.9,1151.01,100.0,0,29.9,77,0
901181,35.5,1192.87,3997.52,1,3.2,64,0
901182,216.0,1888.6,1682.19,0,18.3,61,0
901183,70.8,1117.15,1519.0,1,24.9,28,0
901184,17.3,745.33,100.0,1,13.6,69,0
901185,19.2,1030.41,100.0,1,0.6,50,0
901186,18.5,1479.63,3366.5,1,5.1,20,0
901187,60.6,812.7,3165.99,0,3.4,48,0
901188,49.2,924.6,1104.37,0,2.3,25,0
901189,43.3,1493.19,3692.52,1,12.7,46,0
901190,40.4,1027.98,7116.3,1,18.5,42,0
901191,133.6,1787.51,3852.86,0,1.7,33,0
901192,34.2,1558.44,6753.54,0,2.1,56,0
901193,22.9,1143.07,863.98,1,2.0,37,0
901194,2.3,795.92,2465.2,0,2.0,28,0
901195,19.5,1383.89,5664.3,1,3.9,59,0
901196,5.5,1207.75,3225.37,1,1.4,69,0
901197,3.6,1498.15,2900.22,0,20.3,79,0
901198,5.2,1265.57,3318.37,1,0.8,52,0
901199,17.3,1257.43,8168.18,0,1.5,57,0
901200,14.2,901.79,4262.42,1,5.5,54,0
901201,86.1,1608.53,6353.35,0,10.7,68,0
901202,218.7,945.06,100.0,0,16.7,52,0
901203,33.3,1631.11,2426.8,1,1.0,54,0
901204,67.3,1432.56,3817.55,0,0.9,61,0
901205,113.2,1406.24,1457.44,1,0.3,41,0
901206,39.2,1131.32,5327.99,1,13.1,72,0
901207,13.5,1514.53,1172.04,0,10.6,25,0
901208,6.8,676.22,4840.56,0,12.6,45,0
901209,14.9,604.21,6049.32,1,24.0,34,0
901210,50.7,1461.88,4054.21,0,4.8,44,0
901211,43.7,775.1,6271.17,0,31.2,47,1
901212,103.6,1448.25,1802.36,1,7.9,23,0
901213,79.7,845.35,6076.57,1,12.9,62,0
901214,1.3,1225.42,9268.36,2,5.1,68,0
901215,1.0,980.56,4282.57,0,8.3,55,0
901216,46.5,1282.62,5279.65,0,2.2,73,0
901217,38.0,1785.66,1396.54,0,16.2,32,0
901218,23.1,884.08,5777.03,1,9.0,66,0
901219,38.2,2143.56,3331.44,0,7.0,62,0
901220,63.4,887.73,4845.74,0,32.9,33,0
901221,31.5,1399.12,920.89,2,10.2,23,0
901222,33.6,706.58,2224.37,0,1.3,51,0
901223,6.8,911.2,528.95,1,24.4,75,0
901224,2.9,1010.77,100.0,0,5.1,22,0
901225,26.4,1260.05,6505.58,0,1.0,67,0
901226,44.6,1542.08,1175.45,0,2.5,41,0
901227,51.3,1313.88,7028.17,2,1.4,76,0
901228,23.5,1472.94,3644.21,1,16.1,66,0
901229,55.7,1017.58,2203.87,0,9.1,38,0
901230,13.9,1184.51,8198.56,0,7.4,34,0
901231,130.7,1331.85,100.0,0,26.6,42,0
901232,132.1,898.38,2196.5,4,22.7,49,0
901233,8.7,729.87,1568.56,0,2.1,62,0
901234,47.7,889.75,3934.6,1,4.8,73,0
901235,5.1,930.02,7021.71,0,2.5,35,1
901236,134.0,890.01,100.0,0,0.1,41,0
901237,4.1,1126.69,1716.87,0,7.2,42,0
901238,39.7,1094.91,1195.58,0,6.1,37,0
901239,6.0,1119.75,2580.75,0,8.0,60,0
901240,42.6,1002.94,871.52,0,5.8,47,0
901241,11.8,1053.24,4187.9,0,13.6,21,0
901242,1.7,854.94,100.0,1,0.1,50,0
901243,88.3,1222.38,3124.18,0,3.3,78,0
901244,21.6,1555.55,2686.59,1,13.6,49,0
901245,1.5,841.06,4753.84,1,16.1,70,0
901246,41.8,793.18,5859.62,0,2.6,56,0
901247,56.8,1256.91,1621.97,1,8.4,61,0
901248,64.4,1692.3,100.0,0,7.3,73,0
901249,36.5,300.0,6092.24,0,1.9,76,1
901250,34.1,391.95,3215.98,2,2.1,25,0
901251,13.4,1313.83,100.0,0,2.0,53,0
901252,11.4,1398.86,4302.59,0,10.1,37,0
901253,22.8,1207.73,893.74,1,4.0,35,0
901254,45.9,1630.86,3073.77,1,19.9,21,0
901255,115.7,1850.29,1860.65,1,9.6,72,0
901256,13.6,1351.32,5753.11,0,1.9,19,0
901257,20.3,1102.13,3469.94,1,2.4,64,0
901258,1.2,805.13,2685.98,2,17.6,57,0
901259,7.4,1395.83,100.0,0,9.4,20,0
901260,145.3,1183.7,1380.19,1,1.5,37,0
901261,54.2,1514.79,3278.45,0,55.3,42,0
901262,7.9,901.95,4662.25,1,15.1,43,0
901263,39.9,567.56,5068.01,1,11.0,61,0
901264,21.5,1087.34,3294.33,1,11.2,48,0
901265,7.2,1201.04,8911.63,2,1.2,22,0
901266,44.7,1222.49,100.0,0,8.5,66,0
901267,2.3,440.46,7113.92,0,5.2,68,1
901268,1.8,854.99,6447.64,0,15.2,72,0
901269,13.5,1240.52,3067.77,0,4.0,27,0
901270,20.8,1270.97,6408.7,2,6.6,62,0
901271,74.2,1255.81,4673.45,2,4.3,72,0
901272,56.7,956.78,2887.04,0,6.3,76,0
901273,85.7,1145.4,1654.38,0,10.7,68,0
901274,60.4,1503.98,2933.57,0,38.1,64,0
901275,163.2,1315.24,100.0,0,0.3,43,0
901276,126.9,1284.22,3517.82,1,14.7,40,0
901277,73.4,1269.33,6017.98,1,17.0,57,0
901278,38.6,1350.31,1307.4,0,8.7,73,0
901279,41.9,568.16,5365.29,1,1.6,74,0
901280,14.9,1681.36,4800.03,1,4.4,60,0
901281,65.6,1279.96,5250.1,0,8.1,49,0
901282,8.2,1072.52,4720.29,0,0.2,33,0
901283,92.6,601.16,361.22,0,0.9,48,0
901284,12.7,1103.55,1445.64,0,8.3,76,0
901285,31.0,993.57,6195.34,0,19.4,44,0
901286,95.1,300.0,3374.33,0,5.1,39,0
901287,29.5,2166.76,4413.19,3,4.7,41,0
901288,25.9,678.89,7492.93,1,43.8,53,0
901289,60.3,1615.51,308.38,0,28.0,52,0
901290,30.8,944.34,1428.77,1,1.8,40,0
901291,23.2,968.43,3478.05,0,0.4,35,0
901292,49.9,1343.79,100.0,0,1.1,70,0
901293,23.4,1039.21,1521.74,0,5.8,48,0
901294,4.8,1479.7,4776.16,2,15.8,61,0
901295,17.4,1053.99,100.0,0,8.4,32,0
901296,33.9,965.81,2865.68,1,13.5,39,0
901297,7.1,1503.84,8580.78,0,5.7,31,0
901298,94.2,1384.67,3427.6,1,7.2,55,0
901299,14.8,588.54,3737.81,0,15.0,31,0
901300,22.9,623.94,3698.0,1,4.6,33,0
901301,69.8,1031.21,3000.01,0,6.1,29,0
901302,47.2,1254.92,3940.45,3,9.8,38,0
901303,1.2,1425.4,2780.61,0,15.5,67,0
901304,6.9,1829.89,971.26,2,49.2,65,0
901305,34.9,994.32,3132.71,0,6.0,60,0
901306,5.1,606.31,2882.83,0,0.9,62,1
901307,4.9,1256.04,3428.84,2,13.3,78,0
901308,9.6,501.58,4067.5,0,18.0,19,0
901309,5.7,738.64,7659.22,1,62.0,23,1
901310,24.1,1283.28,2278.3,1,4.8,18,0
901311,30.6,1100.32,3449.46,1,10.8,78,0
901312,29.2,1161.57,2025.08,2,0.6,69,0
901313,5.3,1829.16,2135.8,2,3.2,76,0
901314,1.0,1578.13,2142.98,0,2.0,24,0
901315,40.5,790.33,7562.28,0,31.1,43,0
901316,1.7,1347.05,2364.21,1,22.5,68,0
901317,20.3,942.76,3936.47,1,6.7,75,0
901318,14.7,1078.02,2107.61,1,19.5,45,0
901319,16.9,1216.22,3244.98,1,0.3,69,0
901320,12.8,1699.49,7232.26,1,4.2,31,0
901321,12.7,423.03,7087.32,2,1.7,18,1
901322,16.2,872.92,2237.85,2,32.9,20,0
901323,2.1,560.04,7637.39,0,30.2,48,1
901324,22.3,1074.88,5810.84,0,16.6,23,1
901325,31.4,1002.64,1757.95,0,9.5,58,0
901326,21.4,714.42,594.86,0,6.8,34,0
901327,52.3,1259.5,6540.77,0,1.0,61,0
901328,73.8,1098.6,935.61,2,0.0,45,0
901329,3.4,1497.21,7511.65,1,13.0,57,0
901330,20.5,1633.92,4961.36,0,11.4,74,0
901331,57.1,1548.49,2451.23,0,3.3,21,0
901332,51.8,867.99,5385.06,0,6.0,20,0
901333,105.8,855.48,4656.96,1,7.5,27,0
901334,17.4,1477.83,6633.44,2,24.6,19,0
901335,75.8,796.82,3630.18,2,13.0,77,0
901336,17.1,958.42,6957.1,1,8.4,48,0
901337,23.0,423.94,100.0,0,5.1,72,0
901338,84.4,1407.28,1615.35,0,0.3,61,0
901339,25.2,897.1,6730.23,1,11.7,18,0
901340,28.8,1118.43,3744.14,2,2.7,41,0
901341,2.4,1113.2,2838.72,1,10.5,31,0
901342,42.9,1143.75,5330.27,0,4.0,31,0
901343,3.8,904.29,4208.7,0,27.5,55,0
901344,7.9,802.36,5181.06,0,4.9,48,0
901345,28.1,1177.74,4382.25,0,5.0,55,1
901346,28.3,1189.7,6177.75,1,4.0,77,0
901347,25.3,1192.85,4215.24,2,8.7,43,0
901348,37.3,657.19,4398.03,1,10.0,40,0
901349,60.3,1793.01,941.3,0,2.7,74,0
901350,14.0,883.26,4814.65,1,5.2,52,0
901351,47.2,1322.24,1562.24,1,0.2,47,0
901352,3.6,1534.47,100.0,0,3.5,65,0
901353,46.1,995.6,7473.69,0,14.0,42,0
901354,40.0,1019.68,1613.56,1,18.1,56,0
901355,12.7,1388.52,5574.91,1,7.6,78,0
901356,19.4,1317.0,4052.87,1,7.8,58,0
901357,28.6,1124.24,3430.47,0,6.6,77,0
901358,42.4,902.69,1563.77,0,15.0,41,0
901359,63.7,623.11,1890.15,1,1.1,52,0
901360,8.9,788.78,100.0,0,9.0,34,0
901361,58.1,929.87,100.0,1,38.3,71,0
901362,24.5,583.38,4419.3,0,26.2,53,0
901363,31.3,1036.6,1804.59,0,4.3,55,0
901364,31.4,1251.22,100.0,0,1.9,59,0
901365,6.8,1211.2,100.0,1,9.7,47,0
901366,11.9,1347.13,4765.71,0,27.1,33,0
901367,79.4,435.11,765.76,1,7.6,19,0
901368,12.3,1639.96,707.78,0,10.3,40,0
901369,22.2,1024.06,1854.02,0,8.6,42,0
901370,57.9,837.91,100.0,0,3.7,37,0
901371,1.3,1266.23,100.0,0,10.4,26,0
901372,68.1,744.53,162.09,0,1.5,49,0
901373,111.7,974.04,100.0,0,2.9,74,0
901374,25.3,1645.58,100.0,2,22.6,58,0
901375,13.4,844.59,1195.22,0,1.9,62,0
901376,17.7,2147.15,4605.26,0,0.3,70,0
901377,104.2,1340.38,915.99,0,10.4,21,0
901378,1.0,1720.92,1670.87,0,6.9,61,0
901379,31.8,1030.85,100.0,0,3.8,64,0
901380,58.0,1181.39,5430.23,1,12.3,30,0
901381,91.6,1236.81,3190.81,0,20.0,26,0
901382,156.1,1633.66,4667.77,1,7.6,18,0
901383,117.4,1221.19,2522.88,0,0.6,34,0
901384,52.2,1185.25,4596.19,0,1.9,43,0
901385,1.8,1429.54,2522.75,1,12.6,66,0
901386,19.2,1563.12,6089.76,0,6.2,41,0
901387,7.5,1581.49,1793.2,1,11.1,63,0
901388,2.3,1793.13,7199.69,0,1.0,25,1
901389,10.4,1166.97,7350.63,0,1.6,68,0
901390,29.5,947.21,6063.98,0,1.2,45,0
901391,133.1,1901.75,100.0,0,0.1,37,0
901392,42.8,1527.02,2728.92,0,14.7,59,0
901393,49.9,1918.29,6224.37,0,3.6,61,0
901394,47.5,1312.25,3010.33,0,12.5,63,0
901395,19.4,1114.76,2161.81,1,4.8,64,0
901396,23.6,877.59,2244.0,0,3.1,54,0
901397,66.6,1030.88,4112.26,0,1.0,27,0
901398,20.7,966.14,4784.38,0,12.9,71,0
901399,78.0,1428.65,3502.71,0,0.3,49,0
901400,5.1,1163.4,100.0,1,8.7,37,0
901401,7.1,1415.08,7617.66,1,9.0,48,0
901402,28.1,454.89,2060.25,0,5.8,52,0
901403,27.9,1274.29,2231.8,0,39.4,53,0
901404,6.9,1786.85,1723.13,2,4.5,43,0
901405,2.7,1121.31,8276.14,0,57.9,77,0
901406,125.8,630.53,1858.79,0,1.8,31,0
901407,21.5,1668.16,9695.45,1,20.6,30,0
901408,5.7,1230.83,625.55,0,24.8,37,0
901409,41.3,1413.41,6061.66,0,0.1,72,0
901410,63.0,959.61,100.0,0,1.9,27,0
901411,9.4,1795.48,100.0,1,7.2,43,0
901412,44.5,1002.68,1786.12,0,2.6,25,0
901413,1.0,1811.36,3191.83,1,7.2,45,0
901414,54.7,992.78,6939.27,2,2.2,60,0
901415,7.7,1214.41,3304.35,1,22.1,79,0
901416,61.1,1453.16,6420.08,1,20.5,73,0
901417,31.8,1980.76,1830.64,0,0.2,59,0
901418,61.2,563.43,590.63,0,1.0,52,0
901419,50.0,532.39,2651.08,0,3.1,34,0
901420,75.1,1863.26,2877.33,1,1.5,47,0
901421,56.6,1004.97,2252.61,1,14.6,70,0
901422,34.6,722.18,6943.45,0,16.9,26,0
901423,39.3,1313.14,853.01,0,4.6,58,0
901424,91.6,870.7,5570.75,2,2.4,51,0
901425,15.5,862.92,6088.79,0,1.0,73,0
901426,1.0,1517.38,4153.2,2,16.2,66,0
901427,84.4,2307.18,2078.59,1,1.6,24,0
901428,19.7,1455.01,5372.95,2,2.8,29,0
901429,238.1,1399.03,349.77,0,13.5,77,0
901430,112.0,1172.11,7041.74,0,9.7,67,0
901431,54.2,1571.4,7513.36,0,11.6,62,1
901432,97.1,300.0,1362.66,0,16.9,49,0
901433,1.0,1022.17,6188.79,1,0.6,41,1
901434,55.0,797.2,4427.34,0,1.9,29,1
901435,16.2,1907.99,4097.04,0,0.2,21,0
901436,2.9,1329.43,8406.48,2,13.7,30,0
901437,15.5,616.34,5652.16,1,19.9,57,1
901438,9.4,983.36,2914.14,1,2.8,59,0
901439,18.0,1333.51,1917.79,1,3.3,39,0
901440,25.1,1496.43,2777.72,1,1.2,34,0
901441,57.3,701.86,701.67,0,4.6,65,0
901442,33.7,955.68,5387.63,0,1.0,71,0
901443,63.4,643.97,1677.32,0,8.7,64,0
901444,54.5,1117.5,1644.22,2,7.2,70,0
901445,45.3,1564.09,2144.1,0,0.7,30,0
901446,26.6,300.0,4614.68,2,3.6,31,1
901447,90.9,873.88,100.0,1,3.5,51,0
901448,20.7,859.39,7569.63,0,3.9,27,0
901449,18.7,1805.5,8883.97,0,18.0,54,0
901450,14.8,588.77,2643.96,0,34.0,29,0
901451,14.2,1483.01,100.0,0,6.4,19,0
901452,31.5,1808.69,6490.11,1,0.9,25,0
901453,6.7,1446.64,3198.92,0,5.7,57,0
901454,196.7,1068.88,4411.56,0,3.5,62,0
901455,31.0,1602.4,1302.19,0,3.3,63,0
901456,6.7,938.45,100.0,0,19.5,36,0
901457,47.1,1535.97,2776.51,0,0.2,73,0
901458,71.2,1934.63,4659.21,1,2.1,55,0
901459,21.2,1593.79,6466.35,0,1.5,20,0
901460,17.0,1967.15,5100.22,2,3.5,46,0
901461,33.8,392.6,657.87,1,1.9,19,0
901462,95.9,949.84,3729.85,0,17.1,57,0
901463,47.2,1452.65,4785.38,0,1.2,50,0
901464,125.0,1055.66,376.54,0,3.4,49,0
901465,14.6,1768.45,1795.93,0,14.1,71,0
901466,6.8,2172.23,2789.5,1,1.2,42,0
901467,9.3,1461.64,2961.66,1,3.8,79,0
901468,30.8,943.71,4294.84,1,13.7,43,0
901469,111.7,1797.57,2636.39,0,50.9,29,0
901470,1.0,1667.59,4468.65,1,8.2,75,0
901471,1.9,1153.87,4632.99,1,5.8,59,0
901472,15.9,1096.57,8510.2,2,11.0,52,0
901473,28.8,1803.76,3981.54,0,20.0,63,0
901474,17.8,1760.91,6431.14,3,5.2,72,0
901475,129.0,318.93,3389.67,0,7.6,49,1
901476,52.1,766.75,5072.65,1,3.4,23,0
901477,2.6,1736.6,6178.89,1,3.9,62,0
901478,39.0,654.91,1070.72,0,3.4,55,0
901479,51.1,1262.0,100.0,1,34.0,76,0
901480,5.7,1725.37,100.0,0,9.7,46,0
901481,9.4,1150.38,7107.83,1,1.8,62,0
901482,16.1,1492.73,5117.34,0,5.2,46,0
901483,11.8,1200.75,306.38,0,4.2,24,0
901484,1.2,998.67,5530.79,1,12.7,25,0
901485,103.7,1062.11,100.0,1,9.7,74,0
901486,11.2,1613.78,5681.61,1,27.2,39,0
901487,51.7,1298.74,100.0,0,0.7,43,0
901488,2.0,1114.8,100.0,0,0.2,58,0
901489,9.8,1938.18,3131.73,1,18.3,60,0
901490,30.2,951.75,6684.27,0,7.1,68,0
901491,14.3,1100.09,4148.82,1,14.2,30,0
901492,57.0,1279.39,4942.36,2,3.3,68,0
901493,4.3,1226.24,1423.71,0,6.3,26,0
901494,130.6,1191.48,5519.17,1,14.2,20,0
901495,16.1,300.0,3268.51,0,21.2,33,0
901496,12.1,1473.73,100.0,0,3.5,28,0
901497,161.7,1348.24,4879.93,2,18.1,23,0
901498,108.9,660.71,100.0,0,21.3,75,0
901499,12.4,1185.04,2493.96,1,3.2,21,0
901500,5.7,1006.16,4830.81,0,0.3,30,0
901501,35.0,807.3,3076.47,0,0.2,22,0
901502,1.4,1734.33,3535.09,0,18.9,54,0
901503,14.0,2176.33,6652.02,0,12.1,64,0
901504,140.0,1135.91,3034.25,1,1.0,24,0
901505,38.3,998.1,3178.56,1,0.7,31,0
901506,39.4,1240.46,1601.22,0,28.7,75,0
901507,66.1,665.43,4486.62,2,0.5,23,0
901508,44.9,1801.52,5967.89,1,21.4,26,0
901509,26.0,1029.1,3642.23,1,1.5,32,0
901510,144.4,1528.49,6342.87,1,11.5,56,0
901511,34.3,1413.89,9007.8,0,10.5,41,0
901512,32.5,1292.34,401.19,0,17.1,71,0
901513,58.9,1392.07,2586.81,1,13.7,33,0
901514,25.1,1183.8,1634.1,2,8.9,30,0
901515,142.2,1415.23,100.0,1,10.8,48,0
901516,49.0,1434.95,7883.2,0,3.7,49,0
901517,1.0,784.7,8689.57,0,14.5,52,0
901518,200.3,1042.91,3367.38,1,1.1,76,1
901519,6.4,782.72,100.0,1,3.3,47,0
901520,48.8,738.61,2618.07,2,0.6,66,0
901521,53.0,917.31,100.0,0,6.6,53,0
901522,3.3,875.8,3963.26,1,32.6,72,0
901523,75.1,1192.17,7329.8,1,6.2,35,0
901524,12.3,1245.14,2255.41,1,0.1,56,0
901525,65.5,1701.77,7445.55,1,5.9,59,0
901526,7.6,1479.11,2178.66,0,2.6,74,0
901527,28.3,1635.89,6189.22,0,13.4,77,0
901528,25.7,684.08,208.1,0,4.8,33,0
901529,14.2,1334.55,684.6,0,0.8,75,0
901530,87.0,1619.56,247.05,1,1.9,50,0
901531,116.2,1591.5,3037.92,0,1.0,47,0
901532,2.1,862.72,4918.3,3,23.6,45,0
901533,13.1,1364.29,1580.51,0,21.3,74,0
901534,11.9,300.0,3428.42,2,2.4,19,0
901535,1.2,556.81,2634.65,1,11.6,36,0
901536,14.1,583.73,4068.06,2,28.1,45,1
901537,26.3,1190.68,3518.43,0,5.9,23,0
901538,9.5,891.14,6719.99,0,6.7,69,0
901539,37.4,1820.96,4006.66,0,15.0,63,0
901540,101.2,1253.07,6268.92,0,0.6,21,0
901541,28.0,1149.74,4279.65,1,20.9,22,0
901542,2.0,1012.64,5994.24,0,0.9,58,1
901543,91.0,1002.61,7157.13,1,1.0,75,1
901544,71.7,300.0,674.67,1,2.3,30,0
901545,16.9,1412.81,4499.04,0,13.1,48,0
901546,79.5,1764.67,11122.19,0,8.7,48,0
901547,11.6,1159.33,416.78,1,6.5,25,0
901548,74.6,1053.81,3367.0,0,3.2,47,0
901549,20.2,1340.93,6825.33,1,8.0,63,0
901550,47.8,546.39,2927.28,0,15.4,54,0
901551,80.6,1891.95,3180.41,1,23.9,60,0
901552,37.0,460.18,2706.04,0,0.1,47,0
901553,20.5,1022.34,3490.87,0,5.7,73,0
901554,10.2,979.99,2694.04,0,6.0,42,0
901555,2.1,1118.02,4827.66,0,3.0,32,1
901556,53.0,1114.01,9934.44,1,1.6,62,0
901557,24.1,1520.41,6339.06,0,8.3,69,0
901558,53.8,1008.55,3822.75,1,3.9,58,0
901559,8.3,2049.43,2257.37,0,24.4,32,0
901560,64.9,1314.04,4336.01,0,39.1,67,0
901561,29.7,1145.28,3372.96,0,2.4,32,0
901562,97.9,1444.68,100.0,0,1.2,20,0
901563,27.8,971.23,7910.63,1,2.4,59,0
901564,15.3,832.62,6898.37,0,10.3,61,0
901565,74.2,1505.3,3434.95,2,3.0,67,0
901566,13.0,984.1,2997.04,0,10.9,36,0
901567,25.1,653.2,598.24,0,3.5,21,0
901568,31.0,753.29,3296.81,1,23.3,50,0
901569,75.6,787.3,2301.8,1,1.0,64,0
901570,25.7,1251.31,1848.95,0,2.7,65,0
901571,86.7,1594.32,3469.72,0,13.7,23,0
901572,1.0,1198.83,5308.5,0,0.3,75,1
901573,70.5,1153.87,1684.39,0,3.4,31,0
901574,9.6,923.02,912.15,0,8.5,69,0
901575,1.0,534.8,5119.85,1,13.6,66,1
901576,64.5,858.41,2074.61,0,0.9,79,0
901577,29.8,482.7,3554.23,0,0.8,42,0
901578,40.3,1298.24,5478.49,0,15.6,47,0
901579,14.5,1549.43,980.21,0,8.5,72,0
901580,240.0,1381.74,8423.15,0,8.7,52,0
901581,31.9,426.32,3771.34,2,1.5,72,0
901582,19.1,1129.47,100.0,0,4.4,52,0
901583,27.3,1445.01,5749.07,2,8.1,29,0
901584,23.0,1051.07,4145.85,1,5.6,73,0
901585,42.4,1084.51,2014.62,1,1.8,65,0
901586,31.8,1869.75,5202.68,0,7.3,72,0
901587,87.5,1711.7,4128.62,1,10.2,53,0
901588,106.3,911.21,4994.6,1,8.3,70,0
901589,111.0,1551.22,7510.61,1,3.7,66,0
901590,3.7,706.48,6071.69,0,12.6,63,1
901591,2.0,1379.79,7524.31,0,12.2,30,0
901592,5.7,1592.27,374.22,2,6.9,53,0
901593,95.6,738.72,1400.52,2,4.4,66,0
901594,11.8,1081.94,919.46,0,0.6,36,0
901595,136.3,635.81,3825.75,1,0.4,67,0
901596,12.8,1367.29,1656.38,1,1.0,79,0
901597,3.3,1876.62,3694.99,0,9.1,76,0
901598,113.2,300.0,6854.13,1,7.9,74,1
901599,10.7,921.87,4080.22,1,1.0,19,0
901600,9.6,1979.04,9114.79,0,29.4,44,0
901601,14.8,885.01,2361.52,1,33.0,76,0
901602,1.0,1111.2,5300.53,1,6.4,67,0
901603,11.9,1426.26,6089.82,0,22.6,71,0
901604,48.6,910.43,1935.61,1,0.3,45,0
901605,27.3,1262.28,5318.23,1,2.7,30,0
901606,5.6,1322.65,4076.14,1,8.4,66,0
901607,29.8,927.24,892.99,0,1.7,50,0
901608,15.1,1261.81,2273.53,0,0.6,26,0
901609,22.5,845.71,4999.46,0,8.4,79,0
901610,45.4,892.95,5584.66,0,16.1,67,0
901611,19.3,958.23,100.0,1,14.3,19,0
901612,14.0,734.17,3358.57,1,5.5,64,0
901613,43.0,989.75,1004.52,0,9.0,48,0
901614,4.0,1562.33,5492.72,0,1.5,38,0
901615,38.1,1195.01,3775.48,2,21.5,19,0
901616,87.2,1602.62,904.87,0,5.1,49,0
901617,90.4,884.26,5925.42,0,7.4,78,0
901618,3.7,1181.72,3315.51,1,9.3,76,0
901619,1.6,745.99,5035.23,0,67.6,69,1
901620,67.1,1094.64,4517.13,0,11.5,29,0
901621,129.0,977.6,100.0,0,13.9,21,0
901622,7.8,1580.57,1861.2,2,12.4,73,0
901623,24.6,751.85,4901.66,0,4.1,33,0
901624,5.6,1268.86,7225.97,2,0.4,34,1
901625,40.0,914.04,3387.59,1,2.3,49,0
901626,73.7,1373.82,3598.87,0,8.3,47,0
901627,14.0,1585.36,3664.63,0,14.5,36,0
901628,18.6,707.4,2449.51,0,0.7,73,0
901629,10.6,1663.16,3487.14,1,0.2,37,0
901630,33.4,986.08,5611.64,0,7.8,52,0
901631,16.5,396.57,5456.33,0,2.6,39,1
901632,63.2,1507.16,3639.36,0,20.6,35,0
901633,17.5,1199.57,1449.06,1,11.3,73,0
901634,27.4,1471.77,3704.74,0,36.8,68,0
901635,6.3,1440.25,4034.26,1,0.5,42,0
901636,25.6,1066.0,1765.57,0,33.0,37,0
901637,65.9,1554.54,231.02,1,20.9,54,0
901638,23.6,702.13,1804.63,1,6.9,54,0
901639,2.3,1315.46,4473.14,0,0.0,21,0
901640,23.5,836.32,3879.4,3,30.1,44,0
901641,12.6,1383.73,4202.61,1,2.3,36,0
901642,42.9,691.94,5063.2,0,6.9,78,0
901643,3.0,1582.01,2961.0,1,1.2,76,0
901644,25.0,858.62,4418.59,1,19.3,49,0
901645,5.8,555.13,5864.17,0,8.7,53,1
901646,16.3,1454.17,5244.86,1,0.1,73,0
901647,91.8,1270.38,3800.64,1,41.4,79,0
901648,1.1,498.35,3097.24,1,3.9,32,1
901649,10.6,1128.46,3466.97,0,8.6,30,0
901650,1.0,1150.61,4841.23,0,16.9,25,0
901651,30.9,1397.02,5064.41,0,0.7,45,0
901652,19.0,799.83,4387.48,0,17.2,28,0
901653,63.8,1336.2,6126.18,2,4.3,64,0
901654,75.1,538.07,3048.67,2,10.7,52,0
901655,89.5,1315.77,4154.89,2,17.4,48,0
901656,20.0,1448.53,100.0,0,3.4,54,0
901657,1.5,1293.09,3317.64,0,17.3,79,0
901658,27.5,1072.62,3525.03,0,6.5,40,0
901659,10.8,704.48,3619.0,0,5.1,50,0
901660,25.1,1363.82,9188.33,1,3.7,24,0
901661,79.7,1195.25,5650.88,2,13.0,59,0
901662,34.9,1353.91,4395.51,1,16.6,51,0
901663,20.2,1942.52,100.0,1,24.3,66,0
901664,79.3,613.83,3241.67,0,0.6,21,0
901665,8.7,1649.28,5838.13,2,2.8,28,0
901666,65.7,1736.36,211.14,2,15.6,35,0
901667,20.9,726.77,4874.22,1,5.6,54,0
901668,1.0,808.08,2397.77,0,15.0,69,0
901669,59.4,1459.45,696.52,0,2.2,41,0
901670,11.2,1135.95,4653.42,1,1.7,71,0
901671,15.9,1453.7,5939.16,1,1.4,35,0
901672,31.7,1733.56,1095.81,1,13.9,63,0
901673,40.4,827.32,4131.42,1,4.0,60,0
901674,4.1,1351.78,2961.68,2,3.2,65,0
901675,109.6,300.0,4627.13,1,10.6,76,1
901676,31.5,1320.12,1972.13,0,1.3,56,0
901677,70.8,1398.81,506.84,1,3.1,25,0
901678,2.5,1798.94,5844.55,1,7.7,70,0
901679,10.3,300.0,3588.08,0,16.0,43,0
901680,21.5,999.68,3166.09,1,2.7,52,0
901681,7.5,1775.22,2900.25,1,1.3,40,0
901682,38.4,1465.12,614.5,0,12.7,60,0
901683,56.3,938.97,3401.11,0,9.4,45,0
901684,64.6,2472.34,3603.89,2,8.5,28,0
901685,67.3,1787.16,6785.69,1,5.9,78,0
901686,7.9,1229.61,3265.57,0,3.8,48,0
901687,66.4,1081.91,100.0,1,7.2,29,0
901688,18.5,902.87,100.0,3,24.1,28,0
901689,59.4,1266.03,3395.72,1,1.0,30,0
901690,18.1,1523.45,4008.73,1,11.8,71,0
901691,15.2,1110.2,1811.79,0,13.4,33,0
901692,3.3,1145.64,4127.86,1,0.7,68,0
901693,114.6,1164.89,6060.77,2,12.4,68,0
901694,1.0,1451.98,2151.1,0,10.8,18,0
901695,8.2,879.04,4686.89,0,10.0,36,0
901696,46.4,447.05,2189.74,0,6.7,59,0
901697,11.5,919.19,3298.33,0,15.8,64,0
901698,126.5,1359.03,4543.24,0,20.2,71,0
901699,7.8,967.92,100.0,0,7.4,49,0
901700,4.9,1264.28,4593.97,0,38.0,23,0
901701,10.4,849.26,100.0,0,34.4,79,0
901702,7.3,1063.58,5700.97,2,0.8,72,0
901703,222.2,1473.23,2101.0,0,8.2,67,0
901704,3.9,965.47,5272.78,0,9.4,73,0
901705,18.0,2122.15,6721.87,1,3.4,22,0
901706,16.4,1190.44,2797.16,4,1.9,37,0
901707,48.4,1711.03,7504.18,0,14.0,67,0
901708,15.0,598.47,3415.82,2,3.9,76,0
901709,13.7,1615.97,5783.86,1,14.9,48,0
901710,20.4,1944.6,2009.32,1,20.6,42,0
901711,20.3,1349.08,1941.69,1,7.0,68,0
901712,42.1,1556.64,2258.0,0,2.4,26,0
901713,11.0,670.52,2559.94,2,3.0,29,0
901714,39.8,1158.67,4474.05,2,8.4,46,0
901715,21.8,300.0,4090.15,0,4.5,22,1
901716,1.1,916.34,3061.22,1,11.7,44,0
901717,22.8,1755.56,1500.1,2,40.3,50,0
901718,23.1,300.0,6206.53,0,25.2,47,1
901719,34.9,1174.03,3489.02,0,1.8,72,0
901720,44.7,1738.11,4500.01,2,9.6,79,0
901721,177.0,1754.76,1437.39,0,15.2,33,0
901722,3.6,1085.62,100.0,2,4.2,47,0
901723,16.7,903.13,5056.53,0,0.9,63,0
901724,31.5,1252.89,139.72,1,6.8,20,0
901725,2.9,1197.76,7287.42,0,2.6,26,0
901726,89.5,1674.85,5032.21,0,0.3,52,0
901727,6.3,1325.89,6982.62,2,2.0,58,0
901728,66.4,775.18,100.0,1,9.8,76,0
901729,6.1,1289.86,2098.06,0,3.4,40,0
901730,1.0,1172.22,1137.49,2,5.9,76,0
901731,41.9,1407.64,5535.45,0,8.8,71,0
901732,3.5,865.59,100.0,2,50.4,54,0
901733,50.3,1183.0,2478.47,0,1.7,62,0
901734,35.7,1285.31,5047.29,0,11.8,34,0
901735,217.4,1113.93,3466.45,1,3.2,50,0
901736,60.9,1357.4,8812.94,0,5.8,18,0
901737,27.5,1348.94,1014.27,1,18.1,40,0
901738,79.7,1278.35,4876.25,1,4.7,63,0
901739,100.6,1749.43,2678.25,0,5.4,46,0
901740,117.3,1517.72,1703.19,0,5.3,33,0
901741,109.3,1307.11,1729.83,1,20.0,48,0
901742,186.3,1124.92,100.0,0,38.6,76,0
901743,51.4,917.1,1956.52,1,21.6,23,0
901744,39.3,924.06,6942.09,1,0.9,28,0
901745,47.7,866.56,5031.42,1,17.1,24,0
901746,88.1,656.65,100.0,0,8.2,49,0
901747,122.7,1007.6,100.0,0,8.3,77,0
901748,45.7,1751.46,2523.02,1,3.1,43,0
901749,71.4,1218.52,4890.56,1,5.6,59,0
901750,138.7,724.06,7286.74,0,10.1,23,0
901751,64.3,1144.49,4480.31,0,5.9,42,0
901752,51.2,1273.51,4961.46,2,15.8,47,0
901753,16.3,1116.58,100.0,0,3.0,27,0
901754,8.4,1253.6,4951.57,0,3.7,40,0
901755,43.2,1502.19,3175.38,0,1.7,62,0
901756,16.6,1072.2,6007.47,1,1.1,79,0
901757,70.4,1146.36,100.0,0,28.8,76,0
901758,55.8,1305.41,1104.12,1,14.7,44,0
901759,61.1,1417.23,3958.56,1,2.3,56,0
901760,34.4,1038.99,3693.43,0,1.9,52,0
901761,16.9,1073.73,5884.61,0,7.5,40,0
901762,69.0,1948.75,3470.44,0,6.8,62,0
901763,48.4,1444.82,100.0,1,13.6,42,0
901764,15.7,867.26,7297.77,0,17.4,67,0
901765,8.1,1640.7,5401.42,0,6.5,52,0
901766,206.7,2000.35,1800.2,2,16.8,19,0
901767,67.2,1004.37,100.0,0,13.9,76,0
901768,1.9,1334.67,2369.67,1,24.8,47,0
901769,1.0,1073.21,2683.44,1,4.0,28,0
901770,13.5,1860.03,9292.96,0,7.9,77,0
901771,88.6,680.02,3638.37,0,24.3,66,0
901772,27.4,1304.95,8179.22,0,11.1,72,0
901773,26.3,1351.21,3944.12,0,2.0,29,0
901774,3.3,1106.66,2473.32,0,0.1,27,0
901775,26.1,956.98,3991.46,0,4.5,47,0
901776,5.5,1417.5,4827.87,0,12.8,33,0
901777,4.6,1196.04,4154.72,0,6.9,58,0
901778,60.9,943.13,9414.66,2,5.5,60,1
901779,27.5,1640.14,1090.31,2,15.9,36,0
901780,109.6,1267.49,4588.18,0,3.9,68,0
901781,83.5,1223.83,6541.43,1,25.8,56,0
901782,128.9,1665.72,7476.58,0,11.6,37,0
901783,13.8,1563.95,238.37,1,9.4,27,0
901784,63.7,977.4,3822.17,2,4.3,23,0
901785,22.4,1210.51,2715.38,2,0.6,26,0
901786,131.5,1468.63,4714.01,1,16.8,22,0
901787,87.1,2060.12,2605.76,1,4.5,56,0
901788,111.5,734.24,3167.24,2,4.2,62,0
901789,5.4,1269.65,5971.58,0,16.0,27,0
901790,12.4,996.32,5768.64,0,1.5,25,0
901791,39.5,777.64,5451.43,1,18.7,75,0
901792,78.9,1132.62,5171.28,1,20.3,32,0
901793,35.1,1200.75,5772.34,0,5.0,44,0
901794,12.4,1067.24,5597.45,0,5.0,44,0
901795,16.0,1515.08,4487.94,1,5.2,77,1
901796,11.6,932.81,3790.26,1,11.5,72,0
901797,6.5,1560.94,7120.49,1,17.4,24,0
901798,5.1,825.45,1887.42,1,9.0,73,0
901799,137.4,1302.52,4076.38,0,3.3,61,0
901800,16.6,1797.72,3198.22,0,0.7,26,0
901801,60.1,1311.97,100.0,0,12.9,41,0
901802,99.2,944.76,3211.84,0,0.1,62,0
901803,11.0,804.15,2142.68,0,0.8,30,0
901804,44.5,971.72,3830.85,2,13.9,79,1
901805,88.0,1000.91,6410.87,1,5.8,78,1
901806,41.0,1253.1,3196.62,0,9.5,44,0
901807,39.8,515.37,2286.29,0,8.8,73,0
901808,25.2,852.57,6061.91,2,7.3,47,0
901809,41.1,1319.01,3764.73,0,16.7,24,0
901810,54.7,683.63,7055.59,0,38.8,25,0
901811,51.2,1151.29,4001.14,0,6.2,20,0
901812,18.4,926.71,2915.45,0,1.0,42,0
901813,47.9,1400.83,4825.74,0,0.0,41,0
901814,119.0,770.75,4190.5,2,1.9,66,0
901815,2.4,1657.41,5271.85,1,7.3,69,0
901816,17.6,1277.11,1539.34,0,8.4,27,0
901817,25.4,1544.12,3621.04,1,11.4,40,0
901818,100.6,1254.76,100.0,0,27.9,61,0
901819,20.5,879.22,5124.63,0,5.6,45,0
901820,5.6,1905.25,3287.06,2,12.8,79,0
901821,99.5,1065.91,3654.61,0,2.5,36,0
901822,3.8,1291.54,3305.1,0,5.6,56,0
901823,37.3,851.12,5479.43,1,1.3,52,1
901824,15.3,1178.76,6046.59,0,6.9,25,0
901825,21.7,811.75,4072.76,1,8.8,33,0
901826,15.8,958.78,6580.72,0,2.7,23,0
901827,24.7,906.16,100.0,0,0.7,40,0
901828,43.2,2058.78,3008.84,1,12.9,48,0
901829,15.8,1281.12,394.54,1,53.2,63,0
901830,3.1,1477.1,2813.28,1,22.4,22,0
901831,15.5,729.92,3237.92,0,4.1,40,0
901832,71.3,1254.66,4608.71,1,38.3,29,0
901833,5.9,1832.62,8135.63,0,9.3,60,0
901834,84.7,1150.28,100.0,2,2.3,72,0
901835,2.8,414.2,3176.82,0,20.3,73,0
901836,20.5,1340.32,6986.57,1,0.9,19,0
901837,80.1,758.67,100.0,0,0.8,63,0
901838,59.0,1384.79,5224.59,0,8.9,22,0
901839,2.0,1524.04,100.0,1,23.6,43,0
901840,160.7,1349.5,889.67,1,13.3,78,0
901841,5.2,711.22,2663.75,2,0.5,36,0
901842,22.8,1181.13,4409.86,0,2.6,28,0
901843,3.7,1955.5,5814.33,1,5.7,58,0
901844,45.2,1351.81,5421.59,4,0.2,68,0
901845,47.6,1774.55,2030.67,1,20.6,46,0
901846,14.5,1287.53,5270.29,1,4.6,40,0
901847,8.4,1212.77,100.0,2,2.4,23,0
901848,24.1,1564.05,3416.73,0,11.7,55,0
901849,3.1,941.01,5269.02,0,2.6,76,1
901850,43.0,1718.58,2395.87,0,1.5,42,0
901851,31.1,1163.99,6974.39,1,10.6,62,0
901852,70.6,1302.17,100.0,0,6.4,55,0
901853,129.8,1025.05,4850.75,1,4.1,63,0
901854,34.2,1302.42,2177.53,1,21.7,31,0
901855,138.2,1414.88,4202.01,0,3.0,58,0
901856,3.0,817.17,6165.04,1,46.1,38,0
901857,29.3,1749.89,7634.05,2,12.6,61,0
901858,15.3,1775.47,3467.95,1,22.0,21,0
901859,20.3,1037.63,3441.82,0,1.3,52,0
901860,12.7,1956.09,4005.76,0,4.0,41,0
901861,37.0,1309.48,1188.2,1,9.9,29,0
901862,33.5,559.74,2592.01,0,6.0,21,0
901863,3.8,1547.32,1841.88,1,3.8,67,0
901864,33.7,1438.84,5730.43,0,8.4,65,0
901865,56.4,1687.02,2818.8,0,1.2,65,0
901866,10.0,1289.71,5828.55,0,12.7,20,0
901867,84.5,1587.92,1011.29,0,21.5,43,0
901868,103.4,1641.49,1017.9,0,5.0,21,0
901869,5.0,1369.32,3650.64,0,17.8,45,0
901870,107.9,653.16,7783.08,1,5.5,78,1
901871,5.7,859.32,2956.05,0,3.0,18,0
901872,21.5,1295.97,866.14,0,20.7,37,0
901873,121.3,723.83,5884.53,1,15.9,23,0
901874,16.9,907.63,5629.52,1,1.9,30,0
901875,139.3,1608.12,6334.94,0,5.5,75,0
901876,24.2,495.18,4620.86,0,11.2,31,0
901877,49.6,1105.18,6353.25,0,24.6,58,0
901878,82.2,1470.78,4390.74,0,24.9,75,0
901879,49.2,1347.58,100.0,2,1.4,37,0
901880,19.2,1436.79,3503.72,4,3.8,78,0
901881,31.7,701.29,2489.62,0,44.3,79,0
901882,5.5,1992.08,2399.6,0,6.4,47,0
901883,151.5,1568.42,5906.1,0,2.8,59,0
901884,2.7,980.55,100.0,2,0.7,39,0
901885,1.0,1454.89,3918.9,0,7.8,38,0
901886,88.4,1047.01,100.0,2,8.5,24,0
901887,25.7,1726.58,966.2,1,0.4,27,0
901888,14.2,862.28,3992.53,0,1.0,74,0
901889,11.7,1054.93,8083.96,2,7.5,66,1
901890,61.0,1856.76,100.0,0,8.8,32,0
901891,46.4,1430.74,4876.99,1,4.1,74,0
901892,38.5,1044.03,2504.81,1,7.8,68,0
901893,67.6,942.63,3372.44,0,7.4,23,0
901894,80.2,1221.25,4426.41,0,7.7,54,0
901895,1.4,1307.68,4733.89,0,22.0,72,0
901896,1.2,1108.01,8287.24,1,23.4,65,1
901897,2.2,1897.47,3021.53,1,0.9,58,0
901898,215.3,1660.25,7660.84,2,17.5,65,0
901899,13.1,1357.0,5268.43,1,2.0,65,0
901900,18.2,597.39,1985.29,0,0.3,65,1
901901,18.9,1383.58,4055.18,0,5.6,31,0
901902,72.2,810.16,4554.09,1,1.8,36,0
901903,55.7,798.45,100.0,1,20.2,58,0
901904,54.0,1804.5,3495.29,0,32.2,72,0
901905,15.6,1140.01,5177.84,0,23.9,75,0
901906,27.8,1430.45,4272.84,0,19.0,72,0
901907,10.9,1360.9,3850.8,0,7.0,66,0
901908,104.4,1013.09,6276.18,0,5.1,61,0
901909,47.6,979.57,4328.45,0,1.3,55,0
901910,4.6,1156.4,7355.64,2,9.4,33,0
901911,71.0,1108.83,3902.07,1,0.8,72,0
901912,19.8,300.0,3317.1,1,3.5,37,1
901913,73.9,804.79,960.67,1,23.3,43,0
901914,50.1,1140.04,100.0,0,0.9,27,0
901915,4.4,1413.59,100.0,0,25.3,79,0
901916,3.4,1190.49,4072.78,0,2.9,42,0
901917,4.7,1069.49,1492.22,1,3.2,35,0
901918,7.7,837.63,5500.71,0,16.9,74,0
901919,127.8,806.28,1718.24,1,23.5,77,0
901920,2.7,976.22,4985.63,0,21.5,70,0
901921,6.0,883.88,1094.67,2,8.5,32,0
901922,59.9,981.99,4442.39,2,1.9,20,0
901923,12.6,1284.75,695.91,1,6.7,74,0
901924,122.5,808.35,6326.62,0,15.7,77,0
901925,87.3,752.3,7108.75,1,0.6,50,0
901926,31.7,1077.8,4193.72,1,0.7,61,0
901927,1.4,1254.09,1922.39,0,1.1,54,0
901928,50.9,1488.58,2366.59,1,2.7,71,0
901929,30.9,1229.81,5960.27,2,22.4,20,0
901930,1.0,1363.65,2675.12,0,7.0,51,0
901931,56.2,889.56,5148.73,0,5.6,33,0
901932,3.6,1650.25,7856.73,1,2.9,26,0
901933,55.1,1383.87,10138.31,2,17.4,67,0
901934,22.1,804.86,3446.86,0,16.4,43,0
901935,46.6,1378.53,2035.7,2,5.3,75,0
901936,52.9,1094.32,5789.16,1,0.2,45,0
901937,27.8,1337.05,4158.29,0,14.8,70,0
901938,29.0,668.89,1494.47,1,7.9,22,0
901939,47.2,1275.12,1701.91,0,1.8,71,0
901940,98.3,1160.56,7972.88,2,10.4,53,0
901941,4.8,1599.8,5388.35,1,5.4,52,0
901942,21.8,1108.99,1273.98,0,22.3,37,0
901943,46.7,332.06,1688.79,0,4.4,18,0
901944,23.5,1268.69,5728.43,2,10.9,43,0
901945,211.6,1206.16,3974.56,1,17.9,60,0
901946,36.2,1310.58,2693.98,0,1.6,49,0
901947,56.4,1230.68,5558.68,0,5.2,67,0
901948,50.6,588.22,7670.61,0,13.7,79,0
901949,16.3,1444.31,943.1,0,19.3,68,0
901950,28.3,1020.98,100.0,0,10.7,49,0
901951,37.0,1718.77,6468.94,0,5.7,20,0
901952,36.9,1293.15,3212.93,1,2.8,33,0
901953,8.6,951.96,4476.52,0,0.5,40,0
901954,91.0,1585.96,5446.2,0,1.1,46,0
901955,25.4,1725.9,4761.31,0,3.5,67,0
901956,35.6,962.74,3410.78,2,2.2,66,0
901957,48.0,1255.17,5437.6,1,8.8,54,0
901958,47.4,328.45,4187.38,0,3.3,22,0
901959,32.9,844.59,1248.27,1,38.8,27,0
901960,38.1,1134.86,6331.46,0,8.0,67,0
901961,59.5,792.77,3261.33,1,7.3,49,0
901962,14.6,1719.87,645.19,0,13.4,30,0
901963,26.6,1142.47,2231.32,1,8.7,72,0
901964,81.9,654.46,5943.13,0,1.5,49,0
901965,71.4,1592.11,5563.98,0,7.2,36,0
901966,31.0,785.6,4020.78,0,21.0,28,0
901967,19.6,1610.12,1687.94,0,5.0,26,0
901968,24.8,927.24,100.0,2,2.8,21,0
901969,41.8,1303.58,1474.33,0,12.3,27,0
901970,110.9,1154.66,3422.78,0,0.5,23,0
901971,36.0,1063.09,1090.57,1,12.3,67,0
901972,2.5,1587.0,4983.76,0,4.7,75,0
901973,7.0,1316.94,6075.82,1,10.7,75,0
901974,59.2,361.62,2415.35,2,22.7,75,0
901975,43.4,1035.9,7862.14,2,28.1,43,1
901976,98.6,1829.41,6353.96,0,9.6,67,0
901977,33.5,1351.44,1414.7,0,19.4,76,0
901978,7.7,804.46,100.0,0,9.8,44,0
901979,14.4,1437.05,8164.07,1,0.2,22,0
901980,24.6,1288.15,4150.56,0,3.5,23,0
901981,45.6,718.22,100.0,2,0.6,41,0
901982,26.0,910.7,3781.42,1,30.2,42,0
901983,23.1,1445.5,485.39,0,5.1,32,0
901984,57.3,1309.78,4354.29,0,6.2,20,0
901985,12.4,1588.34,4878.62,0,5.2,71,0
901986,1.7,853.33,4743.19,1,14.2,77,0
901987,27.8,1530.21,100.0,1,6.6,28,0
901988,113.4,2038.11,100.0,1,35.7,67,0
901989,199.6,1508.88,3073.6,0,2.3,40,0
901990,2.6,1299.31,3196.74,0,5.6,65,0
901991,22.4,1713.52,3950.71,1,13.2,27,0
901992,16.2,1018.04,6930.15,0,17.0,35,0
901993,5.4,304.51,3569.03,0,5.4,73,1
901994,153.0,1012.89,5349.02,0,7.5,25,0
901995,1.4,300.0,100.0,2,3.7,20,0
901996,13.4,1416.71,4904.67,0,19.4,70,0
901997,1.6,1561.2,6036.69,0,27.1,70,0
901998,4.0,927.46,984.84,0,12.5,49,0
901999,29.4,692.26,2307.08,1,21.3,64,0
902000,79.2,1159.39,1421.91,2,7.5,31,0
902001,25.0,1136.64,7395.83,2,6.1,74,0
902002,16.2,1083.23,3920.84,0,11.5,38,0
902003,42.6,963.54,2699.79,1,1.8,33,0
902004,46.6,680.87,5653.66,1,7.5,63,0
902005,42.8,805.16,4005.04,0,24.3,61,0
902006,11.3,712.9,5394.56,0,1.0,52,0
902007,46.2,1126.5,6319.94,1,3.9,37,0
902008,49.7,1559.36,2930.56,0,43.9,69,0
902009,67.6,505.68,7597.58,1,11.7,46,1
902010,51.6,1210.81,100.0,0,2.5,63,0
902011,101.2,631.27,3422.08,1,14.7,41,0
902012,33.0,872.28,6385.64,1,4.5,74,0
902013,8.1,1283.32,3138.87,0,38.3,70,0
902014,47.6,417.16,3214.02,0,1.1,20,0
902015,14.2,932.33,4656.74,0,1.5,76,0
902016,11.2,1653.86,6510.79,0,16.6,48,0
902017,11.8,1175.59,920.43,1,16.2,36,0
902018,240.0,386.26,4136.92,0,0.8,68,0
902019,62.1,1543.86,2989.51,0,27.9,39,0
902020,59.7,1106.9,1926.86,0,5.5,41,0
902021,81.6,778.2,7432.6,0,3.0,76,0
902022,3.3,953.38,4482.93,0,5.9,55,0
902023,5.6,1176.77,6514.24,0,0.9,57,1
902024,16.2,1683.01,263.51,0,4.9,67,0
902025,36.2,1101.03,2375.5,1,41.6,36,0
902026,15.3,961.25,3663.96,0,34.6,21,0
902027,23.5,1257.96,1565.37,0,2.3,39,0
902028,6.2,382.93,4242.41,2,28.5,35,1
902029,59.9,797.91,3710.68,1,12.7,77,0
902030,25.9,1136.5,2882.38,0,12.0,49,0
902031,98.3,383.31,4846.09,0,15.6,31,0
902032,135.7,1122.25,100.0,0,19.8,22,0
902033,124.6,1255.75,1941.75,0,8.3,58,0
902034,2.3,979.25,4838.47,0,21.5,28,0
902035,159.1,887.54,1960.07,1,16.1,21,0
902036,49.8,1710.65,2592.73,0,2.4,18,0
902037,33.5,1225.47,4363.7,1,29.0,44,0
902038,87.0,1178.04,4318.31,3,23.0,25,0
902039,9.9,1076.05,10547.59,0,15.8,46,0
902040,16.4,1253.38,3680.02,0,11.1,59,0
902041,27.8,1576.77,4721.66,1,8.9,58,0
902042,16.3,1602.93,849.27,3,12.3,30,0
902043,9.7,927.82,2233.12,0,3.9,26,0
902044,92.1,1075.13,6321.87,0,20.8,74,0
902045,6.9,1457.96,1988.51,1,15.7,38,0
902046,27.5,1145.47,3181.53,1,26.2,24,0
902047,13.1,1264.69,100.0,0,30.8,19,0
902048,122.0,1486.42,5533.32,0,15.7,78,0
902049,26.1,1057.04,3846.63,0,14.3,48,0
902050,111.1,1305.06,3878.36,0,2.0,63,0
902051,22.1,1031.0,1878.08,1,0.1,64,0
902052,1.9,1541.81,100.0,0,4.2,66,0
902053,35.4,1524.84,6001.83,0,2.8,46,0
902054,49.4,1766.25,1470.98,1,4.6,78,0
902055,22.3,1059.76,2081.62,1,6.0,76,0
902056,27.2,1252.38,8076.01,1,1.3,64,1
902057,27.5,2084.31,2483.82,1,6.4,21,0
902058,2.9,538.04,7065.32,0,5.5,42,1
902059,91.2,1886.61,2118.18,0,2.1,69,0
902060,12.0,853.64,4517.66,0,4.1,60,0
902061,57.5,1662.57,5198.49,1,1.4,61,0
902062,6.1,2162.52,9235.73,1,4.3,18,0
902063,46.4,1610.63,100.0,1,3.5,23,0
902064,80.1,1097.69,8678.93,0,47.9,34,0
902065,16.3,1321.45,100.0,0,13.2,45,0
902066,66.5,300.0,6415.78,0,1.2,59,1
902067,24.7,978.98,6806.87,1,4.5,72,1
902068,42.7,1235.51,6148.18,1,21.4,59,0
902069,36.0,1135.85,6255.34,1,2.5,38,0
902070,48.3,563.67,100.0,0,20.1,24,0
902071,7.3,1217.0,5495.55,2,6.4,21,0
902072,57.8,1544.69,3148.04,0,5.3,58,0
902073,4.5,954.67,5257.23,1,29.8,72,0
902074,65.9,900.28,4432.97,1,18.2,67,0
902075,93.0,713.81,2773.31,0,14.1,27,0
902076,95.3,1693.5,2684.65,0,51.7,74,0
902077,36.0,1202.7,570.07,0,1.5,52,0
902078,13.5,1437.25,3736.61,1,10.4,65,0
902079,27.6,1255.58,2787.8,0,16.2,71,0
902080,155.1,1162.52,3626.42,0,0.5,27,0
902081,97.2,1451.5,704.25,0,14.6,69,0
902082,3.5,1417.24,100.0,1,6.1,53,0
902083,6.3,1207.06,3718.13,0,4.7,48,0
902084,7.5,1225.04,6422.01,0,31.2,75,0
902085,52.8,1326.17,3108.04,0,15.2,46,0
902086,82.8,1280.75,4521.52,0,7.5,50,0
902087,3.5,1005.09,2258.3,0,5.4,78,0
902088,32.5,1402.75,100.0,0,8.3,42,0
902089,27.3,871.07,100.0,0,9.8,19,0
902090,3.9,1321.22,5749.42,0,0.2,37,0
902091,56.2,1282.46,100.0,0,0.2,51,0
902092,27.5,1474.79,100.0,1,10.0,55,0
902093,44.1,1482.75,2327.85,1,26.8,74,0
902094,27.9,933.47,2283.71,4,26.3,53,0
902095,51.2,2163.28,100.0,0,34.5,77,0
902096,5.5,986.25,5593.68,0,2.1,25,1
902097,172.9,1532.34,2793.32,1,20.8,31,0
902098,145.6,481.04,6767.73,0,15.5,71,0
902099,5.9,715.83,100.0,1,5.1,47,0
902100,19.4,847.04,5743.71,1,0.6,78,0
902101,2.0,1236.54,6511.1,1,16.2,47,0
902102,67.3,1338.83,1359.81,0,9.5,61,0
902103,3.4,306.66,2107.81,1,12.7,29,0
902104,24.5,1264.28,6385.73,0,12.5,38,0
902105,12.4,929.66,6610.76,1,4.8,39,0
902106,21.8,1043.99,3842.22,0,8.2,36,0
902107,1.1,1288.12,100.0,0,9.9,70,0
902108,123.1,2034.63,3891.51,1,0.3,76,0
902109,4.2,1981.8,3156.85,0,15.2,63,0
902110,10.0,1744.38,8310.47,0,18.1,73,0
902111,118.2,1376.34,2696.35,0,22.9,78,0
902112,52.5,1902.64,6694.66,0,11.8,52,0
902113,17.7,1727.89,2523.78,0,1.1,52,0
902114,30.7,550.53,3779.93,0,11.1,71,0
902115,44.2,730.0,2787.02,2,1.9,52,0
902116,17.8,1175.63,4999.3,1,3.4,61,0
902117,12.0,936.55,100.0,0,22.6,61,0
902118,55.7,1360.05,2620.27,2,3.3,64,0
902119,22.3,1809.62,100.0,0,3.0,68,0
902120,3.7,1272.49,5345.1,0,12.4,31,0
902121,57.7,1129.51,5732.32,0,4.0,34,0
902122,5.7,588.13,5052.39,3,4.8,54,1
902123,7.0,1156.1,5176.78,0,6.6,73,1
902124,52.7,632.09,100.0,1,10.5,28,0
902125,106.7,828.79,1511.38,1,3.8,65,0
902126,32.3,1448.71,100.0,1,6.5,77,0
902127,13.7,1194.11,4165.54,1,6.9,30,0
902128,9.1,1362.38,1679.83,0,18.7,37,0
902129,66.6,1058.49,4005.76,1,0.5,67,0
902130,42.8,1140.57,6100.9,1,12.8,49,0
902131,143.1,1294.93,100.0,0,14.8,73,0
902132,65.8,738.94,2276.5,1,2.9,79,0
902133,24.1,1227.66,4149.53,0,19.2,38,0
902134,4.5,931.02,1829.2,0,9.7,40,0
902135,17.4,1214.16,4221.01,0,42.8,52,0
902136,23.3,1818.53,1782.72,1,2.1,43,0
902137,28.0,680.28,1333.24,1,1.6,66,0
902138,6.2,1989.63,6682.79,0,7.2,18,0
902139,17.5,1324.55,8767.39,0,0.8,30,0
902140,3.1,1224.12,3973.97,1,12.4,64,0
902141,69.2,1834.12,4851.75,1,0.6,76,0
902142,20.0,1980.53,1661.48,0,12.1,60,0
902143,85.5,1472.82,6152.27,0,27.7,40,0
902144,66.7,369.02,1204.49,0,5.1,74,0
902145,12.2,854.99,2852.45,0,21.4,44,0
902146,35.8,955.58,6453.65,0,13.2,46,0
902147,102.8,1231.5,8412.23,1,18.6,47,0
902148,7.9,1497.2,3105.58,0,28.6,49,0
902149,33.3,1253.71,2399.74,1,10.4,66,0
902150,52.6,1954.25,5510.88,1,0.5,48,0
902151,33.7,1870.55,2772.68,1,25.5,76,0
902152,9.2,1782.37,100.0,0,0.5,35,0
902153,8.2,871.74,100.0,0,8.1,19,0
902154,13.5,1780.27,604.82,1,22.4,54,0
902155,80.9,792.13,3138.61,0,18.1,42,0
902156,8.6,1133.04,1227.58,1,35.7,45,0
902157,10.0,1078.25,4769.37,0,5.8,60,0
902158,20.2,1215.22,5035.94,1,3.5,42,0
902159,4.7,1430.93,1550.72,0,2.7,58,0
902160,20.2,866.34,2537.1,0,11.2,19,0
902161,5.8,714.41,5710.35,0,3.5,64,1
902162,44.0,1261.42,3713.44,0,2.8,41,0
902163,46.6,1727.79,100.0,0,13.4,19,0
902164,54.4,1118.29,3354.92,1,6.5,27,0
902165,37.2,870.4,6240.16,0,8.5,27,0
902166,1.0,788.61,6230.65,1,7.8,76,0
902167,32.0,329.06,8580.34,0,3.8,65,1
902168,3.8,933.53,4760.99,0,10.5,44,0
902169,32.2,1078.66,2683.61,2,20.5,71,0
902170,94.1,636.11,4406.38,0,20.6,29,0
902171,44.6,1207.31,1914.18,1,34.8,34,0
902172,35.0,837.4,2930.64,0,14.7,30,0
902173,23.4,1263.77,3438.77,1,34.8,53,0
902174,4.6,1269.52,5754.5,1,2.0,59,1
902175,118.2,1494.75,2601.44,0,8.6,48,0
902176,20.9,1377.27,7371.96,0,6.2,70,0
902177,33.5,738.55,4498.31,0,6.9,50,0
902178,37.7,1499.17,4946.4,0,5.3,61,0
902179,55.8,911.67,5200.34,0,2.1,18,0
902180,18.5,1860.14,2758.9,0,5.5,72,0
902181,26.8,980.32,4170.16,0,0.4,26,0
902182,108.9,1022.74,5582.72,2,1.2,40,0
902183,27.0,1859.26,4736.29,0,10.3,24,0
902184,79.8,966.0,1845.63,0,8.5,43,0
902185,7.4,721.44,2195.05,1,5.1,47,0
902186,6.0,840.87,100.0,1,1.9,41,0
902187,49.3,983.3,2328.98,1,8.7,22,0
902188,78.9,839.09,710.57,0,28.0,78,0
902189,15.2,722.76,7777.86,1,12.4,20,0
902190,22.3,1382.1,5844.86,2,42.1,74,0
902191,40.4,1237.82,5128.65,0,19.1,22,0
902192,13.0,765.2,5203.53,0,13.9,68,0
902193,11.0,1234.26,5431.72,1,28.6,77,0
902194,21.3,1203.52,7082.59,0,1.1,19,0
902195,48.2,871.39,5177.98,0,6.3,26,0
902196,6.4,594.69,6071.39,0,15.2,44,1
902197,7.5,1591.27,2330.69,1,3.2,19,0
902198,6.7,1363.92,100.0,2,4.2,68,0
902199,5.5,1538.9,342.07,0,7.3,72,0
902200,20.2,1719.43,1702.05,2,8.9,38,0
902201,119.2,454.75,2521.47,0,2.2,60,0
902202,12.6,1233.97,5961.23,0,5.3,43,0
902203,103.0,1257.64,4245.22,0,20.1,63,0
902204,49.8,855.45,1595.85,0,20.8,25,0
902205,27.3,1567.19,3144.62,1,3.5,50,0
902206,74.8,908.37,1715.19,0,26.8,55,0
902207,37.6,1655.78,1636.31,0,0.2,71,0
902208,5.5,1172.14,6078.92,0,7.9,49,0
902209,30.5,1841.84,3317.95,0,14.6,52,0
902210,66.4,1593.82,4306.34,0,10.5,69,0
902211,47.9,1243.48,3169.65,0,16.8,64,0
902212,130.8,1591.51,5436.04,3,2.2,68,0
902213,41.4,1428.37,4949.38,0,29.2,38,0
902214,34.8,1674.11,4609.67,1,41.2,32,0
902215,8.5,1078.65,2270.11,0,1.5,22,0
902216,56.2,936.8,2472.15,0,7.9,34,0
902217,3.2,1206.9,100.0,1,0.8,18,0
902218,3.1,1400.99,100.0,0,4.0,76,0
902219,62.8,1841.11,1515.67,1,10.3,68,0
902220,1.0,732.45,2821.73,0,27.0,72,0
902221,31.0,1456.98,1070.13,0,5.5,55,0
902222,6.8,1217.11,599.01,0,38.0,78,0
902223,43.5,1511.7,100.0,1,22.8,35,0
902224,69.0,1550.11,3859.35,0,12.9,39,0
902225,28.9,992.48,4210.13,1,0.1,33,1
902226,19.8,1379.53,5376.99,0,14.7,67,0
902227,89.1,1047.04,8377.45,1,15.5,79,0
902228,46.5,797.1,2023.75,1,22.3,52,0
902229,51.4,1532.06,4801.7,0,1.2,72,0
902230,10.3,1117.73,2707.55,0,0.4,31,0
902231,41.2,1379.6,6243.49,1,2.7,35,0
902232,6.0,1447.19,5775.81,1,1.8,21,0
902233,19.4,1846.42,1085.9,1,10.8,65,0
902234,9.2,300.0,1558.12,0,31.3,67,0
902235,202.1,1545.38,5283.81,0,10.0,42,0
902236,53.6,1696.45,1170.04,0,1.2,64,0
902237,25.4,1458.56,4630.0,2,17.3,20,0
902238,49.6,1537.3,3844.89,0,7.7,77,0
902239,48.9,770.4,920.66,1,21.3,69,0
902240,22.1,300.0,3075.86,3,5.2,74,1
902241,42.6,1811.8,4886.65,0,18.7,60,0
902242,40.3,1404.08,2257.96,1,49.8,55,0
902243,6.8,1067.87,4760.64,0,10.8,63,0
902244,75.1,842.87,5200.32,0,0.4,61,0
902245,2.4,480.49,5600.96,0,14.2,39,0
902246,45.4,1130.79,6551.01,1,0.0,26,0
902247,20.8,1292.9,2460.77,0,4.2,36,0
902248,5.0,834.76,1261.31,1,2.1,72,0
902249,95.1,1054.32,3672.5,0,7.3,73,0
902250,13.6,565.95,100.0,1,14.7,46,0
902251,66.4,608.56,6630.5,0,13.6,63,1
902252,1.0,1314.76,4571.69,0,3.3,43,0
902253,34.4,1124.07,6681.07,0,16.5,47,0
902254,67.3,544.34,3431.94,0,11.8,51,0
902255,18.2,1075.69,1769.54,0,1.0,47,0
902256,41.1,1135.55,3888.86,0,11.7,24,0
902257,93.1,949.84,3861.92,0,2.1,53,0
902258,19.9,1196.74,3939.44,2,9.8,25,0
902259,6.4,1273.86,4110.28,1,4.4,66,0
902260,28.0,1126.31,1250.19,0,49.6,65,0
902261,54.7,1570.32,5361.34,0,7.6,63,0
902262,11.4,592.93,5214.08,1,8.8,62,0
902263,58.3,1793.41,6128.5,2,0.5,22,0
902264,50.3,1233.96,2810.54,1,16.1,79,0
902265,10.0,1230.73,3816.63,0,6.9,23,0
902266,27.6,1365.75,2173.75,0,4.5,29,0
902267,22.2,1416.92,5452.21,0,18.3,44,0
902268,21.6,940.79,881.2,1,7.6,41,0
902269,25.2,1462.07,6592.18,1,4.4,57,0
902270,30.5,1264.64,3459.61,1,8.2,48,0
902271,89.4,1408.33,753.78,0,4.2,58,0
902272,137.4,942.65,5856.67,1,10.9,34,0
902273,23.6,1306.79,100.0,0,4.0,74,0
902274,46.2,1162.8,1625.21,0,10.2,61,0
902275,6.1,778.54,3843.56,2,5.1,52,0
902276,48.2,747.18,550.69,0,2.8,38,0
902277,15.6,1356.69,2675.68,0,5.7,41,0
902278,20.3,1297.63,3804.33,1,0.9,43,0
902279,35.4,1315.57,243.93,2,15.2,77,0
902280,23.3,1531.68,4671.81,1,13.5,25,0
902281,4.7,1165.12,4814.42,1,0.8,41,0
902282,12.4,1828.58,1295.65,1,8.7,25,0
902283,2.1,1269.07,1250.49,2,3.2,78,0
902284,74.2,1281.01,525.43,0,11.3,38,0
902285,33.5,1608.07,204.68,0,2.7,68,0
902286,26.5,1501.93,1178.06,1,5.3,34,0
902287,22.8,1414.38,2095.08,0,13.0,67,0
902288,1.0,632.61,6522.96,3,40.2,75,0
902289,30.4,1141.4,6445.66,2,4.4,65,0
902290,66.6,437.46,100.0,1,4.9,25,0
902291,6.0,1372.91,4408.41,1,0.8,30,0
902292,18.5,1180.75,100.0,0,7.4,61,0
902293,70.3,870.44,6984.74,1,40.1,34,0
902294,13.4,1186.54,4541.51,4,19.3,75,0
902295,61.0,1170.99,1778.42,0,10.5,32,0
902296,73.0,1994.65,3516.03,0,8.5,71,0
902297,3.8,875.39,1048.68,2,4.7,39,0
902298,213.0,1713.22,100.0,2,18.4,43,0
902299,10.8,553.03,100.0,1,1.5,70,0
902300,3.5,1387.92,100.0,0,11.6,70,0
902301,64.7,2053.45,4752.62,0,15.0,63,0
902302,2.6,1477.59,100.0,0,25.6,63,0
902303,43.4,1230.96,100.0,1,42.5,50,0
902304,60.9,571.61,5265.87,0,10.9,51,1
902305,47.5,1275.91,2262.94,0,0.3,72,0
902306,150.6,525.73,667.38,0,13.6,68,0
902307,53.9,1376.31,2704.03,0,4.5,41,0
902308,86.9,1272.42,1829.93,1,17.8,55,0
902309,125.8,1530.73,5956.6,0,29.4,69,0
902310,5.7,1121.0,10445.12,0,10.7,42,0
902311,22.4,2083.33,6717.65,0,3.9,43,0
902312,38.7,1339.24,4984.18,1,5.6,46,0
902313,68.7,1926.24,4823.03,0,14.6,38,0
902314,9.3,936.24,5327.02,2,6.1,45,0
902315,26.6,1926.46,2751.05,0,8.5,45,0
902316,38.1,1015.82,4725.25,0,7.9,32,0
902317,131.3,1304.1,1629.28,1,1.1,18,0
902318,6.7,300.0,100.0,0,1.2,64,0
902319,43.5,864.41,5356.33,0,10.9,39,0
902320,98.8,1365.26,2863.01,0,8.4,36,0
902321,24.4,1419.7,5265.57,1,12.6,27,0
902322,18.4,1328.21,2892.21,1,7.6,22,0
902323,12.0,1068.75,5982.97,0,1.0,76,0
902324,39.5,994.93,6596.33,0,4.4,28,0
902325,5.5,2033.98,100.0,2,8.9,67,0
902326,55.0,1883.42,7621.13,0,6.0,30,0
902327,12.4,989.8,1289.93,0,2.8,31,0
902328,11.4,1438.7,4918.89,2,10.1,76,1
902329,18.1,799.73,5833.76,1,2.9,26,0
902330,1.0,1609.27,4181.19,0,3.4,69,0
902331,13.8,1705.51,6093.03,1,4.8,44,0
902332,5.7,1339.19,3376.1,3,0.4,47,0
902333,29.9,1549.83,3979.18,0,6.8,50,0
902334,7.3,909.55,4560.2,1,11.6,76,0
902335,35.7,987.93,2266.28,1,7.2,34,1
902336,25.3,1268.61,2441.79,0,9.9,65,0
902337,30.5,608.6,1583.96,1,3.4,61,0
902338,5.4,1191.97,1940.75,0,5.1,20,0
902339,52.9,1679.73,3025.01,2,1.1,73,0
902340,109.1,300.0,397.81,0,9.2,44,0
902341,128.3,1799.49,100.0,0,23.2,33,0
902342,4.3,1695.53,3604.95,1,19.0,50,0
902343,22.2,938.14,2457.81,0,13.3,64,0
902344,44.8,1636.36,2631.03,0,8.3,22,0
902345,32.1,723.06,9072.34,1,15.2,38,1
902346,6.0,1144.48,301.29,0,3.5,40,0
902347,78.8,878.89,5577.34,0,11.3,47,0
902348,76.7,1119.26,3395.29,2,17.5,30,0
902349,78.2,728.32,2293.18,0,11.3,34,0
902350,46.9,1119.22,4864.91,1,14.8,61,0
902351,3.1,1250.56,2908.16,0,1.2,72,0
902352,54.5,1390.68,9632.94,0,4.4,35,0
902353,46.0,1532.18,5453.84,1,0.3,22,0
902354,79.7,798.32,1825.98,0,0.5,59,0
902355,20.7,903.08,4664.87,1,26.2,38,0
902356,175.0,1592.34,301.72,2,4.5,18,0
902357,5.3,1230.48,6771.89,0,50.2,25,0
902358,45.0,1839.13,1958.96,0,7.0,64,0
902359,2.6,1333.84,2546.8,0,1.9,29,0
902360,52.0,1306.98,1865.94,1,4.6,46,0
902361,131.8,579.65,3602.7,0,15.9,58,0
902362,106.9,830.05,5802.92,1,2.8,30,0
902363,1.0,1058.49,277.41,0,19.5,47,0
902364,45.8,1150.27,634.13,1,5.6,46,0
902365,23.6,1359.95,1805.4,0,13.7,29,0
902366,67.6,1050.96,1346.02,0,9.4,70,0
902367,43.7,384.71,3123.56,0,23.5,69,0
902368,21.1,1382.64,3164.23,0,1.1,25,0
902369,34.9,1088.74,1760.6,1,7.0,27,0
902370,50.6,832.67,767.56,1,17.9,51,0
902371,1.0,1763.87,5596.03,0,24.4,65,0
902372,3.6,1195.31,3208.32,1,21.0,61,0
902373,28.4,1759.23,3359.93,0,6.3,55,0
902374,26.9,720.01,6046.79,2,7.7,57,1
902375,96.5,315.79,100.0,1,1.1,75,0
902376,14.1,1384.99,9851.59,0,37.9,50,0
902377,8.8,909.05,7812.8,1,3.6,67,0
902378,6.5,1649.89,3556.7,2,6.4,51,0
902379,29.8,704.05,2001.04,1,11.2,27,0
902380,11.7,1073.18,1312.39,0,3.4,49,0
902381,51.5,1144.7,2409.41,0,2.3,27,0
902382,13.5,1722.27,211.47,0,6.9,34,0
902383,20.7,1201.7,3399.96,1,0.1,19,0
902384,25.8,1223.54,3466.17,1,40.6,32,0
902385,82.8,1092.64,3657.25,0,5.4,68,0
902386,2.4,1342.12,4266.64,0,7.0,34,0
902387,17.2,1514.27,3793.76,1,20.3,52,0
902388,37.8,1316.99,5406.52,1,15.0,48,0
902389,21.0,1425.73,4887.6,0,10.3,76,0
902390,15.8,300.0,7993.62,1,4.6,73,1
902391,66.6,886.71,4427.39,1,0.6,53,0
902392,8.6,1728.93,1185.2,0,2.3,18,0
902393,21.8,1868.74,3765.67,1,13.1,39,0
902394,82.1,1367.01,100.0,0,2.5,49,0
902395,13.5,1869.27,5187.8,0,15.4,19,0
902396,46.9,820.22,1297.47,2,5.8,25,0
902397,45.8,891.06,638.09,1,0.8,72,0
902398,29.5,1425.6,100.0,1,3.0,60,0
902399,17.9,1013.6,4649.65,0,31.6,41,0
902400,55.6,880.92,4140.41,0,36.1,43,0
902401,75.5,1563.81,3608.52,0,0.5,66,0
902402,3.2,1556.1,100.0,1,2.8,18,0
902403,54.2,1130.02,1677.66,0,19.0,46,0
902404,109.9,411.34,2418.37,1,3.2,34,0
902405,87.9,1459.66,5157.79,0,18.2,30,0
902406,43.9,1252.98,1094.02,1,9.1,28,0
902407,40.2,644.0,2552.7,0,5.7,45,0
902408,24.0,634.28,573.58,2,2.1,70,0
902409,18.8,1561.3,5869.17,2,0.6,44,0
902410,56.6,1720.71,4854.48,0,8.7,36,0
902411,37.9,1202.69,5528.49,0,5.0,71,0
902412,28.1,1361.51,3869.31,3,7.9,71,0
902413,6.0,1808.85,5768.0,0,11.8,76,0
902414,10.5,1310.95,8116.02,0,14.5,29,0
902415,1.0,1271.72,5340.77,0,23.3,26,0
902416,133.6,1377.82,6998.49,0,2.7,61,0
902417,77.3,1277.99,3306.74,2,3.6,60,0
902418,29.7,1046.19,5902.29,0,34.1,31,0
902419,1.4,1765.22,7482.09,1,0.9,71,0
902420,26.9,948.83,3646.96,0,2.2,33,1
902421,14.6,1632.09,4906.85,0,0.5,47,0
902422,71.4,1176.52,9728.52,0,3.2,65,0
902423,22.6,1590.53,516.1,1,46.8,27,0
902424,83.7,438.47,2542.0,0,5.3,75,0
902425,59.8,2050.14,4320.63,0,6.4,54,0
902426,238.0,1656.33,6037.07,0,1.8,50,0
902427,10.2,1410.61,3282.28,2,1.2,47,0
902428,15.7,1094.92,6772.37,0,41.3,32,0
902429,18.1,645.46,5779.56,2,3.8,56,0
902430,4.4,1472.42,1826.98,0,7.9,18,0
902431,1.5,1926.07,1848.15,0,1.2,41,0
902432,11.5,996.72,100.0,1,9.5,41,0
902433,26.8,1145.01,3578.66,0,5.2,54,0
902434,2.4,1240.04,1257.79,1,4.7,22,0
902435,199.0,1456.94,7808.34,0,2.2,56,0
902436,11.1,1674.07,8096.96,0,9.1,28,0
902437,24.8,1144.84,4060.05,2,10.0,36,0
902438,9.0,873.16,478.58,1,15.9,56,0
902439,21.8,2171.92,2440.56,1,3.6,51,0
902440,37.0,785.76,4244.61,0,7.4,33,0
902441,16.8,869.9,1411.58,0,0.6,65,0
902442,74.3,1006.36,4235.49,0,1.2,40,0
902443,4.6,936.94,1252.05,0,1.9,30,0
902444,14.9,1391.56,1901.03,0,10.8,72,0
902445,25.0,773.8,4165.55,1,14.0,32,0
902446,5.2,1651.93,1410.61,2,4.3,69,0
902447,16.9,792.41,3385.64,4,10.0,55,0
902448,88.3,908.39,1056.41,1,3.4,46,0
902449,137.0,1846.89,3403.6,1,3.3,78,0
902450,100.1,1166.21,1130.57,0,7.5,73,0
902451,41.1,1507.6,4383.05,0,24.9,62,0
902452,33.8,1175.93,2255.99,2,8.0,43,0
902453,57.6,1467.01,2785.82,0,70.4,43,0
902454,80.6,1146.97,4751.68,1,6.9,68,0
902455,4.2,2034.71,3493.7,0,5.0,63,0
902456,58.4,719.48,5463.89,0,6.3,63,0
902457,1.0,1093.0,5283.57,0,20.7,20,0
902458,4.4,1131.81,1792.93,1,5.9,48,0
902459,172.6,1912.07,100.0,1,6.9,22,0
902460,68.4,776.03,682.1,1,13.2,38,0
902461,25.6,776.83,1798.99,0,25.5,50,0
902462,194.9,1810.13,4745.06,1,13.1,35,0
902463,80.6,1452.63,268.91,0,10.3,63,0
902464,36.1,1178.05,2461.51,1,5.8,50,0
902465,138.1,1143.98,6611.36,0,0.3,24,0
902466,10.6,1135.18,1587.34,1,1.0,19,0
902467,16.6,1343.21,4270.68,0,5.1,71,0
902468,79.8,1381.21,5150.27,3,25.4,24,0
902469,13.6,1334.75,5854.77,0,18.6,45,0
902470,157.7,1199.14,6536.73,1,5.2,54,0
902471,16.6,848.11,1085.32,0,1.9,57,0
902472,240.0,760.6,5406.46,0,4.5,51,0
902473,37.1,1013.96,6840.41,0,3.9,35,0
902474,27.3,1352.77,3271.28,0,1.8,30,0
902475,65.7,2048.16,2440.34,1,0.7,37,0
902476,162.1,1090.05,735.63,2,6.1,33,0
902477,16.0,743.55,5887.8,0,0.3,55,0
902478,6.3,1386.81,8504.02,0,6.8,45,0
902479,23.4,993.57,2862.47,0,1.0,20,0
902480,11.8,1627.53,3692.41,0,0.0,31,0
902481,60.9,1476.23,4215.23,0,16.4,28,0
902482,113.1,1545.86,5346.87,2,33.7,40,0
902483,69.5,1342.65,5493.16,1,11.0,69,0
902484,148.8,1149.43,4566.77,3,38.2,32,0
902485,65.0,1510.48,2366.34,0,3.2,40,0
902486,4.8,1687.29,6108.89,0,1.6,25,0
902487,32.3,1004.57,3066.65,0,33.1,34,0
902488,32.4,1076.32,4007.87,2,11.0,35,0
902489,17.5,865.32,100.0,1,43.0,77,0
902490,37.7,557.36,4257.45,1,0.5,61,0
902491,28.7,822.04,3589.67,0,15.6,43,0
902492,67.1,416.51,5301.64,0,22.6,45,0
902493,47.4,978.28,2610.79,1,16.5,46,0
902494,76.8,1695.44,100.0,1,13.3,78,0
902495,23.0,1150.85,2241.97,2,10.2,71,0
902496,5.5,1666.67,3043.45,0,2.4,29,0
902497,8.9,1264.89,7491.99,0,14.2,78,0
902498,122.9,2215.57,3552.91,1,4.7,40,0
902499,66.6,1256.56,1653.94,2,5.4,60,0
902500,150.7,1163.28,260.25,0,4.4,78,0
902501,10.3,897.77,1446.47,0,38.2,58,0
902502,37.1,1220.61,100.0,0,2.1,23,0
902503,25.4,1107.63,4870.05,0,8.3,21,0
902504,4.4,1419.32,1985.08,0,5.8,77,0
902505,77.0,859.77,6864.16,0,7.4,61,0
902506,210.1,1007.88,3437.72,1,2.1,44,0
902507,32.4,872.13,3210.94,2,5.8,51,0
902508,53.7,1179.13,319.27,0,8.3,39,0
902509,42.9,1547.83,1210.27,0,6.7,38,0
902510,2.7,1296.29,5018.22,1,8.8,54,0
902511,20.2,1417.07,100.0,0,5.4,30,0
902512,97.0,1576.26,2547.25,1,1.6,38,0
902513,14.4,1375.38,100.0,0,4.0,67,0
902514,6.7,1652.19,3918.27,0,1.1,62,0
902515,26.6,1801.82,8496.12,0,12.8,65,0
902516,50.1,693.88,100.0,0,11.0,71,0
902517,91.8,719.57,4836.27,1,6.2,43,0
902518,21.7,1084.41,2530.86,1,2.8,70,0
902519,60.6,1059.14,2859.3,0,7.5,34,0
902520,15.3,1351.95,4464.09,0,8.5,60,0
902521,101.4,784.73,1540.2,0,3.2,38,0
902522,35.5,1452.96,4755.08,1,14.9,44,0
902523,6.2,1479.43,3376.37,1,1.2,57,0
902524,7.0,1394.32,2476.89,0,0.6,34,0
902525,56.0,1355.55,4899.66,1,10.5,30,0
902526,40.9,1564.96,8394.16,2,8.1,63,0
902527,19.1,873.87,2681.43,1,12.6,37,0
902528,21.0,805.49,4042.0,3,16.6,28,0
902529,71.1,731.97,100.0,0,9.8,51,0
902530,27.0,1296.64,8028.25,0,5.0,57,0
902531,2.4,1316.04,2217.55,0,16.4,54,0
902532,50.8,418.73,2659.8,1,13.8,74,0
902533,58.1,339.12,5975.49,1,3.4,52,1
902534,8.3,1215.82,2815.22,0,18.1,54,0
902535,91.5,627.62,4205.58,2,8.7,67,0
902536,73.1,582.35,2424.32,0,0.2,30,0
902537,18.4,1451.9,2206.42,1,1.0,63,0
902538,45.2,1436.67,4036.06,1,7.7,41,0
902539,13.3,1061.79,4687.91,1,12.1,49,0
902540,2.3,675.59,100.0,0,16.6,50,0
902541,13.6,1714.99,5382.11,1,33.1,28,0
902542,6.6,2087.05,5973.04,0,5.4,79,0
902543,220.8,2154.45,2063.93,0,1.1,60,0
902544,9.0,1419.46,7470.81,1,2.8,42,0
902545,125.4,1220.9,100.0,0,4.3,64,0
902546,46.3,1331.88,7169.17,0,3.5,42,0
902547,17.7,1234.66,8363.67,0,29.8,25,0
902548,11.8,620.64,4960.43,0,17.9,43,0
902549,51.3,1034.64,3204.7,1,13.6,45,0
902550,11.1,1625.27,3620.45,0,35.3,22,0
902551,77.1,1651.89,2443.67,0,1.2,25,0
902552,24.6,894.6,5124.2,2,7.2,72,0
902553,1.1,1428.18,1519.78,0,0.3,44,0
902554,82.1,671.66,1298.02,0,2.2,37,0
902555,42.3,1596.73,100.0,0,11.3,70,0
902556,18.4,872.11,4133.3,4,1.6,68,1
902557,59.9,1471.15,969.1,2,5.7,39,0
902558,27.1,1416.22,4480.07,0,5.1,51,0
902559,98.3,1563.23,2699.69,0,6.2,69,0
902560,13.1,804.05,4237.14,0,2.9,47,0
902561,66.7,300.0,5502.97,1,3.7,53,1
902562,20.9,1129.27,4893.5,0,4.8,56,0
902563,44.9,1188.11,1443.49,1,1.7,49,0
902564,7.6,1102.45,100.0,0,2.5,54,0
902565,55.6,440.91,6916.41,0,3.6,29,0
902566,7.8,955.73,2830.14,0,0.7,65,0
902567,79.9,1494.89,858.27,0,14.6,45,0
902568,9.7,1279.56,6346.03,0,7.1,61,0
902569,7.8,931.53,100.0,1,27.8,54,0
902570,2.6,1398.46,2701.21,2,0.5,36,0
902571,134.5,1243.69,4471.42,0,0.2,44,0
902572,131.5,1712.22,6482.26,0,13.8,65,0
902573,24.5,1558.24,5920.57,0,21.7,75,0
902574,75.1,967.47,4546.76,2,6.8,47,0
902575,45.0,1292.89,3455.47,0,10.9,34,0
902576,44.7,1190.12,5746.43,0,13.7,68,0
902577,45.2,1368.91,4762.65,1,0.2,41,0
902578,28.6,1709.59,5798.09,0,61.9,67,0
902579,187.4,1425.06,3128.86,1,8.7,33,0
902580,12.1,1385.2,100.0,0,25.0,54,0
902581,9.5,803.83,4913.95,1,1.0,27,0
902582,33.7,885.64,3408.6,2,10.3,44,0
902583,68.2,1622.02,4225.73,0,5.6,78,0
902584,20.2,1504.8,4092.56,3,14.9,25,0
902585,125.3,1000.96,4404.55,1,7.4,43,0
902586,15.0,1115.51,5224.14,1,0.3,66,0
902587,80.2,970.27,2036.48,0,2.2,32,0
902588,12.5,1787.62,3500.33,2,12.8,24,0
902589,8.2,1025.63,1084.0,1,26.9,75,0
902590,14.9,681.15,2065.8,0,1.4,64,0
902591,55.5,774.37,2881.9,0,6.4,65,0
902592,19.7,1380.64,1187.34,1,16.4,25,0
902593,119.9,841.44,2905.25,0,5.2,69,0
902594,59.7,1669.57,7937.42,0,53.0,18,0
902595,39.8,1362.48,100.0,2,19.4,54,0
902596,34.5,1540.89,100.0,2,3.9,70,0
902597,90.7,1157.8,100.0,0,7.8,76,0
902598,30.1,1503.68,2393.2,2,17.2,32,0
902599,80.9,1874.43,4636.55,1,17.1,18,0
902600,29.0,920.55,4438.74,0,0.0,25,0
902601,74.9,1027.79,1521.73,0,4.2,53,0
902602,11.4,993.37,100.0,0,3.2,43,0
902603,10.2,802.96,3263.8,0,14.9,79,0
902604,32.3,1923.54,5413.81,1,3.3,51,0
902605,90.5,1287.98,6976.16,0,12.2,77,0
902606,2.0,1484.12,3047.43,0,3.6,62,0
902607,59.4,962.86,5593.84,0,4.4,77,0
902608,45.5,688.98,3681.02,0,3.4,38,0
902609,106.8,300.0,4530.86,2,10.1,56,1
902610,41.4,1204.21,3325.75,1,0.7,54,0
902611,14.5,799.62,100.0,1,5.9,31,0
902612,75.1,1213.09,6641.47,1,0.4,48,0
902613,2.7,1149.72,726.58,0,33.8,76,0
902614,67.2,1217.5,4559.54,1,6.1,21,0
902615,15.2,2046.59,3762.91,0,5.5,53,0
902616,32.0,898.7,1382.58,1,13.8,21,0
902617,70.7,1205.65,100.0,2,10.0,79,0
902618,11.1,1111.95,3339.87,1,7.6,56,0
902619,124.1,721.18,1077.74,2,17.7,45,0
902620,12.0,1104.09,4312.59,1,7.2,79,0
902621,88.3,1202.0,5781.73,2,18.5,53,0
902622,146.9,682.61,5078.94,1,7.8,45,0
902623,29.6,1318.16,5976.92,0,8.5,60,0
902624,78.1,897.49,6484.89,5,10.1,53,0
902625,39.6,1269.38,8063.37,2,12.9,31,0
902626,51.0,1507.76,968.26,1,1.5,78,0
902627,58.7,1522.49,5378.71,0,56.8,70,0
902628,43.9,2057.1,828.44,0,3.7,48,0
902629,89.4,1161.71,3041.65,0,4.5,72,0
902630,23.5,828.92,2445.21,2,5.5,27,0
902631,152.9,1546.36,3653.41,1,4.3,45,0
902632,8.2,1454.84,5220.74,1,9.9,68,0
902633,52.7,1068.1,8395.16,1,4.9,40,0
902634,18.6,918.46,3709.7,0,1.1,41,0
902635,42.6,621.58,222.26,1,31.4,26,0
902636,98.1,1001.88,2695.07,0,9.1,66,0
902637,59.8,1062.67,5232.01,0,3.5,19,0
902638,1.0,1239.08,914.8,0,1.7,24,0
902639,97.7,1658.32,6626.62,1,0.7,35,0
902640,54.7,837.8,2290.25,0,0.9,23,0
902641,30.4,397.06,5855.46,0,1.5,21,1
902642,14.9,1436.73,2611.69,1,2.1,42,0
902643,10.4,1498.01,8753.5,1,3.6,24,0
902644,9.6,1187.02,3176.99,3,18.1,48,0
902645,1.1,762.01,7069.0,0,3.6,48,1
902646,30.5,850.26,1428.18,1,6.2,31,0
902647,89.3,755.96,5655.23,1,3.7,27,0
902648,17.3,1758.7,8519.75,0,8.4,70,0
902649,3.1,369.99,2069.44,1,3.6,35,1
902650,55.1,1036.19,2874.77,0,10.8,75,0
902651,9.4,1402.34,851.39,1,11.5,46,0
902652,6.0,1230.43,8102.67,0,19.2,61,0
902653,21.4,1060.0,100.0,0,3.3,79,0
902654,29.0,1368.25,100.0,0,3.6,62,0
902655,15.6,1203.01,762.07,0,7.4,52,0
902656,47.5,795.53,4774.76,0,23.9,48,0
902657,93.0,1399.77,1360.51,0,0.2,61,0
902658,21.8,1191.95,100.0,0,7.9,37,0
902659,14.6,664.12,100.0,1,6.1,60,0
902660,7.8,1470.31,4126.98,0,0.6,28,0
902661,7.8,1598.99,4436.83,0,3.2,23,0
902662,124.6,832.45,3836.43,0,15.3,43,0
902663,44.7,702.45,260.49,1,13.2,76,0
902664,37.7,2008.73,8699.91,1,8.0,76,0
902665,19.9,1172.38,1975.29,0,2.5,70,0
902666,7.0,1040.96,1146.66,0,5.3,31,0
902667,4.8,948.79,823.67,0,18.8,26,0
902668,10.4,1577.82,5948.72,2,2.9,46,0
902669,54.2,1087.09,100.0,0,19.9,65,0
902670,10.5,878.14,100.0,0,16.9,67,0
902671,25.9,1212.65,100.0,2,3.2,43,0
902672,9.8,1251.87,2617.94,1,16.6,41,0
902673,4.5,1078.1,7885.12,1,10.9,30,0
902674,102.4,1588.54,3010.9,0,0.7,27,0
902675,38.2,995.68,396.8,2,1.0,32,0
902676,19.0,1449.15,5551.7,1,0.8,45,0
902677,5.0,1361.8,2426.12,0,0.9,67,0
902678,23.4,808.92,3073.4,0,1.8,57,0
902679,7.8,1045.85,3636.46,0,17.9,35,0
902680,56.6,839.26,9030.14,0,12.4,40,0
902681,45.3,1043.25,1693.16,0,10.0,65,0
902682,26.4,1345.51,3127.47,1,5.4,61,0
902683,70.6,1636.7,5354.71,1,0.0,73,0
902684,54.4,710.98,5851.54,1,35.9,65,0
902685,116.9,1197.38,3312.88,0,17.6,52,0
902686,14.9,450.24,6987.25,0,7.4,27,1
902687,18.6,1404.32,3513.2,0,40.6,42,0
902688,14.8,987.94,3492.31,0,14.2,38,0
902689,13.6,558.76,3042.55,0,3.2,27,0
902690,160.3,633.08,6452.58,1,4.0,35,0
902691,34.8,1062.6,5663.72,1,11.7,39,0
902692,11.6,753.57,100.0,2,6.6,34,0
902693,67.5,1801.05,6150.69,2,10.1,56,0
902694,8.5,1461.04,3202.46,0,14.8,37,0
902695,67.5,621.24,2632.08,0,1.9,38,0
902696,107.9,909.81,6094.57,0,1.5,60,0
902697,14.7,1846.45,4583.97,1,11.2,26,0
902698,5.4,1276.86,859.17,1,16.7,70,0
902699,44.8,747.86,2080.51,2,21.4,48,0
902700,7.1,1232.37,4118.36,0,4.1,29,0
902701,25.8,1117.34,9930.91,0,4.2,32,0
902702,38.8,1453.62,3206.88,0,7.0,60,0
902703,23.0,1430.14,100.0,1,12.9,55,0
902704,100.6,1204.25,1782.96,1,6.6,51,0
902705,57.5,1459.82,1610.39,1,1.8,68,0
902706,4.8,1648.62,1964.99,1,10.7,74,0
902707,39.6,1586.88,5143.58,0,14.5,45,0
902708,69.3,1804.78,3471.59,1,0.5,47,0
902709,53.3,644.51,1615.17,0,5.1,67,0
902710,62.2,705.18,530.3,0,12.0,68,0
902711,28.4,1262.84,368.39,2,27.4,33,0
902712,46.5,1134.82,5702.32,2,0.2,58,0
902713,86.1,1488.83,101.81,0,10.7,48,0
902714,10.0,810.16,2971.27,3,5.4,22,0
902715,12.1,1011.32,4245.48,1,15.8,23,0
902716,37.6,1881.66,3497.99,0,5.0,68,0
902717,38.2,1555.57,985.44,0,9.1,63,0
902718,1.0,1673.95,5524.83,0,17.3,21,0
902719,9.2,1087.75,8033.57,0,17.8,71,0
902720,97.1,1485.3,1691.85,0,29.4,61,0
902721,109.6,733.95,1602.62,0,0.1,67,0
902722,64.3,1470.12,1831.2,1,7.5,29,0
902723,41.4,1686.77,848.1,0,11.9,42,0
902724,19.7,957.99,100.0,0,8.2,28,0
902725,18.9,1266.35,5681.33,1,7.1,78,0
902726,8.7,1293.05,100.0,1,49.1,49,0
902727,8.6,1110.75,1267.99,0,23.8,38,0
902728,90.6,1076.08,5595.31,1,10.3,41,0
902729,27.0,448.99,6810.23,0,5.0,27,1
902730,91.4,1015.32,838.13,1,13.5,58,0
902731,29.1,1286.17,6611.67,2,5.7,46,0
902732,117.2,1112.99,3461.72,3,17.0,61,0
902733,41.4,1747.71,6033.97,0,0.7,21,0
902734,3.5,300.0,3648.66,1,8.7,60,0
902735,1.7,1296.39,6814.44,2,1.0,32,1
902736,32.0,316.95,1631.81,3,10.1,48,0
902737,69.8,985.77,5117.76,0,16.7,24,0
902738,7.4,1123.52,100.0,1,17.2,64,0
902739,33.3,900.6,2902.12,2,19.8,45,0
902740,22.9,877.81,5972.54,0,34.3,57,0
902741,17.4,782.8,4453.68,0,34.3,34,0
902742,36.2,352.49,1305.56,0,8.9,30,0
902743,8.6,1319.29,3133.2,0,1.0,74,0
902744,36.1,1155.82,2691.83,1,6.8,43,0
902745,20.6,606.59,2374.51,0,34.7,49,0
902746,52.1,1436.18,3653.52,1,2.8,56,0
902747,47.9,342.04,100.0,0,2.0,79,0
902748,128.5,1853.46,3909.59,0,25.3,74,0
902749,23.1,626.23,2818.99,0,32.6,26,0
902750,4.1,1296.79,2256.66,1,22.2,37,0
902751,115.9,1134.95,4907.86,0,6.3,53,0
902752,1.6,996.75,7822.24,2,33.8,33,0
902753,52.1,623.15,1899.44,0,7.0,18,0
902754,77.3,1456.62,8141.86,1,4.2,33,0
902755,22.8,1353.5,3652.17,0,27.0,25,0
902756,10.3,990.43,1781.97,1,7.9,61,0
902757,91.8,2113.67,6504.52,1,8.0,32,0
902758,1.0,960.69,3484.49,1,4.3,65,0
902759,8.7,854.75,100.0,1,0.5,21,0
902760,3.9,399.73,754.2,0,48.2,19,0
902761,1.0,1139.78,7309.67,0,1.4,33,0
902762,19.2,1214.41,255.76,0,3.9,18,0
902763,1.3,1081.62,4512.95,0,1.4,71,0
902764,1.8,1714.43,2140.48,1,16.1,31,0
902765,65.4,765.01,5143.95,0,4.4,40,0
902766,27.9,1335.43,2542.87,0,15.0,42,0
902767,96.3,1415.78,5228.3,0,6.0,38,0
902768,3.0,1246.59,6144.64,0,0.6,67,1
902769,7.4,1066.77,2871.09,2,2.8,24,0
902770,192.8,1053.95,3639.57,0,1.6,65,0
902771,83.0,1593.5,2953.47,0,12.1,46,0
902772,64.0,1376.18,3714.62,0,1.8,69,0
902773,28.5,919.24,404.32,0,1.0,37,0
902774,10.8,984.01,980.65,1,7.7,49,0
902775,85.0,1215.93,5620.48,0,15.7,35,0
902776,23.1,711.31,3552.44,0,19.7,22,0
902777,57.1,1320.34,800.97,0,19.4,53,0
902778,37.8,1997.34,321.61,1,0.5,41,0
902779,4.3,1172.28,4356.98,0,4.1,51,0
902780,15.3,1340.3,1903.37,1,0.3,54,0
902781,48.7,1419.7,3025.61,0,28.6,57,0
902782,31.0,811.9,9155.17,0,0.3,71,0
902783,69.6,1716.67,100.0,1,15.1,59,0
902784,36.1,919.14,7962.24,0,4.2,45,0
902785,28.9,1031.57,5990.97,0,3.5,45,0
902786,67.2,592.35,7400.25,1,1.8,19,1
902787,21.3,461.99,387.3,0,14.8,33,0
902788,16.0,2212.53,865.66,1,9.1,54,0
902789,30.1,1344.9,1509.26,0,5.4,72,0
902790,6.2,1672.98,884.39,0,28.6,70,0
902791,45.8,1631.88,2825.83,2,8.4,21,0
902792,15.3,440.28,7703.55,0,7.2,73,1
902793,37.5,1000.72,4279.2,1,20.0,36,0
902794,17.9,1181.11,5662.35,1,10.6,53,0
902795,18.4,701.81,3903.45,0,11.8,55,0
902796,2.1,1926.37,6641.86,0,40.3,77,0
902797,1.0,1307.46,5774.98,1,8.1,57,0
902798,1.0,1283.59,6538.08,0,2.1,50,1
902799,21.4,317.69,1463.41,1,4.9,72,0
902800,108.2,1351.65,5595.12,0,11.6,79,0
902801,8.3,700.27,4400.25,1,9.9,30,0
902802,211.9,1469.14,3923.98,2,3.2,28,0
902803,17.6,1217.37,1308.18,1,10.6,23,0
902804,17.2,2162.71,4108.31,0,27.9,57,0
902805,128.3,1985.36,6225.81,0,10.0,53,0
902806,42.6,775.82,1190.66,1,1.9,54,0
902807,197.8,1072.56,2726.69,1,2.7,18,0
902808,33.4,2054.84,6846.45,0,17.1,64,0
902809,10.4,1364.28,7423.37,0,2.0,54,0
902810,10.1,1614.56,5782.39,1,10.3,37,0
902811,61.5,715.47,2860.22,0,4.0,55,0
902812,31.4,1133.96,2599.03,0,27.1,52,0
902813,83.6,1291.71,2792.66,0,9.2,37,0
902814,57.9,1235.84,4849.43,0,0.3,51,0
902815,3.8,1102.75,4647.79,2,6.4,30,0
902816,45.1,897.87,9974.77,1,1.5,73,1
902817,96.6,726.96,3833.92,0,8.0,66,0
902818,1.4,1309.94,3839.04,0,2.1,50,0
902819,14.0,1812.89,1258.62,1,20.0,39,0
902820,165.0,1525.72,2495.1,0,3.7,56,0
902821,5.9,755.04,2157.65,0,7.3,60,0
902822,36.5,1025.53,6019.08,3,3.0,70,0
902823,40.5,1718.69,3384.13,1,4.1,53,0
902824,46.2,1672.71,5173.08,0,19.6,64,0
902825,123.5,1421.7,4015.63,1,2.0,74,0
902826,2.1,877.69,3832.98,0,7.2,54,0
902827,72.3,1049.67,6224.09,0,8.9,60,0
902828,67.8,1210.06,2430.1,0,51.2,38,0
902829,3.5,1248.37,4851.16,0,1.4,56,0
902830,12.6,1840.1,9277.67,1,18.0,39,0
902831,2.0,1070.12,5264.2,1,1.4,68,1
902832,43.3,860.48,401.77,0,4.8,25,0
902833,23.1,506.32,3539.41,0,0.5,65,0
902834,88.6,1687.99,3357.7,0,24.2,33,0
902835,62.3,1412.9,6653.7,1,28.8,36,0
902836,1.0,812.92,1323.35,1,6.2,49,0
902837,17.2,1437.45,3581.22,1,7.0,52,0
902838,13.0,1078.43,6232.88,1,21.4,79,0
902839,3.0,1556.83,1804.88,0,16.2,37,0
902840,8.8,1512.25,2285.15,0,4.4,37,0
902841,42.2,460.38,6722.42,1,4.1,31,1
902842,1.0,1296.74,2493.36,1,24.1,75,0
902843,91.9,1333.46,100.0,0,9.5,20,0
902844,18.6,1530.47,3706.29,2,0.9,20,0
902845,15.5,868.66,1608.57,0,1.8,40,0
902846,40.9,977.12,2461.8,1,37.8,70,0
902847,1.9,1343.77,4410.61,1,7.2,55,0
902848,31.3,977.78,5981.06,1,7.1,23,0
902849,25.0,914.71,485.81,1,8.5,60,0
902850,51.3,820.91,2205.43,0,7.0,35,0
902851,75.4,1012.42,2208.04,3,8.8,61,0
902852,9.7,671.15,100.0,1,5.3,77,0
902853,84.6,1529.34,3688.28,0,4.3,67,0
902854,42.9,699.32,2854.79,0,1.2,64,0
902855,7.6,1388.21,5546.34,0,20.9,34,0
902856,104.2,1526.94,4219.91,1,11.4,51,0
902857,46.1,884.72,2293.84,0,6.9,52,0
902858,25.7,1029.09,2565.17,1,7.2,27,0
902859,17.9,1443.35,4192.84,2,3.5,65,0
902860,16.9,802.79,100.0,0,6.5,20,0
902861,9.1,1482.91,8338.54,0,5.0,73,0
902862,21.0,1489.53,6978.53,0,4.9,36,0
902863,71.1,1458.93,8532.95,1,6.9,42,0
902864,37.8,1281.09,7497.94,0,18.9,70,0
902865,17.4,616.88,6541.27,0,11.1,56,0
902866,2.4,887.12,1503.92,0,0.5,24,0
902867,4.6,1672.98,1952.9,2,0.5,69,0
902868,8.8,871.89,7880.77,1,9.5,66,0
902869,18.3,1178.93,498.78,0,15.2,28,0
902870,1.0,1115.79,3286.08,1,30.5,46,0
902871,12.6,300.0,1251.55,0,21.2,22,0
902872,68.2,1663.49,2819.11,2,5.1,79,0
902873,4.9,1357.97,5479.41,1,10.2,45,0
902874,112.8,1790.94,2304.25,1,3.0,69,0
902875,40.9,1089.27,2843.24,0,2.6,39,0
902876,6.0,1172.51,2096.13,0,0.1,68,0
902877,31.2,859.87,5117.44,0,6.6,20,0
902878,63.3,629.78,6500.8,0,14.9,27,0
902879,20.8,1414.84,4259.99,2,21.7,79,0
902880,63.6,1000.23,6326.21,0,22.3,21,0
902881,27.4,817.99,1586.49,1,7.8,20,0
902882,52.6,1052.08,723.43,0,54.5,55,0
902883,12.1,1143.68,4726.33,0,0.9,65,0
902884,4.9,1170.92,7670.77,0,36.0,70,0
902885,54.4,724.69,120.52,2,5.6,46,0
902886,77.9,1022.65,4841.85,0,19.0,73,0
902887,65.8,1016.31,4489.34,0,3.4,63,0
902888,36.6,479.75,907.72,0,6.6,78,0
902889,45.9,1057.79,100.0,2,17.5,34,0
902890,28.3,547.56,2457.0,0,2.8,38,0
902891,148.2,300.0,3849.46,1,0.5,79,1
902892,35.9,984.31,5019.37,1,2.3,56,0
902893,21.2,1773.06,2541.3,1,10.6,23,0
902894,86.3,1176.83,2596.29,0,3.5,76,0
902895,69.7,1744.04,6660.48,0,0.9,45,0
902896,59.9,1447.39,4604.69,0,5.4,37,0
902897,15.9,1132.07,1841.97,1,12.4,57,0
902898,42.9,1008.84,2755.75,0,17.0,65,0
902899,25.3,909.79,2971.81,2,1.4,21,0
902900,44.5,1439.28,6794.12,0,15.9,35,0
902901,61.5,1389.72,4454.09,1,7.3,24,0
902902,80.6,1361.44,3670.42,0,0.7,73,0
902903,27.4,1097.63,7784.47,0,0.9,62,0
902904,5.8,2140.78,6826.17,0,4.1,29,0
902905,35.7,1503.38,7056.84,0,0.6,28,0
902906,10.4,1221.56,252.61,0,1.4,77,0
902907,22.7,1762.63,7005.33,1,26.6,40,0
902908,67.4,1238.6,1218.05,0,14.9,47,0
902909,7.5,584.87,2960.64,0,12.1,32,0
902910,33.7,844.67,2513.91,2,1.6,29,0
902911,46.9,1632.3,7104.41,1,0.5,25,0
902912,73.6,1576.16,4015.71,2,6.2,50,0
902913,1.1,774.57,3017.03,0,0.4,27,0
902914,23.6,1589.4,3207.07,1,1.3,20,0
902915,124.0,1409.55,5748.27,0,4.5,72,0
902916,34.8,1240.95,100.0,0,10.5,37,0
902917,14.9,1093.6,2984.33,2,54.2,57,0
902918,36.2,1286.08,6067.72,0,7.8,44,0
902919,80.7,1649.91,8415.99,0,20.6,71,0
902920,15.9,1369.4,4798.11,0,1.9,67,0
902921,40.3,1506.55,8422.58,0,5.9,43,0
902922,31.8,1126.82,3963.5,3,4.1,74,0
902923,33.1,1491.59,5376.47,0,4.3,50,0
902924,50.8,1263.58,3401.4,1,10.8,35,0
902925,15.3,1289.19,3092.38,1,0.7,31,0
902926,9.8,923.19,5634.3,0,20.4,60,0
902927,9.3,1696.85,7518.4,1,41.7,71,0
902928,9.6,1888.81,436.17,1,0.0,33,0
902929,1.0,1472.46,4331.96,0,11.7,35,0
902930,2.0,908.03,1610.91,1,1.0,79,0
902931,8.3,1931.72,5746.8,0,11.0,76,0
902932,22.6,532.52,442.1,0,26.7,22,0
902933,132.0,393.11,1359.44,1,17.2,46,0
902934,81.7,1407.48,6509.36,0,1.2,36,0
902935,44.2,1763.6,7542.09,0,2.2,40,0
902936,3.7,1202.89,100.0,1,8.4,77,0
902937,24.0,1715.53,521.54,0,2.1,62,0
902938,9.8,1188.2,2201.17,0,1.9,62,0
902939,4.9,996.25,1692.53,0,12.5,61,0
902940,94.0,863.9,5197.72,0,32.0,75,0
902941,43.6,1415.35,3781.99,0,7.3,70,0
902942,1.6,910.2,2158.86,0,15.3,51,0
902943,6.5,914.13,2926.8,0,3.0,29,0
902944,240.0,1469.15,1178.6,0,7.0,30,0
902945,15.1,1226.06,5240.55,0,13.2,60,0
902946,32.4,1218.82,1859.14,0,9.7,54,0
902947,71.9,772.15,3301.15,0,10.6,73,0
902948,3.1,822.62,3207.63,0,8.6,25,0
902949,46.6,1136.02,950.58,0,0.8,18,0
902950,1.4,1075.52,4333.94,0,6.9,53,0
902951,28.8,1432.45,549.59,2,9.5,56,0
902952,5.9,1118.63,1375.29,1,2.8,76,0
902953,170.3,1045.58,6548.51,2,2.0,45,0
902954,38.8,1090.52,4394.75,0,6.8,23,0
902955,1.0,1025.96,6561.92,1,7.9,74,0
902956,22.0,1205.61,5321.64,0,16.8,40,0
902957,1.0,1798.25,4057.69,0,1.2,40,0
902958,6.0,1338.62,3816.63,1,2.8,74,0
902959,7.6,1600.9,5438.01,1,24.9,47,0
902960,14.4,1239.53,100.0,0,0.3,35,0
902961,188.5,1446.01,970.92,0,3.1,70,0
902962,105.6,1176.21,3272.08,2,6.5,36,0
902963,36.9,485.12,100.0,0,13.7,74,0
902964,15.0,1427.44,5828.2,0,3.1,61,0
902965,60.0,693.17,6361.94,3,0.6,27,0
902966,33.2,944.03,100.0,0,8.0,54,0
902967,48.2,1005.84,1809.38,2,7.3,74,0
902968,34.0,1545.81,2098.6,1,23.1,66,0
902969,35.1,831.23,1063.99,1,8.8,30,0
902970,21.9,1323.72,3531.8,0,2.1,26,0
902971,42.7,866.71,3951.37,0,8.4,43,0
902972,35.7,1183.56,3044.24,1,1.7,32,0
902973,197.1,1253.85,6144.89,0,6.7,49,0
902974,48.4,902.84,2088.56,0,7.5,38,0
902975,28.2,1109.81,8112.56,0,5.7,30,0
902976,239.7,1074.11,1683.09,0,22.2,77,0
902977,4.0,1718.43,926.39,1,28.9,32,0
902978,99.9,1409.37,4094.58,2,1.0,67,0
902979,21.9,1392.87,4028.41,1,1.7,39,0
902980,6.6,1361.62,1516.02,2,4.0,57,0
902981,17.5,1135.14,4459.48,1,0.7,45,0
902982,34.7,1555.56,2828.18,0,2.1,30,0
902983,6.6,1510.06,1923.45,0,3.3,25,0
902984,14.9,1446.07,1189.81,0,10.3,48,0
902985,35.9,1390.62,8932.51,0,13.5,54,0
902986,78.9,460.37,100.0,0,1.6,21,0
902987,38.0,820.77,1545.38,0,5.5,58,0
902988,20.4,1613.61,1406.84,1,3.2,72,0
902989,50.4,810.07,1382.59,1,5.0,79,0
902990,5.2,1409.36,4108.82,0,1.9,57,0
902991,13.2,1206.3,2116.11,2,2.7,21,0
902992,29.5,807.3,5177.65,0,4.4,49,0
902993,27.3,820.02,2404.15,1,3.3,63,0
902994,31.7,778.18,4411.87,1,0.7,57,0
902995,19.5,550.77,4838.01,2,17.5,56,0
902996,6.6,977.26,4403.16,0,11.6,40,0
902997,1.0,391.3,2975.65,0,15.8,59,0
902998,48.3,762.93,6875.4,0,13.1,46,0
902999,106.0,1662.31,6164.31,1,17.0,35,0
903000,21.9,968.16,1326.89,2,1.9,79,0
903001,110.9,1656.9,6585.46,0,4.2,57,0
903002,82.5,1873.56,5548.88,2,12.6,74,0
903003,187.9,1075.14,3405.94,0,1.6,33,0
903004,60.7,1087.0,2785.81,0,6.3,54,0
903005,20.5,1175.98,2678.58,0,1.8,25,0
903006,215.2,1516.21,6240.74,0,0.9,57,0
903007,17.8,1103.89,1654.46,0,21.9,53,0
903008,6.2,1441.3,4867.47,0,16.1,31,0
903009,10.8,1182.83,6309.61,0,0.8,64,0
903010,10.9,846.86,1757.67,1,12.5,64,0
903011,32.1,1569.43,4078.35,0,20.8,31,0
903012,43.7,1222.68,2390.68,0,1.8,72,0
903013,38.0,698.52,5601.57,1,8.4,70,0
903014,15.3,1023.16,3426.5,0,16.1,75,0
903015,37.4,1332.97,2018.92,1,16.0,63,0
903016,138.9,1704.4,1670.46,1,9.7,56,0
903017,7.1,1669.48,2995.08,0,5.9,56,0
903018,76.0,1175.55,4069.62,2,23.6,68,0
903019,5.9,1600.85,1092.05,1,2.4,32,0
903020,64.5,1021.24,1849.84,0,0.8,21,0
903021,7.7,1488.26,1709.25,0,0.9,22,0
903022,58.1,1088.86,5856.08,1,12.6,41,0
903023,29.6,1127.14,6433.46,0,0.1,73,0
903024,55.0,1240.04,2727.25,1,32.9,44,0
903025,112.1,757.34,100.0,0,7.9,23,0
903026,8.8,1259.62,100.0,2,45.0,29,0
903027,47.4,1495.44,5243.3,2,3.1,36,0
903028,52.5,1106.62,5119.15,0,5.1,19,0
903029,33.2,635.88,4952.06,1,14.1,42,0
903030,6.1,1356.84,2563.1,0,5.6,24,0
903031,16.3,2117.26,1928.93,0,17.5,20,0
903032,60.2,1463.33,5276.59,0,11.0,32,0
903033,14.7,1087.03,1724.85,2,5.6,35,0
903034,54.8,1735.09,4405.86,0,9.6,23,0
903035,63.7,875.09,2266.7,0,25.5,26,0
903036,52.2,300.0,5984.82,1,17.0,35,1
903037,14.3,593.43,100.0,0,1.7,59,0
903038,20.5,999.11,4780.34,0,4.2,27,0
903039,44.6,702.28,4570.31,0,12.9,70,0
903040,6.9,1695.1,1828.1,1,3.3,27,0
903041,26.1,1141.66,4802.92,0,14.8,69,0
903042,117.4,1125.97,565.74,0,41.8,49,0
903043,77.6,1385.03,5780.82,1,5.6,34,0
903044,5.3,787.86,942.95,0,4.0,39,0
903045,1.0,1173.93,100.0,1,18.4,29,0
903046,38.5,1134.4,100.0,3,5.0,31,0
903047,157.9,1120.21,5430.32,1,1.5,65,0
903048,55.0,570.74,4338.64,1,11.3,68,0
903049,18.4,1511.33,5448.44,1,15.4,74,0
903050,32.3,954.79,2844.31,0,2.3,27,0
903051,30.5,1138.2,3869.1,2,23.1,59,0
903052,65.3,647.92,1930.98,0,22.1,43,0
903053,42.9,1188.01,2812.8,1,5.0,31,0
903054,45.2,1117.11,4854.42,0,14.2,75,0
903055,9.2,1113.89,3811.4,1,25.7,35,0
903056,3.0,1865.38,659.97,0,1.3,50,0
903057,1.2,1468.77,3023.52,1,3.2,79,0
903058,155.2,813.45,9471.95,2,12.9,44,1
903059,52.1,1079.59,6546.14,0,0.5,31,0
903060,73.7,1126.56,3162.37,0,12.5,26,0
903061,124.6,1353.51,3922.81,0,10.0,45,0
903062,32.6,1309.58,1024.7,0,15.3,66,0
903063,3.3,1506.27,4590.25,0,24.0,73,0
903064,117.0,1625.69,4615.14,0,0.8,65,0
903065,56.0,1750.29,4630.38,1,8.2,78,0
903066,19.3,1611.44,5648.89,0,7.9,46,0
903067,29.1,1731.01,2423.34,0,5.0,66,0
903068,13.5,1415.84,1920.89,0,5.4,23,0
903069,50.8,918.62,4897.61,0,10.6,51,0
903070,96.6,1019.52,2102.56,1,24.8,31,0
903071,13.1,1343.93,100.0,0,10.6,44,0
903072,22.7,1275.82,4387.18,0,6.2,27,0
903073,29.7,1373.43,842.0,0,11.4,25,0
903074,7.8,1033.52,7921.24,0,3.6,30,0
903075,25.1,1365.91,2869.66,0,47.9,66,0
903076,45.8,1398.07,5217.08,1,47.3,61,0
903077,17.6,985.37,4280.9,1,1.1,19,0
903078,66.0,1333.09,5887.06,0,0.9,20,0
903079,36.4,1682.83,1676.68,1,15.1,75,0
903080,21.1,670.84,100.0,2,14.0,52,0
903081,25.8,1096.75,6300.87,1,15.8,34,0
903082,47.0,1047.83,146.91,1,2.2,56,0
903083,2.0,1171.45,5529.86,0,5.1,33,0
903084,118.1,1066.68,1200.75,3,10.8,75,0
903085,24.4,1310.56,100.0,1,1.7,72,0
903086,50.4,882.21,641.35,1,6.3,50,0
903087,113.4,1988.68,1400.23,1,10.3,42,0
903088,4.5,696.89,3501.33,0,86.3,63,0
903089,40.2,1516.32,817.98,1,0.4,70,0
903090,11.4,1193.17,6369.54,1,0.6,22,0
903091,9.5,1175.61,2013.76,0,1.9,63,0
903092,35.2,729.15,5962.91,2,14.4,49,0
903093,64.0,527.19,6504.88,0,16.0,43,1
903094,27.4,1200.82,3832.91,0,3.5,63,0
903095,8.7,1095.27,7522.43,0,3.6,48,0
903096,39.8,738.15,6991.7,0,2.4,48,0
903097,12.1,1068.14,2141.0,1,8.0,40,0
903098,135.0,1319.92,4697.69,0,4.4,25,0
903099,25.3,640.48,209.41,0,6.8,34,0
903100,61.3,467.02,2539.57,1,1.7,56,0
903101,11.9,754.25,4791.09,1,7.1,68,0
903102,26.3,1241.65,6014.69,1,0.8,74,0
903103,6.2,918.88,3212.16,0,6.3,54,0
903104,100.1,962.89,4630.6,0,15.7,46,0
903105,125.6,1370.99,4299.95,0,3.4,55,0
903106,16.4,1446.1,1031.83,0,0.3,35,0
903107,14.1,935.26,7598.16,0,3.6,59,0
903108,77.9,1445.9,1835.34,3,8.8,42,0
903109,54.8,1349.11,5460.92,0,0.4,28,0
903110,31.1,906.43,100.0,0,8.1,65,0
903111,19.8,819.62,6266.22,1,11.9,52,0
903112,44.6,1406.39,2281.31,0,1.5,51,0
903113,11.1,672.28,3551.91,0,29.4,30,0
903114,39.2,1384.66,100.0,0,0.4,45,0
903115,52.2,1631.78,100.0,4,9.1,57,0
903116,88.7,1280.39,706.02,2,5.7,75,0
903117,23.9,581.43,6090.94,2,6.0,36,0
903118,11.7,1878.26,6470.81,0,11.8,41,0
903119,25.5,1037.26,3907.82,0,5.2,65,0
903120,13.7,1056.03,1014.04,0,28.5,70,0
903121,58.4,512.64,5389.61,0,18.5,38,0
903122,51.5,1122.67,100.0,1,10.1,27,0
903123,5.8,1159.61,2848.62,0,1.8,19,0
903124,1.8,1979.93,3651.28,0,22.3,49,0
903125,61.5,500.84,4732.39,0,6.5,53,0
903126,27.1,1509.93,5354.25,0,1.4,29,0
903127,49.1,1230.21,3606.13,1,8.5,18,0
903128,72.8,1759.32,3788.54,1,5.1,41,0
903129,7.0,819.61,100.0,1,10.1,74,0
903130,55.2,1363.01,4459.56,1,10.0,48,0
903131,42.5,830.24,539.54,0,0.6,32,0
903132,31.1,1703.88,1470.74,0,0.8,79,0
903133,40.0,786.71,3037.53,2,9.3,28,0
903134,19.5,1498.36,2936.5,0,3.4,23,0
903135,19.7,1545.76,1373.57,1,0.7,78,0
903136,11.0,1621.37,3978.73,0,27.1,52,0
903137,9.1,855.43,5140.63,0,8.0,29,0
903138,13.4,1302.74,5445.42,0,14.5,34,0
903139,21.2,710.93,5778.77,1,2.9,71,0
903140,16.0,1454.42,100.0,0,32.5,50,0
903141,27.5,1777.76,348.7,0,0.9,70,0
903142,15.3,737.53,6395.1,0,13.8,59,0
903143,19.3,1619.89,100.0,1,1.8,32,0
903144,84.8,1675.17,6199.01,0,25.2,57,0
903145,14.9,1067.12,2564.24,2,5.0,38,0
903146,1.0,1919.77,4337.18,0,24.4,26,0
903147,21.3,897.34,8996.49,1,0.4,38,0
903148,7.9,1071.99,3852.89,0,3.6,72,0
903149,4.1,1540.54,3821.59,0,9.1,61,1
903150,26.9,1111.56,6073.96,0,1.4,49,0
903151,1.9,1290.15,2798.37,1,4.0,25,0
903152,43.6,954.39,397.74,0,0.9,32,0
903153,11.0,685.88,1903.78,0,0.2,50,0
903154,16.2,1675.96,6081.9,0,4.8,39,0
903155,15.6,846.0,3725.34,0,14.4,20,0
903156,50.6,1348.92,3562.24,0,2.4,24,0
903157,18.3,1399.91,6050.0,1,4.8,41,0
903158,107.7,1087.56,3365.64,2,10.6,71,0
903159,92.0,1371.13,8716.95,0,1.7,79,0
903160,1.0,447.18,3002.49,2,37.5,35,0
903161,7.2,1070.73,3602.99,0,31.3,44,0
903162,21.2,1647.67,1444.95,1,20.8,50,0
903163,10.5,1017.93,3590.92,0,3.4,35,0
903164,32.8,1340.83,7537.09,1,2.2,42,0
903165,9.0,1358.43,100.0,0,5.1,60,0
903166,15.1,1217.52,1594.49,0,14.3,69,0
903167,49.3,1057.74,100.0,0,10.1,20,0
903168,64.9,1782.93,2777.55,1,1.3,39,0
903169,96.7,983.28,3572.64,0,8.0,67,0
903170,164.9,1625.04,4197.41,2,20.5,71,0
903171,103.8,1145.3,7609.97,0,69.4,74,0
903172,30.5,1927.23,745.5,1,2.2,40,0
903173,57.2,1561.65,4610.97,1,10.3,71,0
903174,178.6,1436.69,4441.22,0,8.3,51,0
903175,26.5,1007.29,4908.17,1,0.3,74,0
903176,13.1,1390.72,1172.59,1,4.1,34,0
903177,4.0,877.24,100.0,0,11.1,66,0
903178,19.6,905.89,100.0,0,5.3,63,0
903179,36.8,2117.98,3455.07,0,2.6,79,0
903180,50.5,1000.86,6211.87,0,19.8,44,0
903181,3.7,965.72,4355.95,1,4.2,69,0
903182,42.3,1816.35,6780.91,1,16.2,71,0
903183,141.6,1426.17,4225.17,0,2.8,72,0
903184,41.4,1823.78,6810.01,2,0.2,27,0
903185,56.0,756.6,2235.42,2,22.6,69,0
903186,21.7,841.48,4935.44,0,0.0,73,0
903187,81.7,1403.88,5987.48,0,10.2,23,0
903188,132.3,1969.01,100.0,0,1.0,26,0
903189,159.1,959.73,5706.57,0,3.5,26,0
903190,4.7,1073.97,4432.21,0,16.9,25,0
903191,15.1,1242.61,5828.05,0,4.4,46,0
903192,9.8,1516.86,6666.81,0,11.6,40,0
903193,18.8,2055.63,6740.69,1,8.1,75,0
903194,55.4,1253.61,2529.32,0,6.5,18,0
903195,24.9,1627.56,6266.46,0,1.5,69,0
903196,9.9,2075.65,3590.36,1,10.2,24,0
903197,45.4,985.32,3216.86,1,14.2,27,0
903198,84.0,1285.61,3783.75,0,0.3,48,0
903199,96.1,885.17,5438.64,0,8.6,62,0
903200,81.3,563.11,5945.15,1,0.2,27,0
903201,70.6,937.19,1931.09,1,11.8,46,0
903202,13.2,1377.37,2790.36,0,5.7,66,0
903203,29.7,300.0,7852.7,0,1.8,75,1
903204,5.6,1363.11,1797.19,0,4.2,19,0
903205,67.5,897.55,2791.17,1,6.5,39,0
903206,23.6,2079.61,100.0,0,4.2,53,0
903207,16.9,1185.95,4517.68,0,23.1,58,0
903208,30.6,1831.08,630.07,0,5.2,58,0
903209,15.0,822.08,3231.91,0,3.4,63,0
903210,34.8,951.71,3917.03,1,5.1,38,0
903211,1.6,1501.13,2435.22,1,16.2,67,0
903212,41.9,2005.13,2439.38,1,3.9,73,0
903213,38.6,1298.92,6243.12,1,7.2,64,0
903214,19.4,1512.32,100.0,1,5.4,77,0
903215,55.2,470.93,5067.65,1,0.2,19,0
903216,18.9,1245.15,5144.41,1,10.0,24,0
903217,35.1,955.62,5710.98,0,9.3,56,0
903218,12.6,401.56,8120.35,0,5.0,33,1
903219,2.9,1767.32,3860.42,0,17.7,67,0
903220,56.0,2266.84,100.0,1,25.5,72,0
903221,21.6,1793.38,2891.65,0,2.0,33,0
903222,39.6,1556.89,2678.25,0,1.7,48,0
903223,1.1,1338.31,5481.18,0,14.5,52,0
903224,1.0,977.82,2913.39,2,12.4,18,0
903225,39.0,999.57,4087.19,1,10.6,75,1
903226,9.8,1032.52,5073.14,1,3.1,41,0
903227,40.6,1139.28,7975.6,0,15.5,74,0
903228,36.8,1217.92,4812.72,0,5.9,51,0
903229,1.0,1805.29,5410.69,0,5.7,55,0
903230,86.6,750.54,4884.9,2,2.1,51,0
903231,52.3,685.37,2429.31,1,0.6,66,0
903232,25.7,1313.15,4071.06,0,0.5,42,0
903233,10.5,1340.49,1348.25,0,5.8,34,0
903234,2.4,1044.09,4835.16,0,4.5,71,1
903235,42.8,963.93,2624.98,0,14.3,62,0
903236,114.7,1306.95,3165.02,0,0.5,50,0
903237,15.3,1280.91,7379.74,0,13.6,54,0
903238,6.0,1119.11,1067.2,0,6.2,26,0
903239,77.5,1757.87,8106.2,0,1.4,69,0
903240,46.5,1221.79,3716.61,0,0.6,72,0
903241,35.5,980.07,4009.42,2,4.6,42,0
903242,16.0,371.9,3893.74,0,4.2,55,1
903243,1.0,1022.56,7068.91,0,7.0,55,0
903244,3.2,1396.57,5176.95,1,4.0,77,0
903245,48.9,913.09,1654.74,0,7.3,28,0
903246,19.2,710.41,3743.62,1,28.1,70,0
903247,36.2,1503.67,6772.58,3,2.2,50,0
903248,240.0,473.53,1006.47,1,0.2,78,0
903249,95.4,1606.54,2370.62,1,17.8,34,0
903250,240.0,1412.82,2074.22,1,7.0,40,0
903251,1.0,767.61,3273.91,1,9.6,75,0
903252,37.1,1168.87,2218.88,0,10.0,76,0
903253,49.4,1328.99,4819.52,1,2.6,35,0
903254,30.7,1149.38,6879.0,0,8.2,43,0
903255,18.9,1094.37,4733.56,1,9.2,43,0
903256,37.2,1397.69,2173.9,1,10.9,77,0
903257,10.2,1849.68,536.22,0,8.6,37,0
903258,80.8,622.26,4327.92,0,2.3,60,0
903259,16.6,997.67,7653.51,0,14.8,76,0
903260,13.4,869.4,5863.38,3,5.8,59,0
903261,9.8,1414.34,5311.33,1,8.4,68,0
903262,28.5,772.53,3394.44,0,19.3,22,0
903263,27.8,1416.0,1572.38,0,4.5,31,0
903264,28.9,1670.01,2337.4,0,14.1,51,0
903265,86.1,1800.24,2680.75,1,10.9,43,0
903266,9.0,2106.47,7083.04,1,2.6,59,0
903267,34.2,1331.09,7907.09,1,7.3,35,0
903268,18.8,990.61,5783.83,3,16.4,65,0
903269,24.8,1135.61,100.0,1,3.1,22,0
903270,24.0,1381.28,3750.7,0,0.6,63,0
903271,58.7,1650.01,4264.13,0,2.8,47,0
903272,37.1,984.38,2006.23,2,10.7,68,0
903273,43.6,1052.43,5760.9,3,8.3,78,0
903274,33.5,1355.06,4720.87,2,23.0,77,0
903275,8.0,1333.6,4344.08,1,25.7,79,0
903276,12.4,1403.35,2938.11,1,21.1,70,0
903277,52.4,1935.05,1838.2,0,15.8,27,0
903278,19.5,1192.73,4258.84,1,20.2,44,0
903279,76.8,1082.31,100.0,1,9.1,24,0
903280,2.6,621.32,2220.35,0,22.6,20,0
903281,25.3,1404.26,100.0,0,8.5,44,0
903282,29.7,1019.57,5036.74,0,13.1,28,0
903283,58.9,1296.39,2756.22,1,4.0,24,0
903284,17.4,837.36,1555.0,0,13.6,43,0
903285,17.0,537.09,1857.6,0,7.3,43,0
903286,9.7,1088.04,4357.71,1,1.0,79,0
903287,3.1,1225.51,1514.76,1,0.4,56,0
903288,15.3,626.25,2418.53,1,5.0,68,0
903289,116.4,1610.63,3056.83,1,7.3,72,0
903290,28.6,1367.56,3053.05,0,7.0,46,0
903291,1.0,1198.46,327.2,0,11.4,36,0
903292,56.7,802.34,2863.88,0,7.1,55,0
903293,1.5,1031.54,2005.7,0,4.1,51,0
903294,13.4,1256.18,100.0,1,6.3,62,0
903295,33.7,1906.28,2766.2,0,1.5,55,0
903296,11.4,1257.44,3424.23,4,2.3,75,0
903297,13.5,1106.44,6772.46,0,4.8,42,0
903298,10.3,466.25,3827.22,2,2.3,38,0
903299,31.3,811.74,1160.53,0,0.2,66,0
903300,177.3,1089.38,5004.39,1,1.8,53,0
903301,4.3,1084.22,6938.9,1,1.5,49,0
903302,16.4,953.94,5371.29,0,26.1,60,0
903303,1.0,447.26,7537.84,0,3.4,69,1
903304,67.2,1321.16,8306.78,0,10.6,54,0
903305,50.6,1254.51,5185.47,1,2.5,42,0
903306,9.0,911.07,100.0,0,12.2,35,0
903307,14.4,1343.55,4237.82,1,20.8,51,0
903308,29.3,1103.34,3230.97,2,7.1,22,0
903309,15.3,943.86,4117.37,1,1.0,39,0
903310,24.6,1013.49,4639.77,1,0.6,38,0
903311,1.7,461.25,149.09,1,1.9,43,0
903312,140.8,475.74,4982.09,2,15.8,20,1
903313,21.8,1574.33,4229.14,1,14.1,33,0
903314,13.4,987.95,4624.86,0,12.4,38,0
903315,6.6,505.31,3272.21,1,10.1,50,0
903316,83.5,1114.22,6957.58,0,1.8,49,0
903317,21.0,871.5,6525.21,1,21.1,24,1
903318,17.6,793.5,648.65,0,7.7,41,0
903319,42.5,1572.57,2784.37,0,15.6,23,0
903320,6.9,771.61,7777.89,1,71.0,27,0
903321,76.0,1089.13,5564.88,1,16.5,37,0
903322,57.3,1035.42,3359.95,0,2.2,57,0
903323,45.2,1005.12,2582.44,0,10.8,53,0
903324,15.7,1303.17,2415.07,0,11.8,74,0
903325,17.9,1528.84,5683.46,2,17.0,34,0
903326,8.4,1236.09,1935.08,1,1.5,53,0
903327,52.8,878.44,3830.97,0,5.7,30,0
903328,17.0,1610.79,7589.13,0,4.4,39,0
903329,17.0,1476.51,3405.82,0,9.3,62,0
903330,18.3,1260.67,6706.18,0,6.9,23,0
903331,101.5,1458.81,7294.5,1,32.4,46,0
903332,21.5,1471.99,316.29,0,27.5,58,0
903333,6.4,2064.57,5738.0,1,2.9,37,0
903334,1.0,825.82,100.0,0,1.6,33,0
903335,16.9,1098.43,6444.66,2,2.7,33,0
903336,65.2,1358.94,2409.49,1,16.6,67,0
903337,17.3,1516.98,3409.3,0,0.3,79,0
903338,71.1,1477.97,2422.09,0,6.6,72,0
903339,162.8,1601.53,8423.88,0,0.8,75,0
903340,85.6,1836.82,4666.92,0,16.3,59,0
903341,20.1,888.25,3885.49,0,3.0,64,0
903342,8.7,1753.07,5793.7,4,4.6,68,0
903343,23.6,1458.96,2688.41,0,3.1,27,0
903344,107.9,1370.53,775.16,2,6.8,58,0
903345,9.9,1218.52,3144.17,1,5.4,64,0
903346,48.6,1727.67,8856.73,3,2.5,38,0
903347,133.7,850.59,1908.65,2,26.5,30,0
903348,32.9,1253.79,4267.25,0,1.5,71,0
903349,25.1,1442.37,578.41,0,27.0,30,0
903350,64.7,1485.56,2871.4,1,4.9,26,0
903351,58.5,1050.31,100.0,0,13.6,62,0
903352,5.5,1002.94,7790.01,0,10.1,78,0
903353,20.1,1324.88,1501.17,1,8.4,29,0
903354,109.4,1604.95,5372.44,1,4.7,52,0
903355,26.2,850.47,5283.69,0,6.0,53,0
903356,12.2,1228.08,1532.43,0,10.2,67,0
903357,44.0,815.87,5940.24,0,4.7,29,0
903358,23.1,1664.28,2253.6,1,9.9,25,0
903359,13.9,1406.31,100.0,0,2.5,44,0
903360,6.9,783.39,6259.5,1,2.9,60,0
903361,11.9,700.03,5110.81,1,6.4,60,0
903362,29.5,1334.14,2001.11,0,2.4,36,0
903363,20.7,1523.1,6439.87,0,18.5,38,0
903364,42.3,521.82,5823.16,2,4.5,61,1
903365,50.6,1064.07,3212.01,1,4.0,77,0
903366,55.4,1399.1,2266.15,1,3.6,22,0
903367,12.0,546.69,1906.98,0,9.1,70,0
903368,28.5,323.33,1303.86,0,15.0,69,0
903369,12.6,691.31,3613.5,1,5.0,49,1
903370,30.6,1562.86,7147.38,0,15.0,40,0
903371,34.2,1318.07,6050.41,0,6.8,42,0
903372,42.8,674.81,3206.82,1,1.3,76,0
903373,48.7,1204.7,2588.85,0,6.6,27,0
903374,61.9,1244.04,4769.33,0,26.8,18,0
903375,6.5,965.79,2840.04,1,7.6,36,0
903376,30.7,1945.75,5344.67,0,45.6,45,0
903377,38.6,1454.2,2898.99,0,3.3,49,0
903378,40.5,1181.6,1486.75,1,1.3,62,0
903379,42.1,1613.48,2136.28,5,2.8,75,0
903380,49.7,1052.34,7859.82,0,12.9,56,0
903381,17.1,1392.34,100.0,3,9.6,25,0
903382,208.0,1088.49,2004.68,1,2.6,77,0
903383,40.3,732.07,5378.05,3,27.7,18,0
903384,16.0,1506.24,2459.53,1,2.4,57,0
903385,36.0,1503.44,3738.25,0,8.2,78,0
903386,97.1,1053.77,5099.53,0,1.3,67,0
903387,36.4,947.56,6938.59,1,4.1,27,0
903388,93.3,1446.78,100.0,0,1.9,21,0
903389,4.7,1565.46,1085.74,1,45.0,65,0
903390,7.3,816.98,4433.28,1,2.7,44,0
903391,2.6,1341.11,100.0,0,31.9,47,0
903392,14.7,1909.54,1595.34,1,3.9,32,0
903393,54.8,1107.5,1220.82,0,8.7,48,0
903394,68.2,1835.43,100.0,2,7.7,25,0
903395,11.1,1053.24,1730.8,0,0.1,73,0
903396,16.9,1386.86,5200.99,0,1.1,53,0
903397,88.9,1639.23,2370.03,1,7.3,71,0
903398,54.5,1322.64,5013.84,0,6.7,71,0
903399,91.7,1224.94,8629.74,0,0.7,19,0
903400,15.3,777.34,1654.47,0,43.0,73,0
903401,19.5,1223.12,4720.44,0,6.5,56,0
903402,66.1,1160.87,1866.09,1,3.8,20,0
903403,13.4,1015.64,3474.51,1,31.5,55,0
903404,7.0,964.6,3066.89,0,0.3,26,0
903405,23.1,758.2,450.14,0,1.2,20,0
903406,47.6,1735.26,2981.34,1,7.0,51,0
903407,20.8,1183.99,3526.81,0,10.1,79,0
903408,111.7,653.39,5844.87,0,22.9,36,0
903409,1.8,1465.13,100.0,5,13.5,50,0
903410,91.3,740.13,100.0,1,8.1,66,0
903411,22.8,1304.55,2696.8,2,30.4,25,0
903412,24.0,1541.05,5457.25,2,9.4,67,0
903413,13.7,1154.15,4106.72,1,3.0,19,0
903414,1.0,961.08,2574.15,0,35.6,45,0
903415,1.0,1136.48,1109.85,1,3.4,44,0
903416,14.4,1741.13,4039.98,0,1.4,73,0
903417,1.0,1637.96,6517.74,0,27.9,24,0
903418,177.1,1101.65,5299.38,1,5.9,39,0
903419,185.3,1271.21,5593.46,1,9.5,61,0
903420,127.8,788.23,5332.04,1,1.2,76,0
903421,97.7,1489.02,4253.83,1,4.6,45,0
903422,21.6,967.46,4778.96,2,21.9,36,0
903423,2.3,1029.28,3141.36,1,1.2,76,0
903424,15.2,1680.53,4456.59,1,5.4,30,0
903425,2.0,2218.69,3747.76,1,5.7,56,0
903426,1.7,515.16,7138.95,1,1.6,37,1
903427,15.4,2049.34,3465.88,2,11.3,41,0
903428,44.4,919.42,2613.33,4,13.1,64,0
903429,9.2,899.31,2181.89,2,3.2,78,0
903430,1.6,1290.73,2614.54,1,14.5,73,0
903431,17.5,1775.53,3147.03,3,0.5,19,0
903432,56.7,1421.21,6740.94,0,16.2,23,0
903433,8.5,1333.68,1049.91,0,36.3,28,0
903434,50.0,1485.88,7426.91,2,17.8,75,0
903435,23.2,1276.6,3920.43,0,13.1,38,0
903436,36.7,552.19,4361.99,0,7.0,70,1
903437,25.5,719.14,5701.21,0,4.1,19,0
903438,141.8,1744.37,1783.39,1,4.4,30,0
903439,21.8,1621.47,2769.1,0,4.3,32,0
903440,3.2,1650.1,4650.27,2,33.9,29,0
903441,53.5,1353.12,3414.51,0,2.1,79,0
903442,17.7,716.21,5719.79,2,2.5,61,0
903443,4.4,1005.17,1786.2,0,5.0,67,0
903444,4.3,1415.74,1765.87,0,10.5,30,0
903445,14.8,1303.05,876.02,0,2.3,58,0
903446,29.1,1068.82,4772.24,1,1.0,72,0
903447,3.3,1833.25,5843.48,1,3.8,56,0
903448,9.1,1284.37,1825.17,1,17.2,33,0
903449,25.5,1436.56,4461.91,0,0.2,45,0
903450,15.6,615.05,6300.1,0,36.7,33,0
903451,19.6,787.08,1850.62,0,20.0,47,0
903452,1.3,1153.35,877.94,0,7.4,21,0
903453,87.1,1217.58,9217.05,0,3.4,48,0
903454,5.6,1024.47,7152.27,1,0.0,67,1
903455,3.4,1325.11,5972.75,0,29.5,34,0
903456,50.2,1330.05,341.36,0,15.5,63,0
903457,28.6,1379.17,100.0,1,11.4,57,0
903458,45.5,1313.37,3116.11,1,1.7,37,0
903459,52.2,1692.54,1208.03,1,8.1,49,0
903460,6.3,1036.18,3359.12,0,4.9,39,0
903461,11.8,946.67,100.0,1,0.3,19,0
903462,54.9,1430.66,2753.71,3,17.3,29,0
903463,16.3,1308.17,2910.99,2,2.3,76,0
903464,64.7,668.81,3716.74,1,1.2,32,0
903465,79.2,1257.62,4965.51,0,5.9,65,0
903466,1.4,1895.03,4332.64,2,1.4,61,0
903467,83.0,967.52,4089.91,1,30.4,44,0
903468,3.7,1241.01,4365.33,4,1.3,44,0
903469,5.5,1359.03,100.0,0,2.5,59,0
903470,21.7,1864.38,5738.02,0,3.3,45,0
903471,27.3,300.0,100.0,1,17.6,35,0
903472,13.4,1559.79,9619.35,0,2.6,45,0
903473,14.3,1442.11,7908.36,1,7.3,44,0
903474,35.4,1043.79,100.0,0,0.3,42,0
903475,5.3,1278.28,3440.22,0,17.4,75,0
903476,31.9,1724.32,527.6,0,1.9,68,0
903477,4.4,948.99,5191.36,0,10.4,20,0
903478,15.8,1869.45,7123.88,0,10.3,46,0
903479,99.1,1446.47,6185.65,2,3.6,49,0
903480,17.3,859.55,5896.42,0,4.3,75,0
903481,5.3,914.99,2837.96,1,3.3,55,0
903482,2.6,1456.31,5189.54,0,0.1,38,0
903483,102.1,1090.43,7367.89,0,3.7,30,0
903484,100.5,1563.93,100.0,1,5.5,52,0
903485,7.8,1242.8,4964.98,0,1.1,68,0
903486,74.6,861.13,2829.57,0,28.1,31,0
903487,15.5,1306.2,4500.73,1,2.7,79,0
903488,6.8,1427.82,2008.78,1,28.4,78,0
903489,49.5,1636.06,1941.8,0,6.2,38,0
903490,110.9,1461.29,6783.9,4,36.4,61,0
903491,31.8,1036.3,100.0,1,0.1,36,0
903492,53.7,1618.84,3688.6,1,10.6,76,0
903493,5.3,1641.39,4663.3,2,6.2,65,0
903494,13.3,1717.52,2882.33,0,3.9,73,0
903495,28.3,1696.97,2435.31,3,2.2,33,0
903496,30.3,1709.56,5245.24,1,0.5,19,0
903497,13.0,1398.44,1624.49,1,2.0,52,0
903498,3.3,956.86,3240.82,1,9.4,37,0
903499,23.8,1517.88,2542.17,0,7.6,51,0
903500,40.5,1917.55,3754.0,0,5.3,26,0
903501,3.1,953.55,7859.12,1,1.3,51,0
903502,164.6,735.28,6512.95,0,23.9,21,0
903503,29.7,1396.54,100.0,0,7.4,44,0
903504,1.9,1629.87,2971.07,0,11.0,43,0
903505,61.4,1120.1,100.0,0,1.3,73,0
903506,29.9,799.37,4232.85,0,18.7,57,0
903507,18.1,2027.8,100.0,0,3.6,33,0
903508,14.5,693.97,4603.66,0,2.9,65,0
903509,25.5,1317.04,2214.48,1,15.3,41,0
903510,11.0,1057.49,4595.33,0,7.6,38,1
903511,89.0,1271.51,100.0,0,2.6,52,0
903512,12.2,973.03,6511.65,0,8.0,61,0
903513,59.3,1232.37,3485.63,0,2.1,54,0
903514,15.5,1636.81,3554.75,0,46.1,32,0
903515,16.5,1026.85,100.0,2,6.0,75,0
903516,73.2,1575.62,1348.9,0,9.3,64,0
903517,69.4,1495.27,5683.45,1,10.1,75,0
903518,28.6,1114.75,7152.46,0,1.6,63,0
903519,15.1,1481.46,5800.66,0,6.7,78,0
903520,44.4,928.94,999.45,1,40.3,33,0
903521,202.1,1763.66,3302.67,1,8.4,48,0
903522,49.3,484.39,4062.11,1,9.6,19,0
903523,13.6,1035.29,100.0,1,0.4,57,0
903524,95.4,808.92,4010.94,2,11.0,39,0
903525,160.8,1022.67,393.29,0,7.4,56,0
903526,1.1,300.0,7231.79,1,17.5,77,1
903527,86.3,1803.87,2449.63,0,12.4,40,0
903528,81.1,1536.17,5473.03,2,2.6,19,0
903529,108.2,1479.65,3603.38,0,3.4,37,0
903530,59.3,1131.47,4186.01,0,44.8,43,0
903531,5.7,1317.92,5976.33,1,34.4,47,0
903532,28.3,1388.31,6050.08,1,7.2,23,0
903533,35.7,1057.46,1835.36,1,20.9,79,0
903534,79.2,1655.65,3850.29,1,3.0,34,0
903535,36.3,1251.85,5903.09,0,8.3,68,0
903536,2.0,1562.78,1659.7,1,0.6,23,0
903537,122.7,867.83,3636.53,1,24.9,58,0
903538,42.8,535.24,2071.84,2,21.8,46,0
903539,38.7,1861.8,4174.79,0,4.8,77,0
903540,39.4,1219.11,5567.57,0,14.0,26,0
903541,127.1,1055.68,2680.03,2,3.5,30,0
903542,28.2,1137.9,1513.71,2,2.4,39,0
903543,83.2,1976.7,947.63,0,12.5,19,0
903544,18.1,1968.22,4955.99,0,3.3,42,0
903545,126.9,1242.75,5382.59,0,11.0,20,0
903546,11.0,1365.36,7840.93,0,55.2,29,0
903547,1.0,1006.13,2249.02,1,2.5,39,0
903548,22.6,1019.72,572.11,0,7.4,79,0
903549,1.0,771.31,3859.92,0,39.4,78,0
903550,6.9,1471.83,5974.55,1,4.5,41,0
903551,1.0,1129.57,6229.21,1,9.8,33,0
903552,114.0,1212.39,2974.08,0,22.3,69,0
903553,132.6,2067.78,308.89,1,2.6,39,0
903554,13.3,973.99,1066.54,1,1.9,29,0
903555,1.1,704.42,4421.52,0,2.9,21,1
903556,5.4,1678.01,3266.07,0,3.8,61,1
903557,92.5,784.37,2987.9,0,3.9,75,0
903558,129.3,1064.78,3598.59,2,3.1,44,0
903559,65.5,1149.54,3488.83,0,8.7,32,0
903560,45.8,300.0,4326.32,0,0.4,42,0
903561,53.7,1099.78,4800.74,2,0.7,47,0
903562,2.1,1571.26,1278.95,2,2.6,36,0
903563,51.3,866.37,1067.4,0,1.0,43,0
903564,16.0,1184.43,1396.58,0,0.8,20,0
903565,80.8,1397.65,5389.98,1,0.2,71,0
903566,3.3,1468.58,3565.19,0,12.0,47,0
903567,4.7,1448.43,5684.77,0,3.3,43,0
903568,1.5,788.75,5242.11,1,7.2,43,1
903569,47.0,1028.95,100.0,1,1.0,25,0
903570,32.9,354.03,4265.19,0,10.1,23,0
903571,25.4,1919.48,100.0,0,3.7,53,0
903572,14.3,1189.73,5693.8,0,62.3,19,0
903573,2.5,1346.19,3857.16,0,7.1,48,0
903574,4.0,477.65,4074.87,2,1.1,67,1
903575,1.1,1051.7,3555.05,2,3.2,57,0
903576,19.7,737.47,298.49,0,27.5,45,0
903577,29.7,695.73,5378.46,1,23.3,62,1
903578,18.6,1121.54,5259.91,1,5.8,66,0
903579,9.5,1400.11,100.0,0,4.4,40,0
903580,44.1,1135.97,4888.79,0,11.5,58,0
903581,13.1,945.79,4305.1,1,51.6,70,0
903582,13.0,652.43,2192.2,0,12.3,73,0
903583,140.6,1043.11,1438.09,1,1.0,59,0
903584,17.3,1170.55,636.98,2,1.6,36,0
903585,52.2,1042.78,4801.72,0,27.1,19,0
903586,7.4,930.3,3927.42,3,12.8,71,0
903587,53.3,1270.87,2228.9,0,3.1,27,0
903588,99.5,1410.17,100.0,0,18.4,72,0
903589,13.5,334.9,6101.94,0,3.7,46,1
903590,39.2,1360.83,7032.8,0,4.7,32,0
903591,17.5,859.15,4273.52,0,16.7,48,0
903592,9.1,836.9,5726.38,0,4.8,45,0
903593,11.6,1383.33,1485.3,0,10.7,20,0
903594,131.5,1562.31,4822.36,1,26.7,46,0
903595,12.9,516.42,4997.73,0,12.7,18,1
903596,49.5,663.1,5208.52,1,24.8,26,0
903597,4.1,1337.12,4777.38,0,9.2,37,0
903598,2.9,527.29,6432.98,1,7.9,66,1
903599,38.0,1330.67,4131.38,0,12.6,43,0
903600,54.4,2063.05,1508.82,1,15.5,66,0
903601,109.5,499.71,100.0,0,0.8,27,0
903602,50.4,631.63,3419.89,1,6.6,73,0
903603,13.4,2268.15,5660.83,0,4.4,43,0
903604,18.0,808.29,1898.64,1,5.6,32,0
903605,32.2,1495.93,4479.11,0,11.7,20,0
903606,3.1,1383.24,7451.25,0,8.1,34,0
903607,33.5,1295.14,3861.69,1,5.3,62,0
903608,35.4,1437.94,1045.21,0,1.6,33,0
903609,63.3,570.48,3581.7,1,6.7,79,0
903610,52.9,1821.58,671.43,3,0.4,28,0
903611,11.6,1183.98,4454.67,0,3.2,41,0
903612,16.0,597.46,3756.25,2,11.5,66,0
903613,77.7,1667.38,4738.53,0,0.1,22,0
903614,40.4,2456.09,1203.35,1,9.0,63,0
903615,39.1,1398.8,5641.05,0,1.4,69,0
903616,136.4,807.42,4051.1,0,4.3,31,0
903617,114.4,1420.32,100.0,0,1.4,40,0
903618,8.5,697.9,3156.9,1,11.9,72,0
903619,10.7,1761.04,699.53,0,4.0,33,0
903620,72.7,324.45,4790.38,0,3.7,67,1
903621,29.1,702.6,5854.83,0,2.7,54,0
903622,11.2,1668.66,3119.24,0,16.8,70,0
903623,111.2,939.53,619.69,1,1.6,60,0
903624,32.4,1925.15,1663.7,0,20.6,31,0
903625,178.0,1200.88,3189.45,3,65.6,54,0
903626,122.2,1161.51,6139.34,2,4.1,37,0
903627,120.9,754.39,8754.68,1,6.1,47,0
903628,49.3,1279.83,100.0,0,6.6,20,0
903629,34.6,1913.46,4126.04,0,12.5,23,0
903630,8.8,649.24,5624.88,0,3.2,67,0
903631,22.5,937.09,930.56,1,2.2,67,0
903632,31.5,1863.37,2023.54,0,6.8,79,0
903633,100.9,1274.29,10864.63,0,3.6,31,0
903634,132.6,1347.99,8574.22,0,0.7,44,0
903635,28.9,983.58,4888.29,0,8.3,39,0
903636,78.4,679.68,3947.68,2,6.0,67,0
903637,1.0,1924.14,1504.83,0,1.8,28,0
903638,46.0,633.79,4270.11,0,1.7,32,0
903639,21.3,583.26,1948.88,0,14.1,69,0
903640,5.6,1253.69,503.49,0,3.4,27,0
903641,113.9,996.99,1350.45,1,24.5,64,0
903642,14.5,859.21,4735.95,0,13.7,40,0
903643,17.1,1041.33,420.11,1,18.8,59,0
903644,27.3,1544.57,5301.2,1,0.2,25,0
903645,1.2,1244.82,3483.04,0,8.2,77,0
903646,2.9,985.18,5028.37,0,2.8,62,0
903647,31.4,633.65,7112.3,0,31.2,27,1
903648,40.0,1467.1,3078.69,1,13.4,39,0
903649,93.8,2015.27,1009.51,0,2.2,33,0
903650,20.4,809.78,2477.48,2,0.3,44,0
903651,46.2,1060.46,3397.74,1,0.8,78,0
903652,138.6,419.83,6894.29,0,25.7,44,1
903653,45.1,1300.76,7010.01,1,19.6,53,0
903654,5.2,1072.41,1250.99,1,13.2,69,0
903655,63.9,1360.59,2179.55,1,0.5,25,0
903656,35.1,1223.96,6653.5,1,0.2,48,0
903657,15.8,994.03,2154.99,0,16.1,23,0
903658,18.2,627.28,1608.49,1,2.1,62,0
903659,109.2,1407.23,3486.04,3,2.2,23,0
903660,32.1,861.7,178.46,2,9.9,71,0
903661,3.4,1314.7,2555.51,1,6.9,35,0
903662,19.3,1308.59,100.0,1,7.7,29,0
903663,142.7,1521.35,4642.73,0,5.1,32,0
903664,16.6,1385.22,3481.89,1,0.7,65,0
903665,19.3,843.64,3740.66,0,30.0,49,0
903666,3.5,1659.73,100.0,0,9.9,70,0
903667,6.7,1494.43,100.0,2,1.2,37,0
903668,50.6,1727.47,3147.4,0,14.2,43,0
903669,11.5,1474.04,2802.37,2,13.0,48,0
903670,45.7,330.1,4973.94,1,5.4,62,1
903671,73.5,1028.78,3142.33,0,2.8,48,0
903672,24.6,1012.18,1790.02,0,23.5,21,0
903673,41.3,1263.48,5265.06,2,2.2,19,0
903674,47.0,903.67,4366.31,3,6.6,34,0
903675,31.0,2001.3,100.0,0,9.2,59,0
903676,74.0,900.45,4158.99,0,11.2,27,0
903677,85.1,880.31,3223.75,0,12.2,60,0
903678,136.6,2057.11,3541.09,0,8.3,77,0
903679,56.6,1913.82,3396.26,0,36.7,21,0
903680,5.3,675.29,4006.0,0,3.4,24,1
903681,50.1,1008.68,7120.73,0,6.5,62,0
903682,15.9,1807.64,4213.24,1,8.4,63,0
903683,16.9,1128.84,5328.32,2,0.8,72,0
903684,92.9,764.04,100.0,2,4.7,77,0
903685,31.2,1414.94,2770.35,0,0.9,64,0
903686,15.2,1530.51,7498.32,0,3.5,34,0
903687,48.8,674.72,10458.55,0,5.0,58,1
903688,23.4,1274.21,5743.76,0,6.1,56,0
903689,46.6,1104.48,834.2,0,0.8,70,0
903690,18.5,798.48,6643.46,0,4.3,78,0
903691,40.6,1517.19,4503.65,0,34.5,18,0
903692,112.6,751.02,5579.22,0,11.3,64,0
903693,26.6,1852.67,3186.61,0,28.7,27,0
903694,90.8,1332.05,5549.0,0,1.8,74,0
903695,39.9,363.78,6503.54,0,55.6,25,0
903696,58.4,1080.83,100.0,1,1.0,34,0
903697,100.3,1937.77,4728.07,0,0.3,36,0
903698,48.8,1257.54,2582.29,2,12.9,31,0
903699,13.2,1539.55,4679.22,1,2.5,72,0
903700,16.3,1360.92,1997.24,2,1.6,37,0
903701,45.0,1089.03,100.0,0,0.4,58,0
903702,34.5,607.62,4179.59,0,7.2,69,0
903703,23.2,1552.58,2702.23,0,28.3,70,0
903704,7.3,2398.18,4164.35,0,4.7,51,0
903705,3.5,1386.49,4785.81,1,21.4,61,0
903706,29.4,1300.86,1280.08,2,29.4,47,1
903707,49.8,1005.38,2882.93,1,4.6,77,0
903708,8.5,2046.91,517.93,1,16.5,57,0
903709,10.0,834.07,4133.4,0,1.4,77,0
903710,107.6,1592.09,3230.0,1,16.1,59,0
903711,18.7,1346.43,2191.06,0,6.2,35,0
903712,18.3,1166.42,649.81,1,3.5,41,0
903713,23.7,1475.63,4443.54,0,45.1,43,0
903714,6.5,1540.43,3198.63,1,1.2,51,0
903715,46.3,881.18,3670.6,0,5.3,23,0
903716,30.9,1550.11,100.0,1,2.8,49,0
903717,30.3,734.84,9631.28,1,2.2,54,1
903718,119.2,1343.62,1837.42,0,4.0,32,0
903719,51.4,1212.84,3334.29,1,6.1,60,0
903720,132.9,894.1,4467.37,1,7.9,77,0
903721,8.6,1384.09,6897.37,0,10.3,73,0
903722,13.6,1726.27,4099.31,0,3.2,42,0
903723,73.7,1558.22,471.58,1,0.1,32,0
903724,1.0,1248.09,3480.75,0,4.2,48,0
903725,188.0,951.53,4185.49,1,16.7,28,0
903726,10.8,1086.58,4857.19,0,3.3,75,0
903727,51.7,477.27,1176.06,1,2.7,32,0
903728,39.7,1391.54,2051.11,1,0.7,64,0
903729,23.7,1754.02,2977.71,2,6.8,31,0
903730,7.6,884.87,100.0,1,13.5,76,0
903731,5.2,770.36,1914.1,0,15.1,20,0
903732,22.2,766.7,1062.61,0,1.1,38,0
903733,57.4,1441.44,3917.04,0,33.8,70,0
903734,61.5,1278.43,2811.9,1,8.4,30,0
903735,37.6,702.81,2087.15,0,13.0,38,0
903736,23.8,1485.38,100.0,0,29.6,47,0
903737,74.0,1516.92,5257.38,1,17.8,39,0
903738,5.8,911.98,6815.68,2,32.4,57,0
903739,9.8,649.25,3179.59,2,19.9,49,0
903740,28.0,788.69,6620.27,1,1.7,76,0
903741,63.1,1063.98,2826.02,0,6.3,38,0
903742,36.0,1202.11,3704.83,0,39.0,22,0
903743,21.5,993.97,1907.17,1,23.4,47,0
903744,45.9,1234.5,4409.5,0,0.3,48,0
903745,2.2,1136.01,3922.73,0,15.5,63,0
903746,50.1,1874.29,3040.3,0,16.3,77,0
903747,112.9,1063.41,2355.34,0,4.5,55,0
903748,148.5,2002.53,100.0,1,0.7,61,0
903749,39.1,1537.86,5801.35,0,11.5,27,0
903750,71.1,819.24,100.0,0,29.5,77,0
903751,16.0,972.25,2515.87,0,5.3,76,0
903752,20.0,317.77,7830.47,0,16.4,31,1
903753,57.0,1606.25,5986.06,0,12.7,49,0
903754,51.5,1279.98,2962.74,0,2.7,76,0
903755,76.3,1183.98,7439.84,1,14.5,58,0
903756,26.9,1372.56,3605.47,1,0.8,46,0
903757,17.7,1498.32,2184.55,0,2.6,52,0
903758,8.2,1499.65,3396.32,0,5.2,73,0
903759,6.4,865.68,4226.39,0,23.1,21,0
903760,38.6,1049.52,4642.1,2,10.8,61,0
903761,30.5,802.68,100.0,0,7.3,45,0
903762,66.4,608.58,476.17,0,5.8,20,0
903763,2.9,1550.57,1538.99,0,6.2,62,0
903764,11.7,1379.23,4906.17,0,23.4,48,0
903765,29.7,934.89,2115.28,0,0.2,45,0
903766,118.8,1300.44,5735.45,2,2.8,50,0
903767,9.8,1299.05,166.98,2,12.3,32,0
903768,31.6,1339.14,1552.78,0,10.7,70,0
903769,58.0,860.45,3975.26,0,0.0,19,0
903770,2.4,1093.27,4551.52,0,25.4,49,0
903771,41.1,971.59,6077.09,0,1.2,39,0
903772,97.3,300.0,3631.22,3,14.0,71,1
903773,2.2,1226.56,5563.96,0,8.2,46,0
903774,28.3,1008.51,4644.55,1,7.0,69,0
903775,7.2,520.8,1829.83,0,5.5,65,0
903776,127.6,547.98,3859.6,1,0.2,58,0
903777,46.9,869.6,2752.27,0,13.8,24,0
903778,18.8,482.24,3096.87,4,2.4,54,0
903779,57.5,2046.4,1728.49,1,0.7,76,0
903780,5.0,996.17,5046.29,1,4.6,34,1
903781,57.3,1575.09,100.0,3,18.0,37,0
903782,1.7,1331.5,175.98,0,25.3,38,0
903783,35.0,1029.19,5832.2,1,3.4,18,0
903784,34.8,1487.84,980.39,1,3.6,19,0
903785,26.7,1605.7,6924.58,0,26.6,79,0
903786,37.6,908.92,2946.48,0,8.7,21,0
903787,75.6,1014.38,7246.45,1,1.4,53,1
903788,18.3,1726.68,5212.51,1,9.1,38,0
903789,29.9,938.33,2732.31,0,0.8,20,0
903790,34.1,1172.61,3744.22,0,78.1,31,0
903791,43.1,1845.95,5134.91,0,4.2,73,0
903792,12.4,1009.77,905.87,0,15.3,25,0
903793,88.4,1632.34,5822.9,1,10.5,61,0
903794,16.4,323.58,100.0,1,31.9,39,0
903795,20.2,1659.26,4688.76,2,9.6,60,0
903796,111.4,829.07,6818.32,0,5.0,32,0
903797,26.5,1188.59,4657.56,0,2.6,76,0
903798,45.3,462.75,4568.4,2,1.9,53,0
903799,1.2,1491.24,6576.0,1,13.8,66,0
903800,11.3,2155.39,3793.66,1,4.1,55,0
903801,27.2,963.58,2123.96,3,11.0,35,0
903802,7.3,1134.41,4318.24,2,29.3,60,0
903803,78.3,1110.56,7116.55,0,17.2,37,0
903804,4.0,2116.48,2720.51,0,28.3,32,0
903805,36.4,1640.73,6579.24,0,18.2,18,0
903806,49.8,1046.56,3169.5,0,6.1,44,0
903807,27.6,1513.8,1661.74,0,9.1,20,0
903808,107.9,1013.95,2896.65,0,17.1,42,0
903809,40.2,1568.58,2159.91,0,22.3,30,0
903810,3.8,782.2,2731.11,0,20.9,53,0
903811,4.7,1450.8,360.78,0,0.4,66,0
903812,155.6,2359.18,2773.48,3,20.7,44,0
903813,39.7,676.85,4101.44,0,5.7,19,0
903814,1.7,1649.07,7663.52,4,7.5,51,0
903815,55.9,1646.43,4095.71,2,8.6,69,0
903816,15.5,1369.89,4200.86,0,5.6,72,0
903817,30.6,1107.52,2688.46,1,26.5,49,0
903818,1.0,1307.24,7591.82,1,18.2,72,0
903819,12.3,1413.64,260.44,1,16.4,67,0
903820,25.4,1492.44,3392.23,0,30.1,78,0
903821,13.1,1515.48,8238.27,0,5.1,56,0
903822,72.5,1510.86,4533.3,3,13.0,77,0
903823,212.9,1119.58,5105.02,1,3.2,24,0
903824,16.8,1101.0,265.72,0,29.6,48,0
903825,13.9,929.15,2975.89,0,16.6,71,0
903826,15.6,787.96,1247.19,0,0.9,35,0
903827,44.2,1626.02,7823.69,1,7.9,50,0
903828,4.5,1354.47,6523.68,0,1.0,68,1
903829,4.1,836.36,1562.97,0,5.8,74,0
903830,2.9,516.31,4490.31,1,16.4,68,0
903831,68.6,1743.19,7931.26,0,9.9,63,0
903832,109.2,1003.23,100.0,0,2.8,52,0
903833,12.3,1148.36,5086.9,0,4.2,27,0
903834,54.1,2195.68,2289.64,0,2.0,53,0
903835,58.9,1142.5,2394.05,0,0.9,58,0
903836,2.1,952.42,1169.18,1,14.1,40,0
903837,46.1,1194.43,1824.54,3,11.3,21,0
903838,12.5,1551.85,2982.21,2,24.5,27,0
903839,106.5,1763.11,2008.72,0,0.3,60,0
903840,55.3,978.91,100.0,0,0.3,61,0
903841,10.2,1385.96,4965.8,2,10.3,57,0
903842,80.4,1608.85,3421.29,1,12.4,57,0
903843,43.7,879.23,2406.55,1,18.5,66,0
903844,240.0,1368.7,5596.97,0,5.6,35,0
903845,79.5,1032.94,2902.32,2,1.8,35,0
903846,8.3,1286.0,100.0,1,9.9,24,0
903847,11.5,866.32,6608.38,2,2.3,65,0
903848,32.3,668.04,100.0,0,7.9,30,0
903849,16.0,439.94,939.14,2,46.7,29,0
903850,94.7,309.33,5297.87,0,4.1,62,0
903851,58.0,1394.84,100.0,0,5.4,28,0
903852,28.8,1966.52,2323.94,2,3.2,39,0
903853,105.6,644.96,231.28,0,8.1,62,0
903854,18.5,1101.68,337.96,0,0.6,70,0
903855,171.7,1398.62,5462.19,0,8.9,58,0
903856,13.6,1790.46,1679.43,0,19.6,61,0
903857,1.0,446.21,6804.22,1,0.2,24,1
903858,9.5,677.56,4202.74,0,0.2,46,0
903859,58.0,1172.55,4196.54,0,17.2,34,0
903860,7.0,1233.82,4641.48,0,40.0,56,0
903861,57.8,1739.66,2032.18,0,16.4,19,0
903862,74.1,1143.87,2696.52,0,45.8,52,0
903863,14.9,934.54,5887.82,1,1.6,59,0
903864,16.7,995.89,4277.7,2,4.5,78,0
903865,58.8,1666.72,100.0,1,0.2,63,0
903866,33.0,1447.39,1743.62,0,2.7,54,0
903867,4.0,910.61,3080.5,0,2.7,69,0
903868,22.3,825.53,716.48,0,2.1,40,0
903869,16.5,1434.39,5384.79,1,4.7,26,0
903870,70.9,1268.56,4870.18,0,10.7,40,0
903871,51.9,1714.38,1573.18,0,2.7,72,0
903872,13.4,749.89,875.96,2,4.5,57,0
903873,5.1,1105.46,3820.52,0,7.0,73,0
903874,8.2,1843.53,813.16,1,5.6,48,0
903875,12.0,1483.74,1253.63,2,5.1,25,0
903876,10.0,1821.19,5227.7,1,20.6,72,0
903877,21.2,1353.55,7103.96,0,1.1,61,0
903878,1.0,1235.82,4799.26,0,6.5,38,0
903879,3.2,748.57,3051.2,1,6.7,31,0
903880,15.4,377.22,3408.09,0,2.9,76,1
903881,3.0,1497.4,571.48,0,1.5,50,0
903882,67.9,1572.6,1799.06,0,24.9,55,0
903883,23.7,1531.7,1368.33,0,1.3,49,0
903884,88.2,1158.4,5023.24,0,9.9,44,0
903885,20.4,1238.37,4233.14,0,2.2,40,0
903886,77.6,1074.14,100.0,1,10.6,54,0
903887,42.5,1019.09,3020.36,1,5.7,73,0
903888,7.4,1562.37,5213.59,0,3.1,40,0
903889,1.0,598.51,2482.37,2,0.2,62,1
903890,8.4,442.43,4195.26,0,28.0,62,0
903891,81.5,912.12,6462.9,0,10.3,79,0
903892,50.3,1291.04,1871.97,0,3.5,50,0
903893,2.7,845.72,11096.08,0,1.7,22,1
903894,54.9,1656.42,6017.58,0,15.6,63,0
903895,23.2,1248.94,2119.74,0,2.5,64,0
903896,151.5,1011.22,1658.41,1,28.1,54,0
903897,42.7,1164.18,5499.28,1,7.6,65,0
903898,29.0,329.49,3085.77,0,4.9,24,0
903899,34.5,1698.85,6767.71,1,1.5,63,0
903900,2.5,1025.88,100.0,1,0.0,46,0
903901,143.2,593.39,4391.42,1,6.3,21,0
903902,41.0,1202.57,4399.71,1,5.1,60,0
903903,21.6,645.13,6337.05,1,2.0,70,0
903904,1.4,1322.35,100.0,1,11.9,43,0
903905,11.3,1141.88,6624.28,1,29.9,73,0
903906,131.5,479.05,2851.86,1,0.2,47,0
903907,32.9,614.17,3345.04,0,16.2,20,0
903908,168.4,1502.05,4632.86,0,1.4,75,0
903909,19.5,812.67,5442.04,3,0.3,75,0
903910,110.0,1934.06,100.0,0,35.2,72,0
903911,19.4,1538.81,100.0,1,10.7,26,0
903912,13.5,778.18,6432.51,0,1.8,52,0
903913,89.3,1102.56,8607.43,0,3.7,30,0
903914,4.6,937.59,2932.77,0,19.2,28,0
903915,14.2,1257.67,2482.0,0,5.5,53,0
903916,34.4,1185.43,1173.55,2,4.2,40,0
903917,11.3,1508.45,2133.89,0,7.5,26,0
903918,23.9,1395.7,3603.43,0,6.4,71,0
903919,41.6,1373.77,1942.87,0,1.5,33,0
903920,84.0,958.02,1649.39,0,0.7,42,0
903921,33.5,897.33,5830.36,1,1.2,72,0
903922,21.6,580.89,1279.75,0,14.8,67,0
903923,5.3,1027.97,1883.95,0,0.2,71,0
903924,70.5,1479.72,6234.85,0,29.4,69,0
903925,7.4,919.37,3718.73,0,7.9,45,0
903926,10.4,300.0,4117.14,1,4.0,50,1
903927,10.2,1340.88,1755.71,0,23.3,63,0
903928,16.5,675.31,2743.05,0,3.8,39,0
903929,12.6,1176.95,2401.69,1,11.3,40,0
903930,13.1,1025.94,104.57,0,5.0,73,0
903931,6.6,1823.77,2269.58,0,0.5,68,0
903932,11.7,1614.88,1310.51,0,5.2,38,0
903933,56.3,1418.86,5639.65,0,16.0,68,0
903934,122.6,1028.4,4986.6,0,13.1,79,0
903935,42.8,744.34,2545.2,1,17.5,76,0
903936,125.5,1346.56,4462.66,1,4.4,33,0
903937,7.8,889.42,3190.56,1,7.6,47,0
903938,57.9,300.0,6446.12,0,5.3,46,1
903939,3.8,1170.11,4264.72,0,0.6,19,0
903940,45.2,1896.36,2258.15,1,16.6,75,0
903941,63.7,1967.0,6001.45,1,0.7,44,0
903942,91.8,1565.9,8270.08,0,8.9,22,0
903943,11.4,1254.18,777.36,1,10.5,79,0
903944,107.3,1421.78,3078.65,0,19.7,34,0
903945,26.8,1080.6,5145.34,1,3.5,28,0
903946,15.0,1012.24,4404.08,1,3.6,62,1
903947,25.4,1328.43,5197.44,0,1.8,23,0
903948,12.0,949.9,5950.35,0,15.4,45,0
903949,23.3,1043.45,2618.89,1,7.5,28,0
903950,15.4,1139.8,9767.03,0,15.1,44,0
903951,51.0,1321.55,2845.18,0,5.2,43,0
903952,24.8,1050.88,2970.16,0,6.0,64,0
903953,19.4,1461.58,768.95,0,1.8,44,0
903954,10.7,1218.8,3736.6,2,27.2,35,0
903955,12.1,760.57,100.0,0,51.5,49,0
903956,58.8,1660.47,4046.66,0,4.4,79,0
903957,64.2,1200.84,3851.65,0,1.2,58,0
903958,17.6,1684.74,2636.54,0,22.7,55,0
903959,3.0,1327.38,1130.65,0,11.7,27,0
903960,43.3,726.61,9027.42,0,4.9,27,1
903961,9.2,1595.48,3916.72,1,44.8,34,0
903962,7.7,1472.87,1076.8,0,18.1,73,0
903963,1.9,1324.82,2469.67,0,10.2,33,0
903964,13.0,1594.8,3057.53,1,8.2,57,0
903965,14.4,1806.94,3264.34,0,0.3,68,0
903966,26.9,746.32,3701.71,0,0.2,65,1
903967,6.9,1204.94,4188.04,1,45.4,52,0
903968,46.1,1139.72,2754.19,2,0.4,43,0
903969,9.8,710.71,7612.42,0,12.6,76,0
903970,26.9,1059.5,7030.15,0,5.0,42,0
903971,15.2,1636.37,4522.25,2,15.2,25,0
903972,42.8,1531.8,3441.42,1,3.5,53,0
903973,73.3,835.02,4347.01,0,26.5,37,0
903974,20.6,1128.41,3527.13,0,21.2,69,0
903975,16.5,300.0,5230.01,1,1.5,42,1
903976,66.8,1145.97,998.64,1,18.0,59,0
903977,105.1,904.95,1377.27,2,0.8,25,0
903978,178.8,1327.95,9099.58,1,2.3,28,0
903979,12.5,954.31,4718.87,0,2.0,62,0
903980,30.8,1098.62,1139.07,3,6.9,67,0
903981,5.0,1060.7,5117.57,2,9.1,65,0
903982,1.0,425.98,3307.35,0,4.1,21,1
903983,1.0,1213.48,4142.74,1,0.3,44,0
903984,4.9,784.51,2783.89,2,0.9,24,0
903985,103.0,1551.85,5566.4,0,3.1,73,0
903986,42.0,406.1,2681.65,0,19.7,39,1
903987,31.2,1091.13,4387.91,2,21.5,19,0
903988,1.0,855.53,6732.71,1,0.8,23,1
903989,54.8,1526.58,3083.7,1,4.0,54,0
903990,7.2,1822.01,4128.96,2,11.3,63,0
903991,41.7,1821.03,7186.77,1,2.2,24,0
903992,1.6,1307.92,1823.2,0,32.5,50,0
903993,78.8,1324.83,2918.09,0,18.5,27,0
903994,7.0,809.53,8224.36,1,27.3,40,0
903995,11.6,1114.03,6660.28,1,1.7,72,0
903996,2.5,1810.71,1754.85,0,28.2,32,0
903997,6.2,1549.84,2145.01,0,1.2,37,0
903998,2.4,1042.02,2655.43,1,8.2,73,0
903999,104.8,1154.04,3921.34,1,9.4,65,0
904000,63.7,1016.53,2697.59,1,10.4,18,0
904001,41.0,2019.89,100.0,0,19.8,73,0
904002,45.3,1874.21,6105.29,0,1.4,48,0
904003,30.3,2011.37,168.79,2,1.7,47,0
904004,171.7,1553.44,1822.54,0,1.8,69,0
904005,20.9,1183.04,6978.27,2,1.7,35,0
904006,5.2,644.19,2220.57,0,2.4,78,0
904007,51.3,1036.92,1990.51,0,5.8,20,0
904008,72.0,856.82,4971.44,0,0.9,36,0
904009,96.5,1016.72,2913.6,1,19.6,74,0
904010,37.3,1647.5,4268.31,0,1.0,66,0
904011,21.7,1441.95,3826.61,0,3.6,44,0
904012,45.8,1594.44,3790.35,0,6.4,54,0
904013,7.4,1477.85,4210.53,0,0.6,61,0
904014,1.2,1171.11,1304.98,0,16.1,72,0
904015,32.2,1631.77,2416.37,0,11.7,72,0
904016,108.6,1128.82,5444.93,0,5.6,18,0
904017,2.8,1317.58,5426.53,1,10.3,76,0
904018,13.6,1302.06,11927.43,0,7.6,73,0
904019,5.2,1805.7,4080.18,0,6.4,32,0
904020,108.3,1662.33,2599.78,1,11.4,31,0
904021,34.7,1047.03,1614.83,0,48.4,54,0
904022,4.2,932.44,4905.55,1,5.5,29,0
904023,63.7,1216.57,2053.77,0,1.6,61,0
904024,240.0,843.25,8209.44,2,2.3,75,0
904025,10.7,2068.47,4455.41,0,22.0,18,0
904026,25.7,1034.58,3568.51,0,0.1,38,0
904027,14.1,913.59,5235.14,1,3.2,28,0
904028,25.5,950.81,1319.32,0,8.1,44,0
904029,3.0,1508.43,6205.32,0,4.1,44,0
904030,3.1,1535.73,5920.34,1,0.4,57,0
904031,22.9,759.77,8916.49,1,11.2,62,1
904032,60.6,1545.06,1484.16,0,5.6,45,0
904033,26.2,1019.44,3630.52,0,1.7,75,0
904034,45.4,1428.84,6519.12,2,6.2,37,0
904035,1.9,1245.41,2059.03,0,9.3,57,0
904036,22.4,1472.17,2805.33,0,13.9,44,0
904037,13.8,1370.03,4961.89,0,2.1,77,1
904038,1.0,429.21,3758.02,0,10.7,51,0
904039,33.5,1509.87,6474.19,1,26.7,79,0
904040,32.1,817.65,5646.64,0,8.6,69,0
904041,14.2,1123.71,306.55,0,37.6,31,0
904042,7.4,786.77,2600.38,0,33.0,78,0
904043,10.5,802.73,723.62,1,0.9,70,0
904044,39.2,1407.02,6632.19,1,9.2,56,0
904045,12.1,1882.93,4834.01,1,2.3,27,0
904046,93.0,1616.82,854.26,0,17.0,71,0
904047,64.3,1022.58,3348.19,0,15.6,58,0
904048,2.2,1331.8,2438.77,1,6.6,47,0
904049,43.8,1583.37,3175.69,0,7.7,30,0
904050,20.1,815.96,1836.5,0,0.9,27,0
904051,100.4,986.9,3896.9,0,17.5,27,0
904052,4.2,1425.46,100.0,2,1.2,68,0
904053,1.0,868.77,2630.4,0,7.7,73,0
904054,75.3,1276.28,3938.71,0,4.0,70,0
904055,144.1,1143.45,2938.22,0,21.5,46,0
904056,16.9,682.7,7258.57,1,20.7,20,1
904057,116.9,945.49,3465.89,0,10.0,37,0
904058,73.5,1439.58,3805.45,0,1.1,54,0
904059,11.2,1412.53,2369.94,0,18.5,53,0
904060,70.9,1030.4,2538.01,1,0.7,58,0
904061,23.0,875.31,4619.88,3,12.1,25,0
904062,3.2,1681.47,3478.07,2,15.3,28,0
904063,19.1,1490.3,2796.94,1,4.3,72,0
904064,104.3,1864.3,653.04,0,4.0,55,0
904065,58.8,1636.66,5780.43,0,1.2,22,0
904066,130.2,866.48,5247.22,1,1.6,55,0
904067,2.3,1276.17,4405.45,1,6.0,48,0
904068,40.0,1605.95,1957.83,0,11.8,47,0
904069,34.1,1358.74,4973.21,1,10.3,78,0
904070,12.8,1381.22,6835.58,0,2.3,60,0
904071,17.2,1179.89,2903.79,3,21.3,74,0
904072,43.3,887.51,3612.82,2,1.3,19,0
904073,92.2,1294.69,3770.33,0,10.8,31,0
904074,1.4,1219.71,1898.62,2,28.2,42,0
904075,151.2,551.7,2380.42,0,4.6,78,0
904076,8.5,981.91,4586.38,1,2.7,62,0
904077,18.7,990.66,7398.24,0,2.2,58,0
904078,27.6,878.69,3987.6,1,6.5,40,0
904079,33.9,1088.79,3256.03,0,38.8,38,0
904080,57.1,1003.42,4091.84,2,1.2,23,0
904081,21.7,2003.67,2163.81,0,4.8,54,0
904082,30.1,1894.74,1922.4,1,1.8,63,0
904083,38.1,1514.6,367.9,1,4.6,65,0
904084,23.8,1345.22,435.88,0,19.1,46,0
904085,63.5,1279.57,5706.31,0,11.6,72,0
904086,141.8,300.0,7132.26,1,2.3,73,1
904087,4.6,1190.58,1697.12,0,1.9,77,0
904088,31.0,1714.04,9167.76,4,9.0,55,0
904089,24.6,2002.47,5699.98,1,8.6,77,0
904090,23.7,1491.36,5109.51,1,12.6,60,0
904091,26.1,1084.6,1673.6,0,28.4,72,0
904092,11.7,1743.29,4583.2,1,9.9,74,0
904093,44.3,1003.69,126.08,0,6.5,52,0
904094,34.8,961.81,6148.05,0,1.1,43,0
904095,19.9,658.35,7301.44,4,21.2,21,1
904096,90.1,1222.27,5501.34,0,13.6,56,0
904097,11.2,2022.58,1065.27,2,1.9,33,0
904098,13.5,606.06,2635.94,0,23.7,56,0
904099,67.9,1294.28,9637.29,0,2.9,47,0
904100,31.6,1794.75,3844.54,0,14.4,23,0
904101,31.7,1225.22,100.0,0,0.6,34,0
904102,21.1,1299.19,3563.97,0,6.5,53,0
904103,13.9,1173.57,4307.89,0,11.6,62,0
904104,37.3,1538.34,1037.53,1,5.5,69,0
904105,60.1,480.74,5793.22,0,17.9,37,1
904106,4.2,1257.91,5828.67,0,41.5,34,0
904107,40.0,1137.96,100.0,0,3.4,53,0
904108,66.6,1748.76,5389.39,3,11.3,70,0
904109,30.7,1388.62,6140.84,0,22.5,79,0
904110,46.6,1072.13,794.58,1,0.3,43,0
904111,82.7,765.3,3835.62,1,6.3,77,0
904112,37.9,1016.16,100.0,0,6.2,75,0
904113,16.0,1307.56,2220.08,0,2.2,50,0
904114,3.0,1496.22,6307.88,1,2.7,37,1
904115,23.0,1487.31,3503.04,0,0.7,67,0
904116,90.3,1424.87,1575.38,0,0.1,73,0
904117,23.0,1266.97,5254.45,0,2.0,75,0
904118,117.1,1446.58,3984.26,0,22.0,59,0
904119,50.5,1115.02,3942.51,0,5.9,44,0
904120,15.3,1544.03,6221.76,1,3.7,67,0
904121,20.7,350.65,3904.72,1,0.0,59,1
904122,8.8,1033.77,566.4,0,6.7,49,0
904123,47.6,1210.74,2038.51,0,0.3,53,0
904124,30.5,611.7,4239.51,0,9.9,68,0
904125,65.2,1126.24,6212.45,2,12.1,48,0
904126,20.4,1568.68,3509.82,1,1.9,53,0
904127,44.0,1382.58,5725.19,0,36.6,76,0
904128,20.6,1352.16,3154.69,2,5.4,78,0
904129,162.2,1290.11,4479.75,1,18.8,30,0
904130,25.1,584.17,3731.48,0,24.6,55,0
904131,36.7,983.17,6094.7,0,2.8,76,0
904132,29.2,1254.18,2397.37,1,5.7,50,0
904133,27.9,1031.2,5684.37,2,2.3,29,0
904134,28.3,1062.73,2436.54,0,3.0,41,0
904135,6.6,1355.51,2476.69,0,0.9,21,0
904136,5.5,962.75,6063.97,0,2.4,23,1
904137,1.0,1451.23,6271.83,1,4.1,76,0
904138,10.8,805.57,4246.52,1,11.0,60,0
904139,14.0,1261.0,4987.1,0,6.7,26,0
904140,39.8,1132.27,8444.55,0,14.7,21,0
904141,1.0,1450.99,3707.83,1,4.1,46,0
904142,4.9,1091.17,9095.3,0,4.5,49,1
904143,26.4,708.83,3712.47,0,20.1,32,0
904144,20.6,1173.66,7930.16,1,3.0,33,0
904145,38.0,1569.91,5631.32,4,8.7,34,0
904146,66.2,551.66,3541.8,1,14.9,55,0
904147,13.7,1483.32,2586.83,1,9.8,63,0
904148,56.1,1455.0,2418.05,1,1.7,35,0
904149,22.8,802.02,4375.77,1,4.1,28,0
904150,78.4,1948.72,100.0,1,15.7,69,0
904151,10.5,1169.94,758.43,0,10.9,43,0
904152,26.7,1236.58,4921.69,1,6.8,60,0
904153,79.6,1653.44,100.0,2,2.2,40,0
904154,2.8,1796.48,588.03,0,0.4,54,0
904155,8.3,1118.08,2417.23,0,17.3,19,0
904156,76.5,686.76,1000.4,0,1.2,67,0
904157,62.3,1241.63,455.96,1,29.7,73,0
904158,50.9,799.42,5858.77,0,22.5,41,0
904159,59.9,1259.22,4813.12,0,6.5,47,0
904160,52.6,1073.65,259.52,1,6.0,28,0
904161,67.4,1009.84,1139.53,0,5.5,51,0
904162,66.0,1113.53,4184.52,2,21.8,65,0
904163,43.5,1124.81,5766.37,1,0.8,38,0
904164,21.6,958.03,100.0,1,14.8,26,0
904165,24.5,1357.03,3952.55,0,20.9,67,0
904166,45.5,1383.35,3909.6,1,3.5,42,0
904167,63.1,862.18,6115.58,1,0.7,58,0
904168,87.9,1048.1,1294.94,0,4.2,59,0
904169,38.0,1209.52,100.0,0,26.0,46,0
904170,27.5,1389.59,2607.27,1,7.8,71,0
904171,36.1,1139.02,3984.81,0,35.7,27,0
904172,114.9,1605.34,4018.59,0,27.5,27,0
904173,13.5,884.42,8169.98,1,64.3,73,0
904174,19.2,409.65,3735.88,0,11.9,24,1
904175,2.2,1274.85,1831.2,0,1.5,62,0
904176,4.9,1939.08,3409.13,1,7.1,19,0
904177,80.0,679.57,6139.42,0,18.7,23,0
904178,52.0,1933.84,993.37,0,0.7,72,0
904179,15.8,994.5,9004.81,1,12.5,62,0
904180,38.6,1180.99,2617.13,0,3.8,22,0
904181,15.6,1251.51,4030.28,1,4.4,21,0
904182,55.4,1240.74,7637.65,1,5.0,78,0
904183,10.8,710.33,4795.64,0,2.2,45,0
904184,48.4,1869.59,1196.05,0,16.3,24,0
904185,37.3,586.19,5586.78,0,14.7,74,1
904186,1.0,1595.85,4460.56,0,3.3,58,0
904187,7.3,1355.92,1590.32,0,2.0,52,0
904188,57.7,1097.78,100.0,0,5.0,75,0
904189,13.0,1378.14,2061.69,0,4.2,23,0
904190,35.1,1718.74,4430.95,0,16.5,45,0
904191,28.8,612.54,2596.66,0,8.3,26,0
904192,121.6,844.67,2900.73,1,20.7,78,0
904193,30.6,311.99,6029.62,1,0.8,50,1
904194,32.4,1917.46,1561.46,0,11.6,73,0
904195,83.0,1475.53,2937.5,1,21.6,52,0
904196,16.2,2033.36,1412.53,0,12.8,23,0
904197,1.1,1231.68,2885.15,3,11.4,70,0
904198,103.1,992.76,417.77,0,21.9,73,0
904199,27.5,415.91,5991.11,0,29.0,72,1
904200,96.8,627.57,2013.27,0,2.6,56,0
904201,3.2,1552.49,4209.98,0,7.6,76,0
904202,4.1,574.5,6548.13,0,18.5,24,0
904203,34.1,1260.34,4818.59,0,1.0,35,0
904204,20.9,1074.75,2212.41,2,14.8,41,0
904205,28.3,1419.91,3628.94,0,3.4,50,1
904206,1.0,1018.16,4519.9,1,14.6,64,0
904207,14.3,1144.88,4141.93,0,3.8,57,0
904208,68.8,653.63,3398.27,0,6.8,38,0
904209,9.1,1104.71,3946.6,0,16.6,22,0
904210,20.2,907.77,100.0,2,2.0,52,0
904211,122.6,931.67,2419.32,0,10.2,44,0
904212,10.8,796.32,5384.9,0,12.6,36,0
904213,72.8,1342.2,100.0,2,6.7,59,0
904214,37.6,1500.69,3649.91,0,9.8,75,0
904215,28.6,1061.02,3795.68,2,10.1,79,0
904216,20.2,1378.73,2739.95,0,11.5,76,0
904217,27.4,1273.69,2639.04,2,0.6,47,0
904218,64.1,1025.23,100.0,1,0.7,30,0
904219,2.6,1525.18,3001.74,1,6.0,61,0
904220,74.9,1546.4,8707.16,0,4.3,50,0
904221,12.5,1093.51,3852.1,0,23.8,53,0
904222,169.5,1043.19,1695.22,1,1.5,43,0
904223,6.4,1288.63,511.62,1,7.7,48,0
904224,2.0,1271.18,3581.44,0,12.4,73,0
904225,50.2,1088.31,1751.38,0,6.6,42,0
904226,5.9,1204.34,2579.2,0,13.4,78,0
904227,116.4,702.07,508.12,0,5.4,29,0
904228,49.3,644.07,5129.39,1,12.4,28,0
904229,48.2,1248.35,3809.52,1,0.7,20,0
904230,14.4,822.53,8460.79,1,30.3,49,0
904231,49.9,1294.86,2553.43,0,8.3,36,0
904232,75.5,797.2,294.0,0,1.8,66,0
904233,14.5,1526.84,650.75,1,7.4,21,0
904234,11.9,1798.97,2218.08,0,10.1,74,0
904235,4.8,1402.06,6204.94,0,10.2,70,0
904236,23.5,841.17,7005.7,0,0.9,79,0
904237,28.1,1200.18,100.0,0,5.8,26,0
904238,2.6,1673.56,4179.38,1,11.4,27,0
904239,28.1,1729.63,8355.57,0,48.4,78,0
904240,13.8,1380.18,4061.87,2,22.7,49,0
904241,12.3,1653.74,1960.37,2,7.4,75,0
904242,15.5,1266.44,5918.64,0,1.5,69,0
904243,81.3,1092.74,7624.88,1,3.3,40,0
904244,32.7,958.5,6341.19,0,7.7,66,0
904245,16.4,418.25,758.08,0,15.1,50,0
904246,28.0,981.26,3942.73,0,45.3,51,0
904247,43.0,1002.31,2822.73,0,14.4,19,0
904248,85.6,1713.05,4432.86,0,11.6,58,0
904249,39.5,783.78,5488.05,0,10.0,77,0
904250,53.5,661.59,4070.73,0,14.1,28,0
904251,52.2,2422.2,2853.48,0,3.4,23,0
904252,31.9,683.78,639.26,1,0.1,79,0
904253,22.7,1421.33,1268.1,0,13.3,76,0
904254,10.2,1242.71,2215.09,1,7.3,68,0
904255,5.0,566.0,4532.89,3,8.5,75,0
904256,46.7,1156.97,2953.09,0,6.8,33,0
904257,20.3,1205.0,1093.65,0,3.0,70,0
904258,10.7,761.72,1385.45,0,4.9,61,0
904259,34.6,1315.0,1407.16,0,10.7,72,0
904260,2.6,437.74,3393.96,0,16.3,74,0
904261,88.8,1036.75,7891.44,1,21.3,76,0
904262,10.3,1148.73,3589.6,2,8.7,55,0
904263,1.5,990.61,1909.07,0,15.2,79,0
904264,3.6,915.35,2414.78,0,8.3,32,0
904265,1.0,1124.49,3499.81,0,0.6,68,0
904266,52.6,728.94,3625.81,0,2.2,27,0
904267,20.6,1476.37,4886.04,0,9.0,20,0
904268,3.1,1099.58,3188.27,0,6.8,42,0
904269,70.7,1629.03,2416.14,0,0.8,54,0
904270,2.0,1628.73,2871.32,1,24.3,29,0
904271,111.0,791.02,3453.91,1,2.2,44,0
904272,15.5,2031.51,2025.92,2,4.5,60,0
904273,13.6,1865.99,2546.15,0,16.3,59,0
904274,1.5,727.92,2961.39,2,43.1,35,0
904275,86.1,483.69,3633.09,0,6.9,24,0
904276,40.1,886.52,2018.6,0,4.2,59,0
904277,6.5,473.71,100.0,0,10.1,44,0
904278,90.0,1015.46,100.0,0,2.6,53,0
904279,50.9,1646.98,2006.85,0,0.9,74,0
904280,47.6,1100.54,637.46,1,13.4,79,0
904281,51.6,1238.55,2516.04,2,16.8,61,0
904282,31.4,1630.11,6672.47,1,3.1,62,0
904283,114.8,1664.87,100.0,1,8.0,39,0
904284,19.1,2151.42,7747.57,1,25.5,57,0
904285,65.6,1144.78,1869.45,1,16.0,49,0
904286,15.1,1245.96,6563.32,0,4.9,66,0
904287,79.1,1506.68,2555.44,0,1.9,23,0
904288,19.3,1299.27,1525.55,0,0.6,20,1
904289,12.6,1252.59,4234.67,1,20.3,31,0
904290,3.8,875.54,3324.58,0,1.7,36,0
904291,61.9,924.25,3107.89,2,3.4,63,0
904292,15.0,1665.38,5275.6,0,0.5,61,0
904293,4.3,1007.28,5669.46,2,4.3,39,1
904294,88.8,1414.32,7605.59,0,3.0,28,0
904295,5.3,1048.29,1571.66,0,0.4,74,0
904296,17.2,1750.52,7436.22,2,4.7,66,0
904297,48.6,848.91,2017.33,2,13.9,59,0
904298,26.1,1197.27,2855.06,1,5.3,77,0
904299,2.4,1303.72,1496.63,0,3.8,24,0
904300,163.7,1828.14,7032.2,0,39.0,28,0
904301,21.2,1302.84,2149.41,0,14.9,55,0
904302,144.4,608.31,5745.65,0,1.0,46,0
904303,32.6,1275.15,2475.45,1,4.6,25,0
904304,13.9,1235.78,4282.3,0,2.2,68,0
904305,23.1,475.31,5489.14,0,12.6,65,0
904306,55.3,685.48,2352.47,0,10.4,19,0
904307,48.1,1518.35,6552.49,2,11.0,34,0
904308,101.6,970.97,5328.66,0,9.6,54,0
904309,34.7,1234.07,5941.47,3,9.1,73,0
904310,9.0,1194.91,7865.97,3,21.3,35,0
904311,25.8,1354.38,812.59,0,2.5,38,0
904312,19.5,1177.0,3262.41,2,15.3,41,0
904313,6.3,1485.82,4401.45,0,10.9,79,0
904314,19.1,609.89,3668.53,1,22.4,70,0
904315,7.9,1356.44,8094.83,0,5.8,75,0
904316,13.1,1366.16,4444.06,0,26.3,57,0
904317,44.2,1911.53,5421.78,0,2.9,35,0
904318,23.8,300.0,6320.8,1,6.4,18,1
904319,52.9,1022.91,2505.91,4,2.1,45,0
904320,89.7,1489.86,2350.24,0,0.2,66,0
904321,7.7,1908.35,4551.58,1,12.1,52,0
904322,10.9,300.0,2605.95,0,2.6,35,1
904323,114.1,442.61,3426.66,0,9.7,65,0
904324,39.7,1677.61,100.0,1,0.6,24,0
904325,65.1,1172.53,2601.16,1,25.8,73,0
904326,31.3,1080.7,1558.19,1,8.9,55,0
904327,11.1,1497.27,1065.34,0,4.5,40,0
904328,3.1,731.84,4015.05,1,20.7,24,0
904329,78.6,1146.88,1263.12,1,0.9,76,0
904330,77.9,1093.21,1288.12,0,4.5,34,0
904331,11.3,1532.67,699.79,1,2.4,55,0
904332,71.0,1356.93,173.26,0,0.3,56,0
904333,58.2,880.32,3895.9,0,13.3,40,0
904334,10.7,941.4,5086.52,0,11.4,27,0
904335,35.3,1046.69,392.52,0,19.5,44,0
904336,143.0,1350.62,2122.69,0,1.4,21,0
904337,12.9,738.37,6051.39,1,14.8,41,0
904338,2.2,1738.34,5945.85,0,30.7,40,0
904339,83.6,1796.65,3466.27,0,1.6,32,0
904340,18.9,1535.8,3563.34,2,1.9,22,0
904341,11.3,581.56,3582.39,2,0.3,76,0
904342,5.6,1103.79,5390.11,0,2.1,65,1
904343,9.6,898.02,2783.82,0,7.9,21,0
904344,34.7,1447.85,3696.56,0,6.4,65,0
904345,147.5,544.81,2884.76,1,2.8,43,0
904346,130.6,1169.24,6060.08,0,2.8,54,0
904347,5.3,812.04,2152.96,1,23.4,57,0
904348,18.0,1720.53,100.0,0,8.8,27,0
904349,74.1,1356.29,6497.0,0,1.5,33,0
904350,88.8,702.18,4512.7,2,0.0,48,0
904351,74.0,1440.71,1131.44,0,7.1,21,0
904352,16.8,1284.83,6242.12,0,11.4,23,0
904353,8.5,753.85,1959.37,0,3.0,66,0
904354,15.5,833.76,1191.18,0,7.0,58,0
904355,19.5,1244.98,100.0,2,7.3,38,0
904356,77.2,977.26,4133.0,0,7.8,57,0
904357,72.8,1724.58,2674.5,2,23.7,52,0
904358,65.6,753.07,4662.84,0,6.0,71,0
904359,8.8,1181.7,192.42,1,2.2,77,0
904360,12.1,1213.25,7451.92,1,4.1,65,0
904361,4.5,1672.0,3481.11,1,8.0,68,0
904362,1.0,1491.98,5051.72,1,5.9,57,0
904363,105.5,1057.41,4249.42,0,0.3,32,0
904364,83.0,1931.05,2239.94,1,1.3,31,0
904365,97.1,1526.92,1414.36,0,4.2,67,0
904366,57.0,886.5,100.0,1,1.8,53,0
904367,28.9,1548.2,3231.62,0,0.0,63,0
904368,18.7,1113.07,2786.94,0,12.2,62,0
904369,12.2,874.86,4581.82,0,16.0,63,0
904370,87.6,1569.12,3441.27,0,7.1,23,0
904371,4.0,1199.1,100.0,0,3.4,31,0
904372,205.7,529.03,7403.79,4,3.3,53,1
904373,1.0,863.46,5464.18,2,0.6,45,1
904374,8.1,1469.97,3786.75,0,0.4,31,0
904375,15.0,1479.19,4654.26,0,25.5,29,0
904376,54.5,2167.63,589.62,0,15.3,37,0
904377,6.3,779.78,2292.38,0,22.5,26,0
904378,26.9,1354.31,4587.34,0,0.2,22,0
904379,54.5,1246.12,100.0,0,2.2,55,0
904380,4.4,984.28,100.0,0,3.6,42,0
904381,11.1,1025.65,6396.15,1,14.3,72,0
904382,25.5,1148.3,2358.35,0,6.9,24,0
904383,42.0,1899.37,1229.2,1,3.1,64,0
904384,40.6,1128.37,4137.02,1,25.2,26,0
904385,26.5,1990.66,247.04,0,5.9,74,0
904386,23.7,1411.56,4610.6,0,13.5,45,0
904387,1.0,685.99,5651.05,0,8.6,48,0
904388,4.7,982.43,3304.25,0,5.8,53,0
904389,22.6,2280.55,2360.57,0,18.7,74,0
904390,37.8,957.22,2040.59,1,8.3,29,0
904391,56.6,2266.11,100.0,1,5.0,38,0
904392,12.7,982.93,493.09,0,0.0,58,0
904393,41.5,976.58,7687.99,0,11.4,21,0
904394,41.6,1194.32,2663.54,2,2.4,79,0
904395,2.0,1080.32,100.0,0,23.1,46,0
904396,1.0,1335.82,6699.44,0,26.6,39,0
904397,24.2,1182.47,3363.13,0,19.9,44,0
904398,98.9,1348.37,2614.71,1,13.2,41,0
904399,90.8,1209.51,100.0,3,16.7,57,0
904400,46.2,540.32,2230.64,0,24.2,35,0
904401,28.6,1390.85,4342.94,0,0.1,29,0
904402,54.8,445.87,3127.93,0,6.9,49,0
904403,13.6,1268.27,4152.62,1,0.2,34,0
904404,207.8,768.36,5874.15,0,35.1,44,0
904405,4.8,843.74,5119.61,2,0.3,72,1
904406,55.6,1581.12,7059.79,1,21.5,61,0
904407,14.0,1560.41,4008.84,0,3.0,73,0
904408,22.9,989.07,3539.68,0,3.1,59,0
904409,12.8,1129.94,5292.09,0,7.2,44,0
904410,47.9,766.31,5792.61,3,25.2,29,1
904411,12.9,1397.46,2001.04,0,10.0,26,0
904412,26.6,837.81,5200.88,0,7.4,67,1
904413,195.9,1789.26,6388.46,0,16.7,27,0
904414,10.6,940.9,1568.02,1,13.0,29,0
904415,23.7,1421.3,4500.23,0,0.6,47,0
904416,76.9,308.26,5153.96,1,5.0,61,1
904417,3.8,1455.4,100.0,2,3.1,27,0
904418,5.3,714.25,4693.83,1,2.8,71,1
904419,1.3,1035.17,100.0,0,0.4,71,0
904420,60.3,877.64,100.0,2,11.3,35,0
904421,30.2,1592.04,2785.93,1,6.1,38,0
904422,30.2,1707.05,6760.45,1,7.7,22,0
904423,9.2,1090.4,5303.09,2,1.7,58,0
904424,34.8,487.31,7171.63,2,8.6,74,1
904425,69.7,1579.88,709.88,0,0.9,56,0
904426,84.6,1448.88,934.73,0,13.1,62,0
904427,34.2,1345.6,100.0,1,36.7,54,0
904428,25.1,1443.24,180.3,2,16.5,68,0
904429,81.7,1047.33,2572.06,2,2.1,64,0
904430,75.6,1334.48,3834.06,0,1.5,41,0
904431,7.9,1233.25,2400.26,1,15.0,37,0
904432,3.2,937.42,3123.95,1,8.4,43,0
904433,35.4,1110.91,3931.01,0,5.2,42,0
904434,24.3,541.14,8679.32,0,8.0,74,1
904435,55.8,1760.96,4918.05,0,0.5,58,0
904436,10.5,1008.32,100.0,1,1.7,27,0
904437,122.0,1246.93,953.73,1,36.5,19,0
904438,32.8,569.55,3388.85,0,6.1,65,1
904439,15.3,1153.47,702.28,1,12.9,46,0
904440,44.8,1308.61,1684.92,0,36.7,33,0
904441,68.7,1533.58,4943.42,0,21.6,40,0
904442,27.0,1202.94,6223.78,0,6.8,31,0
904443,66.9,1367.69,1699.18,0,6.9,66,0
904444,10.9,1416.45,1864.94,0,15.9,58,0
904445,2.5,853.85,2212.69,0,17.5,79,0
904446,8.3,672.32,1870.03,1,4.1,55,0
904447,5.1,867.02,5160.85,0,4.3,77,1
904448,180.2,548.03,6310.0,0,2.3,18,0
904449,21.4,696.48,7544.7,0,5.3,47,0
904450,48.6,1633.09,5080.78,1,3.7,38,0
904451,5.6,1452.22,5357.28,2,15.5,74,0
904452,82.0,1694.78,1140.77,0,14.8,40,0
904453,17.6,1309.2,4809.4,0,2.0,48,0
904454,15.6,1368.43,2825.15,1,17.9,28,0
904455,71.9,1589.59,5068.47,0,15.2,39,0
904456,53.3,1260.15,5585.3,1,5.7,61,0
904457,21.8,1044.57,7567.43,1,39.8,48,1
904458,7.3,1599.15,7182.91,0,21.6,76,0
904459,13.8,749.51,2267.04,0,29.8,49,0
904460,19.4,1186.61,6440.55,1,1.1,47,0
904461,11.5,1217.17,2808.07,2,1.5,72,0
904462,17.5,799.9,2718.62,0,4.2,29,0
904463,26.9,1604.24,3149.79,2,4.0,26,0
904464,1.0,933.42,100.0,1,13.9,72,0
904465,119.1,2017.71,3811.99,1,2.0,42,0
904466,69.4,880.16,5424.46,3,21.0,69,0
904467,127.8,548.55,393.17,0,8.3,57,0
904468,96.6,547.06,905.01,0,3.3,34,0
904469,6.5,1331.0,2385.85,0,1.0,26,0
904470,4.1,1455.86,8463.65,0,21.0,52,0
904471,14.5,1939.35,1577.36,0,35.5,49,0
904472,40.8,1167.2,5234.05,0,6.1,77,0
904473,22.4,1623.57,3101.85,0,2.3,32,0
904474,91.7,1732.74,1501.88,0,36.4,31,0
904475,35.9,1685.17,3876.56,1,19.5,57,0
904476,83.1,1190.73,7327.36,0,12.7,67,0
904477,7.4,1003.95,3084.35,1,0.7,77,0
904478,4.2,900.8,4775.26,0,6.9,76,0
904479,64.4,1465.88,6744.09,0,16.2,57,0
904480,21.0,1726.28,6315.71,2,1.9,39,0
904481,11.9,1211.24,4689.05,1,9.3,18,0
904482,17.9,637.11,4781.08,0,20.5,65,0
904483,209.2,1136.04,8984.47,0,6.0,36,0
904484,27.0,1014.94,4869.5,1,31.4,33,0
904485,43.9,807.31,7392.67,4,12.4,68,1
904486,14.3,1195.5,3476.74,1,9.8,52,0
904487,94.5,1319.06,1056.29,0,7.5,39,0
904488,100.6,1823.21,6520.29,0,17.0,38,0
904489,9.5,974.48,1866.76,0,1.6,76,0
904490,2.3,1442.57,2799.84,1,1.8,65,0
904491,60.3,1075.5,2091.29,0,39.4,50,0
904492,22.1,836.02,2346.3,1,15.1,58,0
904493,15.7,1277.03,2398.85,1,16.2,76,0
904494,4.7,1576.21,2609.15,2,8.9,35,0
904495,1.9,1429.51,1488.28,2,7.8,63,0
904496,14.2,1506.41,4316.26,1,12.3,21,0
904497,13.5,1207.43,100.0,0,3.0,79,0
904498,19.5,2233.71,6303.82,0,0.6,51,0
904499,37.8,1134.24,5575.04,3,4.8,50,0
904500,76.5,685.36,2394.44,1,6.9,71,0
904501,192.3,1469.48,7774.36,0,1.1,69,0
904502,19.7,1019.19,6452.05,0,14.0,68,0
904503,9.9,666.53,1844.3,1,22.8,64,0
904504,5.9,1125.85,5579.14,0,33.9,51,0
904505,64.0,1283.53,6012.31,1,4.2,34,0
904506,8.2,984.23,5642.02,1,1.4,75,0
904507,86.2,690.31,3891.0,1,0.6,26,0
904508,70.7,906.73,3752.26,0,14.3,71,0
904509,49.1,975.17,4532.49,0,20.9,25,1
904510,51.0,1148.02,4097.2,0,3.5,36,0
904511,11.5,1360.64,6536.42,0,3.0,63,0
904512,28.6,800.51,1808.47,1,0.6,50,0
904513,34.8,663.44,100.0,1,0.0,30,0
904514,16.6,1392.24,100.0,1,1.8,76,0
904515,60.1,996.65,5639.31,1,1.1,19,0
904516,6.8,971.23,3206.33,0,4.4,32,0
904517,32.0,1759.6,5280.03,1,2.3,54,0
904518,90.8,1648.38,1699.23,0,4.6,70,0
904519,30.6,1669.38,1921.89,0,0.6,42,0
904520,20.3,391.24,3188.01,1,10.9,36,1
904521,14.4,587.09,7682.9,1,9.3,58,1
904522,111.9,1167.03,3470.27,0,3.7,19,0
904523,174.6,1328.52,6608.47,0,39.4,58,0
904524,1.8,1564.11,3394.28,0,3.1,24,0
904525,3.5,996.6,100.0,1,24.4,51,0
904526,7.7,601.66,3365.23,0,20.4,68,0
904527,1.0,1906.38,8062.15,1,5.9,28,0
904528,134.1,762.64,1827.97,0,9.7,38,0
904529,1.0,801.5,842.13,1,9.4,20,0
904530,29.4,1384.9,3723.08,1,20.2,74,0
904531,35.5,1367.37,5683.52,0,3.5,55,0
904532,8.0,851.49,251.6,0,3.1,73,0
904533,6.7,611.37,5873.39,1,1.2,58,0
904534,28.3,1206.7,3390.93,0,11.3,33,0
904535,14.4,580.05,2817.04,0,0.3,37,0
904536,204.5,1812.85,1141.25,0,6.2,26,0
904537,30.7,1525.34,9503.19,0,2.6,70,0
904538,9.4,1390.43,1771.44,0,2.5,50,0
904539,50.8,1290.96,8745.57,0,2.6,77,0
904540,1.0,684.4,3202.42,1,0.3,34,1
904541,1.0,1053.02,6880.2,0,1.7,47,1
904542,38.5,1277.44,2493.91,0,0.0,40,0
904543,179.9,935.89,6223.04,2,19.2,76,0
904544,5.7,646.1,3047.13,0,0.4,22,0
904545,55.8,982.36,3276.47,0,17.9,58,0
904546,16.5,1371.07,667.44,1,6.0,60,0
904547,106.9,816.3,2821.72,0,3.7,18,0
904548,5.0,894.46,1784.41,0,8.0,68,0
904549,1.0,1072.33,7513.58,0,7.8,25,0
904550,52.3,1378.82,4445.46,0,4.6,33,0
904551,2.0,1459.69,4391.86,0,17.9,66,0
904552,101.4,1329.23,2756.48,1,5.4,39,0
904553,9.2,1760.45,3960.68,0,23.6,61,0
904554,17.5,1328.67,7810.54,0,9.1,47,0
904555,33.2,1639.54,5387.77,0,10.4,27,0
904556,63.7,1434.5,100.0,1,12.8,75,0
904557,44.3,1009.51,2642.53,1,2.9,47,0
904558,12.2,1555.67,3702.01,0,4.8,67,0
904559,13.4,1354.48,3483.15,1,8.6,36,0
904560,20.8,1708.22,100.0,0,3.0,42,0
904561,19.1,1173.68,3367.65,1,32.4,28,0
904562,37.9,1294.33,1939.08,1,4.3,79,0
904563,5.9,1099.99,2686.56,0,7.2,70,0
904564,4.0,1353.82,5710.95,1,4.6,45,1
904565,36.9,1471.95,3491.28,0,6.6,21,0
904566,187.3,1041.1,5204.37,0,4.6,40,0
904567,75.3,2030.58,6295.64,2,9.9,24,0
904568,43.8,1540.94,1289.66,0,7.3,64,0
904569,26.7,1023.79,4690.87,1,6.0,45,0
904570,5.8,422.58,3538.93,1,21.3,70,0
904571,45.4,2000.0,100.0,0,1.0,42,0
904572,87.1,1436.03,1213.42,0,0.2,18,0
904573,83.7,1003.27,6433.26,0,1.4,42,0
904574,28.2,1263.45,100.0,0,21.8,34,0
904575,23.5,1487.93,4345.39,0,2.0,63,0
904576,18.2,693.17,1368.37,1,1.7,55,0
904577,25.1,1238.79,567.66,1,30.5,20,0
904578,23.9,2098.87,4903.56,0,29.6,42,0
904579,198.4,791.8,4462.76,1,8.2,30,0
904580,47.4,300.0,2789.68,0,0.9,58,0
904581,24.0,1369.36,3825.61,1,1.9,23,0
904582,5.9,1054.93,3308.48,0,31.8,64,0
904583,9.5,1428.94,949.83,1,22.2,30,0
904584,20.7,1042.6,1200.44,0,4.3,67,0
904585,1.0,714.41,2039.11,1,5.1,75,0
904586,15.6,1642.36,4075.87,0,6.3,19,0
904587,4.1,1228.3,2355.44,0,22.3,32,0
904588,11.6,980.37,3228.87,1,11.7,63,0
904589,86.1,847.26,3724.6,0,0.8,36,0
904590,17.1,1630.85,830.6,1,11.4,36,0
904591,7.6,1039.76,2052.3,2,11.5,56,0
904592,16.4,804.7,5833.78,0,2.8,29,0
904593,41.9,1014.37,4663.45,1,6.2,79,0
904594,7.0,1156.17,4153.9,0,2.2,18,0
904595,22.2,1249.56,5740.29,0,23.1,71,0
904596,33.0,1540.94,2917.84,1,2.6,35,0
904597,11.3,974.67,3969.74,0,2.7,58,0
904598,13.6,1363.32,6263.28,0,9.3,43,0
904599,48.1,1984.13,3988.87,0,2.3,34,0
904600,4.8,755.41,100.0,1,16.2,31,0
904601,97.8,1224.37,6078.94,1,10.4,47,0
904602,6.7,1699.58,3863.09,2,9.1,47,0
904603,37.5,802.29,3039.48,0,6.2,59,0
904604,6.7,1582.28,471.13,0,23.2,25,0
904605,75.8,1522.31,1073.74,2,5.7,57,0
904606,5.5,1468.15,5267.2,1,12.6,51,0
904607,20.2,300.0,3313.41,0,24.3,44,1
904608,114.2,1031.53,6047.7,3,12.8,27,0
904609,40.8,1295.27,2783.77,0,1.6,51,0
904610,36.7,1422.36,3253.46,1,12.4,50,0
904611,51.4,968.51,4775.65,1,6.4,36,1
904612,8.5,1056.66,7148.44,1,3.0,70,0
904613,4.1,1785.26,4830.03,0,16.4,45,0
904614,214.8,397.32,4510.05,0,1.2,66,1
904615,52.6,1301.82,1855.9,0,22.2,28,0
904616,76.9,793.3,4508.87,0,2.4,71,0
904617,18.1,1966.22,6415.79,0,34.2,51,0
904618,1.8,1023.61,2708.94,0,9.2,20,0
904619,54.0,1747.72,3210.31,0,7.2,43,0
904620,68.9,1041.07,5178.17,0,35.1,42,0
904621,6.5,1213.88,677.45,0,21.3,65,0
904622,22.2,1122.46,2723.02,1,10.8,22,0
904623,34.0,1539.33,2666.66,1,29.4,44,0
904624,2.8,874.69,4320.0,0,5.7,78,0
904625,40.2,1473.9,1153.32,0,25.6,63,0
904626,34.1,1025.09,4233.13,1,16.4,41,0
904627,40.0,1090.29,2838.82,0,6.9,59,0
904628,10.6,1435.31,3596.48,1,7.9,75,0
904629,5.5,2002.95,5371.87,0,11.5,30,0
904630,26.1,1818.45,4667.88,0,13.0,44,0
904631,22.9,688.41,1880.71,0,6.7,27,0
904632,8.9,1316.37,5189.59,0,14.1,48,0
904633,19.1,1605.6,2389.75,1,5.1,72,0
904634,175.2,490.78,3724.19,0,3.9,52,0
904635,22.5,1600.04,1933.78,0,9.4,78,0
904636,18.7,1093.43,1354.97,0,6.0,68,0
904637,52.9,758.06,2463.87,1,11.7,28,0
904638,21.7,1748.11,1788.59,0,30.3,30,0
904639,112.6,2010.92,2248.06,0,0.8,26,0
904640,39.4,1505.2,4908.57,0,24.9,52,0
904641,17.7,474.07,4538.56,1,38.7,27,1
904642,19.2,1604.33,6001.86,1,6.2,73,0
904643,49.2,881.97,1441.62,0,1.2,39,0
904644,29.9,1215.92,3703.89,0,0.3,41,0
904645,9.3,926.47,3935.09,0,13.1,75,0
904646,62.5,1690.24,1607.66,0,34.2,71,0
904647,28.6,1938.28,3405.08,1,1.0,68,0
904648,9.0,1147.25,2755.83,2,4.1,39,0
904649,165.8,1166.13,2870.72,1,8.8,60,0
904650,45.9,504.1,914.2,0,0.8,64,0
904651,9.5,950.15,6174.37,0,0.9,47,0
904652,44.5,1294.9,1387.91,0,14.1,21,0
904653,152.4,1303.66,4519.29,0,9.0,50,0
904654,15.4,1220.57,4405.56,4,29.2,33,0
904655,78.9,317.43,5371.1,2,0.5,73,1
904656,33.7,715.81,1942.89,0,10.9,52,0
904657,86.0,983.5,7222.16,1,2.3,56,0
904658,56.2,532.35,3456.59,1,12.8,57,1
904659,25.9,1320.06,4763.02,1,22.6,19,0
904660,43.7,1134.68,865.54,3,18.0,42,0
904661,6.1,678.41,2984.43,0,19.5,58,0
904662,13.0,1395.58,644.49,0,23.0,55,0
904663,7.9,1088.12,3160.17,0,5.5,60,0
904664,73.0,1585.0,1033.97,1,1.0,72,0
904665,12.6,523.46,3153.85,0,16.0,37,0
904666,26.8,1490.68,5941.01,1,37.5,55,0
904667,22.1,1600.55,5216.45,0,26.3,44,0
904668,35.3,414.52,3924.92,2,4.3,75,0
904669,61.2,889.49,5340.47,1,7.5,20,0
904670,1.3,965.54,4821.57,0,10.6,48,0
904671,34.7,937.68,1509.47,0,18.8,58,0
904672,7.3,1967.46,238.87,0,33.3,60,0
904673,15.2,1996.41,5748.72,0,8.7,30,0
904674,68.0,1500.31,3968.82,1,33.4,55,0
904675,42.3,1324.54,2975.72,1,13.1,50,0
904676,96.0,638.86,6618.32,1,5.9,62,0
904677,35.7,1275.52,1924.7,0,16.5,61,0
904678,31.8,681.11,1950.05,0,6.1,31,0
904679,5.4,784.51,3378.46,0,19.6,19,0
904680,41.5,594.17,2487.55,2,4.5,62,0
904681,14.4,807.91,4257.24,0,7.2,42,0
904682,54.5,874.06,125.88,0,10.1,63,0
904683,27.0,861.28,1212.32,1,0.7,69,0
904684,117.5,569.35,7801.43,0,6.4,25,0
904685,26.0,1454.11,961.85,1,31.9,75,0
904686,95.1,1712.62,6062.68,2,1.5,50,0
904687,109.7,1369.64,6058.86,0,1.1,25,0
904688,10.5,1524.97,6597.87,1,17.2,49,0
904689,9.6,1058.3,2624.07,3,44.5,77,0
904690,9.7,1325.81,100.0,0,21.3,46,0
904691,83.4,589.14,2579.03,1,2.3,24,0
904692,6.7,1351.28,1748.67,1,0.2,70,0
904693,36.5,1929.06,2005.94,0,4.7,63,0
904694,19.2,975.68,4752.04,1,2.5,50,1
904695,83.2,1569.47,380.83,0,13.8,75,0
904696,13.0,1342.18,100.0,0,15.4,57,0
904697,17.0,2043.03,291.88,0,4.5,48,0
904698,6.4,1613.39,100.0,0,3.5,38,0
904699,18.1,871.66,2162.47,0,13.5,47,0
904700,20.2,880.23,5795.19,0,7.4,19,0
904701,75.5,1650.09,2292.21,0,2.4,60,0
904702,14.7,1177.6,6770.81,0,28.8,62,0
904703,6.0,1158.33,406.13,0,1.4,39,0
904704,35.0,1034.12,100.0,0,2.1,75,0
904705,23.4,753.58,4609.96,2,5.0,78,1
904706,7.7,1562.44,5888.78,1,7.7,74,0
904707,17.8,1538.57,4722.47,0,30.4,49,0
904708,25.0,1161.52,7743.08,0,5.4,42,0
904709,2.3,300.0,549.61,0,38.6,60,0
904710,1.5,1028.07,4276.13,0,2.5,53,1
904711,34.6,1527.14,2855.92,0,14.8,36,0
904712,9.7,1059.06,3831.6,1,16.7,34,0
904713,11.3,1482.55,2528.74,1,14.6,33,0
904714,79.6,2145.08,1433.69,0,15.6,76,0
904715,28.3,1187.31,306.82,1,10.7,63,0
904716,79.4,1677.33,3897.92,1,1.8,21,0
904717,27.9,1336.53,1792.59,0,1.5,43,0
904718,21.7,436.92,5513.75,1,10.1,50,1
904719,1.0,1218.11,712.06,0,21.3,43,0
904720,56.2,1275.16,2580.42,1,21.7,56,0
904721,29.4,572.87,4244.24,0,0.2,75,0
904722,123.0,733.23,100.0,0,4.8,61,0
904723,48.4,562.74,100.0,2,3.8,52,0
904724,22.3,928.19,375.7,0,1.6,59,0
904725,21.3,1623.95,6654.65,2,7.4,23,0
904726,21.5,1599.66,3288.62,0,13.2,44,0
904727,67.9,1423.21,3931.88,0,3.1,32,0
904728,9.2,1476.94,6603.53,2,5.3,69,0
904729,4.5,1385.32,100.0,1,12.2,50,0
904730,39.0,1462.81,6143.05,0,11.4,48,0
904731,82.2,1703.08,1237.76,0,8.0,25,0
904732,53.6,1000.91,6710.84,1,1.5,35,0
904733,16.4,1334.99,5806.24,1,4.4,20,0
904734,40.5,2284.51,6020.08,1,16.9,51,0
904735,49.5,1781.45,6746.19,0,0.5,64,0
904736,48.4,1069.65,2179.0,0,3.7,34,0
904737,25.0,1287.31,5734.74,1,27.2,52,0
904738,60.7,1641.94,946.91,1,4.9,20,0
904739,39.6,1027.58,3660.4,2,22.0,67,0
904740,72.2,300.0,1126.41,3,1.6,51,0
904741,15.8,972.05,3372.25,0,1.7,70,0
904742,19.2,1171.83,2607.44,0,10.8,62,0
904743,25.4,1330.36,5746.37,0,8.4,39,0
904744,45.6,1071.06,2494.83,1,3.8,41,0
904745,27.2,1793.16,100.0,1,18.1,38,0
904746,45.5,2406.81,2385.89,0,2.4,79,0
904747,9.5,1939.29,6393.47,2,1.4,41,0
904748,11.1,636.58,355.09,0,16.8,54,0
904749,52.6,756.47,10893.68,0,12.6,78,0
904750,13.5,869.78,4900.01,1,13.9,65,0
904751,2.3,1028.06,100.0,0,1.9,76,0
904752,21.8,1283.3,3523.02,1,1.0,65,0
904753,55.4,1021.17,3006.71,1,6.0,27,0
904754,26.5,652.14,4727.05,0,1.2,38,0
904755,81.0,1127.63,3526.91,0,7.8,61,0
904756,9.6,1582.92,2283.68,1,1.9,78,0
904757,5.2,381.98,1156.59,0,3.0,57,0
904758,15.5,768.79,1541.01,1,1.0,41,0
904759,4.9,1486.13,3615.03,2,0.4,78,0
904760,56.4,833.23,2505.39,0,3.3,35,0
904761,56.7,1722.65,2082.51,0,7.5,43,0
904762,9.1,1242.98,100.0,0,40.8,68,0
904763,33.6,1159.26,4021.68,2,9.5,73,0
904764,34.9,731.99,3533.6,1,6.7,58,0
904765,40.8,994.4,6394.99,0,0.4,53,1
904766,5.4,870.32,100.0,1,5.5,23,0
904767,69.9,1337.12,3344.52,0,3.0,37,0
904768,66.5,1173.9,4334.92,1,8.6,67,0
904769,1.0,1533.43,5993.25,2,11.5,76,0
904770,19.1,1293.64,5868.23,1,11.3,60,0
904771,11.9,329.81,5348.71,0,2.1,20,1
904772,28.8,1605.52,1829.72,0,19.6,37,0
904773,23.3,999.98,4212.57,1,0.3,78,0
904774,5.0,1460.17,4747.72,1,5.7,49,0
904775,35.9,1188.37,1947.67,2,5.5,19,0
904776,183.3,809.17,4466.39,0,1.9,25,0
904777,91.9,740.18,6614.14,1,0.1,49,0
904778,24.4,1968.63,4878.8,0,25.8,71,0
904779,10.2,1667.13,4568.03,0,1.4,72,0
904780,29.7,517.87,100.0,0,3.7,51,0
904781,23.2,1701.13,3966.13,1,6.5,26,0
904782,6.3,1562.83,4320.41,2,0.5,21,0
904783,9.7,319.0,1805.67,0,7.2,22,0
904784,70.0,1423.79,3617.46,0,4.5,74,0
904785,149.3,904.56,7624.04,0,0.9,35,0
904786,71.0,1553.36,3676.96,0,2.7,63,0
904787,37.6,1086.39,1873.25,1,63.3,35,0
904788,26.0,949.95,809.71,0,4.8,32,0
904789,3.0,800.66,6389.03,0,0.9,31,1
904790,44.2,1036.1,2269.89,1,5.0,60,0
904791,36.1,1177.45,3860.75,1,5.7,21,0
904792,31.3,1230.66,3388.81,2,8.8,42,0
904793,38.3,1895.34,1921.62,1,3.3,73,0
904794,125.3,1049.85,100.0,0,4.1,79,0
904795,26.5,1081.56,263.46,2,53.7,30,0
904796,51.7,753.92,5486.8,0,3.7,68,0
904797,71.1,1035.26,3011.76,0,17.2,53,0
904798,30.4,1447.8,1329.49,0,2.0,48,0
904799,67.5,1948.91,4320.0,0,5.8,37,0
904800,8.0,639.52,3320.38,1,5.0,39,0
904801,29.7,1531.76,3469.6,1,3.3,50,0
904802,167.9,731.76,5225.65,1,2.4,25,0
904803,11.1,811.72,100.0,1,14.5,53,0
904804,10.0,996.76,2728.89,1,3.3,47,0
904805,62.4,721.21,2583.33,1,1.9,71,0
904806,19.0,1334.01,1228.63,0,6.0,20,0
904807,59.3,1678.2,2458.08,0,2.6,74,0
904808,8.3,1235.92,100.0,1,61.9,26,0
904809,116.1,1100.14,1409.21,0,2.1,38,0
904810,1.7,850.82,4315.76,1,0.8,51,1
904811,11.0,1576.74,742.2,0,14.0,41,0
904812,3.2,981.13,2380.37,0,5.5,48,0
904813,13.8,1350.3,2788.59,1,9.4,69,0
904814,151.5,1000.61,7143.65,0,7.2,65,0
904815,22.7,1128.38,6540.11,1,44.5,67,0
904816,43.5,405.07,3851.2,0,17.6,64,1
904817,31.0,1357.28,3134.9,2,39.1,53,0
904818,13.9,1542.48,111.23,1,30.8,63,0
904819,33.0,914.72,6245.99,0,11.3,45,0
904820,31.7,1151.79,9451.73,0,2.7,67,0
904821,50.0,1035.02,100.0,2,2.2,48,0
904822,13.9,671.41,4484.81,0,1.6,41,0
904823,11.0,1218.68,4403.61,1,14.0,21,0
904824,63.5,1596.91,1405.31,0,4.1,74,0
904825,1.1,1219.5,4300.43,0,0.3,66,0
904826,36.6,1151.32,4609.86,1,13.3,60,1
904827,75.7,874.32,827.15,0,41.8,62,0
904828,1.0,1318.43,8889.23,1,1.5,66,1
904829,4.3,1034.08,5270.68,0,2.8,43,0
904830,72.2,1336.99,356.48,1,1.3,47,0
904831,35.5,680.05,3663.77,0,4.0,46,0
904832,12.8,1176.48,4773.26,1,5.8,27,0
904833,16.2,865.4,5975.95,0,4.3,27,0
904834,240.0,1246.32,3584.91,0,0.7,47,0
904835,4.0,1179.35,5135.07,2,38.4,56,0
904836,7.5,1141.52,3643.37,1,14.9,51,0
904837,72.3,820.95,722.9,0,20.8,23,0
904838,5.4,656.41,1716.11,1,9.1,53,0
904839,77.1,1290.75,4444.46,0,6.3,51,0
904840,1.0,1171.35,5432.77,1,7.2,68,0
904841,7.1,789.21,4329.84,1,9.8,51,0
904842,156.9,632.58,7973.15,1,6.0,38,0
904843,5.5,1975.32,1812.65,0,3.4,27,0
904844,11.8,1398.6,2367.06,1,14.5,61,0
904845,7.1,1172.73,6811.91,2,7.6,77,0
904846,42.6,1264.24,4997.06,0,12.8,71,0
904847,28.0,2040.48,7416.86,0,7.2,54,0
904848,23.7,1286.47,910.84,2,9.3,31,0
904849,14.5,1108.2,4663.97,0,2.0,34,0
904850,28.9,1879.03,3428.58,0,6.4,38,0
904851,4.5,709.93,1347.44,1,0.4,42,0
904852,50.3,1243.79,195.98,1,1.1,28,0
904853,6.7,1310.85,5131.76,0,5.5,35,0
904854,85.2,1458.34,5633.72,1,6.2,50,0
904855,26.9,1351.32,4409.4,1,2.9,48,0
904856,1.0,1093.4,4274.18,0,27.3,37,0
904857,30.2,1901.05,5083.56,1,4.4,50,0
904858,16.4,875.46,2391.82,0,28.1,32,0
904859,24.9,1260.04,6083.71,0,6.3,57,0
904860,52.7,1463.52,345.44,0,0.6,40,0
904861,27.5,744.76,6307.76,0,3.1,64,0
904862,8.7,1250.86,3085.73,0,2.1,41,0
904863,13.5,538.29,4469.05,0,9.8,28,0
904864,48.1,502.21,5339.62,0,3.6,39,0
904865,25.2,1246.27,3836.03,1,17.8,50,0
904866,70.4,1095.58,7016.39,0,8.2,34,0
904867,2.0,1496.82,7119.24,1,2.7,18,0
904868,6.9,1414.04,100.0,0,2.8,65,0
904869,6.0,1231.6,1264.59,1,4.5,29,0
904870,56.6,591.33,4706.88,1,2.1,49,0
904871,54.4,773.37,2718.84,3,10.4,65,0
904872,7.5,1869.88,2487.03,0,8.1,73,0
904873,24.1,536.25,2638.07,1,11.4,28,0
904874,113.9,829.34,3399.68,1,6.9,67,0
904875,12.2,1305.32,4956.13,1,0.4,33,0
904876,3.7,955.74,5869.4,1,16.0,29,0
904877,22.7,1441.04,2847.2,0,9.1,48,0
904878,18.2,1308.55,814.56,0,16.0,42,0
904879,9.4,1450.73,5560.3,2,5.4,43,0
904880,9.6,1252.17,3830.44,0,8.5,64,0
904881,12.8,1104.22,1184.89,0,6.5,76,0
904882,59.9,1188.41,5476.62,1,6.5,47,0
904883,9.9,1230.5,3195.37,0,19.6,59,0
904884,24.9,477.18,4330.48,0,5.4,34,1
904885,32.3,1527.33,2846.54,0,9.9,20,0
904886,18.3,1335.41,5500.59,1,3.2,37,0
904887,1.0,952.87,6803.55,1,8.4,41,0
904888,26.0,911.36,4273.36,1,44.2,38,0
904889,14.6,1074.48,3419.62,0,48.2,48,0
904890,24.4,430.6,2432.73,2,4.5,56,1
904891,30.4,750.4,5025.93,0,3.4,74,0
904892,6.2,1434.98,5157.81,0,12.7,63,0
904893,7.7,1441.88,4121.66,0,9.7,73,0
904894,54.7,1275.24,4021.61,2,8.0,18,0
904895,27.9,1440.44,3025.79,2,22.1,22,0
904896,151.3,997.06,3872.73,0,16.5,69,0
904897,31.5,1318.18,1938.21,0,1.9,37,0
904898,39.6,1669.54,3893.2,0,5.5,36,0
904899,1.0,1029.72,1799.54,0,3.2,63,0
904900,77.6,1373.06,630.45,1,8.5,73,0
904901,68.8,1287.4,100.0,0,10.8,41,0
904902,31.6,628.37,5093.07,0,1.1,24,0
904903,24.5,1387.02,4286.37,1,5.1,51,0
904904,58.5,300.0,2531.03,1,7.8,38,1
904905,9.3,539.86,1523.99,1,9.5,44,0
904906,240.0,1334.98,5290.73,0,4.1,53,0
904907,25.6,755.9,3779.77,0,14.3,31,0
904908,56.9,1861.26,4136.63,2,9.4,32,0
904909,61.7,1386.11,4609.31,0,21.3,71,0
904910,62.8,1654.57,5021.46,3,7.1,67,0
904911,55.3,1494.19,3684.34,0,20.5,74,0
904912,30.9,1904.31,6705.41,3,3.8,67,0
904913,11.7,777.31,5065.73,1,13.2,62,0
904914,33.9,1146.35,2712.75,1,4.5,29,0
904915,1.0,1504.98,4247.14,0,1.6,32,0
904916,9.9,1127.8,6265.62,1,10.4,77,0
904917,41.7,1147.53,5871.76,0,10.8,70,0
904918,1.6,708.15,1557.91,0,3.2,62,0
904919,73.3,546.82,551.19,2,1.1,55,0
904920,74.2,661.06,3869.57,1,0.7,54,1
904921,26.1,482.36,2466.41,1,15.8,65,0
904922,15.2,1058.77,1729.51,1,7.0,71,0
904923,50.3,1069.01,2065.25,0,10.8,42,0
904924,46.1,731.85,2818.42,0,21.2,19,0
904925,11.0,1690.92,2367.55,1,1.7,50,0
904926,27.8,1338.96,3107.36,1,11.8,64,0
904927,55.3,628.74,6691.31,1,5.6,29,1
904928,41.5,1297.47,100.0,0,28.9,50,0
904929,10.8,375.42,7351.89,1,23.8,67,0
904930,9.5,1563.07,167.93,1,7.9,39,0
904931,58.3,1117.98,7357.45,1,0.7,61,0
904932,59.3,1228.93,3522.85,1,5.0,63,0
904933,95.7,1864.99,4957.8,0,14.7,31,0
904934,43.8,1447.02,4476.41,1,14.8,19,0
904935,58.4,1331.14,3172.09,0,6.0,72,0
904936,41.9,1220.46,5154.53,2,39.3,62,0
904937,93.5,1018.97,2370.65,2,0.4,67,0
904938,9.0,1292.16,5590.4,0,3.0,53,0
904939,68.9,1449.58,4009.68,1,2.6,68,0
904940,4.4,1219.31,5127.41,2,17.1,34,0
904941,1.0,1360.26,100.0,0,7.3,79,0
904942,50.1,2188.28,100.0,0,6.2,31,0
904943,34.6,1713.67,8438.57,1,2.3,24,0
904944,2.1,1088.13,6343.96,0,10.9,58,0
904945,35.5,1391.39,1930.83,0,5.2,66,0
904946,22.1,866.87,100.0,1,11.1,76,0
904947,1.0,495.1,3756.64,0,7.3,73,0
904948,16.3,871.37,4025.36,3,0.7,18,0
904949,28.1,937.13,2209.31,2,5.6,37,0
904950,186.3,747.02,6353.1,0,2.9,32,1
904951,17.7,834.46,4742.37,0,16.5,21,0
904952,27.8,1002.54,2893.06,1,3.0,79,0
904953,3.9,959.7,6581.4,1,26.2,40,1
904954,6.3,1039.43,5924.85,1,14.2,59,0
904955,12.8,1856.67,4457.87,0,13.1,54,0
904956,17.4,900.15,100.0,2,10.4,32,0
904957,90.3,927.2,2925.05,0,39.8,18,0
904958,12.3,1136.37,1003.04,0,34.5,65,0
904959,34.6,1628.59,100.0,0,11.0,59,0
904960,1.0,1196.77,2167.18,0,26.4,58,0
904961,2.0,1107.82,100.0,1,0.0,46,0
904962,16.5,1683.21,2619.67,0,24.8,23,0
904963,40.0,1220.72,5139.02,0,1.1,21,0
904964,127.2,1023.31,1811.88,0,18.9,62,0
904965,31.6,1522.93,863.66,0,1.2,63,0
904966,18.4,1680.6,2673.42,0,1.5,30,0
904967,144.8,765.34,4422.11,1,3.0,70,0
904968,9.9,1194.32,3209.45,0,5.9,58,0
904969,6.4,1802.04,1167.39,0,8.2,54,0
904970,90.7,780.87,7333.05,0,13.7,41,0
904971,34.4,1145.87,194.72,0,5.7,47,0
904972,29.6,1721.22,1160.37,0,39.5,51,0
904973,9.1,1227.94,5676.57,1,12.7,52,0
904974,28.4,578.65,3889.02,0,18.6,36,0
904975,83.0,823.8,2322.13,1,1.8,25,0
904976,9.0,622.32,1428.07,0,0.3,46,0
904977,1.9,1286.41,3205.88,1,2.4,42,0
904978,2.0,1427.08,5432.23,1,11.5,70,0
904979,69.6,789.41,8084.91,1,6.9,49,1
904980,49.7,1942.72,100.0,0,6.6,75,0
904981,56.4,918.71,3016.27,0,14.0,40,0
904982,73.1,967.85,7336.78,2,1.5,29,0
904983,49.7,1702.36,9914.75,1,10.1,72,0
904984,82.3,2324.07,100.0,0,3.1,52,0
904985,85.5,997.47,3650.38,0,18.0,54,0
904986,14.1,1602.23,2340.27,0,2.5,31,0
904987,54.5,843.68,9929.97,1,4.7,25,1
904988,88.6,908.69,100.0,1,4.4,52,0
904989,9.4,1853.13,100.0,1,62.0,65,0
904990,48.5,576.69,4549.61,3,14.3,72,0
904991,79.6,1232.1,4220.32,1,1.6,20,0
904992,4.6,1268.44,2502.23,0,17.1,63,0
904993,3.8,1195.65,6531.57,0,1.0,76,0
904994,83.4,1412.27,8165.39,0,17.3,23,0
904995,44.4,1522.71,6063.84,0,53.6,76,0
904996,11.6,1543.36,2419.72,0,6.1,43,0
904997,21.0,1307.4,100.0,0,4.2,79,0
904998,47.9,1814.41,352.57,0,31.0,48,0
904999,5.2,1254.72,5493.12,2,17.4,65,0
905000,11.0,1014.53,2196.83,0,26.3,33,0
905001,28.6,1826.17,4047.32,0,6.4,78,0
905002,1.0,1303.9,6331.47,0,34.6,24,0
905003,91.5,1160.93,5079.65,0,15.2,27,0
905004,69.7,621.23,3824.27,0,17.6,43,0
905005,44.0,1247.06,2375.87,0,1.5,54,0
905006,53.7,992.73,4262.86,0,1.2,25,0
905007,87.4,1434.13,3949.73,1,2.6,72,0
905008,58.9,2063.35,1139.18,1,2.4,44,0
905009,4.0,1774.66,3431.09,0,7.6,66,0
905010,34.4,615.47,6048.59,3,23.6,24,1
905011,35.7,1421.85,4338.67,1,11.6,72,0
905012,12.2,1749.61,6156.6,0,2.2,26,0
905013,83.5,477.97,5928.19,1,3.9,35,1
905014,94.7,1843.89,4448.84,0,17.2,49,0
905015,16.3,1284.62,2570.8,0,22.7,64,0
905016,8.6,1484.27,3159.21,1,4.4,74,0
905017,2.5,923.29,100.0,1,15.5,53,0
905018,50.4,1313.07,100.0,0,49.9,46,0
905019,1.0,1129.78,100.0,0,17.8,69,0
905020,26.3,1896.15,2510.7,0,9.8,31,0
905021,14.9,1239.31,7068.08,0,29.9,37,0
905022,41.7,1206.41,4868.89,1,33.3,30,0
905023,7.0,1018.59,2744.38,4,2.7,50,0
905024,47.3,798.04,3805.6,1,1.9,54,0
905025,17.5,1780.35,4471.95,0,11.2,67,0
905026,8.0,1449.04,7517.74,0,17.8,18,0
905027,18.0,1307.86,4810.97,1,0.0,58,0
905028,75.6,1347.84,2024.02,2,7.4,76,0
905029,5.5,987.59,5986.39,0,26.7,72,0
905030,52.5,1363.05,7650.21,0,1.5,72,0
905031,49.5,506.8,3341.96,0,36.5,28,0
905032,34.9,1585.24,7698.09,0,7.4,58,0
905033,12.2,1574.11,1639.89,1,14.5,77,0
905034,12.9,1270.81,7159.36,2,8.8,46,0
905035,60.9,1487.14,4403.28,1,1.7,66,0
905036,27.0,828.67,3230.36,0,3.3,60,0
905037,46.6,926.8,7999.65,0,1.3,29,1
905038,38.7,480.95,7621.29,0,2.1,36,1
905039,15.4,458.72,2603.91,0,7.7,74,0
905040,66.9,300.0,4003.78,0,1.7,58,1
905041,25.0,1184.25,100.0,2,11.9,32,0
905042,30.1,1270.47,3314.48,1,11.0,30,0
905043,33.9,757.1,4936.03,1,3.5,63,0
905044,1.0,596.79,4453.79,0,7.7,66,0
905045,6.0,1539.67,4243.0,0,23.5,48,0
905046,71.2,1587.21,1140.02,0,9.7,41,0
905047,23.8,1254.08,4882.47,0,3.1,57,0
905048,49.7,987.38,569.12,3,8.3,76,0
905049,48.9,447.85,369.44,0,5.1,65,0
905050,5.3,2077.38,4546.03,3,14.3,34,0
905051,7.1,860.31,7080.07,0,6.4,42,1
905052,64.4,1277.84,100.0,1,0.3,29,0
905053,7.2,1109.06,249.49,0,1.9,75,0
905054,1.0,1482.39,100.0,0,5.0,67,0
905055,5.4,1230.63,4643.49,0,6.5,21,0
905056,9.4,1141.86,5147.12,0,4.2,48,0
905057,18.4,1863.29,1843.1,0,3.5,25,0
905058,1.2,574.41,710.48,2,22.9,68,0
905059,50.3,622.57,100.0,0,21.9,68,0
905060,91.7,1395.08,1183.9,0,1.2,75,0
905061,4.0,1886.07,3722.25,0,0.3,52,0
905062,11.6,1160.97,2581.23,1,3.0,46,0
905063,161.7,1229.19,1518.88,2,32.5,23,0
905064,2.8,1951.97,100.0,1,8.4,36,0
905065,83.1,759.17,5417.14,1,6.5,51,0
905066,61.2,917.19,957.71,1,14.6,25,0
905067,5.9,1313.39,4276.22,2,6.0,35,0
905068,50.8,1784.48,1663.57,1,1.5,51,0
905069,11.0,940.78,4147.1,0,14.9,55,0
905070,34.2,1892.71,215.66,0,0.3,77,0
905071,32.3,980.08,4777.06,0,0.4,50,0
905072,56.6,1438.89,1787.95,2,4.3,29,0
905073,11.3,1561.57,5503.94,0,17.5,47,0
905074,33.6,1063.12,2795.21,0,3.6,52,0
905075,76.9,1326.22,100.0,1,10.7,60,0
905076,11.3,1895.61,6885.31,0,19.1,71,0
905077,1.0,1633.85,3717.71,0,10.8,69,0
905078,38.8,1199.34,3878.36,1,13.1,71,0
905079,38.0,1854.89,7340.53,0,3.5,76,0
905080,4.0,1359.8,2330.18,2,1.2,75,0
905081,23.4,1049.42,1076.29,0,3.0,77,0
905082,42.2,597.43,6641.71,2,7.8,49,0
905083,43.7,700.2,7277.93,0,3.0,64,0
905084,8.4,978.8,1173.75,2,2.1,25,0
905085,1.0,1331.67,682.75,1,1.9,49,0
905086,42.9,1038.81,1836.2,0,0.7,55,0
905087,11.9,1242.09,1038.64,1,6.7,27,0
905088,11.5,1331.95,3922.31,0,18.2,23,0
905089,50.5,1585.3,6030.15,2,3.4,19,0
905090,4.7,1378.56,3030.87,0,2.7,68,0
905091,234.5,1761.45,1794.83,1,3.3,62,0
905092,19.2,1856.06,1119.35,1,7.1,21,0
905093,45.1,1814.99,6638.13,1,42.0,46,0
905094,17.2,1194.89,2755.22,0,3.0,45,0
905095,24.1,688.08,4234.56,0,12.3,39,0
905096,52.2,1813.35,4790.73,1,30.6,41,0
905097,113.1,1413.87,5453.5,0,5.8,32,0
905098,111.3,1627.17,6961.3,1,8.8,27,0
905099,2.7,1073.01,5172.75,1,3.4,34,1
905100,89.0,578.17,100.0,1,11.4,41,0
905101,38.2,1767.84,8597.51,0,4.5,66,0
905102,5.3,1670.04,3772.8,0,28.8,33,0
905103,1.6,1004.53,6504.22,3,8.6,52,0
905104,1.3,1295.57,2863.32,1,9.5,36,0
905105,74.7,1424.24,2721.2,1,1.0,55,0
905106,49.1,1243.26,3173.64,0,41.2,79,0
905107,11.9,1730.91,5679.5,0,12.5,65,0
905108,16.3,697.76,100.0,0,23.1,48,0
905109,35.8,979.51,2906.26,0,18.2,74,0
905110,38.2,2036.13,5510.31,0,9.3,42,0
905111,35.4,1211.55,4704.85,0,8.9,38,0
905112,1.3,1268.48,4981.76,1,1.9,48,0
905113,69.4,1515.66,100.0,1,6.2,22,0
905114,1.1,2000.04,723.38,1,4.7,55,0
905115,42.8,728.79,112.93,0,5.7,77,0
905116,29.4,1130.5,7848.03,1,2.9,65,0
905117,12.3,1226.63,5472.13,2,4.3,77,0
905118,87.6,1190.06,3890.0,0,4.4,27,0
905119,119.0,1074.68,3266.72,0,8.0,37,0
905120,3.7,2203.14,3508.82,0,0.3,46,0
905121,14.8,1390.23,3183.11,0,39.9,46,0
905122,63.3,1476.55,4621.6,2,15.7,50,0
905123,10.5,1473.86,4250.58,0,1.4,77,0
905124,32.0,733.25,4657.67,0,7.7,31,0
905125,4.4,2029.58,3441.2,2,0.9,62,0
905126,25.1,864.46,3243.69,2,45.7,55,0
905127,43.3,526.92,6360.22,1,3.8,24,0
905128,5.3,782.21,731.98,0,1.2,65,0
905129,25.8,1020.06,3905.56,0,23.4,79,0
905130,49.7,689.23,5308.8,3,6.0,79,0
905131,22.1,1524.34,1013.1,0,11.5,27,0
905132,12.2,1864.02,4990.82,2,1.8,78,0
905133,61.1,1853.95,2561.09,1,28.6,44,0
905134,6.2,1259.57,5717.04,0,1.5,60,0
905135,50.7,1608.09,3918.97,0,17.7,31,0
905136,74.2,1481.31,4223.57,0,17.1,33,0
905137,1.9,1297.23,4626.44,1,10.5,66,0
905138,14.2,1383.32,8556.04,0,1.7,48,0
905139,79.1,697.89,4161.68,1,3.1,75,0
905140,31.2,1630.87,9652.19,0,5.4,58,0
905141,36.4,1277.38,7776.89,2,4.2,22,0
905142,99.9,571.6,6389.89,0,4.2,66,0
905143,82.4,1158.81,2097.46,1,7.4,21,0
905144,23.8,1160.28,4058.49,0,13.8,37,0
905145,55.5,565.8,5020.12,0,8.7,55,0
905146,24.6,1244.1,9563.82,0,5.2,42,0
905147,95.4,1376.91,3265.95,0,14.0,33,0
905148,40.5,1261.25,3273.02,2,5.9,24,0
905149,11.3,1429.8,4189.69,1,21.4,60,0
905150,125.8,1191.04,2765.33,0,1.5,43,0
905151,32.0,1004.18,617.68,0,12.0,20,0
905152,153.5,1005.23,100.0,0,3.9,78,0
905153,53.2,464.61,576.53,0,6.0,22,0
905154,80.1,1676.06,5752.33,0,3.9,40,0
905155,13.5,1417.98,2773.6,2,0.3,30,0
905156,4.9,1100.27,4361.01,2,0.5,47,0
905157,22.2,1320.33,756.98,1,0.6,66,0
905158,9.5,753.11,5342.61,2,5.2,66,0
905159,26.4,1195.96,3595.27,0,0.5,69,0
905160,9.4,1465.46,2139.86,1,5.5,77,0
905161,59.2,1400.0,3576.32,1,21.3,19,0
905162,68.1,1065.95,6545.57,0,24.9,52,0
905163,77.1,321.72,1509.45,0,1.1,25,0
905164,8.9,972.62,5723.87,0,7.9,19,0
905165,26.3,1424.49,3254.4,2,0.6,40,0
905166,15.6,1094.56,100.0,0,5.6,40,0
905167,165.7,939.08,3421.54,0,11.4,66,0
905168,35.0,1607.88,100.0,0,3.7,32,0
905169,31.9,1367.69,3174.09,1,3.0,41,0
905170,27.5,1359.59,5264.53,0,2.5,42,0
905171,42.9,1201.77,5976.75,1,9.3,30,0
905172,164.0,731.25,2376.09,1,1.3,71,0
905173,7.0,1421.91,5173.71,1,38.2,59,0
905174,46.7,1170.05,5567.29,0,6.8,77,0
905175,28.0,1637.1,4502.77,0,17.0,25,0
905176,42.2,1120.73,1391.72,0,3.4,78,0
905177,28.6,1070.89,100.0,0,1.3,20,0
905178,41.8,1310.21,6224.46,0,5.5,20,0
905179,45.4,1631.4,4831.41,4,4.4,51,0
905180,57.7,966.71,6946.33,0,12.8,36,0
905181,32.3,427.41,1520.37,0,17.1,76,0
905182,20.6,1112.55,3471.86,0,2.6,59,0
905183,63.4,548.19,5032.32,0,22.7,20,0
905184,45.8,1216.0,6192.79,1,4.4,33,0
905185,42.4,1234.99,100.0,1,8.2,43,0
905186,84.9,1574.91,5053.75,1,5.9,20,0
905187,3.5,1687.15,2721.32,0,11.8,60,0
905188,17.6,1256.15,3333.3,1,35.3,66,0
905189,21.2,2114.46,4255.47,1,1.7,29,0
905190,25.4,1546.2,1609.21,0,4.7,25,0
905191,106.3,1073.13,2175.24,1,7.6,57,0
905192,27.7,1326.21,4688.48,2,4.0,30,0
905193,1.0,1430.51,1357.37,0,5.7,39,0
905194,6.7,1458.0,2910.36,0,6.3,69,0
905195,37.2,1579.96,2566.61,1,16.1,37,0
905196,106.9,1750.82,3922.73,0,28.8,45,0
905197,32.4,1540.08,5058.74,2,1.9,40,0
905198,7.3,1517.59,100.0,0,17.1,37,0
905199,42.9,840.15,967.8,0,10.2,53,0
905200,31.0,902.97,4060.63,0,7.7,78,0
905201,24.3,1817.9,6984.43,0,5.1,75,0
905202,22.8,2049.18,2670.67,3,3.5,45,0
905203,9.9,641.09,5678.67,0,8.1,49,0
905204,11.0,1135.18,3377.24,0,7.8,37,0
905205,16.3,1507.04,5578.57,0,13.5,65,0
905206,17.8,1919.94,5391.55,0,10.8,52,0
905207,42.6,1011.41,2172.89,0,4.2,61,0
905208,43.7,559.37,1493.25,2,6.1,54,0
905209,44.0,625.59,611.88,0,0.6,75,0
905210,2.6,1527.35,8793.13,0,0.2,58,1
905211,26.0,1375.75,13864.87,1,3.2,70,1
905212,18.1,300.0,3589.23,0,59.8,45,0
905213,33.2,1197.51,6195.94,0,2.0,39,0
905214,30.5,1851.27,100.0,0,22.1,22,0
905215,59.8,2211.83,4468.94,1,18.5,41,0
905216,19.3,1339.27,5055.69,1,18.2,77,0
905217,21.0,1468.55,2418.31,0,27.9,47,0
905218,69.9,1319.07,5889.26,1,13.6,44,0
905219,19.4,1742.9,6954.47,1,16.2,68,0
905220,20.7,1428.76,727.92,0,2.4,47,0
905221,141.5,1373.31,6162.19,1,7.3,40,0
905222,2.0,1321.34,2228.21,2,0.5,71,0
905223,27.5,1186.33,100.0,2,12.8,72,0
905224,16.0,1213.63,4848.21,1,4.2,48,0
905225,35.4,999.76,4784.87,2,13.0,38,0
905226,102.2,1445.55,3903.33,2,15.6,35,0
905227,18.3,762.35,2824.26,0,4.6,30,0
905228,50.9,688.61,100.0,0,7.6,67,0
905229,38.2,300.0,780.27,0,3.4,64,0
905230,112.2,2085.53,5463.55,0,19.8,52,0
905231,43.4,1376.28,322.4,1,2.4,31,0
905232,5.6,429.59,8217.15,1,13.5,30,1
905233,41.9,1523.17,1192.82,0,18.4,34,0
905234,10.4,1094.42,5065.42,0,4.0,55,0
905235,89.1,445.2,6552.3,1,2.9,72,1
905236,40.0,1571.96,8083.77,1,0.5,58,0
905237,34.3,791.06,4565.07,0,3.4,62,0
905238,46.0,655.36,4983.54,0,2.3,30,0
905239,36.7,1505.69,2660.99,0,38.9,49,0
905240,28.6,1830.03,4304.38,0,1.1,42,0
905241,94.6,1175.83,2415.8,2,10.7,74,0
905242,10.1,878.33,100.0,0,8.8,40,0
905243,8.0,1282.19,5221.76,1,1.5,22,0
905244,97.6,1039.61,2450.93,3,8.1,73,0
905245,96.9,1803.63,3851.2,0,4.3,74,0
905246,25.5,1230.06,5672.35,3,13.2,51,1
905247,41.3,1983.11,100.0,0,2.5,40,0
905248,72.1,970.27,1919.66,1,15.7,31,0
905249,16.0,1243.71,829.5,0,3.2,19,0
905250,14.0,1424.44,3862.78,0,3.5,72,0
905251,15.6,1003.25,8243.47,0,13.3,62,0
905252,33.5,1482.81,603.78,1,7.2,70,0
905253,162.0,1683.25,7412.87,0,2.1,29,0
905254,29.4,1076.05,633.86,2,24.8,74,0
905255,52.4,983.49,4021.35,0,3.3,72,0
905256,25.8,513.27,4930.89,0,0.4,22,1
905257,19.6,1044.85,4803.81,1,0.9,20,0
905258,113.3,1520.23,4873.44,0,0.6,33,0
905259,34.6,1054.34,5225.52,0,14.0,29,0
905260,5.1,761.93,1075.76,0,2.0,26,0
905261,10.8,1126.87,6071.29,2,3.5,20,0
905262,24.8,1128.43,3457.91,1,4.6,71,0
905263,11.5,1114.42,3426.85,0,7.3,49,0
905264,1.1,1201.15,1377.79,1,0.4,58,0
905265,22.0,1317.87,4595.75,0,14.0,66,0
905266,191.7,829.56,2880.56,2,4.2,72,0
905267,1.8,1472.37,4890.7,1,10.4,36,0
905268,46.4,808.99,2952.81,1,18.5,41,0
905269,20.7,1476.41,5751.6,0,2.5,28,0
905270,20.4,1318.82,2807.25,1,11.5,48,0
905271,21.3,1678.61,2750.59,0,0.8,66,0
905272,14.9,1227.43,4083.25,1,12.7,45,0
905273,40.4,746.92,3500.71,0,10.8,60,0
905274,94.2,1477.27,4009.17,0,6.7,57,0
905275,22.2,1239.5,4215.69,1,8.1,40,0
905276,9.2,955.62,3764.11,0,17.1,35,0
905277,5.2,1291.1,683.58,0,22.1,79,0
905278,34.9,346.24,2676.39,1,2.8,25,0
905279,100.7,1328.69,2311.66,1,4.0,44,0
905280,87.3,1348.39,3182.81,1,3.6,71,0
905281,18.6,1240.27,2030.86,0,18.1,24,0
905282,23.8,386.86,2641.23,0,7.9,66,0
905283,105.4,1707.61,3451.3,1,3.0,50,0
905284,75.5,1285.03,6371.05,0,34.7,57,0
905285,1.1,1030.59,7275.21,1,24.8,39,0
905286,17.9,1551.49,5849.15,1,0.8,30,0
905287,75.2,643.55,5706.48,2,2.2,25,0
905288,32.0,1470.39,5452.28,0,11.5,28,0
905289,12.5,1954.76,6137.37,0,6.8,31,0
905290,1.0,1174.76,4448.04,0,1.8,32,0
905291,74.4,1559.95,7548.82,0,25.7,22,0
905292,73.0,930.89,3646.58,0,5.3,72,0
905293,86.8,1427.37,6316.65,0,28.6,26,0
905294,114.4,707.37,3532.61,0,2.7,24,0
905295,18.5,1616.25,7533.05,0,16.2,24,0
905296,9.2,1688.82,5142.13,0,2.8,40,0
905297,43.4,1315.6,1550.34,0,11.5,54,0
905298,34.9,1564.7,746.76,0,0.9,72,0
905299,3.0,1443.71,3140.85,0,8.0,61,0
905300,41.8,1825.46,2514.74,0,1.6,20,0
905301,35.2,1203.09,4306.11,1,6.4,31,0
905302,69.2,1358.51,3845.63,1,5.9,72,0
905303,40.7,762.8,100.0,0,13.8,38,0
905304,239.0,956.37,4980.78,0,20.5,29,0
905305,44.0,1233.01,6546.11,1,3.5,41,0
905306,12.9,795.74,2575.72,1,5.7,57,0
905307,46.2,660.98,3685.19,1,11.8,39,0
905308,60.1,1309.39,5550.86,0,1.5,77,0
905309,13.7,1646.64,100.0,1,10.0,61,0
905310,11.0,1566.11,3085.74,0,25.4,54,0
905311,10.5,1279.07,2130.13,0,13.3,59,0
905312,15.9,1220.51,903.83,0,4.2,77,0
905313,6.3,1994.95,4258.88,2,9.5,62,0
905314,16.5,837.26,2152.87,0,3.5,44,0
905315,20.8,1786.77,3639.2,0,0.9,52,0
905316,64.6,1082.78,6945.51,0,0.7,72,1
905317,56.1,1087.81,5308.02,0,4.3,21,0
905318,20.7,648.62,5404.59,0,0.2,23,0
905319,45.7,1540.89,7367.6,1,3.5,60,0
905320,61.4,1769.68,6398.79,0,4.0,34,0
905321,41.6,1088.72,7699.42,0,8.6,39,0
905322,28.7,778.65,2106.09,0,13.3,37,0
905323,66.3,898.26,5325.23,0,6.8,45,0
905324,27.8,1471.58,2722.36,1,43.5,77,0
905325,7.6,1485.88,4263.39,0,8.0,49,0
905326,62.3,909.53,100.0,0,1.8,75,0
905327,17.0,1638.25,3811.57,0,13.3,74,0
905328,109.9,1831.68,7261.67,0,2.2,64,0
905329,26.0,556.02,1395.13,0,3.0,76,0
905330,26.6,751.79,6287.71,0,8.2,75,0
905331,71.4,1524.36,7265.82,0,3.8,79,0
905332,2.3,1657.49,4872.0,1,18.2,78,0
905333,50.7,757.01,3247.62,3,23.3,44,0
905334,13.9,1101.35,3081.1,0,3.2,67,0
905335,13.2,825.7,3588.24,0,13.1,37,0
905336,15.4,2054.84,4791.92,0,3.0,38,0
905337,2.2,433.33,4993.44,0,7.4,28,0
905338,48.0,430.28,5055.85,0,13.7,64,0
905339,1.0,1120.03,1975.22,0,21.7,32,0
905340,3.2,1034.11,5562.22,1,17.2,47,0
905341,12.7,1369.14,3608.48,0,4.5,20,0
905342,20.8,2112.95,519.44,1,11.4,68,0
905343,15.3,1084.59,3600.75,1,7.9,75,0
905344,14.8,1705.87,3278.67,0,3.9,62,0
905345,17.2,1361.01,2368.85,0,4.9,61,0
905346,10.6,1550.01,3338.06,1,2.7,65,0
905347,13.3,750.23,3780.96,2,7.2,42,0
905348,32.6,1100.57,2043.31,0,4.5,42,0
905349,25.9,1595.07,7004.08,0,25.4,28,0
905350,49.4,1528.06,1532.48,2,12.1,61,0
905351,1.0,2187.98,4153.62,0,19.3,28,0
905352,19.8,1664.49,100.0,0,6.5,71,0
905353,13.6,1062.16,4158.08,0,13.3,24,0
905354,7.3,553.37,6304.16,1,3.2,28,0
905355,6.9,1309.47,1696.46,0,18.5,72,0
905356,15.4,820.29,4552.29,0,4.9,62,0
905357,21.2,1426.39,8785.47,0,19.5,72,0
905358,18.4,899.56,3604.31,1,50.4,49,0
905359,19.5,1034.46,6219.76,2,63.7,31,0
905360,125.6,344.11,1934.92,0,1.6,34,0
905361,10.7,1732.36,3550.07,1,0.9,32,0
905362,5.0,1304.4,1212.7,0,11.1,62,0
905363,68.7,649.85,2854.03,1,0.2,61,0
905364,20.4,780.38,3622.83,2,6.3,74,0
905365,79.9,1264.35,2658.57,0,13.7,39,0
905366,15.2,475.97,1040.26,0,11.3,37,0
905367,12.9,1548.96,2696.37,1,1.7,19,0
905368,1.0,656.8,5432.89,0,3.0,78,1
905369,95.6,1243.44,2418.58,1,1.7,73,0
905370,81.4,1037.73,2322.91,1,4.4,29,0
905371,33.6,1157.18,1351.46,2,2.8,70,0
905372,1.0,641.74,4446.99,0,0.7,75,1
905373,8.6,963.22,2242.12,1,0.4,19,0
905374,30.1,2051.52,4980.68,1,12.0,27,0
905375,41.6,756.49,1538.55,2,9.9,25,0
905376,40.1,1208.11,3721.63,1,14.4,19,0
905377,10.7,1552.24,5701.74,0,45.5,55,0
905378,126.7,1527.45,1891.68,1,5.2,54,0
905379,33.9,1596.17,8318.11,1,11.3,18,0
905380,1.0,569.0,4076.9,0,7.8,32,0
905381,61.0,1114.28,3619.43,1,9.5,70,0
905382,2.3,1223.09,5070.67,1,8.9,78,0
905383,8.4,1432.83,6867.6,1,0.8,18,0
905384,42.1,730.49,100.0,1,8.5,65,0
905385,76.4,673.21,100.0,2,2.2,43,0
905386,137.3,1236.62,467.82,1,1.6,77,0
905387,64.4,1534.71,7770.72,1,1.4,56,0
905388,26.9,970.57,3529.33,1,2.2,26,0
905389,69.4,929.32,5955.5,1,15.9,51,0
905390,27.1,1185.82,2856.08,2,3.3,34,0
905391,59.9,1551.72,4908.64,0,7.7,49,0
905392,23.6,716.75,3939.21,1,4.3,48,0
905393,6.0,1392.57,5690.04,0,4.7,53,0
905394,3.4,1200.29,3173.25,0,49.5,63,0
905395,53.1,1205.85,2984.09,0,1.1,64,0
905396,23.7,1708.44,1276.31,0,1.0,30,0
905397,18.7,615.92,6570.74,0,14.1,78,0
905398,33.0,1662.25,1557.0,0,8.4,72,0
905399,11.4,579.0,5556.75,0,4.8,38,0
905400,79.9,1425.52,3287.79,1,10.1,21,0
905401,47.2,1475.58,100.0,0,22.9,41,0
905402,14.1,812.26,4595.6,0,4.7,71,0
905403,8.5,861.06,3106.19,1,8.9,30,0
905404,60.1,1291.96,3707.29,0,3.2,62,0
905405,65.8,809.44,100.0,0,0.6,58,0
905406,19.4,1272.34,3601.33,1,14.4,48,0
905407,14.1,1215.61,2212.66,1,0.2,41,0
905408,27.0,1436.23,5857.22,1,8.0,27,0
905409,8.9,1123.85,100.0,2,5.3,78,0
905410,28.8,896.23,3591.76,1,7.8,46,0
905411,17.4,951.46,2773.05,0,3.3,35,0
905412,1.8,1425.47,5585.13,1,7.5,70,0
905413,2.7,1657.79,4442.58,1,2.4,20,0
905414,19.0,1657.83,4264.72,1,2.4,72,0
905415,34.9,814.8,7404.14,0,8.7,64,0
905416,77.5,852.95,940.45,0,29.9,78,0
905417,5.7,1109.03,4079.3,2,18.8,57,0
905418,15.0,1072.07,3386.23,5,8.6,30,0
905419,15.6,1759.17,3736.98,0,2.5,46,0
905420,4.8,1642.47,1716.17,0,39.0,71,0
905421,27.9,1638.57,2514.0,0,16.4,68,0
905422,1.1,962.78,5170.53,1,0.6,46,1
905423,64.1,1261.88,1253.27,1,21.9,63,0
905424,202.5,1356.08,4431.65,1,4.0,49,0
905425,17.7,1547.13,6754.38,0,7.3,42,0
905426,5.5,508.85,3150.24,2,3.3,57,1
905427,49.4,1919.01,5370.78,0,3.0,23,0
905428,97.8,1551.99,5791.53,3,14.7,19,0
905429,30.7,1489.2,100.0,0,12.5,56,0
905430,98.3,1416.82,1770.66,0,8.6,49,0
905431,7.2,820.31,100.0,0,1.2,47,0
905432,47.5,1952.94,100.0,1,6.4,28,0
905433,44.1,951.32,5026.3,2,0.5,44,0
905434,39.9,1296.1,1107.67,1,5.6,32,0
905435,4.5,314.67,5035.21,1,0.2,30,1
905436,126.3,1059.09,3419.34,0,5.1,33,0
905437,122.2,1955.64,7337.67,2,2.8,49,0
905438,17.6,817.93,1449.13,0,6.2,46,0
905439,90.7,1407.51,100.0,2,0.4,75,0
905440,53.6,1021.75,3413.31,1,2.3,24,0
905441,87.8,1314.11,2556.4,0,1.6,51,0
905442,13.5,1310.92,2976.54,0,4.5,49,0
905443,35.3,1248.71,5298.19,0,8.0,26,0
905444,85.9,1288.36,1641.83,1,0.1,34,0
905445,37.5,1372.19,4516.56,0,20.1,57,0
905446,32.7,662.72,6713.83,0,9.6,48,0
905447,34.3,871.46,3759.83,1,41.5,62,0
905448,67.0,729.63,2931.67,0,25.5,64,0
905449,58.5,1144.5,5833.94,1,23.8,37,0
905450,58.7,2227.76,3421.57,0,11.2,47,0
905451,21.6,1746.49,5669.16,1,2.0,71,0
905452,9.8,1732.32,3829.37,1,8.2,51,0
905453,18.1,435.05,5079.65,0,2.7,76,1
905454,52.5,1043.53,5803.74,1,2.0,22,0
905455,106.1,1543.33,3595.13,1,9.1,34,0
905456,18.8,1773.67,1689.8,1,6.3,68,0
905457,13.0,747.75,4555.15,0,2.8,48,0
905458,31.4,1429.05,100.0,1,4.6,79,0
905459,1.5,574.29,5804.36,1,2.0,34,1
905460,126.2,1390.84,1948.12,3,1.9,32,0
905461,42.8,819.39,7474.23,1,2.9,57,0
905462,9.7,361.42,3639.48,0,24.9,77,1
905463,128.9,806.21,7484.7,1,12.3,39,0
905464,20.2,724.1,3435.63,0,1.6,49,0
905465,6.7,1307.98,4365.42,2,2.1,76,0
905466,3.0,1268.57,2524.43,1,0.2,32,0
905467,1.0,954.36,1990.53,0,4.2,65,0
905468,11.4,968.76,2284.34,1,2.4,25,0
905469,34.2,1612.86,4044.59,0,22.5,73,0
905470,3.0,482.84,3876.41,0,8.9,19,0
905471,60.7,1168.66,6748.47,0,0.9,35,0
905472,25.3,1844.64,8791.9,0,0.3,68,0
905473,35.3,1162.57,2928.89,0,16.1,26,0
905474,72.5,1082.84,8614.79,1,6.9,70,0
905475,37.0,1021.67,4197.44,1,3.1,64,0
905476,35.2,1164.01,3051.13,1,3.5,31,0
905477,5.1,866.6,4394.66,0,1.3,32,1
905478,31.0,1678.87,4717.55,0,2.2,57,0
905479,21.4,1161.13,3619.82,1,12.9,37,0
905480,28.9,970.14,100.0,0,3.2,30,0
905481,55.2,871.36,3246.97,1,17.9,26,0
905482,71.8,1522.93,7001.86,0,3.0,73,0
905483,49.4,1408.57,7656.96,1,9.8,49,0
905484,16.9,1437.73,4667.49,0,10.8,44,0
905485,127.2,914.77,4591.11,0,10.7,73,0
905486,51.2,951.51,5634.4,2,11.7,36,0
905487,24.6,1077.67,6127.36,0,16.0,76,0
905488,22.8,1687.18,4648.52,1,0.9,61,0
905489,33.4,1108.03,587.27,1,17.0,22,0
905490,41.1,1196.5,1697.07,1,7.8,59,0
905491,38.8,938.43,4665.37,0,24.9,36,1
905492,38.3,1290.01,3046.42,0,8.5,20,0
905493,77.9,1207.84,3442.46,0,15.3,52,0
905494,105.6,561.52,4117.45,0,12.3,72,0
905495,5.1,443.27,2862.35,0,3.2,69,1
905496,47.0,884.11,864.86,0,32.2,27,0
905497,47.7,716.22,3876.33,2,0.6,49,0
905498,3.1,1611.75,5432.07,0,3.9,68,0
905499,7.7,1002.3,7292.5,0,6.4,45,0
905500,22.2,2194.14,2301.36,0,0.2,41,0
905501,50.2,1843.17,6376.95,0,1.6,26,0
905502,9.9,1055.72,4883.72,1,16.8,62,0
905503,12.2,690.84,8085.21,0,22.7,64,1
905504,8.9,1373.84,3278.7,1,4.2,20,0
905505,7.8,1089.02,3990.91,0,7.9,79,0
905506,11.5,800.94,2869.86,1,14.4,67,0
905507,38.7,577.71,5499.7,0,20.3,26,0
905508,15.6,1806.32,7106.84,1,39.5,29,0
905509,21.9,1558.94,4076.97,0,26.0,40,1
905510,31.7,750.46,3110.69,0,48.3,33,0
905511,4.4,851.53,2540.02,0,12.4,23,0
905512,58.3,1328.19,3098.67,1,2.0,58,0
905513,2.6,1988.94,2801.58,0,62.5,68,0
905514,21.0,720.36,8719.83,1,6.5,29,0
905515,31.8,300.0,2428.62,1,18.4,57,0
905516,37.6,2160.18,100.0,0,9.2,79,0
905517,62.0,1312.73,100.0,0,3.4,62,0
905518,13.6,1149.92,2914.88,1,8.5,38,0
905519,17.6,1449.18,3904.31,0,2.4,59,0
905520,4.4,1573.82,4506.12,0,22.4,59,0
905521,3.3,1245.32,8256.42,0,15.6,33,0
905522,12.1,678.25,1877.78,1,11.4,51,0
905523,48.9,633.71,3416.34,1,13.3,22,0
905524,38.7,1013.75,5987.99,0,3.8,70,0
905525,1.2,803.25,100.0,1,15.8,38,0
905526,18.0,1523.31,4767.15,0,6.1,48,0
905527,18.0,1546.5,6522.78,0,7.5,71,0
905528,29.4,989.9,5133.54,1,0.2,67,0
905529,23.4,1281.9,100.0,1,7.3,40,0
905530,46.4,625.29,4765.53,1,7.9,70,0
905531,28.3,1333.16,531.2,0,0.3,62,0
905532,10.0,830.75,2861.97,0,1.4,38,0
905533,66.1,1704.86,2300.37,0,7.1,34,0
905534,41.9,947.28,5191.57,1,4.3,51,0
905535,37.5,1341.85,6627.86,0,4.0,62,0
905536,34.3,1151.85,2113.94,0,0.7,44,0
905537,27.2,851.18,2325.94,0,13.1,78,0
905538,31.7,897.13,3381.49,0,5.9,50,0
905539,33.3,1337.18,4597.93,1,6.3,38,0
905540,36.9,1234.13,5937.71,0,11.7,72,0
905541,39.0,1323.06,2423.89,0,7.1,66,0
905542,59.1,687.05,5087.55,2,10.0,57,0
905543,92.6,1020.24,1542.59,1,0.2,30,0
905544,20.7,925.1,8215.92,0,2.5,21,0
905545,20.0,1606.02,2503.41,1,5.6,36,0
905546,4.0,536.74,5679.96,2,8.6,66,0
905547,25.2,1715.2,6579.2,4,5.1,44,0
905548,64.4,1481.1,5473.43,1,5.2,76,0
905549,9.1,828.43,100.0,0,1.8,77,0
905550,6.3,578.25,2818.25,3,4.2,71,0
905551,87.9,1097.12,3858.69,2,6.1,45,0
905552,20.5,934.59,540.17,0,5.7,63,0
905553,33.7,1255.32,100.0,2,3.2,24,0
905554,1.7,1093.76,7383.78,2,2.4,42,1
905555,27.4,1021.85,5368.15,0,13.2,40,0
905556,58.6,1546.3,2540.04,1,12.8,45,0
905557,44.4,918.9,876.31,0,5.6,25,0
905558,55.0,1801.68,6929.24,0,8.5,41,0
905559,91.8,1420.61,5791.79,2,0.8,77,0
905560,34.9,1791.97,100.0,1,5.9,74,0
905561,71.6,1638.2,6629.22,1,7.2,45,0
905562,52.0,1500.7,4362.69,2,0.9,41,0
905563,34.1,1267.55,2949.91,1,0.0,75,0
905564,90.1,947.45,5848.34,0,3.4,64,0
905565,3.6,932.25,4426.87,2,10.3,22,0
905566,111.2,1420.18,6365.03,0,16.4,72,0
905567,16.3,1529.53,3768.43,1,9.7,68,0
905568,2.0,567.92,206.37,0,6.7,72,0
905569,147.8,562.33,8274.76,1,20.7,68,1
905570,19.3,2028.6,9158.18,3,5.5,55,0
905571,65.5,1122.4,310.28,2,37.3,64,0
905572,45.3,732.8,7981.64,0,1.1,47,0
905573,100.1,1221.08,2891.15,0,7.6,73,0
905574,20.0,592.36,4453.22,1,5.8,50,0
905575,76.7,947.03,100.0,0,13.1,55,0
905576,9.0,771.71,2316.44,1,25.7,36,0
905577,1.3,1808.23,4908.09,1,1.0,60,0
905578,35.3,1525.9,2735.67,0,12.6,22,0
905579,11.1,1192.93,6447.06,0,55.7,67,0
905580,9.6,1998.46,5420.12,1,2.3,58,0
905581,12.2,1605.61,6510.62,1,27.3,56,0
905582,77.9,1399.15,1999.21,0,0.2,65,0
905583,19.5,1354.4,4407.95,0,0.6,31,0
905584,15.9,1660.12,2539.11,1,15.5,31,0
905585,38.4,878.35,5966.96,1,4.1,34,0
905586,44.2,1316.43,100.0,0,4.2,20,0
905587,44.6,660.22,1220.9,1,2.8,32,0
905588,10.9,1671.82,100.0,1,0.6,72,0
905589,64.9,1452.52,2708.21,1,16.6,59,0
905590,19.7,1252.25,5019.13,2,0.9,54,0
905591,44.6,1105.82,3215.75,0,12.5,18,0
905592,38.2,1215.94,9951.25,1,11.5,79,1
905593,74.2,887.05,8117.58,1,4.3,33,0
905594,41.7,1308.63,1371.34,0,2.4,29,0
905595,8.3,927.88,2820.73,4,2.6,74,0
905596,109.5,1251.62,638.05,0,3.7,68,0
905597,10.3,1072.93,309.75,0,26.1,43,0
905598,12.4,1681.6,2068.11,0,7.1,67,0
905599,34.1,1789.06,5163.36,2,20.6,44,0
905600,68.4,1727.11,8342.12,1,10.0,50,0
905601,9.8,1205.05,3809.91,0,6.1,67,0
905602,23.6,300.0,4385.73,0,8.1,35,1
905603,59.8,300.0,2904.6,2,5.8,57,0
905604,9.8,1295.78,4603.45,1,1.1,34,0
905605,23.8,300.0,4083.34,2,0.6,31,1
905606,97.0,844.66,1337.41,1,1.6,65,0
905607,54.4,926.8,2696.95,1,14.2,54,1
905608,40.3,876.29,519.74,1,3.8,75,0
905609,13.6,300.0,896.8,0,11.4,53,0
905610,24.9,1197.95,4233.21,1,9.0,68,0
905611,31.7,993.53,7308.61,0,17.0,21,0
905612,11.3,1103.94,3587.88,1,6.2,27,0
905613,105.0,1121.5,100.0,1,8.4,27,0
905614,33.6,893.24,4817.81,0,3.0,66,0
905615,10.9,878.58,6654.15,0,8.4,18,1
905616,19.8,725.37,4579.6,0,1.8,61,0
905617,84.0,1033.73,5610.12,1,15.5,42,0
905618,39.1,849.66,3976.85,2,1.3,64,0
905619,118.5,1058.5,8076.78,0,33.7,60,0
905620,47.7,490.58,5513.09,1,0.7,59,0
905621,11.9,970.34,2674.22,0,12.1,53,0
905622,24.5,1867.81,100.0,2,14.2,65,0
905623,10.4,1321.88,3067.65,2,0.4,23,0
905624,18.9,1827.55,5486.93,0,3.1,56,0
905625,5.1,2433.79,3680.55,1,5.3,50,0
905626,1.8,2293.6,5874.33,0,13.9,75,0
905627,1.8,1298.09,5903.83,1,1.5,35,1
905628,79.2,622.76,4322.29,0,7.5,70,0
905629,8.6,1409.78,9711.36,1,18.9,23,0
905630,7.8,1029.63,792.19,1,0.2,24,0
905631,74.7,1449.57,100.0,2,1.9,76,0
905632,2.8,1569.31,2267.98,0,0.5,35,0
905633,8.3,1416.34,3215.19,1,14.1,26,0
905634,119.0,676.26,3719.42,3,3.4,60,0
905635,17.6,1204.87,1527.35,0,4.8,19,0
905636,6.1,1607.53,1052.31,0,11.1,35,0
905637,1.0,1027.99,3225.09,1,6.9,66,0
905638,26.9,1494.29,1403.45,0,3.5,51,0
905639,35.4,1694.79,3708.68,0,8.8,39,0
905640,16.7,1351.09,5197.23,0,23.6,31,0
905641,19.5,391.38,7220.6,0,2.1,28,1
905642,16.6,367.37,409.35,1,16.0,21,0
905643,16.9,624.11,1000.1,0,3.9,59,0
905644,3.4,1815.83,6207.46,1,2.8,70,0
905645,19.0,1648.0,100.0,0,11.5,20,0
905646,30.3,1034.95,2467.84,0,0.1,61,0
905647,14.6,1441.03,2474.0,2,3.3,31,0
905648,29.8,1178.53,7969.41,0,27.9,64,0
905649,34.1,1581.85,6443.41,1,5.7,66,0
905650,58.2,1505.25,5071.2,0,5.7,59,0
905651,38.9,972.5,2623.02,0,0.0,63,0
905652,5.5,847.87,2870.83,0,11.8,74,0
905653,20.0,589.44,4808.56,0,25.8,72,0
905654,86.2,1829.62,5230.02,2,17.6,23,0
905655,41.6,849.17,11413.86,4,16.4,34,1
905656,10.5,1220.25,5174.85,0,1.2,19,0
905657,5.8,1406.53,1993.08,3,4.5,41,0
905658,94.1,646.48,1351.8,0,0.3,20,0
905659,3.0,1024.08,1771.41,0,14.3,40,0
905660,27.5,1596.21,2137.0,0,10.5,43,0
905661,14.8,546.82,398.46,0,10.0,44,0
905662,85.1,776.0,7380.85,1,6.0,62,0
905663,1.8,1191.29,856.86,2,10.3,55,0
905664,61.1,977.88,4647.12,0,0.4,31,0
905665,95.5,1380.71,4847.43,0,6.6,21,0
905666,54.2,1582.45,100.0,1,18.1,19,0
905667,2.0,1885.92,7278.85,1,1.4,64,0
905668,13.9,997.17,3833.29,1,2.6,69,0
905669,51.8,862.16,2582.47,1,13.2,79,0
905670,17.7,967.75,4087.71,0,8.0,44,0
905671,63.4,1566.2,7967.47,1,10.6,30,0
905672,6.0,861.2,3993.58,1,15.0,67,0
905673,33.6,1039.14,3794.85,0,4.8,45,0
905674,5.1,1178.23,1099.38,2,6.6,31,0
905675,87.2,1540.06,4294.1,1,32.9,74,0
905676,66.7,1438.3,1373.23,0,1.8,39,0
905677,11.3,790.95,3329.25,2,1.5,56,0
905678,30.2,2281.91,100.0,2,5.3,24,0
905679,34.7,1008.51,6106.0,0,11.2,51,0
905680,8.8,873.84,767.68,0,7.9,62,0
905681,54.3,1343.63,4410.97,3,8.4,30,0
905682,54.3,1574.96,5468.74,0,1.6,74,0
905683,5.3,575.29,650.43,2,6.2,60,0
905684,45.5,1489.08,5479.36,2,45.9,74,0
905685,38.2,1320.87,608.77,1,41.2,25,0
905686,13.8,1027.73,3380.25,0,21.9,55,0
905687,69.5,853.68,6435.38,0,7.0,45,0
905688,32.4,979.67,4036.07,0,1.7,67,0
905689,19.5,1770.15,8918.31,0,8.2,39,0
905690,78.2,300.0,1491.34,0,0.5,54,0
905691,9.6,1485.24,3016.08,0,1.7,18,0
905692,16.4,1320.34,5414.61,1,14.5,34,0
905693,30.7,1119.28,4552.08,2,1.4,68,0
905694,1.0,1394.93,356.83,2,2.9,65,0
905695,35.0,1090.58,4868.3,0,45.6,43,0
905696,65.8,1943.23,2221.85,2,24.3,24,0
905697,97.8,1216.48,2336.85,2,10.7,38,0
905698,12.4,1250.34,3150.95,0,3.7,75,0
905699,170.3,1021.73,430.09,1,4.9,33,0
905700,27.0,1502.04,4597.4,0,2.9,60,0
905701,47.5,1649.55,2144.1,2,2.8,52,0
905702,1.2,1130.49,100.0,0,5.5,78,0
905703,23.4,899.59,8078.93,2,19.1,34,0
905704,45.5,1095.54,6711.37,0,20.0,33,0
905705,11.8,1183.24,5150.16,3,0.3,40,0
905706,6.6,757.23,5289.97,1,7.6,30,0
905707,10.7,809.49,4557.11,0,18.2,75,0
905708,14.2,1392.75,2554.62,0,20.6,49,0
905709,44.2,1079.8,100.0,0,48.8,77,0
905710,66.3,1155.99,3344.52,2,18.0,58,0
905711,18.5,766.03,4081.72,2,0.3,38,0
905712,25.6,1207.3,2348.75,0,6.7,60,0
905713,44.4,1567.99,1167.45,1,7.5,50,0
905714,24.5,1127.7,100.0,1,2.0,41,0
905715,12.5,992.49,3455.76,1,6.0,69,0
905716,91.1,1272.66,4729.66,1,16.5,75,0
905717,1.0,1134.31,1206.45,0,25.3,62,0
905718,1.0,1465.04,2359.26,0,19.9,26,0
905719,74.1,818.08,3836.45,2,0.4,34,0
905720,78.0,1199.6,5447.9,1,5.9,52,0
905721,34.3,1621.81,5782.22,0,17.4,28,0
905722,33.8,1865.91,2629.51,1,6.5,46,0
905723,86.8,824.47,5646.62,0,14.0,68,0
905724,19.9,442.43,3519.47,1,0.1,64,0
905725,22.0,755.88,5909.25,0,1.6,28,0
905726,19.9,1431.94,6710.15,1,1.5,53,0
905727,2.7,1368.55,6274.65,0,5.1,26,0
905728,138.6,1005.97,3548.44,0,2.3,31,0
905729,234.4,714.99,853.28,0,12.3,30,0
905730,94.8,1066.2,6903.48,0,1.2,51,0
905731,85.9,919.43,1461.34,0,7.3,55,0
905732,80.1,654.26,4549.96,2,3.6,38,0
905733,45.5,898.27,3938.44,2,19.8,63,0
905734,40.8,1622.3,426.75,0,18.6,73,0
905735,6.2,1220.67,5953.95,0,3.9,46,0
905736,8.9,1359.01,3060.99,0,9.8,33,0
905737,54.2,1802.06,1464.35,3,5.7,35,0
905738,23.0,1158.92,4194.06,1,18.4,66,0
905739,85.7,1170.86,4306.23,1,5.1,69,0
905740,51.8,1229.83,100.0,0,1.7,56,0
905741,38.8,1138.94,4069.89,0,4.6,63,0
905742,91.8,1076.18,5908.95,0,41.4,74,0
905743,43.8,1557.07,740.77,0,4.2,32,0
905744,44.6,1490.04,4173.18,0,43.6,45,0
905745,59.0,1100.63,4671.52,1,8.4,50,0
905746,83.9,1339.16,2360.6,0,3.3,66,0
905747,1.0,1461.65,3745.87,0,7.1,76,0
905748,76.6,1306.57,819.59,0,28.1,27,0
905749,88.7,1393.71,100.0,2,3.8,63,0
905750,55.5,727.63,7320.77,0,27.6,74,0
905751,11.4,885.05,100.0,0,19.1,38,0
905752,3.7,1373.25,2451.71,2,6.1,42,0
905753,88.0,2010.28,3744.64,0,7.9,26,0
905754,13.8,924.31,3980.84,0,18.7,23,0
905755,15.1,688.89,1266.94,0,0.6,49,0
905756,13.8,1480.17,6472.8,0,2.3,18,0
905757,115.0,1467.8,100.0,1,15.4,55,0
905758,90.3,1338.3,3900.85,0,13.1,62,0
905759,2.4,1284.81,3483.38,0,24.6,54,0
905760,43.6,1721.59,2498.76,0,5.0,44,0
905761,91.1,1013.4,3839.92,0,13.1,51,0
905762,13.7,1421.04,100.0,1,1.8,74,0
905763,36.5,983.8,2150.22,0,12.4,37,0
905764,18.4,914.17,2619.07,1,3.2,20,0
905765,17.9,1535.13,5283.02,0,1.1,18,0
905766,27.5,1112.79,2483.91,0,1.3,45,0
905767,30.4,782.1,8291.8,1,10.8,36,0
905768,17.5,627.85,100.0,1,10.7,46,0
905769,31.7,987.65,3402.0,1,22.0,19,0
905770,27.2,1164.11,4374.14,0,1.0,50,0
905771,26.6,1595.26,4928.67,1,6.3,63,0
905772,20.1,1628.45,6483.15,0,0.6,58,0
905773,12.2,1449.81,2291.89,0,2.3,20,0
905774,95.0,1301.87,148.16,2,13.3,57,0
905775,63.1,1254.17,1261.05,0,1.5,69,0
905776,73.8,1149.58,2513.19,0,22.6,21,0
905777,18.3,1656.51,627.93,0,29.3,33,0
905778,49.8,871.52,4425.69,0,4.4,54,0
905779,1.9,910.05,5798.85,1,18.0,65,0
905780,13.6,1306.08,2509.76,0,0.9,21,0
905781,18.6,1505.18,6660.59,1,8.6,23,0
905782,14.9,1176.35,5530.79,1,3.1,64,0
905783,2.2,1175.8,6454.17,0,1.8,31,1
905784,84.5,970.67,489.07,0,4.0,76,0
905785,1.1,1116.06,8239.08,1,6.1,71,0
905786,1.0,968.78,1180.3,1,8.3,39,0
905787,15.2,1481.29,5315.97,2,3.0,22,0
905788,67.5,1020.71,3775.73,1,1.8,44,0
905789,216.5,1589.11,2010.72,0,5.2,64,0
905790,34.9,1363.38,1481.26,1,9.9,28,0
905791,1.8,300.0,7887.82,0,27.0,33,1
905792,28.6,1204.53,6226.5,0,21.1,23,0
905793,9.9,1509.45,5619.93,0,4.6,71,0
905794,39.3,817.39,2583.13,1,4.7,62,0
905795,23.0,1382.08,2394.2,0,17.9,67,0
905796,46.2,1498.49,5438.18,0,6.1,19,0
905797,26.1,1266.88,773.85,0,20.0,44,0
905798,28.1,1494.97,3776.83,2,4.9,27,0
905799,27.1,969.57,4985.5,1,3.6,75,0
905800,50.4,1244.47,270.57,0,4.3,45,0
905801,3.3,573.09,6713.7,4,10.1,64,1
905802,1.1,1468.08,2291.82,0,7.1,35,0
905803,79.9,857.59,3413.24,0,7.3,19,0
905804,22.7,1249.09,2592.79,0,3.2,76,0
905805,26.5,1269.01,2624.57,2,4.0,29,0
905806,24.5,1428.36,1909.33,0,0.7,46,0
905807,13.3,1624.41,181.08,2,8.2,63,0
905808,41.0,1678.1,4096.75,0,6.8,28,0
905809,57.7,1279.57,4552.78,0,3.7,68,0
905810,40.4,1151.85,100.0,0,12.1,45,0
905811,16.8,741.02,4524.97,0,0.8,45,0
905812,52.7,1530.51,3600.01,0,0.8,33,0
905813,31.6,1691.62,5273.24,0,4.0,76,0
905814,107.4,1403.57,2643.24,0,0.9,59,0
905815,26.6,1305.0,6594.39,1,31.5,65,0
905816,118.3,1291.65,5903.54,1,5.9,21,0
905817,32.5,1385.38,7221.25,1,4.3,66,0
905818,48.6,977.1,4214.78,0,23.5,31,0
905819,33.1,1786.2,3317.74,0,1.2,56,0
905820,14.7,1124.49,4355.22,0,4.1,76,0
905821,41.5,1389.02,1407.11,2,35.8,48,0
905822,110.7,761.04,155.77,1,1.8,41,0
905823,1.4,1179.18,2281.23,0,4.0,69,0
905824,21.4,789.64,6839.31,0,8.8,71,0
905825,60.9,300.0,4876.58,1,4.0,49,1
905826,17.0,1638.47,1305.19,0,9.8,55,0
905827,37.6,1105.73,2784.07,0,7.6,37,0
905828,24.1,994.32,4024.64,1,1.0,68,0
905829,34.7,922.24,5025.73,2,18.7,76,0
905830,10.0,866.78,1591.65,1,0.8,33,0
905831,30.6,1111.17,5577.13,0,3.2,74,0
905832,17.1,1080.3,1628.77,3,4.7,30,0
905833,6.8,1292.64,2530.25,0,8.5,44,0
905834,163.6,1627.02,2853.78,2,1.4,41,0
905835,2.7,638.95,2084.16,0,10.8,78,0
905836,1.0,1492.44,5054.24,0,2.9,66,0
905837,45.1,732.16,1217.81,0,7.7,32,0
905838,65.8,1815.18,2386.36,0,1.9,40,0
905839,73.6,1095.61,2718.21,0,9.0,28,0
905840,83.1,1181.59,7317.27,0,0.9,22,0
905841,43.7,1290.91,5640.19,1,22.2,31,0
905842,44.3,1570.69,4591.47,0,19.4,55,0
905843,3.1,1792.02,3045.61,0,1.0,22,0
905844,10.0,1291.99,4641.4,0,9.8,44,0
905845,54.7,1305.95,2040.86,1,17.4,65,0
905846,29.9,1460.96,3295.05,2,30.0,33,0
905847,11.3,976.22,100.0,0,3.8,63,0
905848,111.7,1364.26,4705.57,1,13.1,21,0
905849,20.6,1222.93,3054.2,0,9.0,57,0
905850,20.3,1117.18,100.0,1,24.5,50,0
905851,12.5,300.0,177.94,0,10.3,18,0
905852,181.9,669.02,100.0,3,5.0,35,0
905853,6.1,1258.62,9462.85,0,4.5,24,0
905854,57.8,1819.6,2847.44,1,7.6,27,0
905855,3.4,1242.96,3458.87,3,7.6,29,0
905856,154.4,1176.18,2393.04,0,8.2,36,0
905857,39.0,1505.85,682.93,0,5.1,62,0
905858,8.3,1441.99,2074.04,1,5.5,54,0
905859,14.9,1041.51,100.0,0,4.8,22,0
905860,73.2,912.98,1792.65,1,24.8,55,0
905861,12.6,1552.33,100.0,0,20.6,61,0
905862,14.3,1815.94,1684.33,1,8.1,61,0
905863,58.6,1463.63,4789.43,0,9.5,21,0
905864,51.0,926.58,3265.99,1,23.8,55,0
905865,32.6,1199.36,4410.98,1,9.0,21,0
905866,28.3,1521.74,5211.83,0,11.4,66,0
905867,47.1,1561.02,617.71,0,8.5,44,0
905868,1.0,974.71,100.0,0,15.9,44,0
905869,54.3,1537.97,6884.16,0,21.1,50,0
905870,8.1,781.92,3452.1,0,3.2,32,0
905871,1.0,1439.45,2718.16,1,4.9,67,0
905872,8.6,1172.91,968.91,0,0.0,25,0
905873,11.8,1566.2,3696.05,1,3.5,51,0
905874,112.1,1203.52,3925.23,0,21.2,69,0
905875,12.6,1834.64,2819.49,0,7.2,41,1
905876,11.7,1454.36,4332.48,0,16.5,27,0
905877,77.3,1918.63,4544.09,2,16.3,77,0
905878,4.8,1005.51,3364.87,0,13.8,48,0
905879,196.9,1178.92,1197.46,1,3.8,61,0
905880,45.3,685.15,7194.37,1,8.5,77,1
905881,52.0,1317.95,4958.12,0,2.2,19,0
905882,113.1,1199.17,6950.93,1,47.3,64,0
905883,202.1,300.0,8223.01,0,1.4,53,1
905884,76.8,1108.01,5450.52,1,6.9,35,0
905885,38.1,1784.25,1849.14,0,7.6,46,0
905886,26.8,1491.48,3720.14,0,12.0,62,0
905887,12.0,1632.84,4662.05,2,28.2,22,0
905888,1.0,869.0,1689.26,0,34.9,33,0
905889,7.2,1817.69,3989.65,0,9.4,37,0
905890,61.4,1064.83,3513.89,0,18.0,25,0
905891,177.7,1269.8,5462.78,0,1.5,72,0
905892,23.0,804.78,3233.37,0,16.0,24,0
905893,22.6,980.46,8748.08,0,5.3,48,1
905894,35.9,1573.45,6634.99,0,0.4,41,0
905895,13.0,966.07,1343.4,0,9.5,35,0
905896,6.1,1613.76,4102.41,2,7.4,27,0
905897,10.7,474.96,5876.86,1,2.1,66,0
905898,96.6,652.22,3016.1,1,0.3,37,0
905899,17.4,1711.51,3885.33,1,42.4,70,0
905900,88.2,976.28,100.0,0,2.3,35,0
905901,18.2,1308.92,8897.27,2,1.5,23,0
905902,8.5,1499.67,3401.47,1,1.3,63,0
905903,196.6,453.65,6378.75,3,12.9,64,1
905904,51.4,904.26,5440.18,0,2.3,71,0
905905,151.6,722.87,1030.4,1,16.2,30,0
905906,19.0,1318.22,100.0,0,1.7,23,0
905907,41.2,1801.36,2819.86,1,27.5,55,0
905908,39.7,1343.78,4418.62,0,14.9,51,0
905909,16.6,1409.83,3472.69,1,7.4,60,0
905910,79.5,1936.28,4493.07,0,20.3,26,0
905911,68.2,1405.18,7208.13,0,3.6,46,0
905912,25.0,1494.46,4364.66,1,20.5,30,0
905913,5.8,1721.94,4424.5,0,1.0,66,0
905914,36.8,1300.91,4135.33,1,28.1,20,0
905915,30.6,1168.65,354.49,0,22.6,67,0
905916,121.4,1392.66,3612.99,0,2.4,31,0
905917,7.3,1123.12,5384.84,0,6.5,23,0
905918,28.5,1177.36,100.0,1,15.8,22,0
905919,13.2,1572.11,5660.85,2,5.1,57,0
905920,56.0,1497.56,2850.82,1,1.1,78,1
905921,29.0,1773.33,5392.04,1,2.4,49,0
905922,23.8,1241.71,4731.52,0,8.9,21,0
905923,34.1,972.85,5090.07,0,33.8,43,0
905924,35.6,1451.67,2479.07,0,55.5,35,0
905925,99.5,1320.43,100.0,1,21.6,75,0
905926,1.7,1434.91,6149.04,2,0.2,46,0
905927,109.6,2072.96,5188.91,1,6.1,74,0
905928,1.6,1287.11,395.12,0,17.2,76,0
905929,29.0,1290.94,2033.71,0,2.4,37,0
905930,56.3,1864.22,2856.83,0,11.0,43,0
905931,46.6,1322.09,3163.55,0,3.3,35,0
905932,1.0,1034.4,798.37,0,3.8,47,0
905933,5.9,1004.37,5082.5,2,19.3,55,0
905934,30.2,851.11,2246.29,0,1.1,77,0
905935,91.4,755.04,8159.71,0,0.5,29,0
905936,30.5,1593.07,3168.68,1,11.0,72,0
905937,13.6,1391.36,5003.34,0,10.9,39,0
905938,21.9,976.28,3346.85,1,0.5,58,0
905939,43.8,1401.67,6772.81,1,11.5,44,0
905940,10.1,1344.12,6586.31,0,2.9,21,0
905941,2.9,741.15,4899.33,1,7.1,20,0
905942,1.0,1063.93,4576.27,2,26.7,36,0
905943,49.0,1084.29,1235.62,0,19.0,40,0
905944,4.0,1319.27,6196.37,1,15.6,47,0
905945,37.2,804.13,100.0,1,3.9,22,0
905946,5.3,1674.3,602.06,1,3.0,50,0
905947,120.9,701.26,7180.58,1,1.4,23,1
905948,103.1,1019.28,5354.81,1,15.6,34,0
905949,65.9,1371.87,3746.62,1,3.1,71,0
905950,10.1,1430.99,5512.09,0,1.9,23,0
905951,43.8,1522.72,4777.94,1,0.3,79,0
905952,36.7,1340.74,696.93,2,5.9,73,0
905953,8.7,1411.54,953.73,0,26.1,27,0
905954,86.4,642.21,3775.72,0,30.3,49,0
905955,108.2,639.71,2738.31,2,7.1,44,0
905956,27.9,1634.2,3850.94,1,12.5,45,0
905957,20.3,1187.35,2777.07,0,8.9,75,0
905958,162.2,1625.65,109.38,1,5.0,72,0
905959,77.9,1269.11,997.37,1,4.2,43,0
905960,12.0,1006.19,3318.88,2,41.4,58,0
905961,28.2,1432.64,697.83,0,10.0,61,0
905962,38.5,1714.91,100.0,2,0.4,35,0
905963,27.4,1298.37,2742.33,0,39.9,68,0
905964,15.1,2348.9,3477.42,0,12.6,77,0
905965,41.5,765.23,4566.42,1,8.7,22,0
905966,45.8,1083.59,6023.0,4,14.3,36,0
905967,74.5,1390.33,1925.31,0,38.7,52,0
905968,11.6,1600.18,5669.87,0,13.2,44,0
905969,46.4,1177.82,3973.54,2,0.9,58,0
905970,15.8,1361.02,2135.62,1,9.4,18,0
905971,22.3,1533.45,3614.08,1,3.8,28,0
905972,46.6,1387.92,8397.28,0,3.4,67,0
905973,22.9,1767.91,2147.41,0,3.9,36,0
905974,9.2,1050.95,1528.47,0,1.6,41,0
905975,34.2,575.98,5123.81,0,3.1,35,1
905976,119.7,890.57,4697.2,0,3.6,54,0
905977,149.7,1744.38,7149.37,0,19.1,61,0
905978,23.5,1573.67,100.0,1,22.6,72,0
905979,156.7,596.86,1131.71,1,9.7,36,0
905980,55.6,1579.87,7042.85,0,9.5,75,0
905981,22.5,1346.32,8237.62,2,41.9,64,0
905982,19.5,1191.39,5100.69,0,4.7,57,0
905983,30.0,1281.97,100.0,0,2.4,77,0
905984,60.1,1422.56,3007.26,1,8.4,36,0
905985,8.1,1683.81,3930.93,1,16.2,26,0
905986,78.9,1313.96,606.24,1,2.6,59,0
905987,53.4,1568.21,4724.99,0,5.5,78,0
905988,46.6,1739.36,7009.27,0,11.2,42,0
905989,3.6,1782.29,5086.35,1,12.0,68,0
905990,22.6,1572.14,6258.7,0,11.7,69,0
905991,56.3,2323.47,6739.81,1,31.3,25,0
905992,37.8,1693.26,3579.32,0,1.8,26,0
905993,4.1,659.92,1427.47,1,5.6,75,0
905994,3.2,814.09,3488.55,1,1.8,25,1
905995,7.1,1819.54,3414.08,0,12.6,18,0
905996,11.3,1212.98,4336.55,0,31.7,62,0
905997,61.5,1347.21,4756.04,1,28.0,74,0
905998,5.7,1518.19,4053.91,0,12.5,74,0
905999,20.5,1231.43,3801.6,0,1.1,49,0
906000,5.9,1170.94,536.31,2,24.0,67,0
906001,54.8,1589.17,3157.09,1,6.5,77,0
906002,91.5,1221.31,3107.27,1,33.5,76,0
906003,97.8,1394.24,3293.07,0,4.9,56,0
906004,8.6,300.0,183.34,1,0.8,74,0
906005,4.6,1607.25,5082.2,1,16.7,70,0
906006,11.1,2463.01,2019.79,0,5.8,20,0
906007,49.4,1546.31,4797.62,1,8.3,71,0
906008,12.6,949.7,1665.19,0,9.9,42,0
906009,62.2,1222.81,8858.14,1,0.2,22,0
906010,4.6,997.58,3565.61,0,3.0,40,0
906011,82.1,974.69,1742.17,1,0.5,73,0
906012,11.7,1895.46,961.14,0,15.8,60,0
906013,5.0,1529.87,5348.8,0,15.2,28,0
906014,36.4,1275.48,5259.97,0,2.0,25,0
906015,52.3,1768.65,100.0,1,1.8,57,0
906016,51.8,748.39,2979.61,0,2.0,27,0
906017,87.2,635.38,3527.27,1,15.9,54,0
906018,158.9,1478.72,3083.3,1,29.5,37,0
906019,6.1,1013.22,5130.8,1,13.8,73,0
906020,12.8,1408.12,3470.23,1,3.8,36,0
906021,39.7,1870.95,1031.21,0,2.4,34,0
906022,13.9,1252.52,851.38,1,14.0,23,0
906023,73.2,1225.52,5908.87,0,10.3,64,0
906024,1.0,1652.42,2773.99,0,5.6,26,0
906025,1.9,1305.74,2746.07,0,21.9,72,0
906026,110.1,1274.24,5184.79,1,0.4,57,0
906027,17.8,1630.93,6622.3,1,8.0,33,0
906028,27.7,1141.51,1463.96,0,12.6,71,0
906029,61.1,1410.56,1617.91,2,2.6,63,0
906030,1.2,1012.73,5271.35,0,6.9,54,0
906031,35.9,1853.75,514.81,0,11.0,31,0
906032,56.0,1227.71,3487.68,1,2.4,57,0
906033,5.2,1439.96,3757.19,1,0.5,64,1
906034,16.8,1328.51,3043.43,1,5.6,65,0
906035,27.9,1186.09,8917.13,0,20.7,47,0
906036,80.6,1502.13,3447.9,1,11.4,76,0
906037,40.7,501.06,5013.15,0,1.6,63,1
906038,24.7,878.21,302.56,0,7.3,76,0
906039,20.9,1128.67,6192.59,0,1.5,59,0
906040,4.9,556.65,4024.42,1,4.0,76,1
906041,16.7,1193.45,3062.13,0,32.8,36,0
906042,13.4,991.4,5553.74,2,5.1,58,0
906043,66.6,1235.74,1623.94,2,18.4,68,0
906044,18.5,1237.01,3886.6,0,1.5,65,0
906045,13.5,1506.24,2707.21,1,28.5,18,0
906046,68.3,1860.52,5326.91,1,1.3,30,0
906047,4.0,1337.95,10523.52,0,0.4,71,1
906048,42.9,891.37,2520.88,0,0.2,62,0
906049,18.3,1836.09,100.0,0,4.1,36,0
906050,93.7,1307.35,4377.41,0,0.3,48,0
906051,53.0,1665.6,2903.94,1,15.7,57,0
906052,24.8,1359.67,4829.57,0,0.2,45,0
906053,1.8,1262.72,7684.55,1,36.3,69,0
906054,29.4,1247.82,4483.82,0,1.3,47,0
906055,37.1,1190.07,4138.01,0,3.0,30,0
906056,112.2,2180.58,4646.67,0,1.8,56,0
906057,53.2,717.23,4664.67,0,1.3,70,0
906058,18.1,1121.75,100.0,0,2.5,51,0
906059,60.7,575.8,3054.88,0,1.3,61,0
906060,22.6,1102.61,3131.2,0,12.1,65,0
906061,42.5,483.1,5610.62,0,0.4,59,0
906062,9.3,1368.25,754.57,0,2.5,27,0
906063,1.0,1323.25,1373.37,1,25.4,59,0
906064,67.2,1196.44,2994.28,1,9.0,48,0
906065,6.3,1596.8,1548.56,0,7.7,46,0
906066,16.1,1834.86,2901.58,0,19.8,52,0
906067,41.1,1137.17,5440.01,0,4.9,60,0
906068,72.1,1301.21,4015.32,0,2.7,69,0
906069,42.7,1012.34,5191.59,1,1.0,49,0
906070,26.7,980.06,3820.79,1,3.5,42,0
906071,26.5,2127.65,100.0,1,8.4,29,0
906072,14.8,1497.44,597.09,1,31.3,53,0
906073,80.1,1230.99,1303.78,0,1.5,51,0
906074,19.6,936.35,1260.21,0,1.9,75,0
906075,61.7,1396.05,6677.61,0,3.5,39,0
906076,42.6,1110.57,3869.37,1,4.2,64,0
906077,47.3,959.12,3131.69,1,18.7,41,0
906078,17.5,888.96,3873.1,0,33.0,61,0
906079,65.9,677.08,3011.86,0,9.8,40,0
906080,42.9,744.89,722.84,4,6.7,67,0
906081,31.9,1706.79,4736.35,1,12.8,76,0
906082,78.1,819.88,4571.57,0,16.8,61,0
906083,29.3,1168.09,1677.92,1,0.4,18,0
906084,18.3,672.56,862.75,1,13.2,49,0
906085,40.7,1197.82,2796.88,3,4.2,34,0
906086,21.9,1511.21,6664.96,0,0.4,23,0
906087,20.2,1064.68,4161.28,1,11.8,37,0
906088,10.0,1326.21,259.34,0,1.5,21,0
906089,54.0,1550.71,7395.93,2,6.5,52,0
906090,42.2,1380.95,10679.79,0,33.7,34,0
906091,39.1,1028.99,5213.79,1,13.7,65,0
906092,37.8,919.42,2968.2,0,1.6,54,0
906093,184.4,900.75,1232.95,0,9.9,72,0
906094,30.8,1289.56,8508.59,0,2.8,36,0
906095,23.8,1015.53,5270.15,1,1.8,71,0
906096,27.2,1240.86,3000.45,0,2.4,56,0
906097,28.8,1287.42,2803.13,1,5.7,18,0
906098,11.3,591.36,6112.73,0,5.7,79,0
906099,18.0,1312.79,100.0,1,13.5,22,0
906100,138.4,1692.1,7723.66,2,1.0,66,0
906101,22.0,1516.81,6477.66,0,2.8,57,0
906102,6.0,1264.35,4602.35,1,19.5,22,0
906103,16.7,1645.81,5956.2,1,15.9,43,0
906104,28.6,1649.25,5662.15,2,25.0,59,0
906105,27.7,1236.61,3045.28,0,19.3,63,0
906106,1.0,1140.18,7092.01,1,0.1,74,1
906107,20.2,1246.73,7506.06,1,3.1,26,0
906108,34.4,1379.62,870.88,0,1.6,63,0
906109,24.8,719.41,5726.45,0,4.5,60,0
906110,10.7,1097.03,5530.15,0,7.1,69,0
906111,22.2,2106.25,7477.71,0,0.2,20,0
906112,69.0,1105.5,5519.1,2,8.4,76,0
906113,16.8,1363.23,2735.38,0,3.3,45,0
906114,44.7,1138.9,4065.85,0,5.4,33,0
906115,35.0,1126.8,8759.38,0,22.4,65,0
906116,8.0,1744.94,2218.61,0,10.7,53,0
906117,2.1,1636.85,1262.09,1,4.7,28,0
906118,70.2,1456.2,100.0,2,3.2,28,0
906119,11.5,1532.07,537.89,0,1.6,31,0
906120,66.0,1418.87,7053.65,0,0.9,72,0
906121,14.1,1209.31,906.95,1,2.5,34,0
906122,28.5,1030.12,3119.49,0,12.7,65,0
906123,6.2,1521.17,2888.18,0,2.1,77,0
906124,19.5,1439.06,1980.66,0,21.9,49,0
906125,14.7,1444.23,3476.6,1,2.8,75,0
906126,10.5,1234.58,1102.36,0,61.7,20,0
906127,94.6,1125.19,3715.8,0,0.3,50,0
906128,14.0,1731.21,5917.99,0,6.7,45,0
906129,12.3,904.26,1525.46,0,17.8,26,0
906130,3.7,827.33,1602.15,1,11.4,74,0
906131,1.0,1414.41,604.57,0,15.9,63,0
906132,60.9,718.7,100.0,0,2.0,45,0
906133,28.0,1400.04,7149.27,0,0.7,41,0
906134,3.3,1408.16,3042.56,2,16.7,46,0
906135,74.3,500.98,917.91,1,21.1,21,0
906136,1.0,1178.17,1173.41,1,5.3,74,0
906137,3.5,1083.42,318.46,0,2.1,71,0
906138,19.1,1229.28,963.82,0,3.2,68,0
906139,49.7,708.72,3547.27,3,0.5,68,0
906140,5.1,1080.58,2871.18,2,0.2,51,0
906141,22.5,1140.69,7061.49,2,2.4,65,0
906142,33.0,1230.9,6076.41,0,17.7,42,0
906143,5.7,973.7,2366.11,1,11.5,45,0
906144,86.0,1631.74,4697.23,0,0.4,64,0
906145,157.0,1016.88,5424.87,0,0.9,64,0
906146,45.3,1442.17,1574.63,0,0.7,76,0
906147,90.8,1377.43,6457.0,1,0.5,48,0
906148,22.2,1199.5,4116.48,0,8.2,58,0
906149,45.3,1106.3,907.23,0,36.3,56,0
906150,16.1,1541.92,1595.82,2,3.2,45,0
906151,240.0,872.91,2949.18,1,3.0,52,0
906152,45.4,1528.16,100.0,1,25.4,26,0
906153,69.3,1760.05,9011.13,0,0.9,72,0
906154,6.4,1363.23,6200.65,1,19.8,67,0
906155,78.0,1789.28,5121.77,0,1.2,69,0
906156,84.5,1103.54,5185.5,0,1.8,67,0
906157,4.4,946.96,4009.29,0,1.1,26,0
906158,55.4,755.28,7607.28,0,1.9,73,0
906159,27.2,1288.72,10332.11,2,20.8,25,0
906160,6.2,476.72,5311.1,1,4.0,74,0
906161,121.9,659.17,531.44,0,1.8,40,0
906162,54.5,1780.8,5685.87,0,2.2,41,0
906163,45.8,877.75,1478.49,1,3.7,29,0
906164,24.2,1350.25,2517.81,2,20.3,31,0
906165,20.9,798.83,2845.24,1,5.9,25,0
906166,23.9,1653.86,3452.84,1,18.4,50,0
906167,52.5,1368.15,4454.46,0,5.5,45,0
906168,2.4,879.16,419.93,0,7.5,55,0
906169,67.1,1935.14,4837.94,0,4.7,42,0
906170,7.1,1356.74,3189.97,0,3.0,70,0
906171,99.2,1735.0,4556.29,1,7.0,20,0
906172,214.8,1412.67,6936.85,2,15.5,40,0
906173,68.5,966.06,5426.88,0,16.4,70,0
906174,10.8,947.37,5866.73,0,3.3,42,1
906175,119.9,445.8,5625.43,0,2.3,37,0
906176,33.2,1833.58,991.93,2,22.1,73,0
906177,16.5,869.1,100.0,1,3.3,49,0
906178,6.4,1489.37,100.0,1,2.2,39,0
906179,21.9,1281.96,3609.92,1,5.2,67,0
906180,88.0,1393.12,5187.91,0,6.2,55,0
906181,1.1,906.82,3013.42,0,23.1,64,0
906182,32.9,1264.6,100.0,0,4.5,53,0
906183,8.2,601.77,100.0,0,3.2,45,0
906184,13.3,1536.27,4486.29,1,12.2,77,0
906185,24.8,1459.71,3250.87,0,9.4,61,0
906186,106.6,1825.28,4482.32,3,1.2,74,0
906187,8.7,1923.07,3014.95,2,3.7,21,1
906188,40.8,1387.63,100.0,0,43.7,68,0
906189,4.8,1043.89,3825.7,1,1.7,43,0
906190,6.1,749.07,100.0,1,0.0,60,0
906191,50.2,1601.75,566.62,0,38.8,36,0
906192,1.0,1185.66,5892.05,0,11.6,57,0
906193,3.9,1700.61,100.0,0,6.5,20,0
906194,21.9,1933.61,1257.93,0,6.6,18,0
906195,16.9,854.04,4079.4,0,16.8,30,0
906196,69.5,817.38,4811.95,1,0.1,19,0
906197,17.3,1721.06,4833.0,0,1.9,73,0
906198,22.0,970.86,3571.47,0,1.9,35,0
906199,13.0,1173.74,5176.85,1,5.8,57,0
906200,6.3,2002.66,8414.22,1,1.6,43,0
906201,15.2,1194.74,4421.14,0,7.7,33,0
906202,58.7,1219.01,4199.29,0,18.7,32,0
906203,11.2,781.38,1724.01,0,0.6,78,0
906204,19.2,928.38,7119.48,0,7.8,59,0
906205,74.7,1147.85,1930.41,2,3.7,72,0
906206,59.5,1624.2,1981.13,0,1.0,42,0
906207,73.1,923.15,3669.29,0,23.1,33,0
906208,158.9,1100.6,2172.62,1,12.5,55,0
906209,161.9,704.05,7447.53,0,22.9,60,0
906210,8.9,937.52,5658.96,1,0.2,25,0
906211,4.7,1262.29,3296.29,0,2.2,40,0
906212,27.0,638.91,9172.92,2,1.9,67,1
906213,39.6,1426.01,100.0,0,17.6,74,0
906214,37.6,1107.59,7393.07,1,13.3,35,0
906215,17.5,1805.56,5104.93,0,2.1,61,0
906216,54.1,943.58,100.0,0,1.8,57,0
906217,25.1,848.5,2984.09,1,4.5,45,0
906218,75.8,911.35,3403.75,0,2.9,39,0
906219,18.8,1647.38,1264.65,0,7.5,19,0
906220,37.9,1153.34,1878.81,1,2.9,53,0
906221,13.1,1106.73,5783.28,1,51.5,19,0
906222,233.2,617.42,3314.96,2,1.3,77,0
906223,20.6,828.37,4991.49,0,6.2,60,1
906224,25.9,1245.68,4096.82,0,8.7,71,0
906225,18.2,1116.0,1290.3,1,16.1,21,0
906226,68.7,1997.42,1277.17,0,11.4,65,0
906227,25.6,933.43,1144.43,1,10.8,69,0
906228,19.5,975.16,2141.04,1,2.2,53,0
906229,191.7,1186.36,5194.04,1,12.6,72,0
906230,5.4,1152.65,348.28,2,7.4,20,0
906231,108.0,688.52,6410.2,1,19.7,68,0
906232,51.6,968.94,5061.57,0,1.4,55,0
906233,2.7,921.49,3892.47,0,15.8,77,0
906234,47.7,1465.79,5930.83,0,9.1,57,0
906235,53.0,1313.05,1436.95,2,0.3,58,0
906236,104.8,836.76,1076.1,1,4.3,40,0
906237,7.5,1181.06,100.0,0,3.6,37,0
906238,21.0,1131.67,7707.79,0,3.6,24,0
906239,67.6,1354.22,5531.88,0,1.4,23,0
906240,11.2,1807.22,2449.29,0,8.7,71,0
906241,18.6,1051.68,5581.02,0,1.9,18,0
906242,59.3,1607.5,1008.35,0,21.3,48,0
906243,2.9,1134.38,3492.87,1,4.6,49,0
906244,31.1,1317.59,2816.93,0,5.1,32,0
906245,97.6,1099.98,297.21,0,50.7,65,0
906246,28.0,1244.59,3499.11,0,30.6,43,0
906247,68.7,728.66,1064.84,0,23.7,37,0
906248,10.8,1583.24,100.0,1,10.0,79,0
906249,7.1,993.47,4622.89,0,15.5,52,0
906250,49.4,1118.81,3005.52,1,1.6,73,0
906251,146.2,1672.59,2528.41,0,23.3,25,0
906252,2.4,1584.24,4847.26,0,4.0,26,0
906253,12.8,1190.32,100.0,0,9.0,58,0
906254,145.6,1386.22,2887.33,1,15.2,44,0
906255,1.2,1628.88,4872.77,0,12.3,70,0
906256,2.3,1720.53,5025.45,1,18.9,33,0
906257,7.9,1703.04,934.63,1,9.0,55,0
906258,10.1,1864.67,6062.83,2,5.6,64,0
906259,131.0,1176.28,4965.35,1,11.1,33,0
906260,15.4,741.14,4077.46,0,10.4,50,0
906261,3.2,721.88,6141.52,1,6.5,36,0
906262,118.2,1142.89,5620.77,2,5.1,18,0
906263,5.8,1730.53,100.0,1,22.9,73,0
906264,7.8,759.49,3304.76,0,7.0,31,0
906265,76.4,1239.29,1672.29,1,1.4,30,0
906266,104.5,1784.0,4748.97,0,16.2,68,0
906267,31.8,1155.85,4347.49,0,3.2,75,0
906268,44.6,1032.21,3057.71,0,2.2,68,0
906269,7.0,983.93,3230.88,2,6.8,27,0
906270,84.5,900.54,100.0,0,1.9,77,0
906271,58.1,1409.25,4402.56,1,60.1,50,0
906272,2.4,629.27,5013.82,1,12.1,71,0
906273,26.9,1159.82,3489.72,0,0.8,56,0
906274,57.1,1082.01,100.0,3,20.2,37,0
906275,12.0,1129.39,6707.05,0,4.6,37,0
906276,53.2,1358.85,2286.61,1,22.0,19,0
906277,10.0,1425.39,6434.52,0,1.2,69,0
906278,28.9,1049.91,100.0,0,3.1,22,0
906279,45.1,1810.55,1992.65,2,84.5,27,0
906280,18.2,930.59,1491.98,1,3.4,33,0
906281,18.0,878.91,4559.22,0,11.6,51,0
906282,2.9,1655.59,2078.64,1,14.2,57,0
906283,11.1,976.96,4391.45,0,6.1,71,0
906284,23.3,1449.24,555.56,1,32.2,69,0
906285,54.2,1520.46,5543.97,0,6.7,24,0
906286,114.1,1318.53,1411.71,2,16.7,27,0
906287,27.1,1134.89,3497.21,1,2.9,37,0
906288,40.7,1352.36,8349.08,1,2.5,21,0
906289,83.2,300.0,3048.26,0,11.1,78,0
906290,12.2,1929.69,2661.44,0,8.1,23,0
906291,57.1,919.89,2385.44,2,2.5,24,0
906292,44.7,796.19,8578.36,0,15.3,78,0
906293,33.4,1833.06,2842.03,1,10.5,44,0
906294,58.3,1573.65,2838.62,0,18.9,47,0
906295,130.1,846.82,3047.24,0,2.6,30,0
906296,6.8,1409.85,1121.84,1,20.2,35,0
906297,53.1,2113.7,2706.87,2,3.4,50,0
906298,21.3,1369.3,2699.41,1,1.4,21,0
906299,35.1,1002.39,4612.89,0,6.8,62,0
906300,6.4,1263.35,100.0,0,4.3,57,0
906301,13.6,1268.69,100.0,1,5.7,32,0
906302,52.3,913.45,3611.04,2,16.9,79,0
906303,53.2,708.57,6229.98,0,20.1,63,0
906304,76.9,1844.83,2835.26,1,8.5,32,0
906305,144.8,1938.92,6977.98,1,3.6,71,0
906306,1.0,1267.49,4053.56,0,5.2,44,0
906307,45.4,821.9,3084.59,0,1.3,61,0
906308,5.5,1185.77,3777.41,0,0.4,28,0
906309,52.6,1706.86,4873.3,0,9.7,40,0
906310,15.9,925.48,868.38,1,17.0,31,0
906311,6.9,1771.24,3260.94,2,35.2,61,0
906312,8.7,1663.41,4017.56,0,2.6,46,0
906313,40.0,1530.05,6095.05,1,10.0,24,0
906314,29.3,1233.42,5625.7,1,13.5,51,0
906315,65.4,1206.18,2596.37,0,1.3,36,0
906316,7.3,1654.48,4876.39,1,1.5,37,0
906317,42.3,1061.38,1146.89,0,0.7,72,0
906318,127.3,1395.64,1115.0,0,15.4,49,0
906319,44.8,1624.95,100.0,0,7.4,49,0
906320,5.0,1553.53,4611.5,3,4.2,74,0
906321,32.6,1890.12,1399.73,0,9.7,74,0
906322,170.4,1106.18,1034.14,1,1.1,36,0
906323,82.9,1476.87,6146.38,0,10.0,73,0
906324,46.4,1985.35,426.66,0,2.1,43,0
906325,37.8,978.54,3581.91,2,2.7,27,0
906326,12.7,809.57,4878.64,0,0.0,62,0
906327,35.7,1232.91,4859.64,0,11.5,69,0
906328,54.7,1663.78,1323.17,1,14.4,71,0
906329,48.4,1053.44,4970.51,1,4.8,61,0
906330,15.8,1297.13,7923.19,2,31.5,62,0
906331,22.5,898.73,2343.37,0,20.7,53,0
906332,41.9,1183.31,1239.11,0,6.1,29,0
906333,25.8,786.6,5896.72,1,18.5,42,0
906334,26.9,1019.79,100.0,1,12.9,21,0
906335,12.4,417.88,2958.11,2,6.0,60,0
906336,17.3,1483.7,3840.84,1,4.5,58,0
906337,19.4,596.51,2327.51,2,25.7,39,0
906338,1.0,1549.15,5587.71,1,2.3,28,0
906339,8.4,1168.99,2945.46,2,4.9,26,0
906340,24.2,1650.98,8459.19,0,2.4,63,0
906341,10.4,1138.0,221.38,0,15.0,26,0
906342,86.4,1394.32,5240.72,0,0.3,73,0
906343,71.7,1840.98,3442.11,0,4.4,71,0
906344,23.6,1153.25,2353.2,1,24.3,18,0
906345,19.1,665.88,5736.25,0,4.6,47,0
906346,86.7,561.15,2873.5,3,14.2,30,0
906347,31.0,1351.67,1609.56,1,0.8,22,0
906348,48.8,1300.42,5153.28,0,10.7,53,0
906349,46.7,1615.16,930.25,1,6.2,38,0
906350,1.0,1667.28,3132.22,0,2.8,52,0
906351,15.8,300.0,3677.55,1,10.6,56,1
906352,81.9,899.69,4199.76,0,0.7,45,0
906353,42.2,1257.71,1814.04,3,13.9,25,0
906354,39.8,1679.47,3455.46,0,5.9,43,0
906355,27.8,715.2,3774.8,0,6.7,71,0
906356,38.8,1433.05,3658.21,1,2.9,68,0
906357,38.2,1128.89,2361.16,1,4.5,26,0
906358,10.9,1201.87,3224.53,0,16.0,38,0
906359,24.4,1070.38,1880.87,1,0.8,35,0
906360,4.8,1658.37,3802.24,1,26.1,44,0
906361,17.7,1142.36,4458.69,0,0.3,33,0
906362,3.6,1601.56,6904.23,0,7.5,58,0
906363,42.8,2036.69,2967.03,0,5.1,60,0
906364,90.6,1404.81,100.0,1,2.5,68,0
906365,25.6,1281.37,4322.33,1,5.3,18,0
906366,5.6,1284.57,1019.03,0,6.9,60,0
906367,6.0,575.14,3176.34,0,26.8,46,0
906368,28.2,1174.26,2330.34,1,6.1,64,0
906369,17.3,1024.54,1554.83,0,9.7,56,0
906370,17.6,1178.36,2528.97,0,5.3,18,0
906371,1.0,771.6,6218.31,0,4.3,31,1
906372,39.8,1394.45,1603.57,2,5.2,46,0
906373,3.3,1724.14,2813.97,0,8.5,69,0
906374,9.5,1472.89,3168.04,0,9.9,30,0
906375,13.4,1744.45,448.37,1,1.0,64,0
906376,12.4,1321.74,2391.06,3,1.2,26,0
906377,12.0,524.39,3233.57,0,15.8,67,0
906378,118.8,1592.52,2101.02,0,8.2,74,0
906379,94.0,1610.21,6457.98,0,3.1,36,0
906380,14.6,1136.34,100.0,0,13.4,72,0
906381,11.1,1652.52,10842.07,0,5.0,54,0
906382,22.7,1700.15,3369.39,1,40.7,25,0
906383,72.1,1080.25,100.0,0,5.4,18,0
906384,6.8,536.44,100.0,1,3.3,40,0
906385,7.6,1097.15,100.0,0,17.7,71,0
906386,103.6,664.82,4594.43,1,34.9,56,0
906387,9.6,1122.12,5453.12,0,1.1,21,0
906388,34.8,611.9,3197.74,0,1.9,58,0
906389,1.4,854.04,4687.28,0,1.5,21,0
906390,23.9,1302.2,1396.28,1,9.6,69,0
906391,74.1,1275.36,297.74,1,1.3,78,0
906392,3.1,1072.43,4351.07,0,13.9,46,0
906393,1.4,1597.58,2186.2,2,23.9,78,0
906394,7.5,1009.52,4551.64,0,1.9,62,0
906395,4.4,1388.53,2881.37,1,0.2,60,0
906396,14.3,1396.38,6396.79,0,8.6,33,0
906397,28.6,1544.75,596.13,4,18.7,71,0
906398,95.9,1008.75,100.0,0,9.2,44,0
906399,19.7,1795.83,5493.9,1,2.7,21,0
906400,3.4,1513.94,2344.21,1,3.1,47,0
906401,23.2,1560.03,1863.55,0,1.7,56,0
906402,35.7,817.98,4658.91,0,40.9,18,0
906403,2.8,869.8,109.3,0,3.2,24,0
906404,29.1,961.0,1898.54,1,13.2,32,0
906405,33.1,1190.0,100.0,1,7.2,39,0
906406,9.4,993.19,4988.68,0,0.8,76,0
906407,16.4,1139.28,5130.98,0,3.4,50,0
906408,89.9,1767.91,1046.65,1,11.3,21,0
906409,1.6,1468.33,1825.05,1,6.1,62,0
906410,20.9,1180.81,4794.04,0,12.1,45,0
906411,38.6,1469.35,5665.68,1,1.3,66,0
906412,44.5,849.69,5813.89,2,15.7,29,0
906413,6.4,871.16,100.0,1,1.9,29,0
906414,90.6,1164.95,5304.83,0,14.9,33,0
906415,14.9,1666.57,3134.69,2,3.6,66,0
906416,47.1,1509.4,1350.89,2,5.7,31,0
906417,43.1,1517.4,4762.5,0,1.7,78,0
906418,8.7,2172.35,1850.55,0,3.7,58,0
906419,1.0,1132.08,2917.93,1,2.7,57,0
906420,37.0,972.92,1730.51,2,4.2,41,0
906421,18.9,1426.07,3127.67,2,29.0,26,0
906422,23.3,1355.97,100.0,1,5.8,44,0
906423,61.5,924.72,7234.43,3,5.2,72,0
906424,16.2,300.0,5592.62,0,0.8,61,1
906425,52.6,1685.35,2586.19,1,29.2,71,0
906426,79.0,1341.33,4166.99,0,37.8,22,0
906427,19.6,1375.87,2352.49,2,0.0,33,0
906428,7.2,915.73,3367.9,1,16.8,26,0
906429,4.4,1228.19,2718.93,0,18.0,44,0
906430,19.5,1031.68,6867.49,1,22.0,56,0
906431,43.9,1397.65,5976.76,0,0.2,45,0
906432,31.2,1652.09,100.0,0,0.1,26,0
906433,11.6,1259.4,6124.68,0,3.4,76,0
906434,91.2,1081.93,7944.69,0,6.2,18,0
906435,39.3,1540.08,1543.71,0,0.2,26,0
906436,76.0,1823.35,4746.58,0,8.2,56,0
906437,112.6,1666.87,6288.71,1,2.9,78,0
906438,22.6,1838.84,4618.37,1,8.2,31,0
906439,11.4,1799.86,1269.06,0,0.7,61,0
906440,88.8,849.23,5805.71,0,2.1,21,0
906441,6.3,1281.91,100.0,0,9.4,77,0
906442,52.6,1476.12,6705.5,0,5.9,44,0
906443,12.1,586.93,5185.28,3,21.8,32,0
906444,110.4,446.6,11242.27,1,23.7,31,1
906445,123.0,1098.0,1127.29,0,9.6,67,0
906446,15.0,1153.22,1055.21,0,5.8,76,0
906447,11.6,711.38,100.0,0,8.9,59,0
906448,19.0,977.48,2945.26,0,0.4,72,0
906449,73.8,1255.67,2250.1,0,19.3,38,0
906450,62.6,1292.25,620.06,0,4.2,56,0
906451,20.5,1410.38,100.0,0,2.2,34,0
906452,120.3,1526.65,4363.37,2,3.2,36,0
906453,36.9,1158.67,3337.71,0,15.2,77,0
906454,78.7,1073.94,1701.72,1,11.9,69,0
906455,133.2,1701.56,100.0,0,9.4,21,0
906456,12.2,1611.37,2176.48,0,17.4,76,0
906457,22.2,1509.53,1425.86,1,13.5,29,0
906458,36.7,1813.43,4301.05,3,11.5,20,0
906459,1.1,1292.98,1318.09,2,10.3,65,0
906460,1.0,1367.87,2435.33,2,16.7,55,0
906461,37.7,1618.49,4888.9,1,0.9,70,0
906462,62.9,904.25,100.0,1,12.8,37,0
906463,17.9,1500.84,3237.57,0,7.7,75,0
906464,80.4,537.61,6299.09,1,14.2,44,0
906465,5.6,733.46,8941.79,2,17.0,69,1
906466,94.9,1599.66,1268.69,1,4.4,25,0
906467,9.6,1547.47,5373.23,0,1.7,72,0
906468,11.2,1655.89,5755.69,0,34.7,47,0
906469,46.8,2039.96,268.95,0,20.4,70,0
906470,31.7,1065.97,3791.84,1,17.4,64,0
906471,5.3,1554.11,8036.18,2,3.4,51,1
906472,71.2,1958.39,6931.95,1,24.3,52,0
906473,23.9,1713.5,1341.46,1,37.4,61,0
906474,31.6,1702.64,100.0,0,19.1,70,0
906475,18.2,1177.37,3447.54,1,12.4,49,0
906476,1.0,1166.1,1903.7,1,9.2,18,0
906477,22.1,1249.32,100.0,0,0.4,52,0
906478,31.0,1653.71,633.82,3,4.8,44,0
906479,18.2,1807.8,2051.25,0,7.5,27,0
906480,17.2,1980.82,670.62,0,12.1,72,0
906481,43.6,868.04,2729.25,0,4.9,27,0
906482,11.5,1082.85,2317.0,0,2.8,75,0
906483,4.8,935.13,6080.97,1,10.2,24,1
906484,65.3,1703.08,3937.86,0,7.1,59,0
906485,98.9,1070.01,4878.06,2,11.4,25,0
906486,29.6,1282.58,7311.43,0,5.2,39,0
906487,92.1,1047.72,8173.03,0,1.0,46,0
906488,26.5,1385.78,128.37,1,12.6,47,0
906489,22.1,1675.0,4636.6,1,19.8,59,0
906490,61.8,1269.31,3179.25,0,13.9,19,0
906491,60.2,1215.31,4206.43,1,8.2,64,0
906492,5.5,1267.33,10181.47,0,21.4,29,0
906493,1.9,1471.84,6484.57,0,18.4,77,0
906494,40.4,1472.51,6797.21,0,1.2,40,0
906495,84.6,977.33,6858.74,0,16.0,48,0
906496,9.2,1106.45,4930.46,1,1.8,26,0
906497,12.5,1438.73,5899.26,0,28.6,59,0
906498,49.9,1373.36,3226.35,0,19.4,20,0
906499,36.9,1212.6,1700.97,0,5.3,42,0
906500,9.6,650.51,960.96,1,1.2,65,0
906501,24.8,1354.19,7061.42,1,10.6,70,0
906502,14.4,1383.86,8201.84,0,12.5,28,0
906503,4.0,1404.59,4562.07,1,7.5,68,0
906504,58.5,729.8,3187.56,1,12.0,54,0
906505,1.0,1564.82,3123.59,0,20.0,42,0
906506,37.3,657.75,8384.19,2,12.8,29,0
906507,11.0,977.74,2365.03,0,7.5,63,0
906508,46.7,1394.56,6400.73,0,30.1,18,0
906509,81.7,1405.25,2728.43,3,30.2,42,0
906510,74.2,2081.72,2393.49,1,23.3,51,0
906511,112.2,1481.72,6390.37,2,6.2,69,0
906512,1.6,980.27,1482.16,1,3.7,51,0
906513,63.9,1603.29,100.0,1,16.0,23,0
906514,26.3,1634.92,5633.52,1,21.2,52,0
906515,80.2,798.3,2300.62,2,8.9,73,0
906516,126.3,1100.02,6507.69,0,2.3,20,0
906517,43.5,733.7,4223.98,1,4.4,20,0
906518,47.7,1182.32,5859.76,3,15.4,62,0
906519,86.2,1064.69,3205.02,1,39.1,44,0
906520,1.5,1528.5,6682.44,1,17.4,58,0
906521,21.0,969.22,6833.17,2,4.6,59,0
906522,31.1,1019.41,5500.46,2,5.3,60,0
906523,135.4,1249.27,2916.03,2,42.5,34,0
906524,64.4,1763.69,5590.94,0,0.4,49,0
906525,27.3,1023.01,5065.15,1,2.0,59,0
906526,7.7,1022.94,100.0,0,39.6,41,0
906527,7.9,915.52,2817.94,1,4.5,43,0
906528,13.6,1380.67,4598.98,1,5.2,51,0
906529,8.3,1410.52,2889.17,2,2.4,40,0
906530,24.6,598.91,323.09,2,12.6,79,0
906531,143.1,1255.34,6160.7,0,0.8,69,0
906532,19.1,645.08,4824.46,0,22.9,69,0
906533,68.8,833.26,5207.73,2,15.2,21,0
906534,31.7,456.18,100.0,0,10.1,30,0
906535,42.1,1076.28,5613.06,0,3.0,51,0
906536,14.4,977.39,7057.54,0,7.7,72,0
906537,36.3,1335.68,2515.82,0,2.8,30,0
906538,26.9,1390.2,3847.08,1,4.2,69,0
906539,14.7,1606.22,4384.64,0,5.0,38,0
906540,138.7,931.46,5363.28,0,5.1,53,0
906541,58.5,1303.59,5412.49,2,11.9,21,0
906542,34.9,1715.66,3080.7,1,28.8,76,0
906543,16.8,953.08,3858.61,0,6.9,68,0
906544,29.5,1504.99,253.98,3,2.2,21,0
906545,53.6,1579.75,1798.24,1,28.9,50,0
906546,35.7,300.0,4297.28,1,1.9,75,1
906547,15.5,1238.57,2246.49,1,32.2,18,0
906548,29.9,1460.67,4147.71,1,12.4,35,0
906549,32.6,832.02,3273.52,0,0.8,43,0
906550,37.0,1310.75,6620.34,2,9.8,63,0
906551,48.7,1296.66,329.19,1,10.8,50,0
906552,38.2,1108.74,860.06,0,10.7,25,0
906553,30.2,1146.0,7001.55,1,4.7,19,0
906554,34.6,2139.16,242.56,1,4.4,27,0
906555,13.2,816.82,111.64,1,7.7,76,0
906556,3.0,848.17,1806.12,1,5.8,44,0
906557,33.7,1481.44,1691.7,0,7.5,46,0
906558,49.4,1706.02,8425.57,1,9.2,18,0
906559,90.2,905.01,5945.42,1,0.3,45,0
906560,33.5,1408.12,6780.3,0,0.9,79,0
906561,36.7,1508.45,2676.71,1,15.3,30,0
906562,19.8,1421.42,4181.99,0,8.5,22,0
906563,10.3,1114.74,9361.39,0,16.8,22,1
906564,102.3,1247.06,5677.97,0,4.2,68,0
906565,57.7,1219.03,3910.55,0,6.9,41,0
906566,36.5,1989.38,2430.07,1,3.4,29,0
906567,17.1,1127.0,5950.32,0,16.6,19,0
906568,12.7,1096.85,5666.71,1,28.1,70,0
906569,59.3,963.16,3143.3,2,1.1,46,0
906570,12.7,1346.6,100.0,0,9.2,23,0
906571,11.3,1685.46,1148.57,0,7.7,35,0
906572,8.7,845.72,276.13,1,1.3,18,0
906573,56.5,1105.47,2021.61,0,4.4,21,0
906574,17.3,1066.84,7559.04,0,2.9,69,0
906575,2.9,883.8,2037.97,3,9.7,63,0
906576,33.7,879.76,5105.76,0,7.0,32,0
906577,29.8,1167.34,701.16,0,5.1,65,0
906578,22.0,1261.51,4146.09,0,7.9,56,0
906579,92.1,1370.44,5564.49,1,10.6,44,0
906580,83.9,998.5,5804.61,1,0.3,41,0
906581,12.6,1504.4,3068.81,0,25.4,74,0
906582,7.9,1065.12,6483.11,0,26.0,58,0
906583,76.2,1399.46,1691.09,0,67.9,32,0
906584,33.0,903.3,3581.41,0,9.8,18,0
906585,26.5,817.53,100.0,1,1.5,78,0
906586,14.5,1344.78,2644.53,1,1.5,31,0
906587,79.7,1467.99,7297.84,1,12.7,57,0
906588,18.4,1025.66,5209.58,2,54.2,39,0
906589,21.6,1366.86,3390.12,0,2.0,77,0
906590,51.8,1144.94,3617.14,0,1.2,37,0
906591,5.2,1099.01,1259.94,1,5.7,74,0
906592,63.3,1308.53,1560.24,1,1.0,51,0
906593,10.5,1814.17,8249.78,0,1.3,21,0
906594,31.7,982.85,100.0,0,3.6,23,0
906595,36.1,1083.66,6500.62,1,10.5,22,0
906596,8.8,462.95,5132.0,0,4.5,55,1
906597,22.5,1010.02,4742.88,0,8.0,19,0
906598,28.3,1215.6,3333.92,1,3.7,26,0
906599,8.7,1480.09,4081.21,0,9.3,55,0
906600,48.6,786.58,3565.75,0,26.1,77,0
906601,24.5,1395.12,6800.7,0,5.2,22,0
906602,9.8,1637.77,3038.96,1,20.5,38,0
906603,106.3,1046.92,4414.09,0,14.1,70,0
906604,44.2,1159.35,5077.27,0,11.3,34,0
906605,86.9,2028.23,4788.42,0,9.3,45,0
906606,35.1,1133.82,4920.02,1,11.6,69,0
906607,9.9,991.18,100.0,0,2.4,53,0
906608,51.8,1439.7,5999.4,1,11.5,63,0
906609,68.1,1363.97,1478.71,1,14.6,21,0
906610,91.5,390.36,526.98,0,3.9,61,0
906611,50.6,1307.96,10755.56,2,9.0,22,0
906612,23.1,1368.89,1894.15,0,18.5,59,0
906613,15.3,1082.96,7682.64,0,23.2,54,0
906614,6.3,1822.4,4299.73,1,3.2,27,0
906615,148.9,1325.99,100.0,0,55.2,61,0
906616,60.1,1201.25,540.3,1,16.4,53,0
906617,10.9,1432.81,3182.64,0,6.7,24,0
906618,1.2,1242.46,100.0,2,2.3,79,0
906619,19.8,1009.94,6550.12,0,6.4,46,0
906620,39.4,1041.18,2935.44,1,14.3,76,0
906621,142.6,683.42,1607.84,1,24.1,61,0
906622,96.1,1118.29,3094.58,0,2.9,32,0
906623,22.2,1251.61,4164.6,0,17.1,44,0
906624,67.1,387.67,5557.09,1,7.6,49,1
906625,52.9,1123.26,5018.82,0,6.8,67,0
906626,1.0,1658.88,5792.65,2,12.3,21,0
906627,128.6,1441.58,3616.44,2,6.0,74,0
906628,5.6,824.85,100.0,1,17.7,37,0
906629,32.3,1751.36,923.35,0,0.4,73,0
906630,8.5,1981.54,4153.12,2,32.9,36,0
906631,66.6,732.0,3317.79,0,0.2,19,0
906632,35.7,876.16,1870.45,0,29.3,69,0
906633,84.3,2007.91,2338.99,0,13.9,26,0
906634,22.9,1737.83,3290.48,0,12.6,19,0
906635,43.5,1590.99,2415.0,0,6.2,27,0
906636,24.7,1325.91,5190.32,1,1.9,23,0
906637,4.9,1856.87,6619.98,1,13.4,64,0
906638,103.6,1018.86,3334.96,0,1.9,26,0
906639,24.3,1651.74,5487.41,0,11.7,20,0
906640,8.0,584.71,919.6,1,7.3,20,0
906641,18.7,1716.74,6473.01,0,17.4,77,0
906642,33.7,1476.11,3656.88,0,7.5,31,0
906643,21.0,1367.91,4670.72,1,7.9,32,0
906644,112.5,942.32,7006.92,0,3.8,34,0
906645,25.1,1784.12,100.0,0,14.3,49,0
906646,29.2,1090.64,100.0,0,0.1,72,0
906647,33.6,1095.02,6377.53,2,1.3,72,0
906648,59.8,1406.98,5963.89,1,12.5,76,0
906649,10.5,816.55,4013.59,0,0.8,76,0
906650,5.2,1410.28,3441.92,1,22.8,53,0
906651,3.2,579.8,3357.67,0,0.4,55,1
906652,20.7,1658.46,1883.22,0,16.0,47,0
906653,159.2,818.47,5284.49,4,3.1,29,0
906654,36.2,2045.11,592.29,2,6.9,37,0
906655,18.8,761.57,264.57,1,11.9,59,0
906656,6.4,1806.96,2027.25,1,9.0,67,0
906657,103.9,1488.11,2427.17,0,23.6,25,0
906658,58.5,1527.99,4874.61,1,2.3,22,0
906659,56.9,1413.25,4543.91,1,8.4,65,0
906660,46.2,1090.25,4971.73,2,9.1,24,0
906661,3.7,760.81,2758.01,1,12.6,60,0
906662,21.2,838.52,3222.76,0,5.2,26,0
906663,9.2,955.23,2529.83,0,2.4,57,0
906664,161.5,1835.51,3192.14,0,25.1,77,0
906665,10.5,1207.55,3966.08,1,7.3,77,0
906666,76.0,1595.2,2192.96,0,26.0,44,0
906667,17.7,1975.4,282.02,2,30.7,50,0
906668,9.7,846.1,4969.25,2,5.3,28,0
906669,10.3,1369.12,4424.5,0,10.8,50,0
906670,39.3,713.51,4367.39,0,28.3,44,0
906671,39.0,1575.53,2526.38,3,6.4,43,0
906672,21.9,980.17,3835.32,1,4.4,39,0
906673,50.6,1009.41,2375.13,0,10.1,66,0
906674,22.3,1197.75,2840.59,0,0.2,33,0
906675,5.0,1072.57,1974.37,1,13.5,65,0
906676,3.4,1093.95,5059.78,0,8.2,74,0
906677,92.7,1555.03,1953.34,2,15.7,56,0
906678,65.8,1428.93,258.97,0,9.0,41,0
906679,46.5,1840.57,4448.95,0,2.6,20,0
906680,4.1,889.66,2516.05,1,18.4,43,0
906681,1.6,1091.68,2847.49,0,3.2,26,0
906682,23.9,1191.9,5260.54,1,2.8,18,1
906683,47.7,1405.54,4771.51,0,26.4,44,0
906684,41.7,1323.94,5521.86,0,8.1,20,0
906685,11.2,1528.21,2401.16,0,1.6,40,0
906686,14.7,1770.61,100.0,0,22.8,70,0
906687,59.1,1071.37,3955.95,0,0.4,39,0
906688,35.8,676.93,1887.94,0,18.7,60,0
906689,79.9,1409.47,6910.93,1,11.1,67,0
906690,16.5,1391.34,4057.48,0,4.9,42,0
906691,1.8,1820.27,100.0,0,5.4,78,0
906692,26.6,1244.94,6797.13,2,5.2,79,0
906693,31.5,950.67,5721.69,0,2.7,61,0
906694,29.9,1215.72,4380.15,1,6.2,53,0
906695,63.8,1117.32,1758.43,1,4.6,36,0
906696,24.9,902.14,4900.56,1,13.9,69,0
906697,58.6,1454.59,10779.79,1,4.1,44,1
906698,34.7,1217.18,6067.76,3,0.7,41,1
906699,17.0,1700.69,4620.94,0,16.3,35,0
906700,67.5,1283.31,2953.9,0,34.5,27,0
906701,10.7,1404.28,4777.71,1,4.5,79,0
906702,27.8,453.36,236.54,0,19.0,42,0
906703,70.9,1908.9,2587.25,0,3.9,18,1
906704,1.0,1132.08,2699.71,1,17.2,37,0
906705,25.0,662.43,4935.77,0,23.3,71,0
906706,57.1,1225.25,3708.58,0,0.2,39,0
906707,2.4,805.16,5195.94,0,2.6,56,1
906708,18.2,1467.87,7732.6,1,1.4,65,0
906709,44.3,1140.24,1957.69,1,0.0,57,0
906710,162.3,1289.13,5312.92,2,3.2,50,1
906711,97.0,1574.33,946.54,1,16.6,68,0
906712,1.8,1258.04,6913.94,0,0.7,20,1
906713,9.4,984.76,9062.17,0,28.6,22,0
906714,29.0,856.4,4367.6,0,3.9,26,0
906715,60.8,1536.14,4663.03,1,15.0,32,0
906716,9.5,1488.08,1955.85,1,6.2,47,0
906717,184.6,984.49,4767.83,0,9.5,48,0
906718,89.3,1874.22,4419.27,1,2.8,65,0
906719,29.5,1138.55,100.0,1,5.6,39,0
906720,13.7,1063.34,3868.66,0,9.1,32,0
906721,2.7,1636.28,3980.67,0,12.5,60,0
906722,30.8,1179.7,3606.9,0,10.6,31,0
906723,89.0,676.17,6841.29,1,12.9,21,1
906724,171.2,1425.27,6031.82,0,6.4,32,0
906725,110.2,2005.85,100.0,1,3.1,47,0
906726,3.4,690.71,1947.32,0,4.9,66,0
906727,68.9,954.2,979.91,2,86.0,56,0
906728,240.0,1557.32,3491.93,2,12.7,77,0
906729,24.5,882.45,8345.09,1,9.5,21,0
906730,20.3,1374.66,2659.45,1,4.6,30,0
906731,38.1,1404.98,6543.69,1,4.0,27,0
906732,31.7,799.76,669.15,1,2.3,22,0
906733,1.0,1452.48,7307.98,0,76.9,34,0
906734,4.6,1263.26,100.0,0,4.3,53,0
906735,15.8,1680.96,2809.09,1,1.5,45,0
906736,132.9,1383.63,4446.84,2,16.7,68,0
906737,2.6,313.03,1371.32,1,7.0,61,0
906738,6.7,2229.21,1852.86,0,29.0,71,0
906739,46.6,1384.76,4623.58,1,23.6,52,0
906740,69.1,1016.41,2165.05,0,11.1,58,0
906741,3.6,1354.14,5151.39,2,10.5,20,1
906742,39.6,1292.35,3967.87,0,31.8,27,0
906743,52.9,1138.99,2949.62,1,34.9,65,0
906744,35.0,1458.39,1879.84,1,6.4,77,0
906745,134.3,1097.09,2034.77,0,6.4,22,0
906746,4.3,887.38,2848.93,0,0.1,70,0
906747,2.6,804.06,3396.14,0,6.7,42,0
906748,71.3,1409.96,3804.06,0,1.3,24,0
906749,34.7,2293.14,2853.42,0,18.6,74,0
906750,45.0,1255.02,2693.9,0,5.0,64,0
906751,65.9,1382.13,3406.88,0,1.8,65,0
906752,15.1,1606.85,4716.38,0,0.9,25,0
906753,30.0,648.66,3477.42,2,16.4,52,0
906754,18.2,1463.78,4987.65,0,2.4,29,0
906755,50.7,1573.75,1784.01,0,16.2,35,0
906756,1.7,1117.17,3684.62,1,7.0,48,0
906757,93.8,1083.32,1636.15,2,5.8,64,0
906758,42.9,1226.99,3441.75,1,8.7,69,0
906759,82.4,1066.64,5735.28,1,1.4,64,0
906760,11.4,1513.01,6024.78,0,4.8,56,0
906761,4.0,1233.88,5214.28,0,28.6,66,0
906762,10.7,1408.96,2561.45,0,11.9,23,0
906763,32.8,1385.63,4741.97,2,0.2,21,0
906764,28.8,547.33,7367.6,2,2.2,70,0
906765,46.6,887.65,100.0,2,0.5,37,0
906766,49.5,1148.61,8143.33,0,23.0,32,1
906767,12.5,679.01,5659.7,0,1.7,56,0
906768,94.5,599.56,100.0,1,9.3,19,0
906769,51.5,300.0,3617.05,0,3.3,76,0
906770,79.9,1193.97,4451.02,1,11.1,31,0
906771,33.4,1153.46,2170.55,0,32.0,46,0
906772,119.2,1469.94,4648.3,0,18.9,59,0
906773,8.7,1386.23,4601.32,0,0.5,77,0
906774,25.6,1505.38,4483.85,1,2.9,51,0
906775,15.5,1565.15,991.46,1,0.3,53,0
906776,38.3,1229.58,4835.02,1,0.4,70,0
906777,5.6,1339.4,7490.13,0,17.2,22,0
906778,30.7,1586.18,6475.21,0,0.8,42,0
906779,11.5,915.15,1833.69,0,27.5,33,0
906780,24.2,1213.29,6824.25,0,2.9,62,0
906781,90.0,1719.79,510.81,0,3.8,73,0
906782,9.1,1708.93,3639.28,0,6.4,73,0
906783,30.1,300.0,9925.06,0,32.6,68,1
906784,35.4,1362.25,4088.67,1,32.7,35,0
906785,20.5,1632.01,5775.63,0,8.6,55,0
906786,148.0,904.59,3982.29,1,1.5,46,0
906787,116.3,1491.63,3878.41,1,6.4,54,0
906788,52.9,1220.51,4721.58,0,7.9,62,0
906789,160.2,1175.12,6432.22,0,11.3,34,0
906790,43.8,1471.09,3823.34,1,0.6,50,0
906791,34.1,1049.8,2135.75,0,6.3,40,0
906792,1.0,1409.41,8053.7,1,0.1,45,1
906793,105.0,1025.29,7693.82,1,18.0,58,0
906794,20.9,899.31,4328.0,0,0.5,45,0
906795,43.3,1345.9,6192.18,0,22.6,22,0
906796,78.7,911.65,5642.7,2,2.5,40,0
906797,40.5,1441.63,100.0,2,14.2,23,0
906798,47.3,801.0,1270.66,1,17.7,38,0
906799,13.7,1323.33,414.09,0,9.7,33,0
906800,88.0,1368.6,1758.39,1,27.7,67,0
906801,6.8,1620.67,4989.87,0,4.4,69,0
906802,21.0,1630.19,2272.05,0,12.7,53,0
906803,10.3,878.95,6297.69,0,8.6,66,0
906804,2.4,577.4,4744.86,0,82.9,28,0
906805,105.6,2083.89,2950.14,1,9.8,56,0
906806,10.4,2181.56,2749.95,0,4.3,72,0
906807,20.2,1345.32,5259.85,2,10.2,23,0
906808,107.6,1887.1,100.0,0,5.8,64,0
906809,49.5,760.44,2997.39,1,34.0,59,0
906810,8.3,623.35,1602.37,0,13.5,37,0
906811,22.3,1267.38,2007.46,4,15.4,33,0
906812,4.7,1130.14,5794.86,0,0.9,71,1
906813,62.2,1872.6,868.02,3,8.2,48,0
906814,18.2,1502.87,875.94,1,9.0,49,0
906815,35.1,1355.79,6195.76,0,2.6,22,0
906816,42.2,893.7,2723.32,2,24.8,48,0
906817,54.5,1650.86,4652.08,0,6.8,25,0
906818,19.7,2299.77,2107.18,3,0.7,68,0
906819,72.6,1452.55,1704.47,0,17.3,57,0
906820,24.5,1188.02,647.83,0,12.0,53,0
906821,43.0,1732.51,3360.41,0,19.1,52,0
906822,11.9,1439.05,7222.73,1,2.2,69,0
906823,74.3,1417.39,2936.24,0,11.4,70,0
906824,11.4,1024.53,5451.09,0,6.0,55,0
906825,41.6,1789.48,7017.06,0,3.1,75,0
906826,30.2,1512.23,529.24,1,29.5,26,0
906827,13.2,1731.23,4253.52,1,25.8,38,0
906828,57.6,1119.66,6263.01,0,9.2,28,0
906829,138.8,750.64,417.49,0,13.6,34,0
906830,2.9,664.1,4645.04,2,27.8,53,0
906831,20.7,1522.01,2617.18,0,4.9,57,0
906832,4.4,1336.16,5468.02,0,6.6,33,0
906833,6.3,1396.61,100.0,1,10.5,69,0
906834,65.7,1249.16,8161.65,0,12.7,40,0
906835,50.3,643.61,5684.97,1,34.0,24,0
906836,57.0,1666.94,100.0,0,0.5,28,0
906837,25.1,1351.42,5029.84,0,0.3,54,0
906838,20.9,2102.27,4106.69,0,14.8,37,0
906839,69.0,1537.25,4847.37,1,3.8,60,0
906840,1.4,1566.25,3019.64,0,16.5,20,0
906841,15.1,1688.88,100.0,0,1.6,24,0
906842,25.8,1172.71,945.04,0,4.2,70,0
906843,25.2,1443.26,4549.97,0,23.4,50,0
906844,26.1,1051.08,8303.52,0,21.7,49,0
906845,78.0,1087.17,4160.41,0,8.1,63,1
906846,97.7,1138.82,3155.56,1,1.1,43,0
906847,10.1,1143.8,3158.87,3,1.3,42,0
906848,4.1,1852.06,2000.92,1,0.2,52,0
906849,47.4,598.5,100.0,0,26.7,34,0
906850,1.2,1224.07,1009.43,0,4.7,77,0
906851,42.7,929.21,5665.71,0,5.0,22,0
906852,8.5,875.71,1425.66,1,3.7,41,0
906853,11.9,1043.52,7170.47,0,4.6,31,0
906854,44.1,813.89,4154.06,0,30.4,49,0
906855,52.8,582.47,6733.34,1,6.1,60,0
906856,10.9,473.24,2384.03,1,9.1,71,0
906857,7.4,543.76,5199.02,0,4.3,47,1
906858,9.9,907.49,1924.4,1,7.6,39,0
906859,38.9,1791.21,988.54,2,7.8,36,0
906860,52.6,1067.79,100.0,0,9.8,61,0
906861,26.3,1128.69,5927.41,2,2.2,71,0
906862,7.3,1183.09,2121.51,0,2.1,52,0
906863,14.8,300.0,6105.48,0,8.9,57,1
906864,71.4,947.46,100.0,1,10.7,63,0
906865,2.2,1294.77,2132.48,0,30.5,53,0
906866,56.3,1163.47,3014.46,1,6.8,48,0
906867,12.0,1651.5,3207.41,1,6.6,27,0
906868,59.0,516.15,3034.87,0,12.2,77,0
906869,69.9,565.04,6072.89,0,2.5,46,0
906870,1.0,1194.51,1922.39,1,1.3,35,0
906871,13.6,1112.67,4685.26,0,15.5,42,0
906872,110.4,1383.51,3862.95,0,2.6,57,0
906873,23.6,902.4,7911.43,0,16.8,32,1
906874,182.3,559.53,5892.76,3,3.7,67,1
906875,15.0,1501.91,4683.59,1,2.6,39,0
906876,91.2,1016.76,3804.94,1,0.5,62,0
906877,1.7,1030.71,3511.18,1,2.7,26,0
906878,1.6,1203.89,4092.94,0,0.8,50,0
906879,55.9,986.38,3128.06,0,14.5,79,0
906880,43.2,605.79,3832.59,1,4.9,74,0
906881,23.5,792.13,11726.28,0,9.6,53,1
906882,14.9,1517.41,8603.65,1,5.9,21,0
906883,15.0,1496.97,3134.09,0,20.9,54,0
906884,166.8,1027.47,2523.34,0,0.4,46,0
906885,32.5,1515.46,824.02,1,1.1,34,0
906886,19.2,936.82,100.0,0,16.6,63,0
906887,24.1,1003.92,100.0,0,5.7,46,0
906888,23.6,957.61,6017.12,0,8.1,21,0
906889,13.9,1117.52,4658.42,2,8.0,78,0
906890,45.2,1756.96,4474.62,1,15.3,49,0
906891,28.9,1351.28,3531.87,0,29.1,73,0
906892,5.1,1235.93,2019.4,2,13.0,56,0
906893,4.5,1723.32,4529.3,0,1.4,26,0
906894,24.9,1113.86,6700.42,0,5.7,22,0
906895,17.0,1332.63,9139.7,0,6.0,72,0
906896,74.8,1096.68,8225.69,0,0.1,37,0
906897,15.7,1288.82,4478.57,1,11.8,79,0
906898,14.2,1264.71,822.82,2,0.8,25,0
906899,64.5,1249.4,2281.39,2,7.3,70,0
906900,25.5,566.72,3690.54,1,4.5,37,0
906901,82.2,1370.52,5280.28,0,7.4,73,0
906902,26.6,892.79,5723.23,1,14.1,48,0
906903,38.3,877.96,2266.84,0,3.8,67,0
906904,28.7,1485.71,100.0,0,9.7,25,0
906905,50.1,1094.76,2991.84,2,1.0,25,0
906906,42.0,1099.34,2709.67,1,8.9,68,0
906907,49.4,1313.97,1059.97,0,18.8,42,0
906908,64.6,1180.76,1039.24,2,5.3,51,0
906909,1.7,1679.8,4384.63,0,30.1,31,0
906910,70.8,1345.31,100.0,0,0.6,63,0
906911,37.4,1219.11,6114.82,0,12.5,22,0
906912,32.7,300.0,3575.33,0,11.3,54,0
906913,17.3,1228.76,1764.67,1,4.3,61,0
906914,163.9,1568.48,4390.95,0,2.8,31,0
906915,10.1,1489.6,902.15,1,8.4,70,0
906916,46.4,1558.0,1788.07,0,14.3,77,0
906917,2.5,846.72,5606.71,1,21.9,73,0
906918,18.0,1897.84,806.53,1,12.1,38,0
906919,40.7,733.49,4406.05,0,2.3,78,1
906920,13.7,1428.82,837.38,1,7.3,35,0
906921,19.3,1211.83,4971.98,2,4.1,38,0
906922,30.4,1533.56,1650.44,1,9.3,34,0
906923,15.2,1769.75,100.0,0,13.1,56,0
906924,102.8,1134.4,100.0,0,5.4,37,0
906925,3.0,1300.28,2110.64,0,4.2,41,0
906926,12.1,1527.21,4310.65,1,19.1,21,0
906927,1.0,1000.68,4847.99,0,5.9,64,0
906928,12.4,874.07,1496.91,0,0.3,50,0
906929,50.0,1409.46,100.0,1,16.1,39,0
906930,59.7,1736.15,5409.76,0,2.0,42,0
906931,30.3,523.3,584.52,0,1.1,47,0
906932,33.0,1104.03,3982.19,0,9.8,36,0
906933,13.6,1086.89,3800.52,0,1.5,39,0
906934,19.1,1224.83,2410.12,1,3.7,65,0
906935,52.2,1389.14,879.14,0,3.4,27,0
906936,13.8,1020.35,2327.0,0,1.6,62,0
906937,57.1,1495.81,3354.44,0,9.6,66,0
906938,116.7,484.96,4256.48,1,4.9,52,0
906939,3.1,813.86,2344.61,1,26.3,79,0
906940,26.2,466.79,3519.19,1,5.8,42,0
906941,143.1,1033.35,3490.48,1,21.8,65,0
906942,1.0,1196.55,100.0,0,4.0,32,0
906943,2.0,1336.59,5841.71,1,2.8,25,0
906944,1.0,1013.2,7045.22,2,15.0,22,0
906945,10.5,1235.84,8282.44,1,8.7,47,0
906946,11.3,992.43,4973.65,0,1.1,39,0
906947,37.3,1086.17,4826.53,0,9.6,66,0
906948,38.5,467.56,5234.74,0,15.2,22,1
906949,11.0,632.84,3201.74,1,12.8,57,0
906950,93.9,1106.05,3305.39,0,18.0,54,0
906951,38.9,611.89,3984.27,1,4.8,22,0
906952,5.9,1450.53,5088.75,0,6.2,49,0
906953,58.4,1555.21,4707.55,2,3.9,74,0
906954,76.3,1005.68,6526.91,0,16.0,79,0
906955,19.2,1535.22,3010.23,0,5.1,23,0
906956,46.0,1450.09,121.72,0,17.8,26,0
906957,5.0,1714.24,2778.52,1,3.0,32,0
906958,9.8,863.11,445.05,0,9.0,66,0
906959,45.0,1087.98,3966.21,0,1.7,52,0
906960,24.0,1299.51,5005.04,0,2.1,18,0
906961,220.1,1291.87,5638.35,1,26.7,19,0
906962,65.0,1355.14,2809.52,1,8.8,67,0
906963,29.5,564.57,301.97,0,8.2,64,0
906964,7.3,1101.32,5645.47,1,0.2,55,0
906965,27.3,1168.03,5678.46,0,1.4,33,0
906966,19.9,427.76,4499.54,1,2.0,74,0
906967,24.0,1252.01,6917.01,1,8.8,30,0
906968,6.2,828.59,1267.04,0,2.4,36,0
906969,25.1,1962.13,8850.41,0,4.0,50,0
906970,20.5,1260.39,5393.47,1,5.5,48,0
906971,31.9,1529.28,726.65,0,0.0,64,0
906972,42.8,1555.68,1658.73,0,6.1,27,0
906973,10.1,778.01,2093.03,0,4.1,28,0
906974,22.9,632.91,926.2,1,40.4,47,0
906975,5.5,733.74,100.0,0,10.8,35,0
906976,40.9,592.02,5216.53,2,1.5,33,0
906977,22.5,1626.46,655.6,0,12.6,71,0
906978,73.8,906.59,5710.12,0,14.6,31,0
906979,1.5,1816.79,2631.62,0,9.8,44,0
906980,36.3,2198.94,3697.95,0,8.2,78,0
906981,21.5,1373.56,4491.73,0,3.6,51,0
906982,16.8,960.91,5485.82,0,3.5,40,0
906983,8.0,1045.01,2346.7,0,5.9,62,0
906984,22.1,1404.51,4844.06,1,9.3,45,0
906985,34.5,833.79,2989.66,0,3.0,33,0
906986,7.1,1794.53,6674.06,0,0.9,22,0
906987,25.9,1143.37,878.67,1,7.8,77,0
906988,8.7,1682.72,2549.45,1,42.1,43,0
906989,1.3,1186.0,4792.42,0,2.0,51,0
906990,155.7,822.92,3127.31,0,1.4,66,0
906991,7.6,1139.26,3871.08,1,5.0,33,0
906992,23.8,1454.8,4551.53,0,14.4,53,0
906993,145.8,1345.39,2284.35,1,22.4,71,0
906994,28.0,1030.1,3337.41,0,15.7,35,0
906995,78.2,1009.49,3857.12,0,4.9,51,0
906996,6.5,1154.01,2269.35,1,15.4,77,0
906997,16.2,1849.84,6125.92,1,9.7,76,0
906998,57.2,300.0,3888.54,0,13.1,46,0
906999,36.5,300.0,504.47,1,0.4,26,0
907000,14.6,1169.82,6494.52,0,4.1,54,0
907001,16.6,1369.15,7782.41,2,2.0,70,0
907002,27.0,1174.35,477.23,1,2.8,41,0
907003,45.1,2025.91,2785.06,0,9.4,75,0
907004,12.2,1161.65,4633.92,1,8.3,72,0
907005,8.9,1182.62,1784.45,1,2.1,33,0
907006,28.3,1534.22,515.67,0,32.7,79,0
907007,10.6,757.21,337.32,0,35.5,53,0
907008,6.1,1592.75,100.0,0,4.9,77,0
907009,23.5,1529.54,3225.06,1,8.0,39,0
907010,4.5,1338.58,1488.64,0,1.5,27,0
907011,1.0,957.82,8867.92,0,19.2,66,0
907012,52.3,1062.22,6206.4,5,2.4,44,0
907013,10.9,820.39,3227.18,0,24.3,71,0
907014,3.9,1364.16,3533.8,3,13.6,51,0
907015,30.4,1198.58,7312.32,0,0.7,36,0
907016,8.1,300.0,2584.33,0,20.7,54,0
907017,55.2,769.3,8688.45,0,4.2,47,0
907018,88.7,1009.05,9270.29,1,0.3,33,0
907019,41.9,935.68,8415.07,0,18.9,64,0
907020,30.8,1533.22,6952.98,3,8.2,57,0
907021,9.5,300.0,3957.12,1,15.1,45,1
907022,7.4,1509.16,2159.41,1,30.9,76,0
907023,5.9,1507.51,3214.61,0,1.1,59,0
907024,3.5,2027.36,2196.71,0,20.8,70,0
907025,42.0,1141.35,5120.84,0,12.6,38,0
907026,32.6,1560.77,138.25,0,2.6,31,0
907027,3.9,1335.23,100.0,0,4.6,23,0
907028,9.1,779.01,4191.78,0,11.5,71,0
907029,57.6,1282.61,5304.31,1,5.5,18,0
907030,48.3,974.48,4833.07,0,7.2,73,0
907031,1.6,700.2,4535.85,0,1.5,77,0
907032,40.1,580.24,5660.3,0,19.6,78,1
907033,35.7,1128.81,5159.24,0,6.9,66,0
907034,11.9,1692.9,4013.05,3,7.0,57,0
907035,9.1,1571.4,5592.83,0,1.8,36,0
907036,45.9,1000.53,752.29,1,2.1,18,0
907037,88.4,703.38,1668.42,1,2.1,41,0
907038,21.8,300.0,1403.25,1,46.2,48,0
907039,100.0,1947.76,3508.89,0,28.4,45,0
907040,3.0,1554.83,581.02,0,6.7,43,0
907041,30.8,1371.1,9089.9,0,0.8,48,0
907042,21.8,1179.31,100.0,0,36.5,44,0
907043,51.4,1737.67,4756.96,0,11.0,63,0
907044,19.3,1632.49,6562.39,1,3.2,70,0
907045,14.7,419.18,4595.44,0,1.9,68,1
907046,20.4,1210.48,4006.22,0,37.4,19,0
907047,74.9,1254.96,3018.99,1,3.4,45,0
907048,54.6,885.71,4036.53,1,7.8,43,0
907049,108.3,1300.79,3056.87,1,14.5,37,0
907050,24.9,1343.96,5099.94,1,6.0,79,0
907051,55.0,1777.8,3934.88,0,19.7,18,0
907052,121.1,1473.22,3659.05,0,1.7,65,0
907053,102.8,1642.84,1790.13,2,8.4,39,0
907054,149.6,1458.1,3743.24,0,9.9,20,0
907055,4.7,1069.99,8001.51,1,9.8,73,0
907056,1.0,957.79,795.08,1,13.7,79,0
907057,29.8,2170.85,2585.1,1,6.0,21,0
907058,50.2,1616.82,1738.16,1,7.4,57,0
907059,20.8,1109.63,3992.21,0,0.6,32,0
907060,4.0,968.77,1136.94,1,9.0,38,0
907061,1.0,1710.51,2451.79,1,2.1,49,0
907062,19.0,765.19,2330.8,0,15.2,21,0
907063,40.9,804.89,7401.24,0,4.2,59,0
907064,99.6,592.11,8117.31,1,2.0,42,0
907065,27.6,1357.45,1089.04,0,5.6,62,0
907066,24.0,735.42,4037.43,0,0.3,21,0
907067,17.1,1315.44,7362.29,0,16.7,47,0
907068,35.1,936.1,3737.28,1,14.2,59,0
907069,48.3,1496.28,4808.39,0,1.0,21,0
907070,15.6,726.21,3096.13,1,7.2,71,0
907071,32.5,1467.68,3290.46,0,3.3,79,0
907072,58.5,1481.42,789.16,2,7.3,30,0
907073,27.4,1016.71,4173.31,0,7.7,29,0
907074,138.7,1472.68,2155.02,0,6.4,62,0
907075,68.2,423.2,2347.54,0,2.3,63,1
907076,51.0,2270.82,2084.05,1,2.7,49,0
907077,57.3,1086.44,1820.78,0,12.5,68,0
907078,31.4,1129.5,6585.03,0,0.8,64,0
907079,22.3,1427.72,3834.89,0,5.1,39,0
907080,20.0,1497.58,2335.53,1,7.0,34,0
907081,3.2,1376.38,4755.84,0,9.4,27,0
907082,22.5,664.15,5360.91,1,3.8,38,0
907083,18.3,974.98,796.1,1,3.4,25,0
907084,9.9,1697.62,9849.35,0,3.8,68,0
907085,8.5,882.66,6292.1,0,15.0,24,0
907086,35.9,2539.79,100.0,1,33.3,67,0
907087,9.8,565.85,4357.74,0,13.8,61,0
907088,45.7,1558.41,100.0,0,16.4,35,0
907089,45.9,1180.82,892.32,0,1.7,62,0
907090,21.1,1400.77,100.0,1,6.1,47,0
907091,113.0,997.39,2582.49,0,4.5,24,0
907092,2.6,1475.3,2403.85,0,3.8,34,0
907093,47.8,1415.27,100.0,2,1.1,41,0
907094,13.9,539.91,3400.11,0,2.6,30,0
907095,37.0,1833.84,2377.88,1,3.6,79,0
907096,68.3,816.73,6515.47,1,26.3,38,0
907097,10.5,1552.8,2287.5,1,13.9,20,0
907098,33.6,1287.19,100.0,0,15.3,79,0
907099,9.4,1518.25,4558.8,1,14.0,30,0
907100,40.5,947.86,3430.41,1,1.3,32,0
907101,36.2,1389.44,3954.57,0,3.9,68,0
907102,108.4,1642.41,4350.83,0,0.7,48,0
907103,117.9,988.61,2179.27,0,1.7,43,0
907104,6.0,1243.75,5686.63,0,8.2,54,0
907105,6.3,373.63,100.0,0,3.0,62,0
907106,168.0,1043.69,5813.41,2,0.2,40,0
907107,85.7,996.63,6706.47,0,21.2,74,0
907108,8.6,439.52,1492.42,1,12.6,55,0
907109,25.2,739.15,5395.48,1,14.4,76,0
907110,27.6,1680.24,6034.13,0,16.9,66,0
907111,1.8,1242.76,7815.8,0,16.0,18,0
907112,8.7,874.85,5936.12,1,13.7,49,0
907113,17.0,1317.97,100.0,0,3.9,38,0
907114,1.3,1050.57,6159.34,1,5.4,32,0
907115,22.4,1110.55,5094.81,1,5.0,53,0
907116,40.6,700.98,2868.27,2,2.5,50,0
907117,131.4,529.48,100.0,0,2.2,21,0
907118,8.0,1117.07,2675.02,0,45.5,53,0
907119,15.2,1313.15,10836.76,1,8.1,34,0
907120,4.4,1402.79,3207.34,1,12.9,59,0
907121,60.4,1039.65,6197.58,1,12.4,41,0
907122,39.5,1197.09,1216.62,0,7.0,55,0
907123,16.9,1288.44,1733.18,2,15.3,70,0
907124,198.8,1242.39,1084.01,0,6.7,29,0
907125,35.7,933.55,5386.77,0,1.6,59,1
907126,17.3,1523.51,5207.42,1,0.9,65,0
907127,59.1,742.28,3199.85,1,4.2,38,0
907128,11.6,1831.51,5736.69,2,5.7,34,0
907129,29.6,906.66,100.0,0,2.3,35,0
907130,1.0,669.27,1901.41,1,24.1,71,0
907131,17.6,581.94,1142.81,2,33.0,36,0
907132,108.2,1599.02,3929.03,1,5.0,53,0
907133,4.0,1695.69,100.0,0,5.0,56,0
907134,21.4,1061.25,2567.81,1,8.2,57,0
907135,11.2,1372.29,7614.0,1,7.7,24,0
907136,122.6,1106.35,6406.82,3,17.9,38,0
907137,15.0,1195.14,4897.66,0,9.4,35,0
907138,21.2,1110.33,4339.75,0,19.6,32,0
907139,2.1,1744.62,3397.12,0,1.3,78,0
907140,11.8,1048.27,3001.68,0,3.9,32,0
907141,2.8,768.77,6104.59,1,5.0,57,0
907142,49.1,1407.58,8776.59,2,1.5,55,0
907143,53.9,1689.33,100.0,1,4.9,21,0
907144,54.3,1175.03,3933.44,1,33.9,66,0
907145,11.6,1083.89,2662.88,1,8.5,20,0
907146,36.1,1258.56,100.0,0,0.8,28,0
907147,47.1,1062.94,5957.11,0,3.2,74,0
907148,73.7,798.44,2289.55,1,6.9,71,0
907149,79.3,1967.35,5269.37,0,37.5,66,0
907150,150.1,1367.6,9983.12,1,4.2,35,1
907151,31.9,1211.58,1498.82,0,6.6,37,0
907152,14.1,979.92,6665.06,0,0.9,42,0
907153,8.6,1640.48,5028.53,0,1.5,52,0
907154,7.5,486.6,4781.85,1,8.0,50,0
907155,49.5,942.5,3807.66,0,3.8,79,0
907156,5.9,981.71,6218.7,1,16.1,22,0
907157,1.9,1001.42,5834.92,2,41.5,38,0
907158,5.0,956.28,3358.96,0,12.9,28,0
907159,141.7,1363.6,3217.54,0,5.9,19,0
907160,29.0,1089.25,271.6,0,0.2,52,0
907161,47.6,580.08,4771.02,1,0.6,52,0
907162,5.4,1978.78,2771.56,1,1.9,20,0
907163,16.7,641.62,100.0,0,3.6,60,0
907164,8.4,751.52,3831.36,1,9.8,48,0
907165,15.4,1526.85,5408.04,0,12.0,65,0
907166,40.3,1166.98,3936.17,2,26.7,59,0
907167,15.7,1523.45,1598.64,0,15.5,21,0
907168,89.7,1136.12,1821.74,1,10.6,32,0
907169,26.5,1228.35,5451.35,0,9.7,42,0
907170,52.3,1059.51,3527.29,2,49.1,52,0
907171,22.1,1012.76,100.0,0,8.4,38,0
907172,35.8,1154.19,5144.29,1,36.1,66,0
907173,46.1,1649.46,1929.83,1,0.9,32,0
907174,2.7,545.24,1221.08,0,17.2,60,0
907175,91.3,1257.63,4309.55,1,7.1,64,0
907176,27.5,780.24,5128.51,0,13.7,25,1
907177,31.1,1030.14,5159.52,1,10.4,51,0
907178,94.3,1195.16,3584.53,0,26.8,71,0
907179,61.7,1709.64,2116.28,1,21.0,63,0
907180,24.9,2028.05,5271.91,0,6.3,35,0
907181,135.9,1554.51,828.65,1,6.7,63,0
907182,13.8,1864.07,2609.58,0,1.4,46,0
907183,28.0,1791.04,536.75,0,4.6,75,0
907184,48.8,2104.53,7561.87,1,1.5,40,0
907185,45.5,2012.51,7544.13,0,3.8,68,0
907186,3.3,377.9,1376.24,1,16.3,38,0
907187,38.9,1385.2,6735.42,1,3.7,19,0
907188,28.1,1551.07,2865.06,0,16.5,62,0
907189,22.3,1504.08,1446.98,1,5.9,25,0
907190,17.0,819.56,2776.04,0,1.9,21,0
907191,16.6,995.5,1160.14,0,0.6,78,0
907192,3.4,1486.85,2354.65,2,7.0,62,0
907193,126.5,1793.75,3531.13,1,2.7,79,0
907194,28.3,1097.96,255.75,1,8.9,54,0
907195,139.5,1541.91,7383.03,2,0.3,46,0
907196,35.9,1517.86,2147.17,2,26.6,64,0
907197,30.5,1213.65,4797.07,1,0.7,37,0
907198,77.0,1313.04,4069.96,0,6.5,50,0
907199,185.6,1523.78,3306.41,0,3.6,29,0
907200,29.4,1667.96,5819.89,1,0.3,31,0
907201,8.7,1224.21,1733.52,0,2.7,52,0
907202,20.4,1734.77,6720.19,0,7.3,73,0
907203,2.3,921.66,4251.79,0,15.4,79,0
907204,14.4,1681.13,9191.58,0,0.1,42,0
907205,135.0,1241.1,6753.41,1,0.1,27,0
907206,88.3,1331.51,3945.13,0,26.1,74,0
907207,3.8,1250.8,1143.59,1,6.6,24,0
907208,9.0,1022.52,100.0,1,38.0,49,0
907209,12.9,573.98,3974.86,1,11.5,60,0
907210,17.8,1001.39,1261.2,1,10.9,31,0
907211,12.0,1534.77,100.0,1,8.9,57,0
907212,1.0,1230.54,5958.13,1,6.8,71,0
907213,24.1,1339.4,2665.39,0,35.9,40,0
907214,89.0,1369.15,6095.13,0,27.6,74,0
907215,37.5,1156.05,2223.95,0,8.7,28,0
907216,32.3,1877.7,3237.12,2,5.1,70,0
907217,34.1,1184.91,2898.39,2,6.5,32,0
907218,17.3,918.56,6125.7,1,1.5,59,0
907219,2.9,307.95,2006.15,1,1.3,30,1
907220,32.0,1075.42,3421.18,2,1.6,43,0
907221,29.7,398.51,5395.06,0,3.6,44,0
907222,6.6,2302.89,4819.74,0,23.9,46,0
907223,10.7,708.97,2821.78,2,1.0,56,0
907224,44.9,898.74,4273.49,0,15.1,65,0
907225,21.8,1377.09,2931.45,0,0.2,20,0
907226,60.7,1304.96,3382.43,1,0.9,74,1
907227,20.7,1315.42,100.0,1,7.7,46,0
907228,60.7,1265.88,100.0,2,25.3,56,0
907229,44.6,1641.35,100.0,1,11.0,60,0
907230,49.2,1394.31,100.0,1,5.8,32,0
907231,128.4,1206.78,4418.86,0,0.1,62,0
907232,47.1,1792.84,7096.85,0,9.9,52,0
907233,10.5,811.23,2332.57,0,10.4,31,0
907234,8.9,1083.44,5149.08,1,11.0,75,0
907235,17.9,1026.84,4481.07,0,8.5,67,0
907236,11.2,1127.68,1905.67,2,0.3,21,0
907237,23.4,1457.67,3404.85,0,5.7,32,0
907238,84.7,853.07,2036.68,1,7.4,39,0
907239,1.0,1769.02,7399.52,1,2.8,48,1
907240,4.3,961.74,1735.87,0,4.4,45,0
907241,6.9,1514.46,2133.05,0,23.7,41,0
907242,14.3,1291.99,3828.16,0,5.2,24,0
907243,12.1,1393.28,4852.86,0,6.9,60,0
907244,26.0,957.69,2313.8,0,1.6,36,0
907245,12.7,1361.56,1343.55,1,2.6,76,0
907246,19.8,880.4,4385.63,0,0.4,77,0
907247,146.4,1531.01,5668.17,0,10.6,63,0
907248,6.5,1217.42,2382.44,1,5.7,18,0
907249,71.6,1489.56,8596.2,0,33.4,61,0
907250,46.4,857.4,3018.33,1,8.4,67,0
907251,23.7,1039.69,2524.35,1,18.3,59,0
907252,4.3,1434.46,2624.56,1,6.3,21,0
907253,118.4,981.52,100.0,1,5.9,78,0
907254,7.5,943.66,3564.11,0,2.7,27,0
907255,74.0,803.37,2053.15,0,23.1,72,0
907256,45.4,1558.16,5199.34,0,9.0,39,0
907257,1.0,1279.1,3526.92,2,6.1,36,0
907258,45.0,1421.0,1576.05,0,1.0,22,0
907259,16.8,1732.08,3839.33,1,10.0,47,0
907260,69.4,1481.09,4144.34,1,8.9,69,0
907261,10.6,1588.04,5262.04,0,5.7,70,0
907262,10.6,1152.54,3389.27,0,0.7,18,0
907263,16.4,665.1,404.66,0,7.4,31,0
907264,39.5,1760.9,4086.04,0,13.5,68,0
907265,10.2,1782.35,4138.66,2,4.7,67,0
907266,34.6,921.96,4579.72,0,3.5,65,0
907267,40.3,612.54,3040.11,1,1.7,33,0
907268,4.4,1489.28,2639.52,0,3.4,61,0
907269,18.0,1105.11,6788.83,2,0.2,79,0
907270,7.5,804.21,3683.18,0,13.9,46,0
907271,15.3,1279.38,7812.37,0,2.3,38,0
907272,6.0,906.86,4672.66,0,2.5,30,1
907273,25.5,508.26,3838.75,0,0.6,67,0
907274,106.3,1151.21,5657.91,0,1.4,43,0
907275,8.8,1050.49,6289.66,0,2.5,18,0
907276,41.0,1237.01,5458.71,0,6.9,22,1
907277,17.7,1190.84,1200.27,0,7.6,51,0
907278,17.8,1576.8,2414.61,0,11.2,20,0
907279,94.7,537.46,1682.47,0,23.9,63,0
907280,53.0,1697.44,5707.16,1,2.6,22,0
907281,51.1,1861.32,2107.96,1,0.7,39,0
907282,21.9,743.34,5016.56,1,6.9,53,0
907283,33.6,1525.14,5138.96,0,13.3,43,0
907284,7.7,1034.71,4537.79,1,22.8,71,0
907285,44.5,1245.94,4612.22,1,21.2,37,0
907286,62.2,758.55,439.27,0,11.2,44,0
907287,57.7,1358.03,211.38,0,8.2,19,0
907288,74.0,810.92,8699.45,0,14.3,49,1
907289,122.7,917.92,2704.3,1,0.7,78,0
907290,25.5,751.79,399.83,2,8.6,33,0
907291,78.4,1245.15,4837.22,2,25.3,46,0
907292,22.4,841.94,8019.25,0,4.8,23,0
907293,46.5,2014.71,2988.18,0,1.9,32,0
907294,14.4,1184.25,1909.37,0,5.6,77,0
907295,15.8,1064.51,869.83,0,3.4,79,0
907296,34.5,1157.68,3657.55,1,2.5,64,0
907297,93.1,474.52,4139.65,0,10.5,42,0
907298,55.3,351.54,100.0,0,0.6,60,0
907299,4.8,1518.97,2758.18,1,7.7,60,0
907300,49.4,1150.44,3129.16,1,7.2,50,0
907301,70.4,575.36,4782.23,1,1.5,43,0
907302,66.9,1853.65,1312.77,0,10.0,72,0
907303,26.9,704.43,1327.04,1,5.3,68,0
907304,52.4,1060.4,5133.31,2,3.8,70,0
907305,20.7,755.14,4095.76,0,7.1,78,0
907306,5.9,789.23,3743.65,0,2.2,54,1
907307,13.3,823.61,6588.38,0,21.3,66,0
907308,6.2,400.11,4662.85,1,13.4,59,0
907309,118.9,451.13,3198.66,2,15.1,38,0
907310,32.7,790.9,3765.74,1,9.0,21,0
907311,88.1,567.77,2188.02,1,13.9,37,0
907312,42.9,1414.64,6620.57,2,0.6,31,0
907313,48.6,1303.82,4453.18,0,17.1,51,0
907314,25.9,1572.73,452.11,1,18.7,36,0
907315,16.4,726.75,3570.93,0,19.4,70,0
907316,5.9,725.41,6890.08,0,6.1,34,0
907317,74.9,834.27,9104.89,1,1.2,28,1
907318,42.4,1132.0,100.0,1,0.2,40,0
907319,89.9,1182.19,4622.58,0,2.6,72,0
907320,7.1,1548.75,1988.98,0,14.1,40,0
907321,98.4,1366.29,5444.06,3,14.5,48,0
907322,72.1,1083.93,4153.6,0,24.5,34,0
907323,13.3,1057.07,100.0,1,18.4,65,0
907324,4.9,1384.21,3767.07,1,8.3,59,0
907325,80.9,857.08,100.0,0,2.5,35,0
907326,33.3,1486.16,100.0,0,15.2,78,0
907327,7.9,1475.49,1742.57,0,7.4,44,0
907328,57.1,1329.64,5471.25,1,12.2,34,0
907329,79.3,1156.65,7323.5,0,2.2,44,0
907330,4.0,953.46,10044.61,1,4.4,74,1
907331,1.0,1199.07,5583.27,0,8.6,71,0
907332,26.8,1212.59,1633.36,0,2.1,68,0
907333,126.4,1741.68,3232.34,0,2.9,45,0
907334,38.0,1449.12,460.89,0,3.4,19,0
907335,1.0,746.58,4363.42,1,0.6,32,1
907336,1.0,1549.96,100.0,1,3.6,76,0
907337,18.1,816.07,5619.26,1,18.1,64,0
907338,16.5,1335.45,4223.24,0,9.1,41,0
907339,39.0,1208.84,100.0,0,5.0,22,0
907340,26.4,990.11,4670.65,0,11.5,51,0
907341,17.9,1334.86,5072.05,2,1.5,70,0
907342,15.1,990.0,100.0,1,0.1,42,0
907343,30.1,300.0,7416.56,0,9.5,47,1
907344,46.9,975.01,2063.6,0,23.7,47,0
907345,24.7,896.82,3107.59,1,8.5,63,0
907346,6.7,1327.02,3870.2,0,14.0,48,0
907347,6.6,1568.42,6331.73,1,1.3,79,0
907348,32.9,1225.92,2891.9,0,3.9,78,0
907349,2.9,1324.15,3749.29,2,3.9,60,0
907350,20.6,515.36,100.0,0,10.8,59,0
907351,57.7,2184.0,100.0,0,3.7,47,0
907352,13.5,980.87,4852.57,0,27.8,37,0
907353,15.2,1635.18,6888.1,0,16.9,21,1
907354,6.6,2449.32,3319.67,1,11.6,65,0
907355,95.8,1194.95,3450.23,0,7.2,74,0
907356,2.5,1483.49,2551.67,0,2.1,18,0
907357,56.0,468.52,4930.14,4,2.3,71,1
907358,122.7,813.44,5905.8,0,4.8,57,0
907359,23.0,1285.48,272.05,1,15.3,65,0
907360,10.7,1198.43,3817.45,1,19.3,36,0
907361,93.6,1326.72,1577.38,1,14.3,33,0
907362,21.3,2200.09,3564.35,2,8.4,56,0
907363,65.2,1432.88,6453.45,0,39.3,75,0
907364,9.9,359.59,4777.43,1,2.1,18,1
907365,5.8,1235.6,916.72,0,8.4,76,0
907366,15.7,1471.53,7286.09,0,1.5,79,0
907367,11.4,1166.52,5236.3,0,2.2,63,0
907368,12.8,1481.12,5754.76,0,4.6,72,0
907369,133.0,738.79,2908.15,0,13.8,65,0
907370,1.0,574.07,1857.75,0,5.0,23,0
907371,1.0,994.9,414.4,1,22.1,63,0
907372,4.0,503.84,5731.74,1,9.6,22,0
907373,8.1,1167.42,163.54,0,8.6,47,0
907374,10.0,1397.82,3023.63,0,0.8,40,0
907375,4.3,1355.88,5680.26,0,10.2,72,0
907376,16.3,1856.84,607.85,0,2.8,47,0
907377,22.4,1797.73,6761.8,1,1.5,41,0
907378,74.6,1613.58,5034.76,3,1.7,46,0
907379,2.6,1175.05,4958.54,0,9.4,66,0
907380,67.7,1280.65,7783.04,1,37.6,74,0
907381,11.6,2004.73,4861.42,0,2.7,69,0
907382,60.5,1386.19,1235.61,1,1.3,75,0
907383,66.3,1003.67,6479.31,0,25.3,49,0
907384,29.7,1271.98,4134.81,1,10.7,67,0
907385,122.3,940.78,100.0,0,9.9,45,0
907386,73.6,881.41,5120.81,3,1.4,43,0
907387,19.1,1555.96,807.44,0,2.0,21,0
907388,45.7,684.77,2807.14,1,3.2,53,0
907389,74.2,1211.8,3904.06,1,0.1,33,0
907390,1.3,1222.9,983.6,0,1.7,52,0
907391,24.2,1322.39,4330.31,1,17.8,41,0
907392,36.3,1393.56,4148.34,0,17.3,71,0
907393,1.0,1340.12,3477.41,1,0.1,42,0
907394,47.6,794.77,1252.81,0,8.6,33,0
907395,86.0,825.86,2575.85,0,17.7,25,0
907396,4.0,1045.65,4609.31,1,19.5,37,0
907397,5.1,1023.22,3524.3,1,1.8,55,0
907398,4.2,1362.24,4853.43,1,2.5,45,0
907399,13.7,1972.65,2261.08,1,9.9,21,0
907400,27.2,1037.84,100.0,1,8.8,54,0
907401,43.5,1665.69,3565.97,0,11.0,25,0
907402,44.6,1252.37,7278.43,2,7.1,59,0
907403,8.3,1155.2,4407.04,0,2.2,25,0
907404,21.1,1019.98,5825.2,0,10.5,25,0
907405,3.0,1063.55,1660.57,0,11.4,61,0
907406,5.6,1455.67,2265.38,0,5.4,38,0
907407,3.2,1396.72,100.0,0,6.4,58,0
907408,2.4,859.17,2806.18,0,13.5,67,0
907409,23.2,1146.46,3880.77,0,3.6,27,0
907410,24.3,1242.59,7131.15,0,19.2,33,0
907411,181.6,553.49,4064.7,1,5.1,29,0
907412,136.0,1237.99,2813.5,0,4.3,45,0
907413,27.3,1658.04,4628.92,1,17.9,21,0
907414,80.2,1482.25,100.0,1,19.8,60,0
907415,65.1,1003.4,370.07,0,7.5,23,0
907416,133.9,580.34,9585.72,0,0.5,64,1
907417,1.2,865.59,1828.95,1,2.0,61,0
907418,21.8,1939.9,5182.88,0,23.7,58,0
907419,41.6,1118.82,100.0,0,1.8,40,0
907420,147.3,1220.8,3299.3,0,3.7,69,0
907421,38.6,1608.32,2425.91,0,7.4,47,0
907422,52.5,853.53,5765.94,0,40.0,18,0
907423,9.3,885.93,3408.85,1,1.5,42,0
907424,8.5,1544.35,126.39,0,1.4,59,0
907425,21.5,1896.91,8357.69,0,9.7,45,0
907426,57.1,718.76,3562.31,1,6.0,52,0
907427,64.5,1382.51,5419.38,1,3.9,56,0
907428,13.0,1267.19,3899.6,0,10.0,50,0
907429,75.1,1360.17,2919.76,3,17.9,69,0
907430,1.0,1148.43,5884.17,0,3.4,70,1
907431,1.1,1684.34,3746.48,2,9.7,37,0
907432,2.3,1181.71,3927.41,0,2.2,52,0
907433,11.2,1025.03,3994.25,1,1.7,23,0
907434,6.7,1217.12,4738.22,0,7.5,40,0
907435,72.0,1286.87,4707.04,1,4.6,49,0
907436,68.1,660.29,4169.9,0,1.8,68,1
907437,88.7,1233.5,2682.78,1,1.3,36,0
907438,144.6,300.0,8273.37,0,11.2,77,1
907439,83.9,1153.01,2082.75,1,0.1,48,0
907440,69.3,1837.01,4259.75,0,2.2,28,0
907441,37.7,1371.74,1357.79,0,0.4,70,0
907442,27.2,954.41,1584.61,0,16.4,56,0
907443,13.0,1589.47,6565.88,2,8.2,74,1
907444,189.2,666.38,6209.85,0,7.2,78,0
907445,36.0,2234.0,4395.52,0,2.1,24,0
907446,2.9,1232.79,4569.6,1,47.5,34,0
907447,10.1,1652.93,100.0,1,23.3,45,0
907448,9.4,1273.98,3344.97,1,0.6,49,0
907449,14.9,980.67,3100.42,0,2.5,53,0
907450,16.5,815.04,2657.83,1,14.1,44,0
907451,3.8,1757.56,3016.56,0,1.2,27,0
907452,59.1,1022.17,2174.43,0,15.4,19,0
907453,102.5,1733.82,311.77,0,17.2,73,1
907454,77.9,631.32,7652.62,2,6.2,50,0
907455,54.1,511.84,6838.34,0,3.9,40,1
907456,102.1,954.25,4895.7,0,6.0,24,0
907457,33.0,1053.56,1932.47,0,33.7,35,0
907458,26.7,704.84,4653.37,0,22.1,44,1
907459,11.7,2369.98,648.61,0,3.6,20,0
907460,1.7,1289.7,3510.52,1,20.5,40,0
907461,107.5,2000.15,1796.38,1,0.8,72,0
907462,5.0,1084.81,2419.95,0,6.0,77,0
907463,55.5,962.68,4507.07,0,1.7,19,0
907464,41.3,1269.28,801.03,0,49.2,21,0
907465,7.5,993.57,100.0,0,12.7,37,0
907466,66.2,1217.48,5421.34,0,3.1,39,0
907467,20.8,866.3,9765.95,0,16.8,67,0
907468,87.2,2006.36,1349.6,2,5.7,58,0
907469,3.8,1752.77,2310.62,0,19.1,57,0
907470,17.1,2052.33,4229.78,0,7.3,20,0
907471,33.3,1598.71,5775.32,0,25.3,51,0
907472,6.4,1513.91,2445.87,0,11.2,59,0
907473,91.6,980.14,5421.93,0,2.6,50,0
907474,22.8,966.13,3844.33,1,9.8,76,0
907475,223.3,1552.23,2976.25,1,24.3,71,0
907476,14.1,627.13,2123.14,1,24.7,79,0
907477,16.2,712.63,1228.28,1,8.3,23,0
907478,6.9,1307.75,4604.47,1,26.4,33,0
907479,61.8,1504.77,100.0,1,2.2,28,0
907480,19.0,754.43,1931.42,0,0.8,73,0
907481,46.5,1608.99,4529.58,0,9.2,55,0
907482,139.5,1317.03,5040.48,1,13.2,52,0
907483,10.7,1030.68,100.0,2,1.6,40,0
907484,19.5,883.33,5413.01,0,1.5,64,0
907485,59.9,487.21,5191.86,0,12.3,19,0
907486,15.6,1662.67,100.0,0,0.4,74,0
907487,1.6,883.76,6909.44,1,5.9,72,0
907488,10.4,739.01,100.0,0,5.6,33,0
907489,8.4,704.71,7732.21,0,35.5,19,0
907490,94.0,667.88,100.0,0,14.1,52,0
907491,47.2,1359.92,3304.2,1,5.9,48,0
907492,45.0,1128.12,4299.39,2,0.4,74,0
907493,63.8,497.93,1472.59,1,10.4,36,0
907494,19.8,1535.4,1616.84,1,2.3,57,0
907495,2.8,843.13,1817.34,0,0.8,61,0
907496,25.6,730.73,2148.55,1,9.2,27,0
907497,16.8,1277.64,1405.88,2,0.6,76,0
907498,62.6,1161.53,4825.51,0,2.2,72,0
907499,3.9,717.94,5649.22,0,46.6,45,0
907500,8.3,1154.51,5602.53,1,3.2,19,0
907501,43.0,1300.28,7562.52,0,3.9,58,0
907502,47.0,990.56,8262.51,0,9.7,51,0
907503,166.1,1759.77,825.63,0,19.3,60,0
907504,124.9,978.61,2274.24,0,12.8,23,0
907505,1.0,1710.02,5679.25,1,9.8,19,0
907506,45.8,1385.24,9857.92,1,22.2,49,0
907507,14.6,852.62,1779.61,1,10.7,46,0
907508,13.4,1189.41,3572.43,0,4.2,32,0
907509,18.1,1530.14,100.0,0,6.7,70,0
907510,3.6,2174.79,4018.83,1,0.7,68,0
907511,89.4,1293.62,100.0,1,7.2,47,0
907512,44.4,2053.7,3956.51,0,4.7,34,0
907513,188.1,999.37,2792.1,1,3.4,52,0
907514,46.7,1290.16,2978.58,0,16.6,76,0
907515,40.4,1816.96,1295.67,0,43.7,24,0
907516,33.9,1569.64,100.0,0,27.5,19,0
907517,5.8,1544.43,6369.33,0,1.6,72,1
907518,47.6,1162.52,4749.21,1,1.5,41,0
907519,7.0,963.71,1015.66,1,0.9,27,0
907520,7.3,1527.36,4139.52,1,2.3,45,0
907521,106.8,804.58,100.0,0,22.2,47,0
907522,31.3,1740.01,100.0,0,18.0,35,0
907523,37.8,1418.7,4087.15,1,15.4,72,0
907524,12.9,1116.15,1576.23,1,1.0,75,0
907525,37.4,1785.2,1012.65,0,7.7,21,0
907526,154.9,978.62,100.0,1,12.0,26,0
907527,6.1,972.3,955.4,0,6.6,24,0
907528,5.2,1768.39,2194.23,0,9.6,32,0
907529,119.9,351.39,4837.39,0,2.2,49,0
907530,5.8,1390.62,100.0,0,5.0,31,0
907531,93.3,1719.81,6881.17,0,3.8,75,0
907532,34.9,1107.19,5846.11,2,9.2,67,0
907533,62.4,704.91,4298.36,0,12.1,59,0
907534,23.2,1513.25,1870.14,0,0.6,18,0
907535,34.5,601.48,1979.95,0,3.9,67,0
907536,18.9,940.16,1162.14,0,9.1,22,0
907537,41.3,1184.57,1141.86,2,5.9,75,0
907538,1.0,1203.93,4379.21,2,34.1,40,0
907539,68.9,616.77,726.75,0,20.0,55,0
907540,146.0,1249.38,4484.53,1,17.9,66,0
907541,18.2,1401.08,100.0,0,11.2,54,0
907542,89.3,1478.98,5093.77,0,1.9,54,0
907543,42.7,1662.68,100.0,0,8.7,29,0
907544,1.3,989.88,6583.79,0,6.9,30,0
907545,137.1,1754.43,100.0,0,3.9,35,0
907546,77.3,429.77,5261.22,0,21.1,76,0
907547,29.0,1918.17,4150.69,0,18.3,31,0
907548,81.7,1108.27,1556.4,0,2.9,32,0
907549,240.0,1487.01,2723.92,1,0.5,72,0
907550,14.8,495.5,5341.47,0,6.4,65,1
907551,9.8,420.6,4925.95,1,25.9,22,1
907552,54.0,1147.75,401.85,1,9.9,75,0
907553,49.3,885.84,100.0,0,3.4,18,0
907554,2.9,1094.11,3810.35,2,7.3,27,0
907555,18.2,1411.69,100.0,1,2.9,60,0
907556,13.1,1855.38,5033.09,2,24.1,75,0
907557,162.3,419.9,2958.01,0,3.7,71,0
907558,12.1,1237.18,5780.2,2,2.6,23,0
907559,27.1,596.56,3586.1,0,38.5,79,0
907560,4.4,1109.55,127.02,0,3.3,60,0
907561,46.8,1813.18,154.36,0,4.8,49,0
907562,7.9,663.51,4239.86,0,12.7,56,0
907563,44.3,338.12,4553.7,0,0.2,63,1
907564,11.1,1137.02,6628.02,0,25.0,76,0
907565,108.1,668.35,2230.41,2,4.6,31,0
907566,5.6,1542.26,5267.94,0,12.5,35,0
907567,14.3,651.57,4809.04,1,4.3,71,0
907568,61.3,1032.8,705.92,0,6.8,26,0
907569,136.0,1025.18,5996.76,2,3.6,34,1
907570,17.7,837.39,8283.0,0,9.2,41,0
907571,30.8,1056.7,6212.75,0,2.6,32,0
907572,74.2,528.36,1503.88,0,4.4,29,0
907573,35.0,1486.4,2603.73,1,0.3,39,0
907574,62.5,1159.0,6534.1,0,4.8,40,0
907575,13.3,1312.15,4660.84,1,7.2,27,0
907576,73.6,912.56,4216.89,0,6.4,65,0
907577,23.5,1121.32,4245.63,0,25.4,18,0
907578,14.1,1577.85,2018.4,2,15.0,78,0
907579,7.1,1601.62,100.0,2,30.6,27,0
907580,14.5,1073.99,10110.48,1,0.8,23,1
907581,33.4,1308.23,3932.28,1,0.1,47,0
907582,43.1,1660.12,3794.74,1,19.8,61,0
907583,124.4,925.75,909.32,0,0.9,36,0
907584,76.1,1217.06,5855.46,1,0.5,24,0
907585,2.1,489.95,6178.79,2,2.3,73,1
907586,6.6,764.56,1153.65,1,15.0,70,0
907587,2.7,1861.9,100.0,0,22.5,58,0
907588,24.2,783.74,7836.4,1,12.5,79,1
907589,69.4,1251.76,4371.91,0,4.0,73,0
907590,5.4,517.85,100.0,1,0.6,63,0
907591,8.5,1231.27,3436.06,2,10.4,67,0
907592,96.3,1883.06,5756.18,0,5.0,54,0
907593,123.7,1966.45,7220.32,0,19.4,63,0
907594,6.5,1112.77,4648.04,2,5.1,26,0
907595,20.1,1456.78,1944.83,0,1.4,61,0
907596,57.8,1586.9,3050.5,0,1.1,19,0
907597,118.1,843.47,3597.57,0,5.4,73,0
907598,23.0,1638.8,7345.82,2,10.2,66,0
907599,11.3,1020.16,5909.64,0,2.0,39,0
907600,60.5,1935.07,2276.91,0,1.4,77,0
907601,47.7,1318.76,6307.3,0,3.0,24,0
907602,227.7,1340.3,2741.93,1,1.6,31,0
907603,42.3,602.81,4948.54,0,12.4,30,0
907604,45.6,771.32,2643.36,0,1.7,19,0
907605,22.6,1543.06,1486.76,2,3.4,52,0
907606,54.2,1029.78,6906.26,1,18.5,62,0
907607,57.4,945.15,4166.91,0,0.9,75,0
907608,27.7,1462.59,4799.74,1,31.8,32,0
907609,81.2,1248.76,2529.98,1,10.4,19,0
907610,56.6,1698.98,5045.14,0,23.6,28,0
907611,23.7,1285.49,2226.51,1,17.1,33,0
907612,87.7,1452.46,2189.01,0,2.4,26,0
907613,22.2,300.0,2437.51,2,3.7,31,0
907614,125.7,768.61,2851.12,1,2.2,33,0
907615,4.9,1508.91,3201.66,1,7.6,32,0
907616,35.4,1246.35,3047.81,1,3.3,40,0
907617,17.2,1851.64,7729.85,2,17.5,22,0
907618,67.2,694.41,10950.14,1,4.5,50,1
907619,25.2,863.59,100.0,1,11.2,26,0
907620,34.3,1267.18,4005.23,1,18.5,73,0
907621,5.5,582.07,1016.59,0,3.6,79,0
907622,64.3,1744.29,2357.66,0,7.7,20,0
907623,75.2,1082.23,8017.0,0,4.6,78,0
907624,115.0,824.31,2430.94,1,2.8,68,0
907625,104.2,1009.08,4654.99,0,7.7,31,0
907626,37.8,1885.41,1596.03,3,12.4,77,0
907627,22.8,1553.77,100.0,1,10.8,76,0
907628,45.6,1022.25,5251.08,1,4.5,56,0
907629,32.0,836.87,3565.3,0,23.3,38,1
907630,46.4,1401.99,6606.84,0,2.2,51,0
907631,2.2,1189.96,5737.47,2,15.5,22,0
907632,34.4,1652.59,6274.4,1,3.3,26,0
907633,78.7,911.35,5305.89,1,3.8,49,0
907634,31.9,1577.87,100.0,1,3.0,47,0
907635,33.3,1488.93,1465.93,0,8.1,33,0
907636,31.6,1347.66,7231.0,1,19.7,34,0
907637,32.4,1513.97,1602.5,0,1.4,62,0
907638,7.3,1375.73,322.6,0,0.9,64,0
907639,7.9,600.37,2247.28,0,19.7,52,0
907640,3.7,1223.17,6360.02,1,17.0,39,0
907641,8.9,584.56,4010.01,0,8.8,37,0
907642,62.9,1409.13,100.0,1,16.3,55,0
907643,4.4,1164.47,3920.22,2,8.5,54,0
907644,1.0,579.2,2099.09,0,3.7,42,0
907645,11.7,1116.75,5716.45,1,0.5,42,0
907646,12.0,961.8,125.59,0,7.1,27,0
907647,60.1,1947.98,3829.0,2,13.8,63,0
907648,13.4,991.5,2189.48,0,16.7,43,0
907649,2.4,1448.66,4315.96,0,4.8,41,0
907650,72.3,1570.47,6070.6,0,19.7,56,0
907651,6.5,813.2,100.0,0,3.4,22,0
907652,36.1,940.37,1405.44,2,6.5,27,0
907653,1.6,1185.58,3690.01,1,10.6,70,0
907654,84.8,742.39,7861.11,1,20.4,40,0
907655,72.6,1030.01,4596.96,2,1.7,42,0
907656,11.4,1454.13,4091.09,0,5.2,43,0
907657,38.6,1795.25,926.97,0,6.0,42,0
907658,3.3,812.96,100.0,2,7.1,25,0
907659,23.2,1339.02,100.0,0,18.3,40,0
907660,60.8,2066.63,468.8,4,2.9,71,0
907661,5.0,1872.2,5100.28,1,3.9,24,0
907662,8.8,529.01,5290.04,0,10.7,23,1
907663,70.1,1060.76,4083.07,0,0.3,31,0
907664,28.5,300.0,6286.48,1,3.6,62,1
907665,50.9,518.6,2253.72,0,14.2,53,0
907666,50.3,1352.08,3387.95,1,6.7,65,0
907667,2.9,1092.15,1843.83,0,20.5,50,0
907668,122.9,1326.54,3988.32,0,1.4,67,0
907669,4.4,892.65,4841.12,0,11.5,40,0
907670,4.1,742.64,7330.88,2,12.9,67,0
907671,17.6,1119.6,3283.16,0,10.2,31,0
907672,104.8,1402.21,3800.99,0,1.5,42,0
907673,113.4,1144.66,6867.89,1,10.7,42,0
907674,9.0,1292.63,134.25,0,4.6,72,0
907675,32.1,1659.28,1979.57,2,27.9,77,0
907676,17.7,1888.37,4951.95,1,5.4,40,1
907677,3.7,1516.41,4005.54,0,11.8,42,0
907678,240.0,1105.84,7751.01,2,0.0,66,1
907679,73.9,967.07,463.45,1,2.3,76,0
907680,28.6,616.98,2230.54,0,18.3,23,0
907681,12.4,1549.53,2695.49,0,11.7,31,0
907682,7.8,1313.54,1386.3,1,0.4,51,0
907683,2.8,1601.89,4128.09,2,9.2,55,0
907684,48.0,1606.35,1157.08,1,12.2,51,0
907685,86.8,1709.7,3257.76,1,2.5,76,0
907686,66.7,1206.31,5250.36,1,1.3,33,0
907687,86.9,1542.01,4005.62,1,19.6,57,0
907688,1.0,515.14,2893.86,0,4.6,55,0
907689,44.7,970.4,6622.4,2,0.8,48,0
907690,18.2,2076.61,1653.77,0,14.3,44,0
907691,4.8,1063.82,1205.0,2,1.8,66,0
907692,40.3,1919.82,5054.6,1,7.4,67,0
907693,61.8,1552.38,4126.75,2,16.1,77,0
907694,7.9,1156.27,7431.04,0,7.8,35,0
907695,30.9,1616.2,6150.63,1,3.9,64,0
907696,51.7,1768.3,8626.09,2,2.0,63,0
907697,70.3,1468.81,1865.4,0,10.1,31,0
907698,97.7,2126.05,2903.56,0,6.1,25,0
907699,36.8,1570.03,3145.19,0,14.2,63,0
907700,111.6,1253.41,5524.79,0,0.4,44,0
907701,19.5,707.41,7100.43,0,2.9,60,0
907702,46.7,743.62,5148.4,0,21.5,18,0
907703,76.2,901.17,6047.01,1,27.8,30,1
907704,3.7,708.95,5247.6,1,11.8,52,0
907705,66.0,711.47,3615.01,0,10.1,39,0
907706,86.0,1110.33,2245.76,1,2.1,40,0
907707,26.1,1128.9,4590.79,0,6.9,72,0
907708,1.4,1438.57,4358.6,0,3.9,22,0
907709,59.6,1266.78,100.0,2,2.1,25,0
907710,15.6,1194.61,1767.11,1,9.2,51,0
907711,24.7,880.56,100.0,0,12.8,32,0
907712,14.9,2200.65,4706.77,0,22.4,29,0
907713,59.4,1301.39,3865.82,0,11.2,20,0
907714,83.7,919.65,3250.42,1,15.3,20,0
907715,1.0,1141.9,6027.15,3,27.0,24,0
907716,28.9,1135.98,4207.28,0,0.0,75,0
907717,12.6,1419.38,5199.73,0,8.1,62,0
907718,119.6,1149.39,3865.16,1,29.9,75,0
907719,106.3,1262.77,4877.9,1,3.7,28,0
907720,39.3,1308.03,2171.5,1,4.8,47,0
907721,17.1,1009.36,2339.66,0,1.0,66,0
907722,9.4,1453.25,6665.71,0,2.8,40,0
907723,45.3,1210.98,5438.5,0,3.0,73,0
907724,12.1,1130.98,8353.06,1,17.3,24,0
907725,2.8,756.51,5644.53,0,0.7,37,1
907726,58.5,1290.44,3885.55,1,4.5,74,0
907727,30.0,1214.56,3913.47,1,26.5,74,1
907728,26.8,1278.85,1956.28,0,15.9,23,0
907729,2.4,731.03,8118.2,0,2.4,52,1
907730,29.0,779.46,3714.99,2,6.7,43,0
907731,20.2,2387.8,791.05,0,8.9,45,0
907732,2.3,1173.38,2654.19,0,13.9,62,0
907733,132.0,1089.13,1446.14,1,22.3,39,0
907734,17.1,1133.19,100.0,0,27.0,50,0
907735,70.1,775.65,173.32,0,0.8,41,0
907736,129.4,577.69,100.0,0,3.7,78,0
907737,3.0,833.09,3687.27,2,42.1,69,0
907738,49.1,987.98,100.0,3,7.7,70,0
907739,106.5,1584.18,100.0,0,18.0,29,0
907740,14.7,428.22,3468.55,0,8.2,63,0
907741,27.1,1556.67,6740.45,0,14.8,40,0
907742,5.7,798.95,537.1,0,1.1,19,0
907743,30.9,955.91,2728.43,0,10.8,76,0
907744,10.7,1645.83,702.19,0,0.9,57,0
907745,81.3,1335.59,4620.08,0,5.0,22,0
907746,144.1,1065.16,7684.49,0,3.4,58,0
907747,58.4,1637.49,1513.54,0,3.8,71,0
907748,7.3,1197.1,817.25,1,18.5,42,0
907749,4.7,1294.25,100.0,0,1.2,35,0
907750,9.4,1131.0,3892.05,1,6.2,63,0
907751,2.1,1657.31,100.0,1,5.7,66,0
907752,77.1,1558.14,4256.29,0,32.8,31,0
907753,4.1,1124.26,4276.72,1,34.1,34,0
907754,8.3,971.62,5170.76,1,10.5,74,0
907755,16.3,799.03,7472.97,1,3.6,27,0
907756,5.8,894.76,2667.37,0,5.8,42,0
907757,30.5,1209.61,7522.16,0,34.5,55,0
907758,2.6,966.91,7024.97,1,7.9,50,0
907759,3.2,1636.37,4945.28,0,2.6,37,1
907760,65.8,1230.52,6797.23,1,4.3,57,0
907761,13.6,581.06,4994.0,1,26.5,30,0
907762,90.4,1642.15,1252.81,0,33.6,70,0
907763,123.6,843.36,3117.15,0,2.5,22,0
907764,17.4,1143.82,5297.13,0,8.2,36,0
907765,70.3,1217.79,6644.75,0,2.3,62,0
907766,99.8,1508.53,6623.91,0,16.7,63,0
907767,44.3,1452.46,3523.59,1,10.6,24,0
907768,12.1,1344.84,100.0,0,6.4,40,0
907769,34.9,731.04,4019.04,1,3.0,56,0
907770,8.7,639.64,7922.21,0,4.6,38,1
907771,51.2,1704.41,4390.47,0,1.0,70,0
907772,48.0,2025.24,1483.49,1,3.3,78,0
907773,8.3,1395.27,2032.14,1,4.3,77,0
907774,55.7,1927.34,100.0,1,1.2,42,0
907775,9.1,1729.7,6318.35,1,8.7,29,0
907776,18.5,689.88,4471.98,0,3.1,76,0
907777,27.1,426.05,281.15,1,21.2,56,0
907778,1.0,1562.19,100.0,0,13.6,32,0
907779,12.0,1154.27,2868.58,1,4.5,67,0
907780,42.1,1263.68,100.0,0,10.1,54,0
907781,15.4,1267.97,5351.05,1,5.9,28,0
907782,89.6,582.73,2521.1,0,0.6,67,0
907783,90.1,1667.37,6228.24,1,30.2,56,0
907784,26.3,756.94,3003.9,1,9.6,43,0
907785,23.7,1649.91,2843.58,0,7.3,24,0
907786,9.1,976.83,4395.37,0,0.0,34,0
907787,38.1,825.56,3609.88,1,6.8,63,0
907788,43.1,2046.99,2712.29,1,11.9,41,0
907789,1.0,1238.35,5540.51,1,9.6,77,0
907790,11.5,1327.69,558.13,1,10.1,74,0
907791,163.0,1613.89,9100.44,0,13.7,64,0
907792,33.2,1009.57,1388.93,0,3.1,56,0
907793,77.8,1132.12,6166.45,0,3.4,19,0
907794,45.1,2297.79,817.11,1,5.5,41,0
907795,3.9,1411.11,4673.47,0,37.0,54,0
907796,14.4,1530.26,5401.56,0,29.7,26,0
907797,6.5,1114.0,5410.34,0,0.2,65,0
907798,3.3,1489.07,3504.09,0,26.9,48,0
907799,39.2,2060.22,2768.93,0,1.1,54,0
907800,32.1,1389.41,508.36,0,19.4,30,0
907801,65.2,1020.35,2105.15,1,1.7,44,0
907802,1.9,1519.42,100.0,0,21.1,58,0
907803,6.0,1091.09,4605.5,0,8.2,67,0
907804,63.9,1132.6,1054.95,0,17.6,37,0
907805,29.7,1152.35,1356.11,0,5.6,69,0
907806,10.2,1289.25,4045.35,1,1.9,66,0
907807,33.1,1067.23,2990.92,1,12.9,69,1
907808,21.6,983.82,2175.77,2,24.6,18,0
907809,15.3,790.31,3007.79,0,18.9,36,0
907810,105.4,1459.55,8459.95,0,31.8,20,0
907811,7.5,1409.44,4146.79,1,3.3,62,0
907812,15.7,701.83,964.63,0,8.1,44,0
907813,29.4,1364.71,3691.09,1,18.6,38,0
907814,6.9,1585.65,6239.56,1,18.7,35,0
907815,7.6,1312.13,3084.08,2,25.0,55,0
907816,83.3,523.46,4329.53,0,5.9,79,0
907817,37.5,826.43,5147.47,0,2.8,79,0
907818,102.6,1156.48,3499.31,0,5.7,20,0
907819,9.0,1244.57,5987.69,0,23.6,62,0
907820,7.4,334.93,6446.1,1,13.0,49,1
907821,26.4,1587.83,1949.24,1,4.2,60,0
907822,21.1,1576.15,7290.71,2,1.2,57,0
907823,5.9,722.58,100.0,0,2.3,37,0
907824,53.2,1360.42,100.0,0,5.4,34,0
907825,64.0,1158.24,710.08,1,6.8,22,0
907826,1.3,596.96,2715.05,1,20.1,20,0
907827,44.4,536.3,1461.02,1,15.7,48,0
907828,67.3,1022.0,2823.23,1,0.6,36,0
907829,42.3,899.81,2992.81,0,2.4,19,0
907830,8.0,1212.15,1306.92,0,17.7,19,0
907831,13.8,600.17,4249.87,0,3.0,77,0
907832,14.8,1444.63,6086.02,0,10.1,60,0
907833,78.1,1424.22,4382.28,0,8.6,27,0
907834,24.5,718.7,6763.03,0,13.2,49,0
907835,77.6,656.23,3790.58,0,10.4,22,0
907836,32.6,997.56,5431.99,0,10.0,31,0
907837,43.6,1486.97,1846.7,1,14.1,28,0
907838,4.3,1536.43,4798.78,0,8.7,72,0
907839,21.4,1446.19,2206.95,0,0.6,76,0
907840,64.7,1391.81,2667.72,0,0.3,67,0
907841,120.9,1365.01,939.7,0,12.7,56,0
907842,16.6,919.74,2533.23,0,6.7,74,0
907843,42.8,1015.18,4065.58,0,87.6,44,0
907844,22.7,1053.33,3449.62,0,8.1,33,0
907845,29.7,1831.75,6439.14,2,9.3,57,0
907846,8.8,1489.11,529.53,0,0.7,51,0
907847,47.4,975.27,4257.02,0,3.9,48,0
907848,1.0,986.65,5375.02,0,5.3,26,0
907849,75.9,1363.83,4532.74,1,13.0,42,0
907850,29.7,1582.08,6590.96,0,8.4,66,0
907851,23.3,1132.6,4706.09,0,1.1,48,0
907852,7.9,1258.82,7149.69,2,4.6,18,0
907853,48.8,300.0,5497.48,0,3.6,73,1
907854,20.2,1657.55,4654.58,0,13.2,74,0
907855,15.4,813.12,5142.83,0,17.9,50,0
907856,49.9,1129.05,2107.45,0,0.5,41,0
907857,10.1,1521.32,8672.29,0,16.6,58,0
907858,17.9,1089.12,5072.14,0,47.8,52,0
907859,71.7,1394.34,6477.15,0,19.0,60,0
907860,1.0,1618.62,6384.11,0,13.3,26,0
907861,33.2,875.85,6724.97,2,19.9,68,0
907862,23.4,867.16,5800.22,0,30.4,75,0
907863,25.2,1573.21,3584.91,2,1.4,37,0
907864,13.7,1236.82,6667.73,0,4.2,50,0
907865,25.3,972.39,2768.36,0,0.1,73,0
907866,65.2,458.84,3363.18,0,18.8,39,0
907867,34.9,1151.52,5798.98,0,12.9,42,0
907868,45.8,1041.92,6557.8,0,1.1,42,0
907869,1.4,1318.61,7551.93,1,1.5,32,0
907870,8.5,1286.03,7377.77,0,14.3,71,0
907871,40.0,1118.12,3183.22,0,4.1,55,0
907872,44.3,1081.77,6969.32,0,1.0,71,0
907873,102.8,521.56,4192.37,1,6.5,23,1
907874,4.9,1200.4,642.6,2,2.6,31,0
907875,28.6,1302.73,7475.09,0,35.8,56,0
907876,119.4,501.52,1253.24,0,3.9,42,0
907877,45.7,976.86,5424.81,1,8.5,34,0
907878,50.6,1247.24,100.0,1,4.1,65,0
907879,27.9,1302.81,785.15,1,11.7,77,0
907880,1.0,486.55,2993.17,1,11.2,67,0
907881,35.9,1578.26,1361.21,1,3.8,62,0
907882,103.8,1582.35,706.93,1,0.3,67,0
907883,7.7,1384.54,2020.51,0,7.3,42,0
907884,75.6,967.36,6118.13,2,7.0,33,0
907885,76.9,1401.37,7577.01,0,4.6,70,0
907886,28.7,1302.76,3764.38,1,2.3,65,0
907887,9.1,1452.77,1700.68,0,4.8,52,0
907888,76.3,905.97,5268.27,0,9.6,61,0
907889,35.0,1163.46,5106.63,0,1.0,50,0
907890,29.1,1138.06,4949.74,0,8.8,26,0
907891,98.8,1476.99,1801.7,0,9.9,63,0
907892,82.6,1221.35,4162.24,0,6.9,49,0
907893,71.2,1132.11,6792.61,0,26.4,53,0
907894,47.9,929.56,5620.06,1,1.3,57,0
907895,46.7,737.53,7109.63,2,7.8,63,0
907896,97.3,776.12,1444.51,0,6.7,39,0
907897,33.4,1308.13,4463.7,0,6.8,41,0
907898,57.2,1206.61,1515.32,0,0.2,74,0
907899,55.7,763.41,3525.89,1,51.9,72,0
907900,22.3,1304.25,5684.46,1,26.9,40,0
907901,14.9,1529.27,6222.11,0,8.9,49,0
907902,79.3,856.05,5741.29,2,1.1,75,0
907903,71.5,1277.66,2935.13,0,16.6,74,0
907904,80.5,1547.43,5956.65,0,38.5,32,0
907905,27.5,658.43,4481.95,2,14.0,77,0
907906,66.7,1053.94,100.0,1,5.6,34,0
907907,42.6,1160.93,2862.81,0,11.3,74,0
907908,16.0,1241.38,100.0,0,2.4,36,0
907909,15.9,1777.22,2844.74,2,6.5,76,0
907910,1.6,1009.14,6866.85,0,3.0,43,0
907911,52.1,1130.96,1033.35,0,6.3,37,0
907912,29.9,1659.11,100.0,0,6.3,66,0
907913,80.9,1212.59,7948.56,2,2.8,79,0
907914,89.2,1289.38,100.0,1,0.4,35,0
907915,2.2,1878.63,100.0,0,2.7,75,0
907916,240.0,1228.23,3103.08,0,5.0,33,0
907917,11.7,977.15,100.0,1,1.3,24,0
907918,9.9,300.0,7440.5,1,12.2,42,1
907919,23.0,952.89,4709.38,0,27.9,30,0
907920,97.0,942.17,6780.36,0,3.8,23,0
907921,124.3,1546.56,100.0,0,3.4,64,0
907922,1.2,1476.12,3949.46,1,31.1,76,0
907923,34.0,1546.56,2090.83,1,6.1,25,0
907924,56.9,548.85,614.19,0,9.2,74,0
907925,4.4,1144.08,7738.12,1,28.8,51,0
907926,14.1,427.91,3651.78,2,29.5,69,0
907927,31.1,749.09,100.0,1,12.7,73,0
907928,106.8,751.52,2711.19,1,1.8,41,0
907929,4.8,300.0,5112.76,0,32.1,44,1
907930,138.4,1573.17,5780.28,1,5.0,22,0
907931,53.5,1691.64,1228.2,0,30.1,41,0
907932,8.1,1902.48,9237.16,0,2.1,31,0
907933,1.0,1112.09,3577.1,0,3.8,31,0
907934,12.0,1291.57,1329.58,0,9.1,55,0
907935,152.1,1293.7,4996.2,0,3.0,31,0
907936,72.6,1706.43,4427.69,1,12.5,36,0
907937,6.7,1493.89,100.0,1,2.3,40,0
907938,24.5,897.37,1504.07,1,32.2,77,0
907939,16.2,1952.86,2377.0,0,1.1,51,0
907940,11.2,1409.76,4973.59,1,8.6,44,0
907941,18.5,1440.84,1375.34,0,35.5,41,0
907942,86.2,1435.41,5206.36,1,0.8,60,0
907943,18.6,1171.04,5308.54,0,1.2,62,0
907944,42.6,1720.78,6963.66,0,3.8,32,0
907945,5.6,2231.25,2096.13,1,22.0,30,0
907946,35.4,1771.37,2421.42,1,4.6,22,0
907947,17.1,523.88,100.0,1,8.4,49,0
907948,19.0,737.57,331.01,0,22.7,44,0
907949,173.8,1145.17,2399.96,1,0.8,46,0
907950,7.5,1230.33,267.85,0,9.0,40,0
907951,5.3,1650.67,3105.43,0,7.5,29,0
907952,44.3,919.85,6766.75,0,29.8,32,0
907953,112.8,1442.14,100.0,0,6.3,37,0
907954,121.7,824.9,7927.12,2,8.0,78,0
907955,55.6,1043.66,4851.06,1,18.8,66,0
907956,56.1,665.22,4492.44,0,26.8,20,0
907957,48.9,1377.15,2404.96,0,14.9,56,0
907958,50.9,1340.42,4423.11,0,5.6,62,0
907959,55.7,1243.04,540.3,0,4.1,60,0
907960,98.8,1247.94,1732.46,0,0.1,48,0
907961,4.0,1734.26,2854.52,0,28.6,36,0
907962,45.9,801.4,2105.93,2,27.4,35,0
907963,5.4,1401.5,7985.0,1,23.6,18,0
907964,18.0,1140.25,4549.65,1,10.2,76,0
907965,21.9,772.82,3350.45,0,18.0,65,0
907966,3.2,1592.42,4092.23,0,20.0,35,0
907967,9.5,796.5,4097.93,0,16.3,52,0
907968,50.2,1626.13,4975.21,2,30.7,45,0
907969,5.8,1122.56,100.0,2,6.1,43,0
907970,14.2,1363.69,3238.23,0,16.0,68,0
907971,27.3,1492.51,3577.61,1,11.3,49,0
907972,20.9,700.1,5372.73,0,32.8,37,0
907973,15.1,1613.52,3690.75,1,1.9,42,0
907974,77.7,1808.02,1777.85,0,9.8,52,0
907975,19.9,958.58,3808.4,0,2.2,55,0
907976,35.9,1106.29,4633.14,0,6.2,52,0
907977,70.9,949.76,825.08,0,27.0,75,0
907978,62.9,902.95,1977.91,1,33.0,71,0
907979,50.9,1110.27,3536.32,0,3.4,47,0
907980,18.1,842.31,3092.28,2,11.9,41,0
907981,16.2,1089.2,895.83,0,1.5,30,0
907982,16.7,1374.3,7881.8,2,9.3,64,0
907983,73.2,1099.59,3756.74,1,2.0,61,0
907984,200.0,1329.04,7214.75,0,18.2,23,0
907985,21.6,1138.62,1010.68,1,12.4,51,0
907986,57.6,792.28,3341.58,1,1.0,22,0
907987,6.9,1718.99,4406.45,0,32.3,65,0
907988,3.4,1493.6,2961.87,0,19.8,44,0
907989,1.0,1678.84,100.0,0,4.0,53,0
907990,9.3,1713.28,5707.43,0,13.4,77,0
907991,45.4,300.0,1607.15,0,4.1,65,0
907992,20.4,1362.97,4042.51,0,2.1,56,0
907993,11.2,662.44,892.45,1,9.6,56,0
907994,8.5,1325.56,4719.94,0,7.8,38,0
907995,8.7,1124.47,446.83,0,1.7,20,0
907996,64.3,814.07,621.95,0,3.5,60,0
907997,57.9,1507.86,2384.97,0,3.8,70,0
907998,4.9,883.73,2688.95,1,13.5,31,0
907999,26.8,1540.1,6882.81,1,7.0,54,0
908000,44.0,1235.59,2669.27,1,1.9,18,0
